timestamp_utc,ticker,price,initial_score,indicator_final_score,final_score,decision,direction,vix_level,target_price,stop_price,atr,risk_reward,sq_final_score,sq_decision,sq_direction,sq_target_price,sq_stop_price,sq_risk_reward,sq_construction,gate_decision,ind_cache_date,tradable,guard_reason
2026-08-31T14:41:27.524984,BTC,78359.63,43.53,58.94421631944444,49.7,WATCH,WATCH,15.380000114440918,,,808.3808609306444,,43.53,AVOID,WATCH,,,,squeeze+vix,UNGATED_SHADOW,2026-08-31,True,shadow — never published
2026-08-31T14:41:27.524984,ETH,2461.87,37.06,57.54930624999999,45.26,WATCH,WATCH,15.380000114440918,,,35.93836580716423,,37.06,AVOID,SELL,2354.0549,2515.7775,2.0,squeeze+vix,UNGATED_SHADOW,2026-08-31,True,shadow — never published
2026-08-31T14:41:27.524984,ADA,0.19582,41.18,54.24348749999999,46.41,WATCH,WATCH,15.380000114440918,,,0.0058769804002891,,41.18,AVOID,WATCH,,,,squeeze+vix,UNGATED_SHADOW,2026-08-31,True,shadow — never published
2026-08-31T14:41:27.524984,BNB,688.34,27.65,63.57755833333332,42.02,AVOID,WATCH,15.390000343322754,,,6.700575358801119,,27.65,AVOID,SELL,668.23827,698.39086,2.0,squeeze+vix,UNGATED_SHADOW,2026-08-31,True,shadow — never published
2026-08-31T14:41:27.524984,XRP,1.3766,39.41,60.155925,47.71,WATCH,WATCH,15.390000343322754,,,0.0298407008324415,,39.41,AVOID,SELL,1.2870779,1.4213611,2.0,squeeze+vix,UNGATED_SHADOW,2026-08-31,True,shadow — never published
2026-08-31T14:41:27.524984,LTC,48.15,34.12,59.96107187499999,44.46,AVOID,WATCH,15.390000343322754,,,0.7399425744114321,,34.12,AVOID,SELL,45.930172,49.259914,2.0,squeeze+vix,UNGATED_SHADOW,2026-08-31,True,shadow — never published
2026-08-31T14:41:27.524984,VET,0.00693,34.71,62.84991180555554,45.97,WATCH,WATCH,15.390000343322754,,,0.0002480289526882,,34.71,AVOID,SELL,0.0061859131,0.0073020434,2.0,squeeze+vix,UNGATED_SHADOW,2026-08-31,True,shadow — never published
2026-08-31T14:41:27.524984,LINK,11.261,52.35,57.980125,54.6,WATCH,WATCH,15.390000343322754,,,0.2023308785573687,,52.35,WATCH,WATCH,,,,squeeze+vix,UNGATED_SHADOW,2026-08-31,True,shadow — never published
2026-08-31T14:41:27.524984,AVAX,7.221,50.0,62.48522604166666,54.99,WATCH,WATCH,15.390000343322754,,,0.1156973826505068,,50.0,WATCH,WATCH,,,,squeeze+vix,UNGATED_SHADOW,2026-08-31,True,shadow — never published
2026-08-31T14:41:27.524984,SOL,103.36,41.18,63.31075833333332,50.03,WATCH,WATCH,15.390000343322754,,,2.043371719936117,,41.18,AVOID,WATCH,,,,squeeze+vix,UNGATED_SHADOW,2026-08-31,True,shadow — never published
2026-08-31T14:41:27.524984,XLM,0.17509,40.59,61.13629999999999,48.81,WATCH,WATCH,15.390000343322754,,,0.0032065224346823,,40.59,AVOID,WATCH,,,,squeeze+vix,UNGATED_SHADOW,2026-08-31,True,shadow — never published
2026-08-31T14:41:27.524984,DOT,0.823,30.59,57.31663888888888,41.28,AVOID,WATCH,15.390000343322754,,,0.0144439402550162,,30.59,AVOID,SELL,0.77966818,0.84466591,2.0,squeeze+vix,UNGATED_SHADOW,2026-08-31,True,shadow — never published
2026-08-31T14:41:27.524984,ALGO,0.08536,44.12,51.2693,46.98,WATCH,WATCH,15.390000343322754,,,0.0017531951552999,,44.12,AVOID,WATCH,,,,squeeze+vix,UNGATED_SHADOW,2026-08-31,True,shadow — never published
2026-08-31T14:41:27.524984,ATOM,1.482,67.22,50.42506423611111,60.5,BUY,BUY,15.399999618530272,1.5842773,1.4308613,0.0340924,2.0,67.22,BUY,BUY,1.5842773,1.4308613,2.0,squeeze+vix,UNGATED_SHADOW,2026-08-31,True,shadow — never published
2026-08-31T14:41:27.524984,DOGE,0.083,34.71,55.45268055555555,43.01,AVOID,WATCH,15.390000343322754,,,0.0015477310431122,,34.71,AVOID,SELL,0.078356807,0.085321597,2.0,squeeze+vix,UNGATED_SHADOW,2026-08-31,True,shadow — never published
2026-08-31T14:41:27.524984,BCH,244.5,21.76,62.0502625,37.88,AVOID,SELL,15.390000343322754,230.67398,251.41301,4.60867,2.0,21.76,AVOID,STRONG_SELL,226.06992,251.41301,2.67,squeeze+vix,UNGATED_SHADOW,2026-08-31,True,shadow — never published
2026-08-31T14:41:27.524984,TRX,0.3328,44.12,52.795565625,47.59,WATCH,WATCH,15.390000343322754,,,0.002549830660748,,44.12,AVOID,WATCH,,,,squeeze+vix,UNGATED_SHADOW,2026-08-31,True,shadow — never published
2026-08-31T14:41:27.524984,VTHO,0.000405,30.59,63.96363888888887,43.94,AVOID,WATCH,15.390000343322754,,,1.193212086666048e-05,,30.59,AVOID,SELL,0.00036920364,0.00042289818,2.0,squeeze+vix,UNGATED_SHADOW,2026-08-31,True,shadow — never published
2026-08-31T14:41:27.524984,NEAR,1.851,45.29,62.15685312499999,52.04,WATCH,WATCH,15.399999618530272,,,0.0418139865369795,,45.29,WATCH,WATCH,,,,squeeze+vix,UNGATED_SHADOW,2026-08-31,True,shadow — never published
2026-08-31T14:41:27.524984,FET,0.1516,34.71,63.172351041666666,46.09,WATCH,WATCH,15.399999618530272,,,0.0043026028980237,,34.71,AVOID,SELL,0.13869219,0.1580539,2.0,squeeze+vix,UNGATED_SHADOW,2026-08-31,True,shadow — never published
2026-08-31T14:41:27.524984,AAVE,124.22,44.71,63.93161458333332,52.4,WATCH,WATCH,15.399999618530272,,,2.5350457204839465,,44.71,AVOID,WATCH,,,,squeeze+vix,UNGATED_SHADOW,2026-08-31,True,shadow — never published
2026-08-31T14:41:27.524984,UNI,5.088,5.29,53.9864408629136,24.77,AVOID,STRONG_SELL,29.649999618530277,4.3825357,5.3526153,0.1764102,2.67,5.29,AVOID,STRONG_SELL,4.3825357,5.3526153,2.67,squeeze+vix,UNGATED_SHADOW,2026-08-31,True,shadow — never published
2026-08-31T14:41:27.524984,GALA,0.001717,21.18,59.91871354166666,36.68,AVOID,SELL,15.399999618530272,0.001592549,0.0017792255,4.14837e-05,2.0,21.18,AVOID,STRONG_SELL,0.0015511068,0.0017792255,2.67,squeeze+vix,UNGATED_SHADOW,2026-08-31,True,shadow — never published
2026-08-31T14:41:27.524984,OP,0.088,43.53,53.57901111111111,47.55,WATCH,WATCH,15.399999618530272,,,0.0011586404160187,,43.53,AVOID,WATCH,,,,squeeze+vix,UNGATED_SHADOW,2026-08-31,True,shadow — never published
2026-08-31T14:41:27.524984,ETC,7.18,28.82,63.54581354166666,42.71,AVOID,WATCH,15.399999618530272,,,0.1551692557132147,,28.82,AVOID,SELL,6.7144922,7.4127539,2.0,squeeze+vix,UNGATED_SHADOW,2026-08-31,True,shadow — never published
2026-08-31T20:32:43.390640,BTC,78925.95,54.71,54.92703472222222,54.8,WATCH,WATCH,14.920000076293944,,,772.5048859190617,,54.71,WATCH,WATCH,,,,squeeze+vix,UNGATED_SHADOW,2026-08-31,True,shadow — never published
2026-08-31T20:32:43.390640,ETH,2476.64,38.82,53.14708229166666,44.55,AVOID,WATCH,14.920000076293944,,,34.41261060486539,,38.82,AVOID,SELL,2373.4022,2528.2589,2.0,squeeze+vix,UNGATED_SHADOW,2026-08-31,True,shadow — never published
2026-08-31T20:32:43.390640,ADA,0.19919,47.06,55.474275,50.43,WATCH,WATCH,14.920000076293944,,,0.0054772943247391,,47.06,WATCH,WATCH,,,,squeeze+vix,UNGATED_SHADOW,2026-08-31,True,shadow — never published
2026-08-31T20:32:43.390640,BNB,691.86,45.88,61.600133333333325,52.17,WATCH,WATCH,14.920000076293944,,,6.41499318473886,,45.88,WATCH,WATCH,,,,squeeze+vix,UNGATED_SHADOW,2026-08-31,True,shadow — never published
2026-08-31T20:32:43.390640,XRP,1.389,46.47,50.40431631944444,48.04,WATCH,WATCH,14.920000076293944,,,0.0283270401492553,,46.47,WATCH,WATCH,,,,squeeze+vix,UNGATED_SHADOW,2026-08-31,True,shadow — never published
2026-08-31T20:32:43.390640,LTC,48.94,42.35,59.41415104166666,49.18,WATCH,WATCH,14.920000076293944,,,0.6832668116098577,,42.35,AVOID,WATCH,,,,squeeze+vix,UNGATED_SHADOW,2026-08-31,True,shadow — never published
2026-08-31T20:32:43.390640,VET,0.006776,36.47,62.84991180555554,47.02,WATCH,WATCH,14.920000076293944,,,0.0002309571800511,,36.47,AVOID,SELL,0.0060831285,0.0071224358,2.0,squeeze+vix,UNGATED_SHADOW,2026-08-31,True,shadow — never published
2026-08-31T20:32:43.390640,LINK,11.414,57.22,57.7383375,57.43,WATCH,WATCH,14.920000076293944,,,0.1933538114674687,,57.22,WATCH,WATCH,,,,squeeze+vix,UNGATED_SHADOW,2026-08-31,True,shadow — never published
2026-08-31T20:32:43.390640,AVAX,7.227,52.35,62.3675267361111,56.36,WATCH,WATCH,14.920000076293944,,,0.1054744924748903,,52.35,WATCH,WATCH,,,,squeeze+vix,UNGATED_SHADOW,2026-08-31,True,shadow — never published
2026-08-31T20:32:43.390640,SOL,104.0,42.35,63.31075833333332,50.73,WATCH,WATCH,14.920000076293944,,,1.9944670150761143,,42.35,AVOID,WATCH,,,,squeeze+vix,UNGATED_SHADOW,2026-08-31,True,shadow — never published
2026-08-31T20:32:43.390640,XLM,0.17896,42.35,63.46198333333333,50.79,WATCH,WATCH,14.920000076293944,,,0.002979348425823,,42.35,AVOID,WATCH,,,,squeeze+vix,UNGATED_SHADOW,2026-08-31,True,shadow — never published
2026-08-31T20:32:43.390640,DOT,0.835,45.29,56.641908333333326,49.83,WATCH,WATCH,14.920000076293944,,,0.0132311817213442,,45.29,WATCH,WATCH,,,,squeeze+vix,UNGATED_SHADOW,2026-08-31,True,shadow — never published
2026-08-31T20:32:43.390640,ALGO,0.08577,50.0,57.64271979166666,53.06,WATCH,WATCH,14.920000076293944,,,0.0016092309538774,,50.0,WATCH,WATCH,,,,squeeze+vix,UNGATED_SHADOW,2026-08-31,True,shadow — never published
2026-08-31T20:32:43.390640,ATOM,1.457,69.9,51.02863854166666,62.35,BUY,BUY,14.920000076293944,1.5482887,1.4113557,0.0304296,2.0,69.9,BUY,BUY,1.5482887,1.4113557,2.0,squeeze+vix,UNGATED_SHADOW,2026-08-31,True,shadow — never published
2026-08-31T20:32:43.390640,DOGE,0.08328,40.0,55.76723749999999,46.31,WATCH,WATCH,14.920000076293944,,,0.0014356747988351,,40.0,AVOID,SELL,0.078972976,0.085433512,2.0,squeeze+vix,UNGATED_SHADOW,2026-08-31,True,shadow — never published
2026-08-31T20:32:43.390640,BCH,248.1,32.94,45.79664166666667,38.08,AVOID,SELL,14.920000076293944,235.57706,254.36147,4.17431,2.0,32.94,AVOID,SELL,235.57706,254.36147,2.0,squeeze+vix,UNGATED_SHADOW,2026-08-31,True,shadow — never published
2026-08-31T20:32:43.390640,TRX,0.3336,18.24,52.112026388888886,31.79,AVOID,SELL,14.920000076293944,0.32636753,0.33721624,0.00241082,2.0,18.24,AVOID,STRONG_SELL,0.32395912,0.33721624,2.67,squeeze+vix,UNGATED_SHADOW,2026-08-31,True,shadow — never published
2026-08-31T20:32:43.390640,VTHO,0.000394,28.82,62.68194791666666,42.36,AVOID,WATCH,14.920000076293944,,,1.1183818502375618e-05,,28.82,AVOID,SELL,0.00036044854,0.00041077573,2.0,squeeze+vix,UNGATED_SHADOW,2026-08-31,True,shadow — never published
2026-08-31T20:32:43.390640,NEAR,1.875,46.47,54.98734583333333,49.88,WATCH,WATCH,14.920000076293944,,,0.0408578324149028,,46.47,WATCH,WATCH,,,,squeeze+vix,UNGATED_SHADOW,2026-08-31,True,shadow — never published
2026-08-31T20:32:43.390640,FET,0.1537,45.88,49.3699392361111,47.28,WATCH,WATCH,14.920000076293944,,,0.0040277909827712,,45.88,WATCH,WATCH,,,,squeeze+vix,UNGATED_SHADOW,2026-08-31,True,shadow — never published
2026-08-31T20:32:43.390640,AAVE,124.07,47.65,63.29484201388888,53.91,WATCH,WATCH,14.920000076293944,,,2.314029947035356,,47.65,WATCH,WATCH,,,,squeeze+vix,UNGATED_SHADOW,2026-08-31,True,shadow — never published
2026-08-31T20:32:43.390640,UNI,5.199,1.76,53.9864408629136,22.65,AVOID,STRONG_SELL,29.649999618530277,4.5335811,5.4485945,0.1663963,2.67,1.76,AVOID,STRONG_SELL,4.5335811,5.4485945,2.67,squeeze+vix,UNGATED_SHADOW,2026-08-31,True,shadow — never published
2026-08-31T20:32:43.390640,GALA,0.001756,31.76,60.59975312499999,43.3,AVOID,WATCH,14.920000076293944,,,3.8355818721294144e-05,,31.76,AVOID,SELL,0.0016409325,0.0018135337,2.0,squeeze+vix,UNGATED_SHADOW,2026-08-31,True,shadow — never published
2026-08-31T20:32:43.390640,OP,0.088,52.35,41.86139756944444,48.15,WATCH,WATCH,14.920000076293944,,,0.0009990317872814,,52.35,WATCH,WATCH,,,,squeeze+vix,UNGATED_SHADOW,2026-08-31,True,shadow — never published
2026-08-31T20:32:43.390640,ETC,7.31,34.71,63.26340868055555,46.13,WATCH,WATCH,14.920000076293944,,,0.1424163480384352,,34.71,AVOID,SELL,6.882751,7.5236245,2.0,squeeze+vix,UNGATED_SHADOW,2026-08-31,True,shadow — never published
2026-09-01T00:16:21.341229,BTC,78753.96,55.88,58.98044131944443,57.12,WATCH,WATCH,14.920000076293944,,,764.8884144758636,,55.88,WATCH,WATCH,,,,squeeze+vix,UNGATED_SHADOW,2026-09-01,True,shadow — never published
2026-09-01T00:16:21.341229,ETH,2472.24,40.59,56.84790208333333,47.09,WATCH,WATCH,14.920000076293944,,,33.31956699023211,,40.59,AVOID,WATCH,,,,squeeze+vix,UNGATED_SHADOW,2026-09-01,True,shadow — never published
2026-09-01T00:16:21.341229,ADA,0.19871,50.0,55.47860347222221,52.19,WATCH,WATCH,14.920000076293944,,,0.0052398345260332,,50.0,WATCH,WATCH,,,,squeeze+vix,UNGATED_SHADOW,2026-09-01,True,shadow — never published
2026-09-01T00:16:21.341229,BNB,692.73,51.18,61.598775694444434,55.35,WATCH,WATCH,14.920000076293944,,,6.1567283654207845,,51.18,WATCH,WATCH,,,,squeeze+vix,UNGATED_SHADOW,2026-09-01,True,shadow — never published
2026-09-01T00:16:21.341229,XRP,1.3832,47.06,60.12206388888888,52.28,WATCH,WATCH,14.920000076293944,,,0.0273332719753289,,47.06,WATCH,WATCH,,,,squeeze+vix,UNGATED_SHADOW,2026-09-01,True,shadow — never published
2026-09-01T00:16:21.341229,LTC,48.67,38.82,59.745095486111104,47.19,WATCH,WATCH,14.920000076293944,,,0.6757885699642561,,38.82,AVOID,SELL,46.642634,49.683683,2.0,squeeze+vix,UNGATED_SHADOW,2026-09-01,True,shadow — never published
2026-09-01T00:16:21.341229,VET,0.006733,35.29,62.84991180555554,46.31,WATCH,WATCH,14.920000076293944,,,0.0002247510549454,,35.29,AVOID,SELL,0.0060587468,0.0070701266,2.0,squeeze+vix,UNGATED_SHADOW,2026-09-01,True,shadow — never published
2026-09-01T00:16:21.341229,LINK,11.328,66.79,57.8725361111111,63.22,BUY,BUY,14.920000076293944,11.90996,11.03702,0.193987,2.0,66.79,BUY,BUY,11.90996,11.03702,2.0,squeeze+vix,UNGATED_SHADOW,2026-09-01,True,shadow — never published
2026-09-01T00:16:21.341229,AVAX,7.246,55.29,62.20813993055555,58.06,WATCH,WATCH,14.920000076293944,,,0.0998742736246431,,55.29,WATCH,WATCH,,,,squeeze+vix,UNGATED_SHADOW,2026-09-01,True,shadow — never published
2026-09-01T00:16:21.341229,SOL,103.25,42.94,63.31075833333332,51.09,WATCH,WATCH,14.920000076293944,,,1.914454065019656,,42.94,AVOID,WATCH,,,,squeeze+vix,UNGATED_SHADOW,2026-09-01,True,shadow — never published
2026-09-01T00:16:21.341229,XLM,0.17761,45.88,59.52155625,51.34,WATCH,WATCH,14.920000076293944,,,0.0029261806811213,,45.88,WATCH,WATCH,,,,squeeze+vix,UNGATED_SHADOW,2026-09-01,True,shadow — never published
2026-09-01T00:16:21.341229,DOT,0.841,55.29,57.2475111111111,56.07,WATCH,WATCH,14.920000076293944,,,0.0127146687412482,,55.29,WATCH,WATCH,,,,squeeze+vix,UNGATED_SHADOW,2026-09-01,True,shadow — never published
2026-09-01T00:16:21.341229,ALGO,0.08593,51.76,57.51866354166666,54.06,WATCH,WATCH,14.920000076293944,,,0.0015250001714575,,51.76,WATCH,WATCH,,,,squeeze+vix,UNGATED_SHADOW,2026-09-01,True,shadow — never published
2026-09-01T00:16:21.341229,ATOM,1.474,70.06,50.92373298611111,62.41,BUY,BUY,14.920000076293944,1.5619364,1.4300318,0.0293121,2.0,70.06,BUY,BUY,1.5619364,1.4300318,2.0,squeeze+vix,UNGATED_SHADOW,2026-09-01,True,shadow — never published
2026-09-01T00:16:21.341229,DOGE,0.08291,41.18,55.45268055555555,46.89,WATCH,WATCH,14.920000076293944,,,0.0013821572111632,,41.18,AVOID,WATCH,,,,squeeze+vix,UNGATED_SHADOW,2026-09-01,True,shadow — never published
2026-09-01T00:16:21.341229,BCH,247.7,51.18,62.06166666666665,55.53,WATCH,WATCH,14.920000076293944,,,4.081251644184839,,51.18,WATCH,WATCH,,,,squeeze+vix,UNGATED_SHADOW,2026-09-01,True,shadow — never published
2026-09-01T00:16:21.341229,TRX,0.3329,16.47,52.72122291666666,30.97,AVOID,SELL,14.920000076293944,0.32595454,0.33637273,0.00231515,2.0,16.47,AVOID,STRONG_SELL,0.32364171,0.33637273,2.67,squeeze+vix,UNGATED_SHADOW,2026-09-01,True,shadow — never published
2026-09-01T00:16:21.341229,VTHO,0.000387,25.29,64.93506944444444,41.15,AVOID,WATCH,14.920000076293944,,,1.0915586568532462e-05,,25.29,AVOID,SELL,0.00035425324,0.00040337338,2.0,squeeze+vix,UNGATED_SHADOW,2026-09-01,True,shadow — never published
2026-09-01T00:16:21.341229,NEAR,1.94,34.71,63.90781597222221,46.39,WATCH,WATCH,14.920000076293944,,,0.04321492601792,,34.71,AVOID,SELL,1.8103552,2.0048224,2.0,squeeze+vix,UNGATED_SHADOW,2026-09-01,True,shadow — never published
2026-09-01T00:16:21.341229,FET,0.1525,51.76,62.05729826388889,55.88,WATCH,WATCH,14.920000076293944,,,0.0038462140758385,,51.76,WATCH,WATCH,,,,squeeze+vix,UNGATED_SHADOW,2026-09-01,True,shadow — never published
2026-09-01T00:16:21.341229,AAVE,124.23,48.24,63.26365624999999,54.25,WATCH,WATCH,14.920000076293944,,,2.160017603879769,,48.24,WATCH,WATCH,,,,squeeze+vix,UNGATED_SHADOW,2026-09-01,True,shadow — never published
2026-09-01T00:16:21.341229,UNI,5.321,1.18,54.64216802554535,22.56,AVOID,STRONG_SELL,29.649999618530277,4.6726697,5.5641847,0.1621231,2.67,1.18,AVOID,STRONG_SELL,4.6726697,5.5641847,2.67,squeeze+vix,UNGATED_SHADOW,2026-09-01,True,shadow — never published
2026-09-01T00:16:21.341229,GALA,0.001756,29.41,59.91871354166666,41.61,AVOID,WATCH,14.920000076293944,,,3.561611738405885e-05,,29.41,AVOID,SELL,0.0016491516,0.0018094242,2.0,squeeze+vix,UNGATED_SHADOW,2026-09-01,True,shadow — never published
2026-09-01T00:16:21.341229,OP,0.095,41.18,54.584334722222216,46.54,WATCH,WATCH,14.920000076293944,,,0.0014072642106389,,41.18,AVOID,WATCH,,,,squeeze+vix,UNGATED_SHADOW,2026-09-01,True,shadow — never published
2026-09-01T00:16:21.341229,ETC,7.31,40.0,63.10684895833333,49.24,WATCH,WATCH,14.920000076293944,,,0.1514784456275265,,40.0,AVOID,SELL,6.8555647,7.5372177,2.0,squeeze+vix,UNGATED_SHADOW,2026-09-01,True,shadow — never published
2026-09-01T05:55:46.023416,BTC,79208.83,54.71,53.66613958333333,54.29,WATCH,WATCH,14.920000076293944,,,777.0651093602402,,54.71,WATCH,WATCH,,,,squeeze+vix,UNGATED_SHADOW,2026-09-01,True,shadow — never published
2026-09-01T05:55:46.023416,ETH,2483.48,40.0,52.324065625,44.93,AVOID,WATCH,14.920000076293944,,,33.369189756235976,,40.0,AVOID,SELL,2383.3724,2533.5338,2.0,squeeze+vix,UNGATED_SHADOW,2026-09-01,True,shadow — never published
2026-09-01T05:55:46.023416,ADA,0.20281,50.0,51.0692,50.43,WATCH,WATCH,14.920000076293944,,,0.0052251014476431,,50.0,WATCH,WATCH,,,,squeeze+vix,UNGATED_SHADOW,2026-09-01,True,shadow — never published
2026-09-01T05:55:46.023416,BNB,693.46,51.18,47.96516631944444,49.89,WATCH,WATCH,14.920000076293944,,,5.996349808707057,,51.18,WATCH,WATCH,,,,squeeze+vix,UNGATED_SHADOW,2026-09-01,True,shadow — never published
2026-09-01T05:55:46.023416,XRP,1.3964,47.65,51.70304965277777,49.27,WATCH,WATCH,14.920000076293944,,,0.0276400790791319,,47.65,WATCH,WATCH,,,,squeeze+vix,UNGATED_SHADOW,2026-09-01,True,shadow — never published
2026-09-01T05:55:46.023416,LTC,49.14,42.35,50.40846111111111,45.57,WATCH,WATCH,14.920000076293944,,,0.6729261210892585,,42.35,AVOID,WATCH,,,,squeeze+vix,UNGATED_SHADOW,2026-09-01,True,shadow — never published
2026-09-01T05:55:46.023416,VET,0.00679,36.47,59.17497499999998,45.55,WATCH,WATCH,14.920000076293944,,,0.0002151770000003,,36.47,AVOID,SELL,0.006144469,0.0071127655,2.0,squeeze+vix,UNGATED_SHADOW,2026-09-01,True,shadow — never published
2026-09-01T05:55:46.023416,LINK,11.521,68.13,52.32686875,61.81,BUY,BUY,14.920000076293944,12.103759,11.229621,0.194253,2.0,68.13,BUY,BUY,12.103759,11.229621,2.0,squeeze+vix,UNGATED_SHADOW,2026-09-01,True,shadow — never published
2026-09-01T05:55:46.023416,AVAX,7.33,57.22,46.279577777777774,52.84,WATCH,WATCH,14.920000076293944,,,0.1003220295902298,,57.22,WATCH,WATCH,,,,squeeze+vix,UNGATED_SHADOW,2026-09-01,True,shadow — never published
2026-09-01T05:55:46.023416,SOL,104.24,43.53,59.071475,49.75,WATCH,WATCH,14.920000076293944,,,1.905921631803966,,43.53,AVOID,WATCH,,,,squeeze+vix,UNGATED_SHADOW,2026-09-01,True,shadow — never published
2026-09-01T05:55:46.023416,XLM,0.17911,46.47,48.94100520833333,47.46,WATCH,WATCH,14.920000076293944,,,0.0029345147141024,,46.47,WATCH,WATCH,,,,squeeze+vix,UNGATED_SHADOW,2026-09-01,True,shadow — never published
2026-09-01T05:55:46.023416,DOT,0.854,55.88,45.67924583333332,51.8,WATCH,WATCH,14.920000076293944,,,0.0133115801576896,,55.88,WATCH,WATCH,,,,squeeze+vix,UNGATED_SHADOW,2026-09-01,True,shadow — never published
2026-09-01T05:55:46.023416,ALGO,0.09087,32.94,48.17464999999999,39.03,AVOID,SELL,14.920000076293944,0.085606377,0.093501811,0.001754541,2.0,32.94,AVOID,SELL,0.085606377,0.093501811,2.0,squeeze+vix,UNGATED_SHADOW,2026-09-01,True,shadow — never published
2026-09-01T05:55:46.023416,ATOM,1.484,71.99,47.573703125,62.22,BUY,BUY,14.920000076293944,1.567645,1.4421775,0.0278817,2.0,71.99,BUY,BUY,1.567645,1.4421775,2.0,squeeze+vix,UNGATED_SHADOW,2026-09-01,True,shadow — never published
2026-09-01T05:55:46.023416,DOGE,0.08389,42.35,35.81815555555555,39.74,AVOID,SELL,14.920000076293944,0.079729144,0.085970428,0.001386952,2.0,42.35,AVOID,WATCH,,,,squeeze+vix,UNGATED_SHADOW,2026-09-01,True,shadow — never published
2026-09-01T05:55:46.023416,BCH,250.3,50.59,45.908830555555554,48.72,WATCH,WATCH,14.920000076293944,,,4.098407138987963,,50.59,WATCH,WATCH,,,,squeeze+vix,UNGATED_SHADOW,2026-09-01,True,shadow — never published
2026-09-01T05:55:46.023416,TRX,0.3318,11.76,53.1515625,28.32,AVOID,SELL,14.920000076293944,0.32450575,0.33544713,0.00243142,2.0,11.76,AVOID,STRONG_SELL,0.32207676,0.33544713,2.67,squeeze+vix,UNGATED_SHADOW,2026-09-01,True,shadow — never published
2026-09-01T05:55:46.023416,VTHO,0.000407,28.82,62.68194791666666,42.36,AVOID,WATCH,14.920000076293944,,,1.1462432425882187e-05,,28.82,AVOID,SELL,0.0003726127,0.00042419365,2.0,squeeze+vix,UNGATED_SHADOW,2026-09-01,True,shadow — never published
2026-09-01T05:55:46.023416,NEAR,1.975,19.41,58.83368055555556,35.18,AVOID,SELL,14.920000076293944,1.8420033,2.0414983,0.0443322,2.0,19.41,AVOID,STRONG_SELL,1.7977154,2.0414983,2.67,squeeze+vix,UNGATED_SHADOW,2026-09-01,True,shadow — never published
2026-09-01T05:55:46.023416,FET,0.1564,52.35,55.21469444444444,53.5,WATCH,WATCH,14.920000076293944,,,0.0038832191928705,,52.35,WATCH,WATCH,,,,squeeze+vix,UNGATED_SHADOW,2026-09-01,True,shadow — never published
2026-09-01T05:55:46.023416,AAVE,126.69,43.53,63.73692916666666,51.61,WATCH,WATCH,14.920000076293944,,,2.17399593829652,,43.53,AVOID,WATCH,,,,squeeze+vix,UNGATED_SHADOW,2026-09-01,True,shadow — never published
2026-09-01T05:55:46.023416,UNI,5.572,0.0,54.64216802554535,21.86,AVOID,STRONG_SELL,29.649999618530277,4.8727992,5.8342659,0.1748439,2.67,0.0,AVOID,STRONG_SELL,4.8727992,5.8342659,2.67,squeeze+vix,UNGATED_SHADOW,2026-09-01,True,shadow — never published
2026-09-01T05:55:46.023416,GALA,0.001756,28.82,60.8536954861111,41.63,AVOID,WATCH,14.920000076293944,,,3.3072108999483225e-05,,28.82,AVOID,SELL,0.0016567837,0.0018056082,2.0,squeeze+vix,UNGATED_SHADOW,2026-09-01,True,shadow — never published
2026-09-01T05:55:46.023416,OP,0.097,34.71,43.84902083333333,38.37,AVOID,SELL,14.920000076293944,0.092054254,0.099472873,0.001648582,2.0,34.71,AVOID,SELL,0.092054254,0.099472873,2.0,squeeze+vix,UNGATED_SHADOW,2026-09-01,True,shadow — never published
2026-09-01T05:55:46.023416,ETC,7.4,48.24,49.78587187499999,48.86,WATCH,WATCH,14.920000076293944,,,0.1582605974704584,,48.24,WATCH,WATCH,,,,squeeze+vix,UNGATED_SHADOW,2026-09-01,True,shadow — never published
2026-09-01T10:54:06.621305,BTC,77994.93,57.22,49.428245833333335,54.1,WATCH,WATCH,15.699999809265137,,,797.0610709365501,,57.22,WATCH,WATCH,,,,squeeze+vix,UNGATED_SHADOW,2026-09-01,True,shadow — never published
2026-09-01T10:54:06.621305,ETH,2457.57,42.35,52.89392256944444,46.57,WATCH,WATCH,15.699999809265137,,,33.20021701854566,,42.35,AVOID,WATCH,,,,squeeze+vix,UNGATED_SHADOW,2026-09-01,True,shadow — never published
2026-09-01T10:54:06.621305,ADA,0.19923,50.0,46.61306180555555,48.65,WATCH,WATCH,15.699999809265137,,,0.0051346860381176,,50.0,WATCH,WATCH,,,,squeeze+vix,UNGATED_SHADOW,2026-09-01,True,shadow — never published
2026-09-01T10:54:06.621305,BNB,687.34,50.59,45.80902812499999,48.68,WATCH,WATCH,15.699999809265137,,,6.126406455023897,,50.59,WATCH,WATCH,,,,squeeze+vix,UNGATED_SHADOW,2026-09-01,True,shadow — never published
2026-09-01T10:54:06.621305,XRP,1.3799,48.24,49.686356944444434,48.82,WATCH,WATCH,15.699999809265137,,,0.027207114246949,,48.24,WATCH,WATCH,,,,squeeze+vix,UNGATED_SHADOW,2026-09-01,True,shadow — never published
2026-09-01T10:54:06.621305,LTC,48.51,40.0,48.01365,43.21,AVOID,WATCH,15.699999809265137,,,0.6527171124400258,,40.0,AVOID,SELL,46.551849,49.489076,2.0,squeeze+vix,UNGATED_SHADOW,2026-09-01,True,shadow — never published
2026-09-01T10:54:06.621305,VET,0.006686,35.29,61.24149305555555,45.67,WATCH,WATCH,15.699999809265137,,,0.0002064602755105,,35.29,AVOID,SELL,0.0060666192,0.0069956904,2.0,squeeze+vix,UNGATED_SHADOW,2026-09-01,True,shadow — never published
2026-09-01T10:54:06.621305,LINK,11.428,68.88,52.99982638888888,62.53,BUY,BUY,15.699999809265137,12.005776,11.139112,0.192592,2.0,68.88,BUY,BUY,12.005776,11.139112,2.0,squeeze+vix,UNGATED_SHADOW,2026-09-01,True,shadow — never published
2026-09-01T10:54:06.621305,AVAX,7.235,55.88,44.401140625,51.29,WATCH,WATCH,15.699999809265137,,,0.0992275989052134,,55.88,WATCH,WATCH,,,,squeeze+vix,UNGATED_SHADOW,2026-09-01,True,shadow — never published
2026-09-01T10:54:06.621305,SOL,102.3,42.35,59.3147,49.14,WATCH,WATCH,15.699999809265137,,,1.909070086675112,,42.35,AVOID,WATCH,,,,squeeze+vix,UNGATED_SHADOW,2026-09-01,True,shadow — never published
2026-09-01T10:54:06.621305,XLM,0.17708,46.47,42.34266458333333,44.82,AVOID,WATCH,15.699999809265137,,,0.0028741922345237,,46.47,WATCH,WATCH,,,,squeeze+vix,UNGATED_SHADOW,2026-09-01,True,shadow — never published
2026-09-01T10:54:06.621305,DOT,0.873,38.24,46.88518055555555,41.7,AVOID,WATCH,15.699999809265137,,,0.0144525897382628,,38.24,AVOID,SELL,0.82964223,0.89467888,2.0,squeeze+vix,UNGATED_SHADOW,2026-09-01,True,shadow — never published
2026-09-01T10:54:06.621305,ALGO,0.09087,25.29,49.223322222222215,34.86,AVOID,SELL,15.699999809265137,0.08598235,0.093313825,0.001629217,2.0,25.29,AVOID,SELL,0.08598235,0.093313825,2.0,squeeze+vix,UNGATED_SHADOW,2026-09-01,True,shadow — never published
2026-09-01T10:54:06.621305,ATOM,1.496,73.32,48.63461805555555,63.45,BUY,BUY,15.699999809265137,1.5760582,1.4559709,0.0266861,2.0,73.32,BUY,BUY,1.5760582,1.4559709,2.0,squeeze+vix,UNGATED_SHADOW,2026-09-01,True,shadow — never published
2026-09-01T10:54:06.621305,DOGE,0.08296,41.76,37.38253090277777,40.01,AVOID,WATCH,15.699999809265137,,,0.0013700269539402,,41.76,AVOID,WATCH,,,,squeeze+vix,UNGATED_SHADOW,2026-09-01,True,shadow — never published
2026-09-01T10:54:06.621305,BCH,247.4,51.76,44.27666111111111,48.77,WATCH,WATCH,15.710000038146973,,,4.098520914774537,,51.76,WATCH,WATCH,,,,squeeze+vix,UNGATED_SHADOW,2026-09-01,True,shadow — never published
2026-09-01T10:54:06.621305,TRX,0.3296,8.82,53.1452375,26.55,AVOID,SELL,15.699999809265137,0.32189309,0.33345345,0.00256897,2.0,8.82,AVOID,STRONG_SELL,0.31932669,0.33345345,2.67,squeeze+vix,UNGATED_SHADOW,2026-09-01,True,shadow — never published
2026-09-01T10:54:06.621305,VTHO,0.000388,25.29,61.295,39.69,AVOID,SELL,15.710000038146973,0.00035199751,0.00040600125,1.200083e-05,2.0,25.29,AVOID,SELL,0.00035199751,0.00040600125,2.0,squeeze+vix,UNGATED_SHADOW,2026-09-01,True,shadow — never published
2026-09-01T10:54:06.621305,NEAR,1.924,19.41,61.84325451388889,36.38,AVOID,SELL,15.699999809265137,1.7908908,1.9905546,0.0443697,2.0,19.41,AVOID,STRONG_SELL,1.7465655,1.9905546,2.67,squeeze+vix,UNGATED_SHADOW,2026-09-01,True,shadow — never published
2026-09-01T10:54:06.621305,FET,0.1523,51.18,48.88458333333333,50.26,WATCH,WATCH,15.710000038146973,,,0.0040992137403185,,51.18,WATCH,WATCH,,,,squeeze+vix,UNGATED_SHADOW,2026-09-01,True,shadow — never published
2026-09-01T10:54:06.621305,AAVE,127.72,38.82,59.6755125,47.16,WATCH,WATCH,15.710000038146973,,,2.2370778610712576,,38.82,AVOID,SELL,121.00877,131.07562,2.0,squeeze+vix,UNGATED_SHADOW,2026-09-01,True,shadow — never published
2026-09-01T10:54:06.621305,UNI,5.644,0.0,54.64216802554535,21.86,AVOID,STRONG_SELL,29.649999618530277,4.878914,5.930979,0.1913193,2.67,0.0,AVOID,STRONG_SELL,4.878914,5.930979,2.67,squeeze+vix,UNGATED_SHADOW,2026-09-01,True,shadow — never published
2026-09-01T10:54:06.621305,GALA,0.001724,31.18,60.8536954861111,43.05,AVOID,WATCH,15.710000038146973,,,3.299552978523442e-05,,31.18,AVOID,SELL,0.0016250134,0.0017734933,2.0,squeeze+vix,UNGATED_SHADOW,2026-09-01,True,shadow — never published
2026-09-01T10:54:06.621305,OP,0.098,28.82,45.30214965277777,35.41,AVOID,SELL,15.710000038146973,0.092764664,0.100617668,0.001745112,2.0,28.82,AVOID,SELL,0.092764664,0.100617668,2.0,squeeze+vix,UNGATED_SHADOW,2026-09-01,True,shadow — never published
2026-09-01T10:54:06.621305,ETC,7.33,48.24,45.7651125,47.25,WATCH,WATCH,15.710000038146973,,,0.1469562690797113,,48.24,WATCH,WATCH,,,,squeeze+vix,UNGATED_SHADOW,2026-09-01,True,shadow — never published
2026-09-01T15:21:13.792161,BTC,77840.9,58.56,51.2969,55.65,WATCH,WATCH,15.479999542236328,,,804.4638515839403,,58.56,WATCH,WATCH,,,,squeeze+vix,UNGATED_SHADOW,2026-09-01,True,shadow — never published
2026-09-01T15:21:13.792161,ETH,2439.22,41.18,48.9187,44.28,AVOID,WATCH,15.479999542236328,,,32.96020151722098,,41.18,AVOID,WATCH,,,,squeeze+vix,UNGATED_SHADOW,2026-09-01,True,shadow — never published
2026-09-01T15:21:13.792161,ADA,0.19836,51.76,43.78034027777778,48.57,WATCH,WATCH,15.479999542236328,,,0.0049693513211092,,51.76,WATCH,WATCH,,,,squeeze+vix,UNGATED_SHADOW,2026-09-01,True,shadow — never published
2026-09-01T15:21:13.792161,BNB,685.58,49.41,45.46026666666666,47.83,WATCH,WATCH,15.479999542236328,,,5.956663136807905,,49.41,WATCH,WATCH,,,,squeeze+vix,UNGATED_SHADOW,2026-09-01,True,shadow — never published
2026-09-01T15:21:13.792161,XRP,1.3703,46.47,49.58691388888889,47.72,WATCH,WATCH,15.479999542236328,,,0.0273453815966567,,46.47,WATCH,WATCH,,,,squeeze+vix,UNGATED_SHADOW,2026-09-01,True,shadow — never published
2026-09-01T15:21:13.792161,LTC,49.38,43.53,50.48260416666666,46.31,WATCH,WATCH,15.479999542236328,,,0.6748699717555341,,43.53,AVOID,WATCH,,,,squeeze+vix,UNGATED_SHADOW,2026-09-01,True,shadow — never published
2026-09-01T15:21:13.792161,VET,0.006798,35.88,59.23937499999999,45.22,WATCH,WATCH,15.479999542236328,,,0.000206713112974,,35.88,AVOID,SELL,0.0061778607,0.0071080697,2.0,squeeze+vix,UNGATED_SHADOW,2026-09-01,True,shadow — never published
2026-09-01T15:21:13.792161,LINK,11.369,69.04,52.874061111111104,62.57,BUY,BUY,15.479999542236328,11.936792,11.085104,0.189264,2.0,69.04,BUY,BUY,11.936792,11.085104,2.0,squeeze+vix,UNGATED_SHADOW,2026-09-01,True,shadow — never published
2026-09-01T15:21:13.792161,AVAX,7.279,59.31,45.13628611111111,53.64,WATCH,WATCH,15.479999542236328,,,0.1032113418405553,,59.31,WATCH,WATCH,,,,squeeze+vix,UNGATED_SHADOW,2026-09-01,True,shadow — never published
2026-09-01T15:21:13.792161,SOL,101.5,41.18,59.38403541666666,48.46,WATCH,WATCH,15.479999542236328,,,1.8827079376268887,,41.18,AVOID,WATCH,,,,squeeze+vix,UNGATED_SHADOW,2026-09-01,True,shadow — never published
2026-09-01T15:21:13.792161,XLM,0.17726,47.06,41.84455486111112,44.97,AVOID,WATCH,15.479999542236328,,,0.0028716989116495,,47.06,WATCH,WATCH,,,,squeeze+vix,UNGATED_SHADOW,2026-09-01,True,shadow — never published
2026-09-01T15:21:13.792161,DOT,0.872,35.88,46.96025,40.31,AVOID,WATCH,15.479999542236328,,,0.014491690471244,,35.88,AVOID,SELL,0.82852493,0.89373754,2.0,squeeze+vix,UNGATED_SHADOW,2026-09-01,True,shadow — never published
2026-09-01T15:21:13.792161,ALGO,0.0889,20.0,48.86304479166666,31.55,AVOID,SELL,15.479999542236328,0.083896468,0.091401766,0.001667844,2.0,20.0,AVOID,STRONG_SELL,0.082230292,0.091401766,2.67,squeeze+vix,UNGATED_SHADOW,2026-09-01,True,shadow — never published
2026-09-01T15:21:13.792161,ATOM,1.494,73.49,48.51105694444444,63.5,BUY,BUY,15.479999542236328,1.5728397,1.4545801,0.0262799,2.0,73.49,BUY,BUY,1.5728397,1.4545801,2.0,squeeze+vix,UNGATED_SHADOW,2026-09-01,True,shadow — never published
2026-09-01T15:21:13.792161,DOGE,0.0821,41.18,39.00420659722223,40.31,AVOID,WATCH,15.479999542236328,,,0.0013628821715159,,41.18,AVOID,WATCH,,,,squeeze+vix,UNGATED_SHADOW,2026-09-01,True,shadow — never published
2026-09-01T15:21:13.792161,BCH,248.0,51.18,44.27666111111111,48.42,WATCH,WATCH,15.479999542236328,,,4.027197992290643,,51.18,WATCH,WATCH,,,,squeeze+vix,UNGATED_SHADOW,2026-09-01,True,shadow — never published
2026-09-01T15:21:13.792161,TRX,0.3277,4.12,53.1452375,23.73,AVOID,STRONG_SELL,15.479999542236328,0.3177504,0.33143203,0.00248802,2.67,4.12,AVOID,STRONG_SELL,0.3177504,0.33143203,2.67,squeeze+vix,UNGATED_SHADOW,2026-09-01,True,shadow — never published
2026-09-01T15:21:13.792161,VTHO,0.000393,35.88,60.8803611111111,45.88,WATCH,WATCH,15.489999771118164,,,1.200077081619434e-05,,35.88,AVOID,SELL,0.00035699769,0.00041100116,2.0,squeeze+vix,UNGATED_SHADOW,2026-09-01,True,shadow — never published
2026-09-01T15:21:13.792161,NEAR,2.012,12.35,61.00311562499999,31.81,AVOID,SELL,15.489999771118164,1.8715925,2.0822037,0.0468025,2.0,12.35,AVOID,STRONG_SELL,1.8248368,2.0822037,2.67,squeeze+vix,UNGATED_SHADOW,2026-09-01,True,shadow — never published
2026-09-01T15:21:13.792161,FET,0.155,50.0,48.56833333333333,49.43,WATCH,WATCH,15.489999771118164,,,0.0040064127588672,,50.0,WATCH,WATCH,,,,squeeze+vix,UNGATED_SHADOW,2026-09-01,True,shadow — never published
2026-09-01T15:21:13.792161,AAVE,127.72,31.76,58.33370208333333,42.39,AVOID,WATCH,15.489999771118164,,,2.4135620954845347,,31.76,AVOID,SELL,120.47931,131.34034,2.0,squeeze+vix,UNGATED_SHADOW,2026-09-01,True,shadow — never published
2026-09-01T15:21:13.792161,UNI,5.717,0.0,54.64216802554535,21.86,AVOID,STRONG_SELL,29.649999618530277,4.9179729,6.0167101,0.1998067,2.67,0.0,AVOID,STRONG_SELL,4.9179729,6.0167101,2.67,squeeze+vix,UNGATED_SHADOW,2026-09-01,True,shadow — never published
2026-09-01T15:21:13.792161,GALA,0.001724,35.29,60.8536954861111,45.52,WATCH,WATCH,15.489999771118164,,,3.063870622914625e-05,,35.29,AVOID,SELL,0.0016320839,0.0017699581,2.0,squeeze+vix,UNGATED_SHADOW,2026-09-01,True,shadow — never published
2026-09-01T15:21:13.792161,OP,0.097,26.47,45.18960937499999,33.96,AVOID,SELL,15.489999771118164,0.092138617,0.099430692,0.001620461,2.0,26.47,AVOID,SELL,0.092138617,0.099430692,2.0,squeeze+vix,UNGATED_SHADOW,2026-09-01,True,shadow — never published
2026-09-01T15:21:13.792161,ETC,7.17,40.59,46.37410138888889,42.9,AVOID,WATCH,15.489999771118164,,,0.1478879641454462,,40.59,AVOID,WATCH,,,,squeeze+vix,UNGATED_SHADOW,2026-09-01,True,shadow — never published
2026-09-01T19:04:59.103372,BTC,77283.91,54.12,52.74666666666666,53.57,WATCH,WATCH,16.579999923706055,,,856.3214336136589,,54.12,WATCH,WATCH,,,,squeeze,UNGATED_SHADOW,2026-09-01,True,shadow — never published
2026-09-01T19:04:59.103372,ETH,2419.19,38.24,51.33382777777778,43.48,AVOID,WATCH,16.579999923706055,,,35.41590140884803,,38.24,AVOID,SELL,2312.9423,2472.3139,2.0,squeeze,UNGATED_SHADOW,2026-09-01,True,shadow — never published
2026-09-01T19:04:59.103372,ADA,0.19732,50.59,46.13841527777778,48.81,WATCH,WATCH,16.56999969482422,,,0.004960111941029984,,50.59,WATCH,WATCH,,,,squeeze,UNGATED_SHADOW,2026-09-01,True,shadow — never published
2026-09-01T19:04:59.103372,BNB,680.28,47.65,45.87924999999999,46.94,WATCH,WATCH,16.56999969482422,,,6.333330055607343,,47.65,WATCH,WATCH,,,,squeeze,UNGATED_SHADOW,2026-09-01,True,shadow — never published
2026-09-01T19:04:59.103372,XRP,1.3601,44.71,48.23145520833333,46.12,WATCH,WATCH,16.56999969482422,,,0.028170711482609863,,44.71,AVOID,WATCH,,,,squeeze,UNGATED_SHADOW,2026-09-01,True,shadow — never published
2026-09-01T19:04:59.103372,LTC,48.84,34.71,49.770083333333325,40.73,AVOID,WATCH,16.56999969482422,,,0.7060527288750366,,34.71,AVOID,SELL,46.721842,49.899079,2.0,squeeze,UNGATED_SHADOW,2026-09-01,True,shadow — never published
2026-09-01T19:04:59.103372,VET,0.00671,35.29,61.0995,45.61,WATCH,WATCH,16.56999969482422,,,0.00019916217633305822,,35.29,AVOID,SELL,0.0061125135,0.0070087433,2.0,squeeze,UNGATED_SHADOW,2026-09-01,True,shadow — never published
2026-09-01T19:04:59.103372,LINK,11.202,66.26,48.602354166666665,59.2,WATCH,WATCH,16.56999969482422,,,0.20138802830568478,,66.26,BUY,BUY,11.806164,10.899918,2.0,squeeze,UNGATED_SHADOW,2026-09-01,True,shadow — never published
2026-09-01T19:04:59.103372,AVAX,7.211,52.94,45.00345312499999,49.77,WATCH,WATCH,16.56999969482422,,,0.10512481742337287,,52.94,WATCH,WATCH,,,,squeeze,UNGATED_SHADOW,2026-09-01,True,shadow — never published
2026-09-01T19:04:59.103372,SOL,99.82,40.59,61.453204861111104,48.94,WATCH,WATCH,16.56999969482422,,,2.026800227796397,,40.59,AVOID,WATCH,,,,squeeze,UNGATED_SHADOW,2026-09-01,True,shadow — never published
2026-09-01T19:04:59.103372,XLM,0.17548,45.29,38.89108333333333,42.73,AVOID,WATCH,16.56999969482422,,,0.0030251489893889138,,45.29,WATCH,WATCH,,,,squeeze,UNGATED_SHADOW,2026-09-01,True,shadow — never published
2026-09-01T19:04:59.103372,DOT,0.856,37.65,47.702479166666656,41.67,AVOID,WATCH,16.56999969482422,,,0.014813712580440936,,37.65,AVOID,SELL,0.81155886,0.87822057,2.0,squeeze,UNGATED_SHADOW,2026-09-01,True,shadow — never published
2026-09-01T19:04:59.103372,ALGO,0.08783,20.0,48.767642708333334,31.51,AVOID,SELL,16.56999969482422,0.082905292,0.090292354,0.001641569,2.0,20.0,AVOID,STRONG_SELL,0.081265364,0.090292354,2.67,squeeze,UNGATED_SHADOW,2026-09-01,True,shadow — never published
2026-09-01T19:04:59.103372,ATOM,1.467,75.41,44.62306666666665,63.1,BUY,BUY,16.56999969482422,1.5468512,1.4270744,0.0266171,2.0,75.41,STRONG_BUY,STRONG_BUY,1.5734416,1.4270744,2.67,squeeze,UNGATED_SHADOW,2026-09-01,True,shadow — never published
2026-09-01T19:04:59.103372,DOGE,0.08192,40.59,40.12424270833333,40.4,AVOID,WATCH,16.56999969482422,,,0.001407676302121986,,40.59,AVOID,WATCH,,,,squeeze,UNGATED_SHADOW,2026-09-01,True,shadow — never published
2026-09-01T19:04:59.103372,BCH,244.0,50.0,45.87848333333332,48.35,WATCH,WATCH,16.56999969482422,,,4.096683849984168,,50.0,WATCH,WATCH,,,,squeeze,UNGATED_SHADOW,2026-09-01,True,shadow — never published
2026-09-01T19:04:59.103372,TRX,0.3234,1.18,53.1452375,21.97,AVOID,STRONG_SELL,16.559999465942383,0.31215546,0.32761776,0.00281184,2.67,1.18,AVOID,STRONG_SELL,0.31215546,0.32761776,2.67,squeeze,UNGATED_SHADOW,2026-09-01,True,shadow — never published
2026-09-01T19:04:59.103372,VTHO,0.000391,32.94,59.69959062499999,43.64,AVOID,WATCH,16.559999465942383,,,1.1643572900751887e-05,,32.94,AVOID,SELL,0.00035606928,0.00040846536,2.0,squeeze,UNGATED_SHADOW,2026-09-01,True,shadow — never published
2026-09-01T19:04:59.103372,NEAR,1.914,12.94,62.41636979166666,32.73,AVOID,SELL,16.559999465942383,1.753193,1.9944035,0.0536023,2.0,12.94,AVOID,STRONG_SELL,1.6996443,1.9944035,2.67,squeeze,UNGATED_SHADOW,2026-09-01,True,shadow — never published
2026-09-01T19:04:59.103372,FET,0.1524,54.12,51.596666666666664,53.11,WATCH,WATCH,16.559999465942383,,,0.0039059547046624205,,54.12,WATCH,WATCH,,,,squeeze,UNGATED_SHADOW,2026-09-01,True,shadow — never published
2026-09-01T19:04:59.103372,AAVE,125.16,40.59,58.33370208333333,47.69,WATCH,WATCH,16.559999465942383,,,2.424021945807068,,40.59,AVOID,WATCH,,,,squeeze,UNGATED_SHADOW,2026-09-01,True,shadow — never published
2026-09-01T19:04:59.103372,UNI,5.641,1.18,54.642168025545345,22.56,AVOID,STRONG_SELL,29.649999618530273,4.8661973,5.9316237,0.1937491,2.67,1.18,AVOID,STRONG_SELL,4.8661973,5.9316237,2.67,squeeze,UNGATED_SHADOW,2026-09-01,True,shadow — never published
2026-09-01T19:04:59.103372,GALA,0.00177,39.41,60.8536954861111,47.99,WATCH,WATCH,16.559999465942383,,,3.173594149849295e-05,,39.41,AVOID,SELL,0.0016747922,0.0018176039,2.0,squeeze,UNGATED_SHADOW,2026-09-01,True,shadow — never published
2026-09-01T19:04:59.103372,OP,0.097,18.24,44.04621388888888,28.56,AVOID,SELL,16.559999465942383,0.091628716,0.099685642,0.001790428,2.0,18.24,AVOID,STRONG_SELL,0.089840078,0.099685642,2.67,squeeze,UNGATED_SHADOW,2026-09-01,True,shadow — never published
2026-09-01T19:04:59.103372,ETC,7.17,40.59,46.21338888888888,42.84,AVOID,WATCH,16.559999465942383,,,0.13732453813505727,,40.59,AVOID,WATCH,,,,squeeze,UNGATED_SHADOW,2026-09-01,True,shadow — never published
2026-09-01T22:15:24.585849,BTC,77293.1,52.35,52.74666666666666,52.51,WATCH,WATCH,16.34000015258789,,,836.0556169269694,,52.35,WATCH,WATCH,,,,squeeze,UNGATED_SHADOW,2026-09-01,True,shadow — never published
2026-09-01T22:15:24.585849,ETH,2416.27,36.47,51.235534722222226,42.38,AVOID,WATCH,16.34000015258789,,,34.427622736787455,,36.47,AVOID,SELL,2312.9871,2467.9114,2.0,squeeze,UNGATED_SHADOW,2026-09-01,True,shadow — never published
2026-09-01T22:15:24.585849,ADA,0.19599,47.65,46.93485416666666,47.36,WATCH,WATCH,16.34000015258789,,,0.004765103945242127,,47.65,WATCH,WATCH,,,,squeeze,UNGATED_SHADOW,2026-09-01,True,shadow — never published
2026-09-01T22:15:24.585849,BNB,681.27,44.12,46.02383055555555,44.88,AVOID,WATCH,16.34000015258789,,,6.1280921944925275,,44.12,AVOID,WATCH,,,,squeeze,UNGATED_SHADOW,2026-09-01,True,shadow — never published
2026-09-01T22:15:24.585849,XRP,1.3507,42.35,48.448421875,44.79,AVOID,WATCH,16.34000015258789,,,0.02742994637670916,,42.35,AVOID,WATCH,,,,squeeze,UNGATED_SHADOW,2026-09-01,True,shadow — never published
2026-09-01T22:15:24.585849,LTC,49.99,30.0,50.253394791666665,38.1,AVOID,SELL,16.34000015258789,47.860282,51.054859,0.709906,2.0,30.0,AVOID,SELL,47.860282,51.054859,2.0,squeeze,UNGATED_SHADOW,2026-09-01,True,shadow — never published
2026-09-01T22:15:24.585849,VET,0.006653,35.88,61.764199999999995,46.23,WATCH,WATCH,16.34000015258789,,,0.00019094140863579897,,35.88,AVOID,SELL,0.0060801758,0.0069394121,2.0,squeeze,UNGATED_SHADOW,2026-09-01,True,shadow — never published
2026-09-01T22:15:24.585849,LINK,11.202,62.9,48.36717916666666,57.09,WATCH,WATCH,16.34000015258789,,,0.19821745485527872,,62.9,BUY,BUY,11.796652,10.904674,2.0,squeeze,UNGATED_SHADOW,2026-09-01,True,shadow — never published
2026-09-01T22:15:24.585849,AVAX,7.203,51.76,45.418299652777776,49.22,WATCH,WATCH,16.34000015258789,,,0.09997304475027478,,51.76,WATCH,WATCH,,,,squeeze,UNGATED_SHADOW,2026-09-01,True,shadow — never published
2026-09-01T22:15:24.585849,SOL,99.78,37.65,60.215661111111096,46.68,WATCH,WATCH,16.34000015258789,,,1.9748859258109401,,37.65,AVOID,SELL,93.855342,102.742329,2.0,squeeze,UNGATED_SHADOW,2026-09-01,True,shadow — never published
2026-09-01T22:15:24.585849,XLM,0.17588,45.29,38.47071041666666,42.56,AVOID,WATCH,16.34000015258789,,,0.002876209775861134,,45.29,WATCH,WATCH,,,,squeeze,UNGATED_SHADOW,2026-09-01,True,shadow — never published
2026-09-01T22:15:24.585849,DOT,0.87,34.71,46.960249999999995,39.61,AVOID,SELL,16.34000015258789,0.82573323,0.89213339,0.01475559,2.0,34.71,AVOID,SELL,0.82573323,0.89213339,2.0,squeeze,UNGATED_SHADOW,2026-09-01,True,shadow — never published
2026-09-01T22:15:24.585849,ALGO,0.0888,18.82,48.835109374999995,30.83,AVOID,SELL,16.34000015258789,0.084227057,0.091086472,0.001524314,2.0,18.82,AVOID,STRONG_SELL,0.082704266,0.091086472,2.67,squeeze,UNGATED_SHADOW,2026-09-01,True,shadow — never published
2026-09-01T22:15:24.585849,ATOM,1.467,76.75,44.26222222222221,63.75,BUY,BUY,16.34000015258789,1.5450047,1.4279977,0.0260016,2.0,76.75,STRONG_BUY,STRONG_BUY,1.5709802,1.4279977,2.67,squeeze,UNGATED_SHADOW,2026-09-01,True,shadow — never published
2026-09-01T22:15:24.585849,DOGE,0.08154,40.0,39.59271111111111,39.84,AVOID,SELL,16.34000015258789,0.077391473,0.083614263,0.001382842,2.0,40.0,AVOID,SELL,0.077391473,0.083614263,2.0,squeeze,UNGATED_SHADOW,2026-09-01,True,shadow — never published
2026-09-01T22:15:24.585849,BCH,245.3,51.76,45.66853645833333,49.32,WATCH,WATCH,16.34000015258789,,,4.011206432128157,,51.76,WATCH,WATCH,,,,squeeze,UNGATED_SHADOW,2026-09-01,True,shadow — never published
2026-09-01T22:15:24.585849,TRX,0.3225,0.0,53.1452375,21.26,AVOID,STRONG_SELL,16.34000015258789,0.31157305,0.32659863,0.00273242,2.67,0.0,AVOID,STRONG_SELL,0.31157305,0.32659863,2.67,squeeze,UNGATED_SHADOW,2026-09-01,True,shadow — never published
2026-09-01T22:15:24.585849,VTHO,0.000387,28.24,60.105428819444434,40.99,AVOID,WATCH,16.34000015258789,,,1.1082297285392062e-05,,28.24,AVOID,SELL,0.00035375311,0.00040362345,2.0,squeeze,UNGATED_SHADOW,2026-09-01,True,shadow — never published
2026-09-01T22:15:24.585849,NEAR,1.895,16.47,58.665908333333334,33.35,AVOID,SELL,16.34000015258789,1.7403221,1.9723389,0.0515593,2.0,16.47,AVOID,STRONG_SELL,1.6888144,1.9723389,2.67,squeeze,UNGATED_SHADOW,2026-09-01,True,shadow — never published
2026-09-01T22:15:24.585849,FET,0.1537,54.71,48.56833333333333,52.25,WATCH,WATCH,16.34000015258789,,,0.0038126722257579614,,54.71,WATCH,WATCH,,,,squeeze,UNGATED_SHADOW,2026-09-01,True,shadow — never published
2026-09-01T22:15:24.585849,AAVE,126.44,42.94,58.095923611111104,49.0,WATCH,WATCH,16.34000015258789,,,2.342306092535135,,42.94,AVOID,WATCH,,,,squeeze,UNGATED_SHADOW,2026-09-01,True,shadow — never published
2026-09-01T22:15:24.585849,UNI,5.711,2.35,54.642168025545345,23.27,AVOID,STRONG_SELL,29.649999618530273,4.9709945,5.9885715,0.1850476,2.67,2.35,AVOID,STRONG_SELL,4.9709945,5.9885715,2.67,squeeze,UNGATED_SHADOW,2026-09-01,True,shadow — never published
2026-09-01T22:15:24.585849,GALA,0.00177,41.18,61.10648784722222,49.15,WATCH,WATCH,16.34000015258789,,,2.9469088534314884e-05,,41.18,AVOID,WATCH,,,,squeeze,UNGATED_SHADOW,2026-09-01,True,shadow — never published
2026-09-01T22:15:24.585849,OP,0.097,16.47,43.056,27.1,AVOID,SELL,16.34000015258789,0.092012379,0.099493811,0.00166254,2.0,16.47,AVOID,STRONG_SELL,0.090351501,0.099493811,2.67,squeeze,UNGATED_SHADOW,2026-09-01,True,shadow — never published
2026-09-01T22:15:24.585849,ETC,7.25,40.59,44.91488715277778,42.32,AVOID,WATCH,16.34000015258789,,,0.13282176500296136,,40.59,AVOID,WATCH,,,,squeeze,UNGATED_SHADOW,2026-09-01,True,shadow — never published
2026-09-02T00:43:35.989302,BTC,77220.61,51.76,53.13,52.31,WATCH,WATCH,16.34000015258789,,,808.5478177587161,,51.76,WATCH,WATCH,,,,squeeze,UNGATED_SHADOW,2026-09-02,True,shadow — never published
2026-09-02T00:43:35.989302,ETH,2409.13,34.12,50.7802625,40.78,AVOID,WATCH,16.34000015258789,,,33.30059866375159,,34.12,AVOID,SELL,2309.2282,2459.0809,2.0,squeeze,UNGATED_SHADOW,2026-09-02,True,shadow — never published
2026-09-02T00:43:35.989302,ADA,0.19649,47.06,45.79734444444444,46.55,WATCH,WATCH,16.34000015258789,,,0.004562596520581975,,47.06,WATCH,WATCH,,,,squeeze,UNGATED_SHADOW,2026-09-02,True,shadow — never published
2026-09-02T00:43:35.989302,BNB,684.6,44.12,45.49706666666666,44.67,AVOID,WATCH,16.34000015258789,,,6.03506520100837,,44.12,AVOID,WATCH,,,,squeeze,UNGATED_SHADOW,2026-09-02,True,shadow — never published
2026-09-02T00:43:35.989302,XRP,1.3434,40.59,47.25946562499999,43.26,AVOID,WATCH,16.34000015258789,,,0.02623495020694422,,40.59,AVOID,WATCH,,,,squeeze,UNGATED_SHADOW,2026-09-02,True,shadow — never published
2026-09-02T00:43:35.989302,LTC,49.34,32.94,49.722358333333325,39.65,AVOID,SELL,16.34000015258789,47.250976,50.384512,0.696341,2.0,32.94,AVOID,SELL,47.250976,50.384512,2.0,squeeze,UNGATED_SHADOW,2026-09-02,True,shadow — never published
2026-09-02T00:43:35.989302,VET,0.006659,35.88,61.764199999999995,46.23,WATCH,WATCH,16.34000015258789,,,0.0001815476345495684,,35.88,AVOID,SELL,0.0061143571,0.0069313215,2.0,squeeze,UNGATED_SHADOW,2026-09-02,True,shadow — never published
2026-09-02T00:43:35.989302,LINK,11.183,62.47,48.361461111111105,56.83,WATCH,WATCH,16.34000015258789,,,0.19098763665133037,,62.47,BUY,BUY,11.755963,10.896519,2.0,squeeze,UNGATED_SHADOW,2026-09-02,True,shadow — never published
2026-09-02T00:43:35.989302,AVAX,7.225,51.18,45.91294340277778,49.07,WATCH,WATCH,16.34000015258789,,,0.0949188476762756,,51.18,WATCH,WATCH,,,,squeeze,UNGATED_SHADOW,2026-09-02,True,shadow — never published
2026-09-02T00:43:35.989302,SOL,99.71,36.47,60.34438124999999,46.02,WATCH,WATCH,16.34000015258789,,,1.8688226453958736,,36.47,AVOID,SELL,94.103532,102.513234,2.0,squeeze,UNGATED_SHADOW,2026-09-02,True,shadow — never published
2026-09-02T00:43:35.989302,XLM,0.17504,42.94,38.86194999999999,41.31,AVOID,WATCH,16.34000015258789,,,0.0027960723428914623,,42.94,AVOID,WATCH,,,,squeeze,UNGATED_SHADOW,2026-09-02,True,shadow — never published
2026-09-02T00:43:35.989302,DOT,0.87,30.59,47.70199999999999,37.43,AVOID,SELL,16.34000015258789,0.82889514,0.89055243,0.01370162,2.0,30.59,AVOID,SELL,0.82889514,0.89055243,2.0,squeeze,UNGATED_SHADOW,2026-09-02,True,shadow — never published
2026-09-02T00:43:35.989302,ALGO,0.08852,20.59,48.767642708333334,31.86,AVOID,SELL,16.34000015258789,0.084066604,0.090746698,0.001484465,2.0,20.59,AVOID,STRONG_SELL,0.082583623,0.090746698,2.67,squeeze,UNGATED_SHADOW,2026-09-02,True,shadow — never published
2026-09-02T00:43:35.989302,ATOM,1.458,77.5,44.86581249999999,64.45,BUY,BUY,16.34000015258789,1.5340604,1.4199698,0.0253535,2.0,77.5,STRONG_BUY,STRONG_BUY,1.5593886,1.4199698,2.67,squeeze,UNGATED_SHADOW,2026-09-02,True,shadow — never published
2026-09-02T00:43:35.989302,DOGE,0.08132,36.47,41.02599444444444,38.29,AVOID,SELL,16.34000015258789,0.077386368,0.083286816,0.001311211,2.0,36.47,AVOID,SELL,0.077386368,0.083286816,2.0,squeeze,UNGATED_SHADOW,2026-09-02,True,shadow — never published
2026-09-02T00:43:35.989302,BCH,246.0,54.71,45.39878159722222,50.99,WATCH,WATCH,16.34000015258789,,,3.7961202584047173,,54.71,WATCH,WATCH,,,,squeeze,UNGATED_SHADOW,2026-09-02,True,shadow — never published
2026-09-02T00:43:35.989302,TRX,0.3233,0.0,53.1452375,21.26,AVOID,STRONG_SELL,16.34000015258789,0.31256186,0.32732781,0.00268521,2.67,0.0,AVOID,STRONG_SELL,0.31256186,0.32732781,2.67,squeeze,UNGATED_SHADOW,2026-09-02,True,shadow — never published
2026-09-02T00:43:35.989302,VTHO,0.000391,27.06,59.837015625,40.17,AVOID,WATCH,16.34000015258789,,,1.0576418907864062e-05,,27.06,AVOID,SELL,0.00035927074,0.00040686463,2.0,squeeze,UNGATED_SHADOW,2026-09-02,True,shadow — never published
2026-09-02T00:43:35.989302,NEAR,1.867,21.76,56.75674861111111,35.76,AVOID,SELL,16.34000015258789,1.7175848,1.9417076,0.0498051,2.0,21.76,AVOID,STRONG_SELL,1.6678296,1.9417076,2.67,squeeze,UNGATED_SHADOW,2026-09-02,True,shadow — never published
2026-09-02T00:43:35.989302,FET,0.1543,57.22,50.24694999999999,54.43,WATCH,WATCH,16.34000015258789,,,0.003553603801469128,,57.22,WATCH,WATCH,,,,squeeze,UNGATED_SHADOW,2026-09-02,True,shadow — never published
2026-09-02T00:43:35.989302,AAVE,128.0,43.53,58.74707916666666,49.62,WATCH,WATCH,16.34000015258789,,,2.2798964736805845,,43.53,AVOID,WATCH,,,,squeeze,UNGATED_SHADOW,2026-09-02,True,shadow — never published
2026-09-02T00:43:35.989302,UNI,5.903,2.94,54.51158875969118,23.57,AVOID,STRONG_SELL,29.649999618530273,5.1639058,6.1802296,0.1848198,2.67,2.94,AVOID,STRONG_SELL,5.1639058,6.1802296,2.67,squeeze,UNGATED_SHADOW,2026-09-02,True,shadow — never published
2026-09-02T00:43:35.989302,GALA,0.00177,45.88,61.10648784722222,51.97,WATCH,WATCH,16.34000015258789,,,2.736415363900668e-05,,45.88,WATCH,WATCH,,,,squeeze,UNGATED_SHADOW,2026-09-02,True,shadow — never published
2026-09-02T00:43:35.989302,OP,0.094,18.82,42.96655555555555,28.48,AVOID,SELL,16.34000015258789,0.088771699,0.096614151,0.001742767,2.0,18.82,AVOID,STRONG_SELL,0.087030674,0.096614151,2.67,squeeze,UNGATED_SHADOW,2026-09-02,True,shadow — never published
2026-09-02T00:43:35.989302,ETC,7.24,40.59,44.802075347222214,42.27,AVOID,WATCH,16.34000015258789,,,0.12762021035989268,,40.59,AVOID,WATCH,,,,squeeze,UNGATED_SHADOW,2026-09-02,True,shadow — never published
2026-09-02T05:18:45.935238,BTC,77675.51,51.18,52.193324999999994,51.59,WATCH,WATCH,16.34000015258789,,,826.9738920004409,,51.18,WATCH,WATCH,,,,squeeze,UNGATED_SHADOW,2026-09-02,True,shadow — never published
2026-09-02T05:18:45.935238,ETH,2419.06,32.35,51.400751388888885,39.97,AVOID,SELL,16.34000015258789,2318.6601,2469.2599,33.4666,2.0,32.35,AVOID,SELL,2318.6601,2469.2599,2.0,squeeze,UNGATED_SHADOW,2026-09-02,True,shadow — never published
2026-09-02T05:18:45.935238,ADA,0.1981,47.06,44.04640555555555,45.85,WATCH,WATCH,16.34000015258789,,,0.0046103192180914285,,47.06,WATCH,WATCH,,,,squeeze,UNGATED_SHADOW,2026-09-02,True,shadow — never published
2026-09-02T05:18:45.935238,BNB,686.9,45.29,45.688342013888885,45.45,WATCH,WATCH,16.34000015258789,,,6.107305441752667,,45.29,WATCH,WATCH,,,,squeeze,UNGATED_SHADOW,2026-09-02,True,shadow — never published
2026-09-02T05:18:45.935238,XRP,1.3503,40.0,48.475542708333336,43.39,AVOID,WATCH,16.34000015258789,,,0.026024800702366565,,40.0,AVOID,SELL,1.2722256,1.3893372,2.0,squeeze,UNGATED_SHADOW,2026-09-02,True,shadow — never published
2026-09-02T05:18:45.935238,LTC,49.33,32.94,49.35225,39.5,AVOID,SELL,16.34000015258789,47.216773,50.386613,0.704409,2.0,32.94,AVOID,SELL,47.216773,50.386613,2.0,squeeze,UNGATED_SHADOW,2026-09-02,True,shadow — never published
2026-09-02T05:18:45.935238,VET,0.006593,35.29,61.764199999999995,45.88,WATCH,WATCH,16.34000015258789,,,0.00018244729330623184,,35.29,AVOID,SELL,0.0060456581,0.0068666709,2.0,squeeze,UNGATED_SHADOW,2026-09-02,True,shadow — never published
2026-09-02T05:18:45.935238,LINK,11.267,55.29,49.415212499999996,52.94,WATCH,WATCH,16.34000015258789,,,0.1908456626048066,,55.29,WATCH,WATCH,,,,squeeze,UNGATED_SHADOW,2026-09-02,True,shadow — never published
2026-09-02T05:18:45.935238,AVAX,7.242,51.18,45.19876145833332,48.79,WATCH,WATCH,16.34000015258789,,,0.10012872590348042,,51.18,WATCH,WATCH,,,,squeeze,UNGATED_SHADOW,2026-09-02,True,shadow — never published
2026-09-02T05:18:45.935238,SOL,100.28,35.29,60.93346875,45.55,WATCH,WATCH,16.34000015258789,,,1.8877842931737203,,35.29,AVOID,SELL,94.61665,103.11168,2.0,squeeze,UNGATED_SHADOW,2026-09-02,True,shadow — never published
2026-09-02T05:18:45.935238,XLM,0.17516,42.94,38.77455,41.27,AVOID,WATCH,16.34000015258789,,,0.0027755875837053353,,42.94,AVOID,WATCH,,,,squeeze,UNGATED_SHADOW,2026-09-02,True,shadow — never published
2026-09-02T05:18:45.935238,DOT,0.881,23.53,48.41167777777777,33.48,AVOID,SELL,16.34000015258789,0.83545365,0.90377317,0.01518212,2.0,23.53,AVOID,STRONG_SELL,0.82028672,0.90377317,2.67,squeeze,UNGATED_SHADOW,2026-09-02,True,shadow — never published
2026-09-02T05:18:45.935238,ALGO,0.08966,18.24,51.034444444444446,31.36,AVOID,SELL,16.34000015258789,0.085107611,0.091936194,0.001517463,2.0,18.24,AVOID,STRONG_SELL,0.083591666,0.091936194,2.67,squeeze,UNGATED_SHADOW,2026-09-02,True,shadow — never published
2026-09-02T05:18:45.935238,ATOM,1.458,78.25,44.86581249999999,64.9,BUY,BUY,16.34000015258789,1.5286276,1.4226862,0.0235425,2.0,78.25,STRONG_BUY,STRONG_BUY,1.5521465,1.4226862,2.67,squeeze,UNGATED_SHADOW,2026-09-02,True,shadow — never published
2026-09-02T05:18:45.935238,DOGE,0.08192,36.47,40.495021875000006,38.08,AVOID,SELL,16.34000015258789,0.07789127,0.083934365,0.00134291,2.0,36.47,AVOID,SELL,0.07789127,0.083934365,2.0,squeeze,UNGATED_SHADOW,2026-09-02,True,shadow — never published
2026-09-02T05:18:45.935238,BCH,248.8,53.53,44.38003333333333,49.87,WATCH,WATCH,16.34000015258789,,,3.942315750151318,,53.53,WATCH,WATCH,,,,squeeze,UNGATED_SHADOW,2026-09-02,True,shadow — never published
2026-09-02T05:18:45.935238,TRX,0.3226,0.0,53.1452375,21.26,AVOID,STRONG_SELL,16.34000015258789,0.31199638,0.32657735,0.00265157,2.67,0.0,AVOID,STRONG_SELL,0.31199638,0.32657735,2.67,squeeze,UNGATED_SHADOW,2026-09-02,True,shadow — never published
2026-09-02T05:18:45.935238,VTHO,0.00039,24.71,60.054956597222215,38.85,AVOID,SELL,16.34000015258789,0.00036012385,0.00040493807,9.95872e-06,2.0,24.71,AVOID,STRONG_SELL,0.0003501751,0.00040493807,2.67,squeeze,UNGATED_SHADOW,2026-09-02,True,shadow — never published
2026-09-02T05:18:45.935238,NEAR,1.875,24.12,58.865624999999994,38.02,AVOID,SELL,16.34000015258789,1.7322777,1.9463611,0.0475741,2.0,24.12,AVOID,STRONG_SELL,1.6847512,1.9463611,2.67,squeeze,UNGATED_SHADOW,2026-09-02,True,shadow — never published
2026-09-02T05:18:45.935238,FET,0.1555,55.88,51.596666666666664,54.17,WATCH,WATCH,16.34000015258789,,,0.003591611693200924,,55.88,WATCH,WATCH,,,,squeeze,UNGATED_SHADOW,2026-09-02,True,shadow — never published
2026-09-02T05:18:45.935238,AAVE,131.16,31.18,59.37756666666667,42.46,AVOID,WATCH,16.34000015258789,,,2.53653652147891,,31.18,AVOID,SELL,123.55039,134.9648,2.0,squeeze,UNGATED_SHADOW,2026-09-02,True,shadow — never published
2026-09-02T05:18:45.935238,UNI,6.356,1.76,54.51158875969118,22.86,AVOID,STRONG_SELL,29.649999618530273,5.5353441,6.6638229,0.2052153,2.67,1.76,AVOID,STRONG_SELL,5.5353441,6.6638229,2.67,squeeze,UNGATED_SHADOW,2026-09-02,True,shadow — never published
2026-09-02T05:18:45.935238,GALA,0.00177,47.65,62.33134965277777,53.52,WATCH,WATCH,16.34000015258789,,,2.540957123622049e-05,,47.65,WATCH,WATCH,,,,squeeze,UNGATED_SHADOW,2026-09-02,True,shadow — never published
2026-09-02T05:18:45.935238,OP,0.096,17.06,44.04621388888888,27.85,AVOID,SELL,16.34000015258789,0.09074719,0.098626405,0.001750937,2.0,17.06,AVOID,STRONG_SELL,0.088998004,0.098626405,2.67,squeeze,UNGATED_SHADOW,2026-09-02,True,shadow — never published
2026-09-02T05:18:45.935238,ETC,7.27,51.18,46.40732361111111,49.27,WATCH,WATCH,16.34000015258789,,,0.12875958308928812,,51.18,WATCH,WATCH,,,,squeeze,UNGATED_SHADOW,2026-09-02,True,shadow — never published
2026-09-02T10:18:43.829706,BTC,76628.71,47.65,49.66662326388889,48.46,WATCH,WATCH,16.809999465942383,,,843.9765221636748,,47.65,WATCH,WATCH,,,,squeeze,UNGATED_SHADOW,2026-09-02,True,shadow — never published
2026-09-02T10:18:43.829706,ETH,2371.85,21.18,49.774587499999996,32.62,AVOID,SELL,16.809999465942383,2265.9831,2424.7834,35.289,2.0,21.18,AVOID,STRONG_SELL,2230.7294,2424.7834,2.67,squeeze,UNGATED_SHADOW,2026-09-02,True,shadow — never published
2026-09-02T10:18:43.829706,ADA,0.19393,45.29,50.2642,47.28,WATCH,WATCH,16.799999237060547,,,0.004661061722921632,,45.29,WATCH,WATCH,,,,squeeze,UNGATED_SHADOW,2026-09-02,True,shadow — never published
2026-09-02T10:18:43.829706,BNB,683.01,41.76,45.326890625,43.19,AVOID,WATCH,16.799999237060547,,,6.196171379586663,,41.76,AVOID,WATCH,,,,squeeze,UNGATED_SHADOW,2026-09-02,True,shadow — never published
2026-09-02T10:18:43.829706,XRP,1.3207,37.65,45.49655555555555,40.79,AVOID,WATCH,16.799999237060547,,,0.02619955983587101,,37.65,AVOID,SELL,1.2421013,1.3599993,2.0,squeeze,UNGATED_SHADOW,2026-09-02,True,shadow — never published
2026-09-02T10:18:43.829706,LTC,48.83,32.94,48.8994375,39.32,AVOID,SELL,16.799999237060547,46.72231,49.883845,0.702563,2.0,32.94,AVOID,SELL,46.72231,49.883845,2.0,squeeze,UNGATED_SHADOW,2026-09-02,True,shadow — never published
2026-09-02T10:18:43.829706,VET,0.006536,34.71,59.55179965277777,44.65,AVOID,WATCH,16.799999237060547,,,0.00017648677235578673,,34.71,AVOID,SELL,0.0060065397,0.0068007302,2.0,squeeze,UNGATED_SHADOW,2026-09-02,True,shadow — never published
2026-09-02T10:18:43.829706,LINK,11.04,50.59,49.912803125,50.32,WATCH,WATCH,16.799999237060547,,,0.1960301560922185,,50.59,WATCH,WATCH,,,,squeeze,UNGATED_SHADOW,2026-09-02,True,shadow — never published
2026-09-02T10:18:43.829706,AVAX,7.101,47.06,49.205625,47.92,WATCH,WATCH,16.799999237060547,,,0.10201749037976247,,47.06,WATCH,WATCH,,,,squeeze,UNGATED_SHADOW,2026-09-02,True,shadow — never published
2026-09-02T10:18:43.829706,SOL,98.48,32.35,56.17618229166666,41.88,AVOID,WATCH,16.799999237060547,,,1.875085415089884,,32.35,AVOID,SELL,92.854744,101.292628,2.0,squeeze,UNGATED_SHADOW,2026-09-02,True,shadow — never published
2026-09-02T10:18:43.829706,XLM,0.17234,42.35,42.60794722222222,42.45,AVOID,WATCH,16.799999237060547,,,0.0028209027562978114,,42.35,AVOID,WATCH,,,,squeeze,UNGATED_SHADOW,2026-09-02,True,shadow — never published
2026-09-02T10:18:43.829706,DOT,0.851,25.88,45.573741319444444,33.76,AVOID,SELL,16.799999237060547,0.80307431,0.87496285,0.01597523,2.0,25.88,AVOID,SELL,0.80307431,0.87496285,2.0,squeeze,UNGATED_SHADOW,2026-09-02,True,shadow — never published
2026-09-02T10:18:43.829706,ALGO,0.08871,18.24,50.81539340277777,31.27,AVOID,SELL,16.799999237060547,0.083791251,0.091169374,0.001639583,2.0,18.24,AVOID,STRONG_SELL,0.082153308,0.091169374,2.67,squeeze,UNGATED_SHADOW,2026-09-02,True,shadow — never published
2026-09-02T10:18:43.829706,ATOM,1.45,77.24,45.440333333333335,64.52,BUY,BUY,16.799999237060547,1.5206184,1.4146908,0.0235395,2.0,77.24,STRONG_BUY,STRONG_BUY,1.5441344,1.4146908,2.67,squeeze,UNGATED_SHADOW,2026-09-02,True,shadow — never published
2026-09-02T10:18:43.829706,DOGE,0.0807,34.12,40.489918749999994,36.67,AVOID,SELL,16.799999237060547,0.07669271,0.082703645,0.001335763,2.0,34.12,AVOID,SELL,0.07669271,0.082703645,2.0,squeeze,UNGATED_SHADOW,2026-09-02,True,shadow — never published
2026-09-02T10:18:43.829706,BCH,243.6,50.0,46.78024305555556,48.71,WATCH,WATCH,16.799999237060547,,,4.032660543507858,,50.0,WATCH,WATCH,,,,squeeze,UNGATED_SHADOW,2026-09-02,True,shadow — never published
2026-09-02T10:18:43.829706,TRX,0.3238,0.0,53.22966666666667,21.29,AVOID,STRONG_SELL,16.799999237060547,0.31362325,0.32761724,0.00254482,2.67,0.0,AVOID,STRONG_SELL,0.31362325,0.32761724,2.67,squeeze,UNGATED_SHADOW,2026-09-02,True,shadow — never published
2026-09-02T10:18:43.829706,VTHO,0.000389,47.65,55.936990277777774,50.96,WATCH,WATCH,16.799999237060547,,,9.721868489798237e-06,,47.65,WATCH,WATCH,,,,squeeze,UNGATED_SHADOW,2026-09-02,True,shadow — never published
2026-09-02T10:18:43.829706,NEAR,1.875,24.71,51.18289826388889,35.3,AVOID,SELL,16.799999237060547,1.7424722,1.9412639,0.0441759,2.0,24.71,AVOID,STRONG_SELL,1.6983404,1.9412639,2.67,squeeze,UNGATED_SHADOW,2026-09-02,True,shadow — never published
2026-09-02T10:18:43.829706,FET,0.1555,58.4,47.04260277777777,53.86,WATCH,WATCH,16.799999237060547,,,0.0033350680008294295,,58.4,WATCH,WATCH,,,,squeeze,UNGATED_SHADOW,2026-09-02,True,shadow — never published
2026-09-02T10:18:43.829706,AAVE,126.28,28.82,56.36916666666666,39.84,AVOID,SELL,16.799999237060547,116.5147,131.16265,3.2551,2.0,28.82,AVOID,SELL,116.5147,131.16265,2.0,squeeze,UNGATED_SHADOW,2026-09-02,True,shadow — never published
2026-09-02T10:18:43.829706,UNI,6.003,4.12,54.51158875969118,24.28,AVOID,STRONG_SELL,29.649999618530273,5.1366007,6.327981,0.216654,2.67,4.12,AVOID,STRONG_SELL,5.1366007,6.327981,2.67,squeeze,UNGATED_SHADOW,2026-09-02,True,shadow — never published
2026-09-02T10:18:43.829706,GALA,0.001755,52.94,60.8536954861111,56.11,WATCH,WATCH,16.799999237060547,,,2.4666030433633316e-05,,52.94,WATCH,WATCH,,,,squeeze,UNGATED_SHADOW,2026-09-02,True,shadow — never published
2026-09-02T10:18:43.829706,OP,0.096,17.65,44.78883437500001,28.51,AVOID,SELL,16.799999237060547,0.09112239,0.098438805,0.00162587,2.0,17.65,AVOID,STRONG_SELL,0.089498146,0.098438805,2.67,squeeze,UNGATED_SHADOW,2026-09-02,True,shadow — never published
2026-09-02T10:18:43.829706,ETC,7.31,61.93,43.83656249999999,54.69,WATCH,WATCH,16.799999237060547,,,0.12221553123597163,,61.93,BUY,BUY,7.6766466,7.1266767,2.0,squeeze,UNGATED_SHADOW,2026-09-02,True,shadow — never published
2026-09-02T14:51:29.313122,BTC,77201.33,45.88,49.854217013888885,47.47,WATCH,WATCH,15.40999984741211,,,858.9852909887181,,45.88,WATCH,WATCH,,,,squeeze,UNGATED_SHADOW,2026-09-02,True,shadow — never published
2026-09-02T14:51:29.313122,ETH,2400.91,20.59,49.14004305555556,32.01,AVOID,SELL,15.40999984741211,2291.6659,2455.532,36.4147,2.0,20.59,AVOID,STRONG_SELL,2255.2876,2455.532,2.67,squeeze,UNGATED_SHADOW,2026-09-02,True,shadow — never published
2026-09-02T14:51:29.313122,ADA,0.19691,45.29,49.19664861111111,46.85,WATCH,WATCH,15.40999984741211,,,0.004650016497814985,,45.29,WATCH,WATCH,,,,squeeze,UNGATED_SHADOW,2026-09-02,True,shadow — never published
2026-09-02T14:51:29.313122,BNB,687.49,42.35,46.31779131944444,43.94,AVOID,WATCH,15.40999984741211,,,6.226546893289652,,42.35,AVOID,WATCH,,,,squeeze,UNGATED_SHADOW,2026-09-02,True,shadow — never published
2026-09-02T14:51:29.313122,XRP,1.3374,37.65,45.271666666666675,40.7,AVOID,WATCH,15.40999984741211,,,0.02685010148024757,,37.65,AVOID,SELL,1.2568497,1.3776752,2.0,squeeze,UNGATED_SHADOW,2026-09-02,True,shadow — never published
2026-09-02T14:51:29.313122,LTC,49.27,32.35,51.628794791666664,40.06,AVOID,WATCH,15.40999984741211,,,0.7125332745697455,,32.35,AVOID,SELL,47.1324,50.3388,2.0,squeeze,UNGATED_SHADOW,2026-09-02,True,shadow — never published
2026-09-02T14:51:29.313122,VET,0.006643,35.29,59.917611458333326,45.14,WATCH,WATCH,15.40999984741211,,,0.00017027343147323054,,35.29,AVOID,SELL,0.0061321797,0.0068984101,2.0,squeeze,UNGATED_SHADOW,2026-09-02,True,shadow — never published
2026-09-02T14:51:29.313122,LINK,11.127,48.24,49.547151041666666,48.76,WATCH,WATCH,15.40999984741211,,,0.2052780020856315,,48.24,WATCH,WATCH,,,,squeeze,UNGATED_SHADOW,2026-09-02,True,shadow — never published
2026-09-02T14:51:29.313122,AVAX,7.16,45.88,48.03406249999999,46.74,WATCH,WATCH,15.40999984741211,,,0.1030723635159019,,45.88,WATCH,WATCH,,,,squeeze,UNGATED_SHADOW,2026-09-02,True,shadow — never published
2026-09-02T14:51:29.313122,SOL,99.24,31.76,56.880940625,41.81,AVOID,WATCH,15.40999984741211,,,1.9396711507467281,,31.76,AVOID,SELL,93.420987,102.149507,2.0,squeeze,UNGATED_SHADOW,2026-09-02,True,shadow — never published
2026-09-02T14:51:29.313122,XLM,0.17331,42.35,42.60794722222222,42.45,AVOID,WATCH,15.40999984741211,,,0.0028128790900316413,,42.35,AVOID,WATCH,,,,squeeze,UNGATED_SHADOW,2026-09-02,True,shadow — never published
2026-09-02T14:51:29.313122,DOT,0.848,26.47,46.12393645833333,34.33,AVOID,SELL,15.40999984741211,0.79979349,0.87210325,0.01606884,2.0,26.47,AVOID,SELL,0.79979349,0.87210325,2.0,squeeze,UNGATED_SHADOW,2026-09-02,True,shadow — never published
2026-09-02T14:51:29.313122,ALGO,0.08967,18.24,51.801390624999996,31.66,AVOID,SELL,15.40999984741211,0.084830754,0.092089623,0.001613082,2.0,18.24,AVOID,STRONG_SELL,0.083219285,0.092089623,2.67,squeeze,UNGATED_SHADOW,2026-09-02,True,shadow — never published
2026-09-02T14:51:29.313122,ATOM,1.463,70.93,45.568861805555564,60.79,BUY,BUY,15.40999984741211,1.5414926,1.4237537,0.0261642,2.0,70.93,BUY,BUY,1.5414926,1.4237537,2.0,squeeze,UNGATED_SHADOW,2026-09-02,True,shadow — never published
2026-09-02T14:51:29.313122,DOGE,0.08178,38.82,41.87876736111111,40.04,AVOID,WATCH,15.40999984741211,,,0.0013502495932568622,,38.82,AVOID,SELL,0.077729251,0.083805374,2.0,squeeze,UNGATED_SHADOW,2026-09-02,True,shadow — never published
2026-09-02T14:51:29.313122,BCH,246.0,50.59,45.380892708333334,48.51,WATCH,WATCH,15.40999984741211,,,3.8854296883593373,,50.59,WATCH,WATCH,,,,squeeze,UNGATED_SHADOW,2026-09-02,True,shadow — never published
2026-09-02T14:51:29.313122,TRX,0.3264,1.18,53.055729166666666,21.93,AVOID,STRONG_SELL,15.40999984741211,0.31609935,0.33026371,0.00257581,2.67,1.18,AVOID,STRONG_SELL,0.31609935,0.33026371,2.67,squeeze,UNGATED_SHADOW,2026-09-02,True,shadow — never published
2026-09-02T14:51:29.313122,VTHO,0.000389,45.29,56.86606249999999,49.92,WATCH,WATCH,15.40999984741211,,,9.440714618077959e-06,,45.29,WATCH,WATCH,,,,squeeze,UNGATED_SHADOW,2026-09-02,True,shadow — never published
2026-09-02T14:51:29.313122,NEAR,1.84,21.18,51.29240381944444,33.22,AVOID,SELL,15.399999618530273,1.7066987,1.9066507,0.0444338,2.0,21.18,AVOID,STRONG_SELL,1.6623093,1.9066507,2.67,squeeze,UNGATED_SHADOW,2026-09-02,True,shadow — never published
2026-09-02T14:51:29.313122,FET,0.1533,59.74,47.04260277777777,54.66,WATCH,WATCH,15.399999618530273,,,0.0036973590619946745,,59.74,WATCH,WATCH,,,,squeeze,UNGATED_SHADOW,2026-09-02,True,shadow — never published
2026-09-02T14:51:29.313122,AAVE,128.07,28.82,56.65379166666666,39.95,AVOID,SELL,15.399999618530273,118.44462,132.88269,3.20846,2.0,28.82,AVOID,SELL,118.44462,132.88269,2.0,squeeze,UNGATED_SHADOW,2026-09-02,True,shadow — never published
2026-09-02T14:51:29.313122,UNI,5.805,7.06,54.51158875969118,26.04,AVOID,SELL,29.649999618530273,5.0945966,6.1602017,0.2368011,2.0,7.06,AVOID,STRONG_SELL,4.8580322,6.1602017,2.67,squeeze,UNGATED_SHADOW,2026-09-02,True,shadow — never published
2026-09-02T14:51:29.313122,GALA,0.001738,60.75,60.088418402777776,60.49,BUY,BUY,15.399999618530273,0.0018103554,0.0017018223,2.41185e-05,2.0,60.75,BUY,BUY,0.0018103554,0.0017018223,2.0,squeeze,UNGATED_SHADOW,2026-09-02,True,shadow — never published
2026-09-02T14:51:29.313122,OP,0.096,20.0,46.398602777777775,30.56,AVOID,SELL,15.399999618530273,0.090230995,0.098884502,0.001923002,2.0,20.0,AVOID,STRONG_SELL,0.088309916,0.098884502,2.67,squeeze,UNGATED_SHADOW,2026-09-02,True,shadow — never published
2026-09-02T14:51:29.313122,ETC,7.31,65.03,45.94651701388889,57.4,WATCH,WATCH,15.399999618530273,,,0.11348585043340223,,65.03,BUY,BUY,7.6504576,7.1397712,2.0,squeeze,UNGATED_SHADOW,2026-09-02,True,shadow — never published
2026-09-02T18:17:51.807400,BTC,77450.0,45.29,49.74624479166666,47.07,WATCH,WATCH,15.300000190734863,,,839.3027702038091,,45.29,WATCH,WATCH,,,,squeeze,UNGATED_SHADOW,2026-09-02,True,shadow — never published
2026-09-02T18:17:51.807400,ETH,2394.7,20.0,48.16762222222222,31.27,AVOID,SELL,15.300000190734863,2286.7448,2448.6776,35.9851,2.0,20.0,AVOID,STRONG_SELL,2250.7957,2448.6776,2.67,squeeze,UNGATED_SHADOW,2026-09-02,True,shadow — never published
2026-09-02T18:17:51.807400,ADA,0.19699,45.29,46.81400833333333,45.9,WATCH,WATCH,15.300000190734863,,,0.004459301033685344,,45.29,WATCH,WATCH,,,,squeeze,UNGATED_SHADOW,2026-09-02,True,shadow — never published
2026-09-02T18:17:51.807400,BNB,687.33,44.71,46.31779131944444,45.35,WATCH,WATCH,15.300000190734863,,,6.038936400911822,,44.71,AVOID,WATCH,,,,squeeze,UNGATED_SHADOW,2026-09-02,True,shadow — never published
2026-09-02T18:17:51.807400,XRP,1.3401,37.06,44.962125,40.22,AVOID,WATCH,15.300000190734863,,,0.026003665660229894,,37.06,AVOID,SELL,1.262089,1.3791055,2.0,squeeze,UNGATED_SHADOW,2026-09-02,True,shadow — never published
2026-09-02T18:17:51.807400,LTC,49.52,31.18,51.53177951388888,39.32,AVOID,SELL,15.300000190734863,47.470647,50.544676,0.683118,2.0,31.18,AVOID,SELL,47.470647,50.544676,2.0,squeeze,UNGATED_SHADOW,2026-09-02,True,shadow — never published
2026-09-02T18:17:51.807400,VET,0.006549,34.12,59.55179965277777,44.29,AVOID,WATCH,15.300000190734863,,,0.00016117737004146915,,34.12,AVOID,SELL,0.0060654679,0.0067907661,2.0,squeeze,UNGATED_SHADOW,2026-09-02,True,shadow — never published
2026-09-02T18:17:51.807400,LINK,11.143,46.47,48.519402430555544,47.29,WATCH,WATCH,15.300000190734863,,,0.1983295733652293,,46.47,WATCH,WATCH,,,,squeeze,UNGATED_SHADOW,2026-09-02,True,shadow — never published
2026-09-02T18:17:51.807400,AVAX,7.164,44.12,47.58530694444444,45.51,WATCH,WATCH,15.279999732971191,,,0.09899576612190894,,44.12,AVOID,WATCH,,,,squeeze,UNGATED_SHADOW,2026-09-02,True,shadow — never published
2026-09-02T18:17:51.807400,SOL,99.57,31.18,57.99440416666666,41.91,AVOID,WATCH,15.279999732971191,,,1.9082660685505335,,31.18,AVOID,SELL,93.845202,102.432399,2.0,squeeze,UNGATED_SHADOW,2026-09-02,True,shadow — never published
2026-09-02T18:17:51.807400,XLM,0.17281,41.76,42.34069999999999,41.99,AVOID,WATCH,15.279999732971191,,,0.0027191020121722386,,41.76,AVOID,WATCH,,,,squeeze,UNGATED_SHADOW,2026-09-02,True,shadow — never published
2026-09-02T18:17:51.807400,DOT,0.854,27.06,48.230999999999995,35.53,AVOID,SELL,15.279999732971191,0.80779804,0.87710098,0.01540065,2.0,27.06,AVOID,SELL,0.80779804,0.87710098,2.0,squeeze,UNGATED_SHADOW,2026-09-02,True,shadow — never published
2026-09-02T18:17:51.807400,ALGO,0.09193,17.65,50.29433159722222,30.71,AVOID,SELL,15.279999732971191,0.086661771,0.094564114,0.001756076,2.0,17.65,AVOID,STRONG_SELL,0.084907451,0.094564114,2.67,squeeze,UNGATED_SHADOW,2026-09-02,True,shadow — never published
2026-09-02T18:17:51.807400,ATOM,1.456,79.32,45.568861805555564,65.82,BUY,BUY,15.279999732971191,1.530386,1.418807,0.0247953,2.0,79.32,STRONG_BUY,STRONG_BUY,1.5551566,1.418807,2.67,squeeze,UNGATED_SHADOW,2026-09-02,True,shadow — never published
2026-09-02T18:17:51.807400,DOGE,0.08163,40.59,37.558137499999994,39.38,AVOID,SELL,15.279999732971191,0.07762706,0.08363147,0.001334313,2.0,40.59,AVOID,WATCH,,,,squeeze,UNGATED_SHADOW,2026-09-02,True,shadow — never published
2026-09-02T18:17:51.807400,BCH,243.3,47.65,45.52149618055555,46.8,WATCH,WATCH,15.279999732971191,,,3.9589194044969354,,47.65,WATCH,WATCH,,,,squeeze,UNGATED_SHADOW,2026-09-02,True,shadow — never published
2026-09-02T18:17:51.807400,TRX,0.3235,1.18,53.055729166666666,21.93,AVOID,STRONG_SELL,15.279999732971191,0.31339647,0.32728977,0.00252651,2.67,1.18,AVOID,STRONG_SELL,0.31339647,0.32728977,2.67,squeeze,UNGATED_SHADOW,2026-09-02,True,shadow — never published
2026-09-02T18:17:51.807400,VTHO,0.000385,43.53,55.27663472222221,48.23,WATCH,WATCH,15.279999732971191,,,9.098010512705044e-06,,43.53,AVOID,WATCH,,,,squeeze,UNGATED_SHADOW,2026-09-02,True,shadow — never published
2026-09-02T18:17:51.807400,NEAR,1.855,21.18,51.115703124999996,33.15,AVOID,SELL,15.279999732971191,1.7271794,1.9189103,0.0426069,2.0,21.18,AVOID,STRONG_SELL,1.6846151,1.9189103,2.67,squeeze,UNGATED_SHADOW,2026-09-02,True,shadow — never published
2026-09-02T18:17:51.807400,FET,0.151,61.07,45.52183159722222,54.85,WATCH,WATCH,15.279999732971191,,,0.003490404843280769,,61.07,BUY,BUY,0.16147121,0.14576439,2.0,squeeze,UNGATED_SHADOW,2026-09-02,True,shadow — never published
2026-09-02T18:17:51.807400,AAVE,128.07,28.82,57.72808333333332,40.38,AVOID,WATCH,15.279999732971191,,,2.97928468158185,,28.82,AVOID,SELL,119.13215,132.53893,2.0,squeeze,UNGATED_SHADOW,2026-09-02,True,shadow — never published
2026-09-02T18:17:51.807400,UNI,5.82,9.41,54.51158875969118,27.45,AVOID,SELL,29.649999618530273,5.1485539,6.155723,0.2238154,2.0,9.41,AVOID,STRONG_SELL,4.9249624,6.155723,2.67,squeeze,UNGATED_SHADOW,2026-09-02,True,shadow — never published
2026-09-02T18:17:51.807400,GALA,0.00172,60.91,60.8536954861111,60.89,BUY,BUY,15.279999732971191,0.0017907688,0.0016846156,2.35896e-05,2.0,60.91,BUY,BUY,0.0017907688,0.0016846156,2.0,squeeze,UNGATED_SHADOW,2026-09-02,True,shadow — never published
2026-09-02T18:17:51.807400,OP,0.098,18.24,47.49720416666666,29.94,AVOID,SELL,15.279999732971191,0.092229802,0.100885099,0.001923399,2.0,18.24,AVOID,STRONG_SELL,0.090308325,0.100885099,2.67,squeeze,UNGATED_SHADOW,2026-09-02,True,shadow — never published
2026-09-02T18:17:51.807400,ETC,7.31,65.78,43.08585208333332,56.7,WATCH,WATCH,15.279999732971191,,,0.10537971825958779,,65.78,BUY,BUY,7.6261392,7.1519304,2.0,squeeze,UNGATED_SHADOW,2026-09-02,True,shadow — never published
2026-09-02T21:28:44.678142,BTC,77265.6,42.35,49.61127951388889,45.25,WATCH,WATCH,15.199999809265137,,,800.0090009035372,,42.35,AVOID,WATCH,,,,squeeze,UNGATED_SHADOW,2026-09-02,True,shadow — never published
2026-09-02T21:28:44.678142,ETH,2391.37,18.82,48.62126527777778,30.74,AVOID,SELL,15.199999809265137,2288.5973,2442.7564,34.2576,2.0,18.82,AVOID,STRONG_SELL,2254.374,2442.7564,2.67,squeeze,UNGATED_SHADOW,2026-09-02,True,shadow — never published
2026-09-02T21:28:44.678142,ADA,0.1983,45.29,47.1330375,46.03,WATCH,WATCH,15.199999809265137,,,0.004348687694544554,,45.29,WATCH,WATCH,,,,squeeze,UNGATED_SHADOW,2026-09-02,True,shadow — never published
2026-09-02T21:28:44.678142,BNB,687.82,47.06,46.197153125,46.71,WATCH,WATCH,15.199999809265137,,,5.722583800846693,,47.06,WATCH,WATCH,,,,squeeze,UNGATED_SHADOW,2026-09-02,True,shadow — never published
2026-09-02T21:28:44.678142,XRP,1.3473,38.24,45.24355555555556,41.04,AVOID,WATCH,15.199999809265137,,,0.025401363011029802,,38.24,AVOID,SELL,1.2710959,1.385402,2.0,squeeze,UNGATED_SHADOW,2026-09-02,True,shadow — never published
2026-09-02T21:28:44.678142,LTC,49.65,28.82,52.02178333333333,38.1,AVOID,SELL,15.199999809265137,47.594887,50.677557,0.685038,2.0,28.82,AVOID,SELL,47.594887,50.677557,2.0,squeeze,UNGATED_SHADOW,2026-09-02,True,shadow — never published
2026-09-02T21:28:44.678142,VET,0.006522,37.06,58.37876770833333,45.59,WATCH,WATCH,15.199999809265137,,,0.00015530755789564988,,37.06,AVOID,SELL,0.0060560773,0.0067549613,2.0,squeeze,UNGATED_SHADOW,2026-09-02,True,shadow — never published
2026-09-02T21:28:44.678142,LINK,11.084,44.71,49.341828125,46.56,WATCH,WATCH,15.199999809265137,,,0.18979072628812116,,44.71,AVOID,WATCH,,,,squeeze,UNGATED_SHADOW,2026-09-02,True,shadow — never published
2026-09-02T21:28:44.678142,AVAX,7.188,44.12,47.5119625,45.48,WATCH,WATCH,15.199999809265137,,,0.09672566037850731,,44.12,AVOID,WATCH,,,,squeeze,UNGATED_SHADOW,2026-09-02,True,shadow — never published
2026-09-02T21:28:44.678142,SOL,99.62,32.35,57.76390902777777,42.52,AVOID,WATCH,15.199999809265137,,,1.8191042065112104,,32.35,AVOID,SELL,94.162687,102.348656,2.0,squeeze,UNGATED_SHADOW,2026-09-02,True,shadow — never published
2026-09-02T21:28:44.678142,XLM,0.17427,43.53,42.15848888888889,42.98,AVOID,WATCH,15.199999809265137,,,0.002670645745996672,,43.53,AVOID,WATCH,,,,squeeze,UNGATED_SHADOW,2026-09-02,True,shadow — never published
2026-09-02T21:28:44.678142,DOT,0.861,28.24,50.231784375000004,37.04,AVOID,SELL,15.199999809265137,0.81669001,0.88315499,0.01477,2.0,28.24,AVOID,SELL,0.81669001,0.88315499,2.0,squeeze,UNGATED_SHADOW,2026-09-02,True,shadow — never published
2026-09-02T21:28:44.678142,ALGO,0.09193,17.06,51.20680069444444,30.72,AVOID,SELL,15.199999809265137,0.087038074,0.094375963,0.001630642,2.0,17.06,AVOID,STRONG_SELL,0.085409062,0.094375963,2.67,squeeze,UNGATED_SHADOW,2026-09-02,True,shadow — never published
2026-09-02T21:28:44.678142,ATOM,1.466,80.66,46.213309027777775,66.88,BUY,BUY,15.199999809265137,1.5357003,1.4311499,0.0232334,2.0,80.66,STRONG_BUY,STRONG_BUY,1.5589105,1.4311499,2.67,squeeze,UNGATED_SHADOW,2026-09-02,True,shadow — never published
2026-09-02T21:28:44.678142,DOGE,0.08157,41.76,37.558137499999994,40.08,AVOID,WATCH,15.199999809265137,,,0.001289005297975851,,41.76,AVOID,WATCH,,,,squeeze,UNGATED_SHADOW,2026-09-02,True,shadow — never published
2026-09-02T21:28:44.678142,BCH,244.1,47.06,46.78024305555556,46.95,WATCH,WATCH,15.199999809265137,,,3.856241487849195,,47.06,WATCH,WATCH,,,,squeeze,UNGATED_SHADOW,2026-09-02,True,shadow — never published
2026-09-02T21:28:44.678142,TRX,0.3249,2.94,53.055729166666666,22.99,AVOID,STRONG_SELL,15.199999809265137,0.31450412,0.32879943,0.00259962,2.67,2.94,AVOID,STRONG_SELL,0.31450412,0.32879943,2.67,squeeze,UNGATED_SHADOW,2026-09-02,True,shadow — never published
2026-09-02T21:28:44.678142,VTHO,0.000385,45.29,55.172975,49.24,WATCH,WATCH,15.199999809265137,,,8.448152618940399e-06,,45.29,WATCH,WATCH,,,,squeeze,UNGATED_SHADOW,2026-09-02,True,shadow — never published
2026-09-02T21:28:44.678142,NEAR,1.875,21.18,54.393722222222216,34.47,AVOID,SELL,15.199999809265137,1.7522227,1.9363887,0.0409258,2.0,21.18,AVOID,STRONG_SELL,1.7113378,1.9363887,2.67,squeeze,UNGATED_SHADOW,2026-09-02,True,shadow — never published
2026-09-02T21:28:44.678142,FET,0.1508,61.82,47.02030555555555,55.9,WATCH,WATCH,15.199999809265137,,,0.0032941514361076525,,61.82,BUY,BUY,0.16068245,0.14585877,2.0,squeeze,UNGATED_SHADOW,2026-09-02,True,shadow — never published
2026-09-02T21:28:44.678142,AAVE,127.12,30.59,57.965111111111106,41.54,AVOID,WATCH,15.199999809265137,,,2.83505006146886,,30.59,AVOID,SELL,118.61485,131.37258,2.0,squeeze,UNGATED_SHADOW,2026-09-02,True,shadow — never published
2026-09-02T21:28:44.678142,UNI,5.824,12.94,54.51158875969118,29.57,AVOID,SELL,29.649999618530273,5.1911623,6.1404188,0.2109459,2.0,12.94,AVOID,STRONG_SELL,4.9804274,6.1404188,2.67,squeeze,UNGATED_SHADOW,2026-09-02,True,shadow — never published
2026-09-02T21:28:44.678142,GALA,0.00172,59.9,60.088418402777776,59.98,WATCH,WATCH,15.199999809265137,,,2.190461693246808e-05,,59.9,WATCH,WATCH,,,,squeeze,UNGATED_SHADOW,2026-09-02,True,shadow — never published
2026-09-02T21:28:44.678142,OP,0.098,20.59,46.98369722222222,31.15,AVOID,SELL,15.199999809265137,0.092641959,0.100679021,0.001786014,2.0,20.59,AVOID,STRONG_SELL,0.090857731,0.100679021,2.67,squeeze,UNGATED_SHADOW,2026-09-02,True,shadow — never published
2026-09-02T21:28:44.678142,ETC,7.31,70.06,46.47495798611111,60.63,BUY,BUY,15.199999809265137,7.6035578,7.1632211,0.0978526,2.0,70.06,BUY,BUY,7.6035578,7.1632211,2.0,squeeze,UNGATED_SHADOW,2026-09-02,True,shadow — never published
2026-09-02T23:44:02.930578,BTC,77139.62,41.76,49.32203854166666,44.78,AVOID,WATCH,15.199999809265137,,,813.1604294749654,,41.76,AVOID,WATCH,,,,squeeze,UNGATED_SHADOW,2026-09-02,True,shadow — never published
2026-09-02T23:44:02.930578,ETH,2383.6,18.24,49.98379166666667,30.94,AVOID,SELL,15.199999809265137,2279.2051,2435.7974,34.7983,2.0,18.24,AVOID,STRONG_SELL,2244.4417,2435.7974,2.67,squeeze,UNGATED_SHADOW,2026-09-02,True,shadow — never published
2026-09-02T23:44:02.930578,ADA,0.20075,45.29,50.27755277777778,47.29,WATCH,WATCH,15.199999809265137,,,0.0044915448374016976,,45.29,WATCH,WATCH,,,,squeeze,UNGATED_SHADOW,2026-09-02,True,shadow — never published
2026-09-02T23:44:02.930578,BNB,687.04,47.06,46.58489479166666,46.87,WATCH,WATCH,15.199999809265137,,,5.738298086560981,,47.06,WATCH,WATCH,,,,squeeze,UNGATED_SHADOW,2026-09-02,True,shadow — never published
2026-09-02T23:44:02.930578,XRP,1.3473,38.24,44.933949999999996,40.92,AVOID,WATCH,15.199999809265137,,,0.02546564872531551,,38.24,AVOID,SELL,1.2709031,1.3854985,2.0,squeeze,UNGATED_SHADOW,2026-09-02,True,shadow — never published
2026-09-02T23:44:02.930578,LTC,49.6,28.82,51.53177951388888,37.9,AVOID,SELL,15.199999809265137,47.540601,50.6297,0.686466,2.0,28.82,AVOID,SELL,47.540601,50.6297,2.0,squeeze,UNGATED_SHADOW,2026-09-02,True,shadow — never published
2026-09-02T23:44:02.930578,VET,0.00653,37.06,58.13204479166666,45.49,WATCH,WATCH,15.199999809265137,,,0.00015530755789564988,,37.06,AVOID,SELL,0.0060640773,0.0067629613,2.0,squeeze,UNGATED_SHADOW,2026-09-02,True,shadow — never published
2026-09-02T23:44:02.930578,LINK,11.087,44.71,49.59355034722222,46.66,WATCH,WATCH,15.199999809265137,,,0.19136215485954974,,44.71,AVOID,WATCH,,,,squeeze,UNGATED_SHADOW,2026-09-02,True,shadow — never published
2026-09-02T23:44:02.930578,AVAX,7.174,43.53,48.00601527777778,45.32,WATCH,WATCH,15.199999809265137,,,0.09686851752136444,,43.53,AVOID,WATCH,,,,squeeze,UNGATED_SHADOW,2026-09-02,True,shadow — never published
2026-09-02T23:44:02.930578,SOL,100.03,32.94,58.9013548611111,43.32,AVOID,WATCH,15.199999809265137,,,1.8283899207969245,,32.94,AVOID,SELL,94.54483,102.77258,2.0,squeeze,UNGATED_SHADOW,2026-09-02,True,shadow — never published
2026-09-02T23:44:02.930578,XLM,0.17486,43.53,42.194075,43.0,AVOID,WATCH,15.199999809265137,,,0.002670645745996672,,43.53,AVOID,WATCH,,,,squeeze,UNGATED_SHADOW,2026-09-02,True,shadow — never published
2026-09-02T23:44:02.930578,DOT,0.866,27.06,50.33827118055555,36.37,AVOID,SELL,15.199999809265137,0.82061859,0.88869071,0.01512714,2.0,27.06,AVOID,SELL,0.82061859,0.88869071,2.0,squeeze,UNGATED_SHADOW,2026-09-02,True,shadow — never published
2026-09-02T23:44:02.930578,ALGO,0.09271,17.06,51.401038888888884,30.8,AVOID,SELL,15.199999809265137,0.087618788,0.095255606,0.001697071,2.0,17.06,AVOID,STRONG_SELL,0.085923414,0.095255606,2.67,squeeze,UNGATED_SHADOW,2026-09-02,True,shadow — never published
2026-09-02T23:44:02.930578,ATOM,1.466,80.66,46.13565208333333,66.85,BUY,BUY,15.199999809265137,1.5357003,1.4311499,0.0232334,2.0,80.66,STRONG_BUY,STRONG_BUY,1.5589105,1.4311499,2.67,squeeze,UNGATED_SHADOW,2026-09-02,True,shadow — never published
2026-09-02T23:44:02.930578,DOGE,0.08138,41.18,38.877091666666665,40.26,AVOID,WATCH,15.199999809265137,,,0.0013047195836901366,,41.18,AVOID,WATCH,,,,squeeze,UNGATED_SHADOW,2026-09-02,True,shadow — never published
2026-09-02T23:44:02.930578,BCH,243.3,47.06,45.380892708333334,46.39,WATCH,WATCH,15.199999809265137,,,3.9848129164206223,,47.06,WATCH,WATCH,,,,squeeze,UNGATED_SHADOW,2026-09-02,True,shadow — never published
2026-09-02T23:44:02.930578,TRX,0.3265,2.94,53.055729166666666,22.99,AVOID,STRONG_SELL,15.199999809265137,0.3159613,0.330453,0.00263533,2.67,2.94,AVOID,STRONG_SELL,0.3159613,0.330453,2.67,squeeze,UNGATED_SHADOW,2026-09-02,True,shadow — never published
2026-09-02T23:44:02.930578,VTHO,0.000385,45.29,55.081262499999994,49.21,WATCH,WATCH,15.199999809265137,,,8.448152618940399e-06,,45.29,WATCH,WATCH,,,,squeeze,UNGATED_SHADOW,2026-09-02,True,shadow — never published
2026-09-02T23:44:02.930578,NEAR,1.878,21.18,54.393722222222216,34.47,AVOID,SELL,15.199999809265137,1.7545798,1.9397101,0.0411401,2.0,21.18,AVOID,STRONG_SELL,1.7134809,1.9397101,2.67,squeeze,UNGATED_SHADOW,2026-09-02,True,shadow — never published
2026-09-02T23:44:02.930578,FET,0.1501,61.82,45.52183159722222,55.3,WATCH,WATCH,15.199999809265137,,,0.003344151436107651,,61.82,BUY,BUY,0.16013245,0.14508377,2.0,squeeze,UNGATED_SHADOW,2026-09-02,True,shadow — never published
2026-09-02T23:44:02.930578,AAVE,126.9,30.59,56.65379166666666,41.02,AVOID,WATCH,15.199999809265137,,,2.8500500614688598,,30.59,AVOID,SELL,118.34985,131.17508,2.0,squeeze,UNGATED_SHADOW,2026-09-02,True,shadow — never published
2026-09-02T23:44:02.930578,UNI,5.824,12.94,54.51158875969118,29.57,AVOID,SELL,29.649999618530273,5.1911623,6.1404188,0.2109459,2.0,12.94,AVOID,STRONG_SELL,4.9804274,6.1404188,2.67,squeeze,UNGATED_SHADOW,2026-09-02,True,shadow — never published
2026-09-02T23:44:02.930578,GALA,0.00172,59.9,59.91871354166666,59.91,WATCH,WATCH,15.199999809265137,,,2.190461693246808e-05,,59.9,WATCH,WATCH,,,,squeeze,UNGATED_SHADOW,2026-09-02,True,shadow — never published
2026-09-02T23:44:02.930578,OP,0.1,15.88,47.72241249999999,28.62,AVOID,SELL,15.199999809265137,0.09421339,0.10289331,0.00192887,2.0,15.88,AVOID,STRONG_SELL,0.09228645,0.10289331,2.67,squeeze,UNGATED_SHADOW,2026-09-02,True,shadow — never published
2026-09-02T23:44:02.930578,ETC,7.31,70.06,45.94651701388889,60.41,BUY,BUY,15.199999809265137,7.6035578,7.1632211,0.0978526,2.0,70.06,BUY,BUY,7.6035578,7.1632211,2.0,squeeze,UNGATED_SHADOW,2026-09-02,True,shadow — never published
2026-09-03T02:21:39.594728,BTC,77452.98,40.59,49.32203854166666,44.08,AVOID,WATCH,15.199999809265137,,,794.4903987981821,,40.59,AVOID,WATCH,,,,squeeze,UNGATED_SHADOW,2026-09-03,True,shadow — never published
2026-09-03T02:21:39.594728,ETH,2390.27,18.24,48.763194444444444,30.45,AVOID,SELL,15.199999809265137,2288.2233,2441.2933,34.0156,2.0,18.24,AVOID,STRONG_SELL,2254.2418,2441.2933,2.67,squeeze,UNGATED_SHADOW,2026-09-03,True,shadow — never published
2026-09-03T02:21:39.594728,ADA,0.20591,41.18,49.13738368055555,44.36,AVOID,WATCH,15.199999809265137,,,0.004736791634730147,,41.18,AVOID,WATCH,,,,squeeze,UNGATED_SHADOW,2026-09-03,True,shadow — never published
2026-09-03T02:21:39.594728,BNB,691.18,47.06,48.05696666666667,47.46,WATCH,WATCH,15.199999809265137,,,5.741531896704577,,47.06,WATCH,WATCH,,,,squeeze,UNGATED_SHADOW,2026-09-03,True,shadow — never published
2026-09-03T02:21:39.594728,XRP,1.3605,39.41,45.35504166666667,41.79,AVOID,WATCH,15.199999809265137,,,0.025368102387792975,,39.41,AVOID,SELL,1.2843957,1.3985522,2.0,squeeze,UNGATED_SHADOW,2026-09-03,True,shadow — never published
2026-09-03T02:21:39.594728,LTC,49.89,28.24,52.06625,37.77,AVOID,SELL,15.199999809265137,47.885558,50.892221,0.668147,2.0,28.24,AVOID,SELL,47.885558,50.892221,2.0,squeeze,UNGATED_SHADOW,2026-09-03,True,shadow — never published
2026-09-03T02:21:39.594728,VET,0.006492,38.24,58.490078125000004,46.34,WATCH,WATCH,15.199999809265137,,,0.00014828558947453207,,38.24,AVOID,SELL,0.0060471432,0.0067144284,2.0,squeeze,UNGATED_SHADOW,2026-09-03,True,shadow — never published
2026-09-03T02:21:39.594728,LINK,11.13,44.12,48.657386458333335,45.93,WATCH,WATCH,15.199999809265137,,,0.18812200094101042,,44.12,AVOID,WATCH,,,,squeeze,UNGATED_SHADOW,2026-09-03,True,shadow — never published
2026-09-03T02:21:39.594728,AVAX,7.202,47.65,46.68217361111111,47.26,WATCH,WATCH,15.199999809265137,,,0.09644423565759352,,47.65,WATCH,WATCH,,,,squeeze,UNGATED_SHADOW,2026-09-03,True,shadow — never published
2026-09-03T02:21:39.594728,SOL,100.31,34.71,58.40308541666666,44.19,AVOID,WATCH,15.199999809265137,,,1.8211579876787762,,34.71,AVOID,SELL,94.84653,103.04174,2.0,squeeze,UNGATED_SHADOW,2026-09-03,True,shadow — never published
2026-09-03T02:21:39.594728,XLM,0.17714,44.71,44.08000312499999,44.46,AVOID,WATCH,15.199999809265137,,,0.0027227424784254826,,44.71,AVOID,WATCH,,,,squeeze,UNGATED_SHADOW,2026-09-03,True,shadow — never published
2026-09-03T02:21:39.594728,DOT,0.873,24.71,50.42960034722222,35.0,AVOID,SELL,15.199999809265137,0.8265744,0.8962128,0.0154752,2.0,24.71,AVOID,STRONG_SELL,0.81111468,0.8962128,2.67,squeeze,UNGATED_SHADOW,2026-09-03,True,shadow — never published
2026-09-03T02:21:39.594728,ALGO,0.09303,14.71,50.90706597222222,29.19,AVOID,SELL,15.199999809265137,0.087993874,0.095548063,0.001678709,2.0,14.71,AVOID,STRONG_SELL,0.086316845,0.095548063,2.67,squeeze,UNGATED_SHADOW,2026-09-03,True,shadow — never published
2026-09-03T02:21:39.594728,ATOM,1.455,79.06,45.440333333333335,65.61,BUY,BUY,15.199999809265137,1.5244666,1.4202667,0.0231555,2.0,79.06,STRONG_BUY,STRONG_BUY,1.547599,1.4202667,2.67,squeeze,UNGATED_SHADOW,2026-09-03,True,shadow — never published
2026-09-03T02:21:39.594728,DOGE,0.08221,44.71,39.41433333333333,42.59,AVOID,WATCH,15.199999809265137,,,0.001312239613426555,,44.71,AVOID,WATCH,,,,squeeze,UNGATED_SHADOW,2026-09-03,True,shadow — never published
2026-09-03T02:21:39.594728,BCH,244.7,47.06,46.31184166666666,46.76,WATCH,WATCH,15.199999809265137,,,3.9716119938191503,,47.06,WATCH,WATCH,,,,squeeze,UNGATED_SHADOW,2026-09-03,True,shadow — never published
2026-09-03T02:21:39.594728,TRX,0.326,3.53,53.055729166666666,23.34,AVOID,STRONG_SELL,15.199999809265137,0.31607124,0.32972422,0.00248281,2.67,3.53,AVOID,STRONG_SELL,0.31607124,0.32972422,2.67,squeeze,UNGATED_SHADOW,2026-09-03,True,shadow — never published
2026-09-03T02:21:39.594728,VTHO,0.000384,47.06,55.24408333333333,50.33,WATCH,WATCH,15.199999809265137,,,7.916141717587511e-06,,47.06,WATCH,WATCH,,,,squeeze,UNGATED_SHADOW,2026-09-03,True,shadow — never published
2026-09-03T02:21:39.594728,NEAR,1.878,21.18,52.553083333333326,33.73,AVOID,SELL,15.199999809265137,1.7566915,1.9386543,0.0404362,2.0,21.18,AVOID,STRONG_SELL,1.7162957,1.9386543,2.67,squeeze,UNGATED_SHADOW,2026-09-03,True,shadow — never published
2026-09-03T02:21:39.594728,FET,0.1528,63.16,47.19242222222222,56.77,WATCH,WATCH,15.199999809265137,,,0.0032981406192428174,,63.16,BUY,BUY,0.16269442,0.14785279,2.0,squeeze,UNGATED_SHADOW,2026-09-03,True,shadow — never published
2026-09-03T02:21:39.594728,AAVE,127.0,31.76,58.357548611111106,42.4,AVOID,WATCH,15.199999809265137,,,2.6586179142210846,,31.76,AVOID,SELL,119.02415,130.98793,2.0,squeeze,UNGATED_SHADOW,2026-09-03,True,shadow — never published
2026-09-03T02:21:39.594728,UNI,5.738,16.47,54.51158875969118,31.69,AVOID,SELL,29.649999618530273,5.1145793,6.0497103,0.2078069,2.0,16.47,AVOID,STRONG_SELL,4.9069802,6.0497103,2.67,squeeze,UNGATED_SHADOW,2026-09-03,True,shadow — never published
2026-09-03T02:21:39.594728,GALA,0.001766,60.06,61.10648784722222,60.48,BUY,BUY,15.199999809265137,0.0018368771,0.0017305614,2.36257e-05,2.0,60.06,BUY,BUY,0.0018368771,0.0017305614,2.0,squeeze,UNGATED_SHADOW,2026-09-03,True,shadow — never published
2026-09-03T02:21:39.594728,OP,0.1,14.12,46.970983333333336,27.26,AVOID,SELL,15.199999809265137,0.09462672,0.10268664,0.00179109,2.0,14.12,AVOID,STRONG_SELL,0.09283741,0.10268664,2.67,squeeze,UNGATED_SHADOW,2026-09-03,True,shadow — never published
2026-09-03T02:21:39.594728,ETC,7.34,71.4,46.834828124999994,61.57,BUY,BUY,15.199999809265137,7.6383037,7.1908482,0.0994346,2.0,71.4,BUY,BUY,7.6383037,7.1908482,2.0,squeeze,UNGATED_SHADOW,2026-09-03,True,shadow — never published
2026-09-03T07:34:37.758961,BTC,77921.99,47.06,46.50971354166666,46.84,WATCH,WATCH,15.260000228881836,,,833.383329496271,,47.06,WATCH,WATCH,,,,squeeze,UNGATED_SHADOW,2026-09-03,True,shadow — never published
2026-09-03T07:34:37.758961,ETH,2407.22,20.0,47.04005520833333,30.82,AVOID,SELL,15.260000228881836,2301.4561,2460.102,35.2546,2.0,20.0,AVOID,STRONG_SELL,2266.2367,2460.102,2.67,squeeze,UNGATED_SHADOW,2026-09-03,True,shadow — never published
2026-09-03T07:34:37.758961,ADA,0.2057,39.41,53.67113888888888,45.11,WATCH,WATCH,15.260000228881836,,,0.0046497759057188125,,39.41,AVOID,SELL,0.19175067,0.21267466,2.0,squeeze,UNGATED_SHADOW,2026-09-03,True,shadow — never published
2026-09-03T07:34:37.758961,BNB,698.11,47.06,50.0523125,48.26,WATCH,WATCH,15.260000228881836,,,6.1602490061236415,,47.06,WATCH,WATCH,,,,squeeze,UNGATED_SHADOW,2026-09-03,True,shadow — never published
2026-09-03T07:34:37.758961,XRP,1.3704,41.76,49.056124999999994,44.68,AVOID,WATCH,15.260000228881836,,,0.02567446242131795,,41.76,AVOID,WATCH,,,,squeeze,UNGATED_SHADOW,2026-09-03,True,shadow — never published
2026-09-03T07:34:37.758961,LTC,50.41,28.24,54.267222222222216,38.65,AVOID,SELL,15.260000228881836,48.352814,51.438593,0.685729,2.0,28.24,AVOID,SELL,48.352814,51.438593,2.0,squeeze,UNGATED_SHADOW,2026-09-03,True,shadow — never published
2026-09-03T07:34:37.758961,VET,0.006584,44.12,58.703155555555554,49.95,WATCH,WATCH,15.260000228881836,,,0.00014328559838961647,,44.12,AVOID,WATCH,,,,squeeze,UNGATED_SHADOW,2026-09-03,True,shadow — never published
2026-09-03T07:34:37.758961,LINK,11.222,47.06,50.09681111111111,48.27,WATCH,WATCH,15.260000228881836,,,0.18902144985338717,,47.06,WATCH,WATCH,,,,squeeze,UNGATED_SHADOW,2026-09-03,True,shadow — never published
2026-09-03T07:34:37.758961,AVAX,7.302,59.57,49.20426736111111,55.42,WATCH,WATCH,15.260000228881836,,,0.1016012800493981,,59.57,WATCH,WATCH,,,,squeeze,UNGATED_SHADOW,2026-09-03,True,shadow — never published
2026-09-03T07:34:37.758961,SOL,100.81,40.59,55.59706944444444,46.59,WATCH,WATCH,15.260000228881836,,,1.8537793559058022,,40.59,AVOID,WATCH,,,,squeeze,UNGATED_SHADOW,2026-09-03,True,shadow — never published
2026-09-03T07:34:37.758961,XLM,0.17686,45.88,43.066262152777774,44.75,AVOID,WATCH,15.260000228881836,,,0.0026311690360889674,,45.88,WATCH,WATCH,,,,squeeze,UNGATED_SHADOW,2026-09-03,True,shadow — never published
2026-09-03T07:34:37.758961,DOT,0.88,23.53,53.71081388888889,35.6,AVOID,SELL,15.260000228881836,0.83436501,0.9028175,0.01521166,2.0,23.53,AVOID,STRONG_SELL,0.81916855,0.9028175,2.67,squeeze,UNGATED_SHADOW,2026-09-03,True,shadow — never published
2026-09-03T07:34:37.758961,ALGO,0.09224,13.53,57.90277951388888,31.28,AVOID,SELL,15.260000228881836,0.087280741,0.09471963,0.001653086,2.0,13.53,AVOID,STRONG_SELL,0.085629307,0.09471963,2.67,squeeze,UNGATED_SHADOW,2026-09-03,True,shadow — never published
2026-09-03T07:34:37.758961,ATOM,1.473,80.99,53.58533611111111,70.03,BUY,BUY,15.260000228881836,1.5424333,1.4382834,0.0231444,2.0,80.99,STRONG_BUY,STRONG_BUY,1.5655545,1.4382834,2.67,squeeze,UNGATED_SHADOW,2026-09-03,True,shadow — never published
2026-09-03T07:34:37.758961,DOGE,0.08303,49.41,42.44314583333333,46.62,WATCH,WATCH,15.260000228881836,,,0.001373202090018535,,49.41,WATCH,WATCH,,,,squeeze,UNGATED_SHADOW,2026-09-03,True,shadow — never published
2026-09-03T07:34:37.758961,BCH,251.0,51.18,46.894053125,49.47,WATCH,WATCH,15.260000228881836,,,4.18435399426064,,51.18,WATCH,WATCH,,,,squeeze,UNGATED_SHADOW,2026-09-03,True,shadow — never published
2026-09-03T07:34:37.758961,TRX,0.3267,4.71,53.11725416666667,24.07,AVOID,STRONG_SELL,15.260000228881836,0.31642356,0.33055463,0.00256975,2.67,4.71,AVOID,STRONG_SELL,0.31642356,0.33055463,2.67,squeeze,UNGATED_SHADOW,2026-09-03,True,shadow — never published
2026-09-03T07:34:37.758961,VTHO,0.000385,48.82,54.481657291666664,51.08,WATCH,WATCH,15.260000228881836,,,7.779274452045545e-06,,48.82,WATCH,WATCH,,,,squeeze,UNGATED_SHADOW,2026-09-03,True,shadow — never published
2026-09-03T07:34:37.758961,NEAR,1.905,22.94,57.57827187499999,36.8,AVOID,SELL,15.260000228881836,1.7860809,1.9644596,0.0396397,2.0,22.94,AVOID,STRONG_SELL,1.7464808,1.9644596,2.67,squeeze,UNGATED_SHADOW,2026-09-03,True,shadow — never published
2026-09-03T07:34:37.758961,FET,0.1545,64.5,46.41066979166666,57.26,WATCH,WATCH,15.260000228881836,,,0.0032559264933785348,,64.5,BUY,BUY,0.16426778,0.14961611,2.0,squeeze,UNGATED_SHADOW,2026-09-03,True,shadow — never published
2026-09-03T07:34:37.758961,AAVE,127.52,31.76,58.448127083333326,42.44,AVOID,WATCH,15.260000228881836,,,2.5330023489195774,,31.76,AVOID,SELL,119.92099,131.3195,2.0,squeeze,UNGATED_SHADOW,2026-09-03,True,shadow — never published
2026-09-03T07:34:37.758961,UNI,5.694,20.0,54.51158875969118,33.8,AVOID,SELL,29.649999618530273,5.0941094,5.9939453,0.1999635,2.0,20.0,AVOID,STRONG_SELL,4.8943458,5.9939453,2.67,squeeze,UNGATED_SHADOW,2026-09-03,True,shadow — never published
2026-09-03T07:34:37.758961,GALA,0.001785,60.22,61.358130208333336,60.68,BUY,BUY,15.260000228881836,0.00185484,0.00175008,2.328e-05,2.0,60.22,BUY,BUY,0.00185484,0.00175008,2.0,squeeze,UNGATED_SHADOW,2026-09-03,True,shadow — never published
2026-09-03T07:34:37.758961,OP,0.097,15.29,52.01280694444445,29.98,AVOID,SELL,15.260000228881836,0.091367665,0.099816167,0.001877445,2.0,15.29,AVOID,STRONG_SELL,0.089492098,0.099816167,2.67,squeeze,UNGATED_SHADOW,2026-09-03,True,shadow — never published
2026-09-03T07:34:37.758961,ETC,7.34,72.74,49.53797499999999,63.46,BUY,BUY,15.260000228881836,7.6169963,7.2015019,0.0923321,2.0,72.74,BUY,BUY,7.6169963,7.2015019,2.0,squeeze,UNGATED_SHADOW,2026-09-03,True,shadow — never published
2026-09-03T12:25:24.936910,BTC,77993.89,51.18,46.868960763888886,49.46,WATCH,WATCH,15.350000381469727,,,767.9425647187239,,51.18,WATCH,WATCH,,,,squeeze,UNGATED_SHADOW,2026-09-03,True,shadow — never published
2026-09-03T12:25:24.936910,ETH,2407.93,22.94,47.04005520833333,32.58,AVOID,SELL,15.350000381469727,2312.0331,2455.8785,31.9656,2.0,22.94,AVOID,STRONG_SELL,2280.0994,2455.8785,2.67,squeeze,UNGATED_SHADOW,2026-09-03,True,shadow — never published
2026-09-03T12:25:24.936910,ADA,0.20723,35.29,53.601499999999994,42.61,AVOID,WATCH,15.34000015258789,,,0.004335776163604488,,35.29,AVOID,SELL,0.19422267,0.21373366,2.0,squeeze,UNGATED_SHADOW,2026-09-03,True,shadow — never published
2026-09-03T12:25:24.936910,BNB,711.7,24.71,44.727333333333334,32.72,AVOID,SELL,15.34000015258789,692.09252,721.50374,6.53583,2.0,24.71,AVOID,STRONG_SELL,685.56323,721.50374,2.67,squeeze,UNGATED_SHADOW,2026-09-03,True,shadow — never published
2026-09-03T12:25:24.936910,XRP,1.3727,44.71,49.056124999999994,46.45,WATCH,WATCH,15.34000015258789,,,0.023723424959489176,,44.71,AVOID,WATCH,,,,squeeze,UNGATED_SHADOW,2026-09-03,True,shadow — never published
2026-09-03T12:25:24.936910,LTC,50.82,26.47,54.11133333333333,37.53,AVOID,SELL,15.34000015258789,48.886253,51.786874,0.644582,2.0,26.47,AVOID,SELL,48.886253,51.786874,2.0,squeeze,UNGATED_SHADOW,2026-09-03,True,shadow — never published
2026-09-03T12:25:24.936910,VET,0.006633,53.53,62.47087499999999,57.11,WATCH,WATCH,15.34000015258789,,,0.00012913911289716927,,53.53,WATCH,WATCH,,,,squeeze,UNGATED_SHADOW,2026-09-03,True,shadow — never published
2026-09-03T12:25:24.936910,LINK,11.266,50.59,50.446666666666665,50.53,WATCH,WATCH,15.34000015258789,,,0.17479400523072666,,50.59,WATCH,WATCH,,,,squeeze,UNGATED_SHADOW,2026-09-03,True,shadow — never published
2026-09-03T12:25:24.936910,AVAX,7.291,69.9,49.20426736111111,61.62,BUY,BUY,15.34000015258789,7.5632441,7.1548779,0.090748,2.0,69.9,BUY,BUY,7.5632441,7.1548779,2.0,squeeze,UNGATED_SHADOW,2026-09-03,True,shadow — never published
2026-09-03T12:25:24.936910,SOL,100.66,45.29,55.56177083333333,49.4,WATCH,WATCH,15.34000015258789,,,1.690707709939187,,45.29,WATCH,WATCH,,,,squeeze,UNGATED_SHADOW,2026-09-03,True,shadow — never published
2026-09-03T12:25:24.936910,XLM,0.17757,52.94,44.677236458333326,49.63,WATCH,WATCH,15.329999923706055,,,0.002364222281117528,,52.94,WATCH,WATCH,,,,squeeze,UNGATED_SHADOW,2026-09-03,True,shadow — never published
2026-09-03T12:25:24.936910,DOT,0.875,31.76,53.71081388888889,40.54,AVOID,WATCH,15.329999923706055,,,0.01331516001744104,,31.76,AVOID,SELL,0.83505452,0.89497274,2.0,squeeze,UNGATED_SHADOW,2026-09-03,True,shadow — never published
2026-09-03T12:25:24.936910,ALGO,0.09202,17.06,57.720584374999994,33.32,AVOID,SELL,15.329999923706055,0.087477424,0.094291288,0.001514192,2.0,17.06,AVOID,STRONG_SELL,0.085964746,0.094291288,2.67,squeeze,UNGATED_SHADOW,2026-09-03,True,shadow — never published
2026-09-03T12:25:24.936910,ATOM,1.494,84.25,54.71611354166666,72.44,BUY,BUY,15.329999923706055,1.5602358,1.4608821,0.0220786,2.0,84.25,STRONG_BUY,STRONG_BUY,1.5822924,1.4608821,2.67,squeeze,UNGATED_SHADOW,2026-09-03,True,shadow — never published
2026-09-03T12:25:24.936910,DOGE,0.08332,54.12,42.98271944444444,49.67,WATCH,WATCH,15.329999923706055,,,0.0012531181286384318,,54.12,WATCH,WATCH,,,,squeeze,UNGATED_SHADOW,2026-09-03,True,shadow — never published
2026-09-03T12:25:24.936910,BCH,250.3,59.57,46.73835590277777,54.44,WATCH,WATCH,15.329999923706055,,,3.853346046071675,,59.57,WATCH,WATCH,,,,squeeze,UNGATED_SHADOW,2026-09-03,True,shadow — never published
2026-09-03T12:25:24.936910,TRX,0.3291,10.59,51.761691666666664,27.06,AVOID,SELL,15.329999923706055,0.32195528,0.33267236,0.00238157,2.0,10.59,AVOID,STRONG_SELL,0.31957609,0.33267236,2.67,squeeze,UNGATED_SHADOW,2026-09-03,True,shadow — never published
2026-09-03T12:25:24.936910,VTHO,0.000388,51.76,54.18524479166666,52.73,WATCH,WATCH,15.319999694824219,,,6.906619297937232e-06,,51.76,WATCH,WATCH,,,,squeeze,UNGATED_SHADOW,2026-09-03,True,shadow — never published
2026-09-03T12:25:24.936910,NEAR,1.903,32.35,57.97246631944444,42.6,AVOID,WATCH,15.319999694824219,,,0.03618934600171475,,32.35,AVOID,SELL,1.794432,1.957284,2.0,squeeze,UNGATED_SHADOW,2026-09-03,True,shadow — never published
2026-09-03T12:25:24.936910,FET,0.1549,69.53,46.58800937499999,60.35,BUY,BUY,15.319999694824219,0.16379671,0.15045165,0.00296557,2.0,69.53,BUY,BUY,0.16379671,0.15045165,2.0,squeeze,UNGATED_SHADOW,2026-09-03,True,shadow — never published
2026-09-03T12:25:24.936910,AAVE,131.06,33.53,56.953638194444444,42.9,AVOID,WATCH,15.319999694824219,,,2.528252025343921,,33.53,AVOID,SELL,123.47524,134.85238,2.0,squeeze,UNGATED_SHADOW,2026-09-03,True,shadow — never published
2026-09-03T12:25:24.936910,UNI,6.2,18.82,54.51158875969118,33.1,AVOID,SELL,29.649999618530273,5.5801963,6.5099018,0.2066012,2.0,18.82,AVOID,STRONG_SELL,5.3738017,6.5099018,2.67,squeeze,UNGATED_SHADOW,2026-09-03,True,shadow — never published
2026-09-03T12:25:24.936910,GALA,0.001776,55.29,61.10648784722222,57.62,WATCH,WATCH,15.319999694824219,,,2.0670001150776252e-05,,55.29,WATCH,WATCH,,,,squeeze,UNGATED_SHADOW,2026-09-03,True,shadow — never published
2026-09-03T12:25:24.936910,OP,0.097,30.59,50.74314305555556,38.65,AVOID,SELL,15.319999694824219,0.092143548,0.099428226,0.001618817,2.0,30.59,AVOID,SELL,0.092143548,0.099428226,2.0,squeeze,UNGATED_SHADOW,2026-09-03,True,shadow — never published
2026-09-03T12:25:24.936910,ETC,7.39,75.41,50.52416388888888,65.46,BUY,BUY,15.319999694824219,7.6427672,7.2636164,0.0842557,2.0,75.41,STRONG_BUY,STRONG_BUY,7.7269386,7.2636164,2.67,squeeze,UNGATED_SHADOW,2026-09-03,True,shadow — never published
2026-09-03T16:48:29.423505,BTC,80963.64,17.65,51.032048611111115,31.0,AVOID,SELL,14.569999694824219,78018.33,82436.295,981.77,2.0,17.65,AVOID,STRONG_SELL,77037.542,82436.295,2.67,squeeze,UNGATED_SHADOW,2026-09-03,True,shadow — never published
2026-09-03T16:48:29.423505,ETH,2489.26,17.65,54.10965625,32.23,AVOID,SELL,14.569999694824219,2372.529,2547.6255,38.9103,2.0,17.65,AVOID,STRONG_SELL,2333.6576,2547.6255,2.67,squeeze,UNGATED_SHADOW,2026-09-03,True,shadow — never published
2026-09-03T16:48:29.423505,ADA,0.22266,12.94,50.593459374999995,28.0,AVOID,SELL,14.579999923706055,0.20725376,0.23036312,0.00513541,2.0,12.94,AVOID,STRONG_SELL,0.20212348,0.23036312,2.67,squeeze,UNGATED_SHADOW,2026-09-03,True,shadow — never published
2026-09-03T16:48:29.423505,BNB,722.27,14.12,46.31228888888889,27.0,AVOID,SELL,14.579999923706055,698.94285,733.93358,7.77572,2.0,14.12,AVOID,STRONG_SELL,691.17491,733.93358,2.67,squeeze,UNGATED_SHADOW,2026-09-03,True,shadow — never published
2026-09-03T16:48:29.423505,XRP,1.4602,22.94,54.660266666666665,35.63,AVOID,SELL,14.579999923706055,1.370698,1.504951,0.029834,2.0,22.94,AVOID,STRONG_SELL,1.3408938,1.504951,2.67,squeeze,UNGATED_SHADOW,2026-09-03,True,shadow — never published
2026-09-03T16:48:29.423505,LTC,51.15,20.0,54.6111361111111,33.84,AVOID,SELL,14.579999923706055,49.234225,52.107888,0.638592,2.0,20.0,AVOID,STRONG_SELL,48.596271,52.107888,2.67,squeeze,UNGATED_SHADOW,2026-09-03,True,shadow — never published
2026-09-03T16:48:29.423505,VET,0.006819,54.71,61.32719999999999,57.36,WATCH,WATCH,14.579999923706055,,,0.00013790978850655519,,54.71,WATCH,WATCH,,,,squeeze,UNGATED_SHADOW,2026-09-03,True,shadow — never published
2026-09-03T16:48:29.423505,LINK,11.727,37.65,55.10378333333333,44.63,AVOID,WATCH,14.579999923706055,,,0.2089770864897564,,37.65,AVOID,SELL,11.100069,12.040466,2.0,squeeze,UNGATED_SHADOW,2026-09-03,True,shadow — never published
2026-09-03T16:48:29.423505,AVAX,7.532,37.65,51.51233333333332,43.19,AVOID,WATCH,14.579999923706055,,,0.10296501904829716,,37.65,AVOID,SELL,7.2231049,7.6864475,2.0,squeeze,UNGATED_SHADOW,2026-09-03,True,shadow — never published
2026-09-03T16:48:29.423505,SOL,104.56,38.82,58.68649652777778,46.77,WATCH,WATCH,14.579999923706055,,,1.9653510367802667,,38.82,AVOID,SELL,98.66395,107.50803,2.0,squeeze,UNGATED_SHADOW,2026-09-03,True,shadow — never published
2026-09-03T16:48:29.423505,XLM,0.18605,35.29,52.45748159722221,42.16,AVOID,WATCH,14.579999923706055,,,0.0028708594651193366,,35.29,AVOID,SELL,0.17743742,0.19035629,2.0,squeeze,UNGATED_SHADOW,2026-09-03,True,shadow — never published
2026-09-03T16:48:29.423505,DOT,0.889,36.47,53.96470833333333,43.47,AVOID,WATCH,14.579999923706055,,,0.013557954710072805,,36.47,AVOID,SELL,0.84832614,0.90933693,2.0,squeeze,UNGATED_SHADOW,2026-09-03,True,shadow — never published
2026-09-03T16:48:29.423505,ALGO,0.09436,14.12,58.690226041666655,31.95,AVOID,SELL,14.579999923706055,0.0896922,0.0966939,0.001555933,2.0,14.12,AVOID,STRONG_SELL,0.088137823,0.0966939,2.67,squeeze,UNGATED_SHADOW,2026-09-03,True,shadow — never published
2026-09-03T16:48:29.423505,ATOM,1.527,54.12,54.31222395833333,54.2,WATCH,WATCH,14.579999923706055,,,0.023965850062573492,,54.12,WATCH,WATCH,,,,squeeze,UNGATED_SHADOW,2026-09-03,True,shadow — never published
2026-09-03T16:48:29.423505,DOGE,0.08944,18.24,47.76397222222222,30.05,AVOID,SELL,14.569999694824219,0.084387487,0.091966256,0.001684171,2.0,18.24,AVOID,STRONG_SELL,0.082705001,0.091966256,2.67,squeeze,UNGATED_SHADOW,2026-09-03,True,shadow — never published
2026-09-03T16:48:29.423505,BCH,257.1,35.88,49.33864166666667,41.26,AVOID,WATCH,14.569999694824219,,,4.342902961148191,,35.88,AVOID,SELL,244.07129,263.61435,2.0,squeeze,UNGATED_SHADOW,2026-09-03,True,shadow — never published
2026-09-03T16:48:29.423505,TRX,0.3333,11.76,50.48959999999999,27.25,AVOID,SELL,14.569999694824219,0.32537072,0.33726464,0.00264309,2.0,11.76,AVOID,STRONG_SELL,0.32273027,0.33726464,2.67,squeeze,UNGATED_SHADOW,2026-09-03,True,shadow — never published
2026-09-03T16:48:29.423505,VTHO,0.000401,51.18,58.564388888888885,54.13,WATCH,WATCH,14.569999694824219,,,7.780636286860083e-06,,51.18,WATCH,WATCH,,,,squeeze,UNGATED_SHADOW,2026-09-03,True,shadow — never published
2026-09-03T16:48:29.423505,NEAR,1.97,32.94,61.08372743055555,44.2,AVOID,WATCH,14.569999694824219,,,0.039068678430163706,,32.94,AVOID,SELL,1.852794,2.028603,2.0,squeeze,UNGATED_SHADOW,2026-09-03,True,shadow — never published
2026-09-03T16:48:29.423505,FET,0.1587,55.29,50.89411249999999,53.53,WATCH,WATCH,14.569999694824219,,,0.0032343551406532967,,55.29,WATCH,WATCH,,,,squeeze,UNGATED_SHADOW,2026-09-03,True,shadow — never published
2026-09-03T16:48:29.423505,AAVE,131.91,30.59,52.71271770833333,39.44,AVOID,SELL,14.569999694824219,123.62217,136.05392,2.76261,2.0,30.59,AVOID,SELL,123.62217,136.05392,2.0,squeeze,UNGATED_SHADOW,2026-09-03,True,shadow — never published
2026-09-03T16:48:29.423505,UNI,6.119,24.12,54.51158875969118,36.28,AVOID,SELL,29.649999618530273,5.4801772,6.4384114,0.2129409,2.0,24.12,AVOID,STRONG_SELL,5.2674492,6.4384114,2.67,squeeze,UNGATED_SHADOW,2026-09-03,True,shadow — never published
2026-09-03T16:48:29.423505,GALA,0.001825,54.71,62.33134965277777,57.76,WATCH,WATCH,14.569999694824219,,,2.2494592905312644e-05,,54.71,WATCH,WATCH,,,,squeeze,UNGATED_SHADOW,2026-09-03,True,shadow — never published
2026-09-03T16:48:29.423505,OP,0.104,24.12,56.2657625,36.98,AVOID,SELL,14.569999694824219,0.09808227,0.10695886,0.00197258,2.0,24.12,AVOID,STRONG_SELL,0.09611167,0.10695886,2.67,squeeze,UNGATED_SHADOW,2026-09-03,True,shadow — never published
2026-09-03T16:48:29.423505,ETC,7.62,47.06,53.098111458333335,49.48,WATCH,WATCH,14.569999694824219,,,0.09349256215958629,,47.06,WATCH,WATCH,,,,squeeze,UNGATED_SHADOW,2026-09-03,True,shadow — never published
2026-09-03T19:32:49.851701,BTC,81400.29,15.88,51.353984722222215,30.07,AVOID,SELL,14.420000076293945,78401.291,82899.79,999.666,2.0,15.88,AVOID,STRONG_SELL,77402.624,82899.79,2.67,squeeze,UNGATED_SHADOW,2026-09-03,True,shadow — never published
2026-09-03T19:32:49.851701,ETH,2510.1,17.06,54.44314027777777,32.01,AVOID,SELL,14.420000076293945,2391.2626,2569.5187,39.6125,2.0,17.06,AVOID,STRONG_SELL,2351.6897,2569.5187,2.67,squeeze,UNGATED_SHADOW,2026-09-03,True,shadow — never published
2026-09-03T19:32:49.851701,ADA,0.22123,13.53,53.09709722222221,29.36,AVOID,SELL,14.420000076293945,0.20569733,0.22899634,0.00517756,2.0,13.53,AVOID,STRONG_SELL,0.20052495,0.22899634,2.67,squeeze,UNGATED_SHADOW,2026-09-03,True,shadow — never published
2026-09-03T19:32:49.851701,BNB,724.5,14.12,46.46990277777777,27.06,AVOID,SELL,14.420000076293945,701.17285,736.16358,7.77572,2.0,14.12,AVOID,STRONG_SELL,693.40491,736.16358,2.67,squeeze,UNGATED_SHADOW,2026-09-03,True,shadow — never published
2026-09-03T19:32:49.851701,XRP,1.4691,22.35,55.32049444444444,35.54,AVOID,SELL,14.420000076293945,1.3781194,1.5145903,0.0303269,2.0,22.35,AVOID,STRONG_SELL,1.3478229,1.5145903,2.67,squeeze,UNGATED_SHADOW,2026-09-03,True,shadow — never published
2026-09-03T19:32:49.851701,LTC,51.63,20.0,55.499574999999986,34.2,AVOID,SELL,14.420000076293945,49.61351,52.638245,0.672163,2.0,20.0,AVOID,STRONG_SELL,48.942019,52.638245,2.67,squeeze,UNGATED_SHADOW,2026-09-03,True,shadow — never published
2026-09-03T19:32:49.851701,VET,0.006807,54.71,61.907502777777765,57.59,WATCH,WATCH,14.420000076293945,,,0.00021819550279226954,,54.71,WATCH,WATCH,,,,squeeze,UNGATED_SHADOW,2026-09-03,True,shadow — never published
2026-09-03T19:32:49.851701,LINK,11.825,32.35,54.72891527777778,41.3,AVOID,WATCH,14.420000076293945,,,0.21611994363261366,,32.35,AVOID,SELL,11.17664,12.14918,2.0,squeeze,UNGATED_SHADOW,2026-09-03,True,shadow — never published
2026-09-03T19:32:49.851701,AVAX,7.527,37.65,51.653511805555546,43.25,AVOID,WATCH,14.420000076293945,,,0.10382216190544005,,37.65,AVOID,SELL,7.2155335,7.6827332,2.0,squeeze,UNGATED_SHADOW,2026-09-03,True,shadow — never published
2026-09-03T19:32:49.851701,SOL,105.25,37.06,58.437489583333324,45.61,WATCH,WATCH,14.420000076293945,,,2.0124938939231236,,37.06,AVOID,SELL,99.21252,108.26874,2.0,squeeze,UNGATED_SHADOW,2026-09-03,True,shadow — never published
2026-09-03T19:32:49.851701,XLM,0.18662,34.12,52.957827430555554,41.66,AVOID,WATCH,14.420000076293945,,,0.0028958594651193378,,34.12,AVOID,SELL,0.17793242,0.19096379,2.0,squeeze,UNGATED_SHADOW,2026-09-03,True,shadow — never published
2026-09-03T19:32:49.851701,DOT,0.899,32.94,54.97207638888888,41.75,AVOID,WATCH,14.420000076293945,,,0.014415097567215663,,32.94,AVOID,SELL,0.85575471,0.92062265,2.0,squeeze,UNGATED_SHADOW,2026-09-03,True,shadow — never published
2026-09-03T19:32:49.851701,ALGO,0.09496,13.53,58.84514062499999,31.66,AVOID,SELL,14.420000076293945,0.090135771,0.097372114,0.001608076,2.0,13.53,AVOID,STRONG_SELL,0.088529303,0.097372114,2.67,squeeze,UNGATED_SHADOW,2026-09-03,True,shadow — never published
2026-09-03T19:32:49.851701,ATOM,1.532,51.76,53.85375729166665,52.6,WATCH,WATCH,14.420000076293945,,,0.024108707205430634,,51.76,WATCH,WATCH,,,,squeeze,UNGATED_SHADOW,2026-09-03,True,shadow — never published
2026-09-03T19:32:49.851701,DOGE,0.08944,18.24,48.115488888888876,30.19,AVOID,SELL,14.420000076293945,0.084387487,0.091966256,0.001684171,2.0,18.24,AVOID,STRONG_SELL,0.082705001,0.091966256,2.67,squeeze,UNGATED_SHADOW,2026-09-03,True,shadow — never published
2026-09-03T19:32:49.851701,BCH,259.5,35.29,48.71042222222222,40.66,AVOID,WATCH,14.430000305175781,,,4.428617246862476,,35.29,AVOID,SELL,246.21415,266.14293,2.0,squeeze,UNGATED_SHADOW,2026-09-03,True,shadow — never published
2026-09-03T19:32:49.851701,TRX,0.3302,15.29,52.347233333333335,30.11,AVOID,SELL,14.430000305175781,0.32177786,0.33441107,0.00280738,2.0,15.29,AVOID,STRONG_SELL,0.31897329,0.33441107,2.67,squeeze,UNGATED_SHADOW,2026-09-03,True,shadow — never published
2026-09-03T19:32:49.851701,VTHO,0.000401,51.18,59.34766666666666,54.45,WATCH,WATCH,14.430000305175781,,,7.780636286860083e-06,,51.18,WATCH,WATCH,,,,squeeze,UNGATED_SHADOW,2026-09-03,True,shadow — never published
2026-09-03T19:32:49.851701,NEAR,1.993,30.0,61.15911631944443,42.46,AVOID,WATCH,14.420000076293945,,,0.04135439271587799,,30.0,AVOID,SELL,1.8689368,2.0550316,2.0,squeeze,UNGATED_SHADOW,2026-09-03,True,shadow — never published
2026-09-03T19:32:49.851701,FET,0.16,55.29,50.476039583333325,53.36,WATCH,WATCH,14.430000305175781,,,0.0032343551406532967,,55.29,WATCH,WATCH,,,,squeeze,UNGATED_SHADOW,2026-09-03,True,shadow — never published
2026-09-03T19:32:49.851701,AAVE,135.31,28.24,56.46761944444443,39.53,AVOID,SELL,14.430000305175781,126.82717,139.55142,2.82761,2.0,28.24,AVOID,SELL,126.82717,139.55142,2.0,squeeze,UNGATED_SHADOW,2026-09-03,True,shadow — never published
2026-09-03T19:32:49.851701,UNI,6.245,22.94,54.51158875969118,35.57,AVOID,SELL,29.649999618530273,5.5866772,6.5741614,0.2194409,2.0,22.94,AVOID,STRONG_SELL,5.3674557,6.5741614,2.67,squeeze,UNGATED_SHADOW,2026-09-03,True,shadow — never published
2026-09-03T19:32:49.851701,GALA,0.001817,55.29,62.33134965277777,58.11,WATCH,WATCH,14.430000305175781,,,2.2494592905312644e-05,,55.29,WATCH,WATCH,,,,squeeze,UNGATED_SHADOW,2026-09-03,True,shadow — never published
2026-09-03T19:32:49.851701,OP,0.105,21.18,56.316873611111106,35.23,AVOID,SELL,14.430000305175781,0.09886799,0.10806601,0.002044,2.0,21.18,AVOID,STRONG_SELL,0.09682603,0.10806601,2.67,squeeze,UNGATED_SHADOW,2026-09-03,True,shadow — never published
2026-09-03T19:32:49.851701,ETC,7.61,47.65,53.208974652777776,49.87,WATCH,WATCH,14.430000305175781,,,0.09777827644530061,,47.65,WATCH,WATCH,,,,squeeze,UNGATED_SHADOW,2026-09-03,True,shadow — never published
2026-09-03T22:04:55.724159,BTC,81529.14,15.29,51.19423055555555,29.65,AVOID,SELL,14.319999694824219,78505.645,83040.887,1007.832,2.0,15.29,AVOID,STRONG_SELL,77498.821,83040.887,2.67,squeeze,UNGATED_SHADOW,2026-09-03,True,shadow — never published
2026-09-03T22:04:55.724159,ETH,2509.72,16.47,54.29471041666666,31.6,AVOID,SELL,14.319999694824219,2394.1938,2567.4831,38.5087,2.0,16.47,AVOID,STRONG_SELL,2355.7236,2567.4831,2.67,squeeze,UNGATED_SHADOW,2026-09-03,True,shadow — never published
2026-09-03T22:04:55.724159,ADA,0.22305,11.76,52.48082499999999,28.05,AVOID,SELL,14.319999694824219,0.20789823,0.23062588,0.00505059,2.0,11.76,AVOID,STRONG_SELL,0.20285269,0.23062588,2.67,squeeze,UNGATED_SHADOW,2026-09-03,True,shadow — never published
2026-09-03T22:04:55.724159,BNB,724.98,12.94,46.94734444444444,26.54,AVOID,SELL,14.319999694824219,702.37407,736.28296,7.53531,2.0,12.94,AVOID,STRONG_SELL,694.8463,736.28296,2.67,squeeze,UNGATED_SHADOW,2026-09-03,True,shadow — never published
2026-09-03T22:04:55.724159,XRP,1.4632,16.47,55.05011666666666,31.9,AVOID,SELL,14.319999694824219,1.3726691,1.5084655,0.030177,2.0,16.47,AVOID,STRONG_SELL,1.3425223,1.5084655,2.67,squeeze,UNGATED_SHADOW,2026-09-03,True,shadow — never published
2026-09-03T22:04:55.724159,LTC,51.74,15.88,55.21264999999999,31.61,AVOID,SELL,14.319999694824219,49.781219,52.719391,0.652927,2.0,15.88,AVOID,STRONG_SELL,49.128945,52.719391,2.67,squeeze,UNGATED_SHADOW,2026-09-03,True,shadow — never published
2026-09-03T22:04:55.724159,VET,0.00679,55.29,61.907502777777765,57.94,WATCH,WATCH,14.319999694824219,,,0.00020840092606220947,,55.29,WATCH,WATCH,,,,squeeze,UNGATED_SHADOW,2026-09-03,True,shadow — never published
2026-09-03T22:04:55.724159,LINK,11.905,24.71,54.12489375,36.48,AVOID,SELL,14.319999694824219,11.272125,12.221437,0.210958,2.0,24.71,AVOID,STRONG_SELL,11.061378,12.221437,2.67,squeeze,UNGATED_SHADOW,2026-09-03,True,shadow — never published
2026-09-03T22:04:55.724159,AVAX,7.544,30.59,51.548973611111094,38.97,AVOID,SELL,14.319999694824219,7.2406383,7.6956809,0.1011206,2.0,30.59,AVOID,SELL,7.2406383,7.6956809,2.0,squeeze,UNGATED_SHADOW,2026-09-03,True,shadow — never published
2026-09-03T22:04:55.724159,SOL,105.09,34.71,58.437489583333324,44.2,AVOID,WATCH,14.319999694824219,,,1.9301729015000433,,34.71,AVOID,SELL,99.29948,107.98526,2.0,squeeze,UNGATED_SHADOW,2026-09-03,True,shadow — never published
2026-09-03T22:04:55.724159,XLM,0.18611,28.24,51.874415625,37.69,AVOID,SELL,14.319999694824219,0.17793368,0.19019816,0.00272544,2.0,28.24,AVOID,SELL,0.17793368,0.19019816,2.0,squeeze,UNGATED_SHADOW,2026-09-03,True,shadow — never published
2026-09-03T22:04:55.724159,DOT,0.893,36.47,54.142383333333335,43.54,AVOID,WATCH,14.319999694824219,,,0.013814019169557403,,36.47,AVOID,SELL,0.85155794,0.91372103,2.0,squeeze,UNGATED_SHADOW,2026-09-03,True,shadow — never published
2026-09-03T22:04:55.724159,ALGO,0.09464,15.88,58.990328125,33.12,AVOID,SELL,14.319999694824219,0.089611788,0.097154106,0.001676071,2.0,15.88,AVOID,STRONG_SELL,0.087937393,0.097154106,2.67,squeeze,UNGATED_SHADOW,2026-09-03,True,shadow — never published
2026-09-03T22:04:55.724159,ATOM,1.525,46.47,54.004838541666665,49.48,WATCH,WATCH,14.319999694824219,,,0.023100942405042735,,46.47,WATCH,WATCH,,,,squeeze,UNGATED_SHADOW,2026-09-03,True,shadow — never published
2026-09-03T22:04:55.724159,DOGE,0.08811,15.88,48.86324444444445,29.07,AVOID,SELL,14.319999694824219,0.083120524,0.090604738,0.001663159,2.0,15.88,AVOID,STRONG_SELL,0.081459028,0.090604738,2.67,squeeze,UNGATED_SHADOW,2026-09-03,True,shadow — never published
2026-09-03T22:04:55.724159,BCH,261.2,31.76,50.120338194444436,39.1,AVOID,SELL,14.319999694824219,248.07028,267.76486,4.37657,2.0,31.76,AVOID,SELL,248.07028,267.76486,2.0,squeeze,UNGATED_SHADOW,2026-09-03,True,shadow — never published
2026-09-03T22:04:55.724159,TRX,0.3321,15.88,52.347233333333335,30.47,AVOID,SELL,14.319999694824219,0.32376516,0.33626742,0.00277828,2.0,15.88,AVOID,STRONG_SELL,0.32098966,0.33626742,2.67,squeeze,UNGATED_SHADOW,2026-09-03,True,shadow — never published
2026-09-03T22:04:55.724159,VTHO,0.000401,50.59,59.091344444444445,53.99,WATCH,WATCH,14.319999694824219,,,7.2248765520843625e-06,,50.59,WATCH,WATCH,,,,squeeze,UNGATED_SHADOW,2026-09-03,True,shadow — never published
2026-09-03T22:04:55.724159,NEAR,1.973,30.0,60.44986979166666,42.18,AVOID,WATCH,14.319999694824219,,,0.03932907895045813,,30.0,AVOID,SELL,1.8550128,2.0319936,2.0,squeeze,UNGATED_SHADOW,2026-09-03,True,shadow — never published
2026-09-03T22:04:55.724159,FET,0.1583,55.29,49.540003472222224,52.99,WATCH,WATCH,14.319999694824219,,,0.0031604726306066334,,55.29,WATCH,WATCH,,,,squeeze,UNGATED_SHADOW,2026-09-03,True,shadow — never published
2026-09-03T22:04:55.724159,AAVE,135.39,27.65,55.98243124999999,38.98,AVOID,SELL,14.319999694824219,127.35237,139.40882,2.67921,2.0,27.65,AVOID,SELL,127.35237,139.40882,2.0,squeeze,UNGATED_SHADOW,2026-09-03,True,shadow — never published
2026-09-03T22:04:55.724159,UNI,6.415,24.71,54.51158875969118,36.63,AVOID,SELL,29.649999618530273,5.7381288,6.7534356,0.2256237,2.0,24.71,AVOID,STRONG_SELL,5.5127307,6.7534356,2.67,squeeze,UNGATED_SHADOW,2026-09-03,True,shadow — never published
2026-09-03T22:04:55.724159,GALA,0.001807,54.12,62.33134965277777,57.4,WATCH,WATCH,14.319999694824219,,,2.2673550554933174e-05,,54.12,WATCH,WATCH,,,,squeeze,UNGATED_SHADOW,2026-09-03,True,shadow — never published
2026-09-03T22:04:55.724159,OP,0.103,28.82,54.102037499999994,38.93,AVOID,SELL,14.319999694824219,0.09687742,0.10606129,0.00204086,2.0,28.82,AVOID,SELL,0.09687742,0.10606129,2.0,squeeze,UNGATED_SHADOW,2026-09-03,True,shadow — never published
2026-09-03T22:04:55.724159,ETC,7.66,40.0,53.098111458333335,45.24,WATCH,WATCH,14.319999694824219,,,0.09436554241349342,,40.0,AVOID,SELL,7.3769034,7.8015483,2.0,squeeze,UNGATED_SHADOW,2026-09-03,True,shadow — never published
2026-09-04T00:35:14.578911,BTC,81286.92,14.71,50.87280555555555,29.18,AVOID,SELL,14.319999694824219,78342.166,82759.297,981.585,2.0,14.71,AVOID,STRONG_SELL,77361.563,82759.297,2.67,squeeze,UNGATED_SHADOW,2026-09-04,True,shadow — never published
2026-09-04T00:35:14.578911,ETH,2511.72,16.47,53.37041388888888,31.23,AVOID,SELL,14.319999694824219,2401.0425,2567.0587,36.8925,2.0,16.47,AVOID,STRONG_SELL,2364.1869,2567.0587,2.67,squeeze,UNGATED_SHADOW,2026-09-04,True,shadow — never published
2026-09-04T00:35:14.578911,ADA,0.22084,11.18,51.737925,27.4,AVOID,SELL,14.319999694824219,0.20592071,0.22829965,0.0049731,2.0,11.18,AVOID,STRONG_SELL,0.20095258,0.22829965,2.67,squeeze,UNGATED_SHADOW,2026-09-04,True,shadow — never published
2026-09-04T00:35:14.578911,BNB,727.22,12.35,44.54486666666666,25.23,AVOID,SELL,14.319999694824219,705.24077,738.20961,7.32641,2.0,12.35,AVOID,STRONG_SELL,697.92169,738.20961,2.67,squeeze,UNGATED_SHADOW,2026-09-04,True,shadow — never published
2026-09-04T00:35:14.578911,XRP,1.4515,16.47,54.23208333333333,31.57,AVOID,SELL,14.319999694824219,1.3627366,1.4958817,0.0295878,2.0,16.47,AVOID,STRONG_SELL,1.3331784,1.4958817,2.67,squeeze,UNGATED_SHADOW,2026-09-04,True,shadow — never published
2026-09-04T00:35:14.578911,LTC,51.42,14.71,53.70499999999999,30.31,AVOID,SELL,14.319999694824219,49.495979,52.382011,0.64134,2.0,14.71,AVOID,STRONG_SELL,48.85528,52.382011,2.67,squeeze,UNGATED_SHADOW,2026-09-04,True,shadow — never published
2026-09-04T00:35:14.578911,VET,0.006755,55.29,61.493375,57.77,WATCH,WATCH,14.319999694824219,,,0.00019646412522103128,,55.29,WATCH,WATCH,,,,squeeze,UNGATED_SHADOW,2026-09-04,True,shadow — never published
2026-09-04T00:35:14.578911,LINK,11.857,24.71,53.63130416666666,36.28,AVOID,SELL,14.319999694824219,11.252126,12.159437,0.201625,2.0,24.71,AVOID,STRONG_SELL,11.050703,12.159437,2.67,squeeze,UNGATED_SHADOW,2026-09-04,True,shadow — never published
2026-09-04T00:35:14.578911,AVAX,7.502,27.65,50.98117708333333,36.98,AVOID,SELL,14.319999694824219,7.2146284,7.6456858,0.0957905,2.0,27.65,AVOID,SELL,7.2146284,7.6456858,2.0,squeeze,UNGATED_SHADOW,2026-09-04,True,shadow — never published
2026-09-04T00:35:14.578911,SOL,103.93,37.06,58.39858124999999,45.6,WATCH,WATCH,14.319999694824219,,,1.8917932044541217,,37.06,AVOID,SELL,98.25462,106.76769,2.0,squeeze,UNGATED_SHADOW,2026-09-04,True,shadow — never published
2026-09-04T00:35:14.578911,XLM,0.18453,28.24,50.793798958333326,37.26,AVOID,SELL,14.319999694824219,0.17615602,0.18871699,0.00279133,2.0,28.24,AVOID,SELL,0.17615602,0.18871699,2.0,squeeze,UNGATED_SHADOW,2026-09-04,True,shadow — never published
2026-09-04T00:35:14.578911,DOT,0.884,44.12,54.26875555555556,48.18,WATCH,WATCH,14.319999694824219,,,0.013424242290099222,,44.12,AVOID,WATCH,,,,squeeze,UNGATED_SHADOW,2026-09-04,True,shadow — never published
2026-09-04T00:35:14.578911,ALGO,0.09241,21.76,58.07979965277777,36.29,AVOID,SELL,14.319999694824219,0.087494517,0.094867741,0.001638494,2.0,21.76,AVOID,STRONG_SELL,0.085857661,0.094867741,2.67,squeeze,UNGATED_SHADOW,2026-09-04,True,shadow — never published
2026-09-04T00:35:14.578911,ATOM,1.504,45.29,53.65629270833333,48.64,WATCH,WATCH,14.319999694824219,,,0.0230223036618254,,45.29,WATCH,WATCH,,,,squeeze,UNGATED_SHADOW,2026-09-04,True,shadow — never published
2026-09-04T00:35:14.578911,DOGE,0.08774,14.71,48.82695555555556,28.36,AVOID,SELL,14.319999694824219,0.082834007,0.090192997,0.001635331,2.0,14.71,AVOID,STRONG_SELL,0.081200311,0.090192997,2.67,squeeze,UNGATED_SHADOW,2026-09-04,True,shadow — never published
2026-09-04T00:35:14.578911,BCH,257.0,31.76,48.74310138888889,38.55,AVOID,SELL,14.319999694824219,244.32751,263.33625,4.22416,2.0,31.76,AVOID,SELL,244.32751,263.33625,2.0,squeeze,UNGATED_SHADOW,2026-09-04,True,shadow — never published
2026-09-04T00:35:14.578911,TRX,0.3321,16.47,52.79765,31.0,AVOID,SELL,14.319999694824219,0.32419979,0.3360501,0.0026334,2.0,16.47,AVOID,STRONG_SELL,0.32156902,0.3360501,2.67,squeeze,UNGATED_SHADOW,2026-09-04,True,shadow — never published
2026-09-04T00:35:14.578911,VTHO,0.000402,50.0,59.091344444444445,53.64,WATCH,WATCH,14.319999694824219,,,6.979222104486499e-06,,50.0,WATCH,WATCH,,,,squeeze,UNGATED_SHADOW,2026-09-04,True,shadow — never published
2026-09-04T00:35:14.578911,NEAR,1.962,32.35,59.584159375,43.24,AVOID,WATCH,14.319999694824219,,,0.03784638963767031,,32.35,AVOID,SELL,1.8484608,2.0187696,2.0,squeeze,UNGATED_SHADOW,2026-09-04,True,shadow — never published
2026-09-04T00:35:14.578911,FET,0.1579,54.71,49.540003472222224,52.64,WATCH,WATCH,14.319999694824219,,,0.0030408470345428935,,54.71,WATCH,WATCH,,,,squeeze,UNGATED_SHADOW,2026-09-04,True,shadow — never published
2026-09-04T00:35:14.578911,AAVE,132.95,28.82,55.618088888888884,39.54,AVOID,SELL,14.319999694824219,125.10995,136.87002,2.61335,2.0,28.82,AVOID,SELL,125.10995,136.87002,2.0,squeeze,UNGATED_SHADOW,2026-09-04,True,shadow — never published
2026-09-04T00:35:14.578911,UNI,6.377,26.47,53.986440862913604,37.48,AVOID,SELL,29.649999618530273,5.7287625,6.7011188,0.2160792,2.0,26.47,AVOID,SELL,5.7287625,6.7011188,2.0,squeeze,UNGATED_SHADOW,2026-09-04,True,shadow — never published
2026-09-04T00:35:14.578911,GALA,0.001803,54.12,62.06050868055556,57.3,WATCH,WATCH,14.319999694824219,,,2.1054011229580805e-05,,54.12,WATCH,WATCH,,,,squeeze,UNGATED_SHADOW,2026-09-04,True,shadow — never published
2026-09-04T00:35:14.578911,OP,0.101,41.18,52.273537499999996,45.62,WATCH,WATCH,14.319999694824219,,,0.0020277379410815026,,41.18,AVOID,WATCH,,,,squeeze,UNGATED_SHADOW,2026-09-04,True,shadow — never published
2026-09-04T00:35:14.578911,ETC,7.61,39.41,51.86828229166666,44.39,AVOID,WATCH,14.319999694824219,,,0.09252310571048887,,39.41,AVOID,SELL,7.3324307,7.7487847,2.0,squeeze,UNGATED_SHADOW,2026-09-04,True,shadow — never published
2026-09-04T05:18:21.371314,BTC,80996.27,14.71,50.550486111111105,29.05,AVOID,SELL,14.319999694824219,78066.462,82461.174,976.603,2.0,14.71,AVOID,STRONG_SELL,77090.835,82461.174,2.67,squeeze,UNGATED_SHADOW,2026-09-04,True,shadow — never published
2026-09-04T05:18:21.371314,ETH,2512.51,15.88,53.221345138888886,30.82,AVOID,SELL,14.319999694824219,2402.9591,2567.2854,36.517,2.0,15.88,AVOID,STRONG_SELL,2366.4787,2567.2854,2.67,squeeze,UNGATED_SHADOW,2026-09-04,True,shadow — never published
2026-09-04T05:18:21.371314,ADA,0.22232,10.59,51.69610972222222,27.03,AVOID,SELL,14.319999694824219,0.20634203,0.23030898,0.00532599,2.0,10.59,AVOID,STRONG_SELL,0.20102137,0.23030898,2.67,squeeze,UNGATED_SHADOW,2026-09-04,True,shadow — never published
2026-09-04T05:18:21.371314,BNB,725.18,12.35,43.89319999999999,24.97,AVOID,STRONG_SELL,14.319999694824219,694.79053,736.5789,7.59927,2.67,12.35,AVOID,STRONG_SELL,694.79053,736.5789,2.67,squeeze,UNGATED_SHADOW,2026-09-04,True,shadow — never published
2026-09-04T05:18:21.371314,XRP,1.4497,16.47,54.23208333333333,31.57,AVOID,SELL,14.319999694824219,1.3615386,1.4937807,0.0293871,2.0,16.47,AVOID,STRONG_SELL,1.3321808,1.4937807,2.67,squeeze,UNGATED_SHADOW,2026-09-04,True,shadow — never published
2026-09-04T05:18:21.371314,LTC,51.17,16.47,54.211,31.57,AVOID,SELL,14.319999694824219,49.288511,52.110745,0.627163,2.0,16.47,AVOID,STRONG_SELL,48.661975,52.110745,2.67,squeeze,UNGATED_SHADOW,2026-09-04,True,shadow — never published
2026-09-04T05:18:21.371314,VET,0.006707,54.71,61.50557777777777,57.43,WATCH,WATCH,14.319999694824219,,,0.0001856146468889168,,54.71,WATCH,WATCH,,,,squeeze,UNGATED_SHADOW,2026-09-04,True,shadow — never published
2026-09-04T05:18:21.371314,LINK,11.923,22.94,52.91423124999999,34.93,AVOID,SELL,14.319999694824219,11.312719,12.22814,0.203427,2.0,22.94,AVOID,STRONG_SELL,11.109496,12.22814,2.67,squeeze,UNGATED_SHADOW,2026-09-04,True,shadow — never published
2026-09-04T05:18:21.371314,AVAX,7.515,23.53,50.809906944444435,34.44,AVOID,SELL,14.319999694824219,7.245109,7.6499455,0.0899637,2.0,23.53,AVOID,STRONG_SELL,7.1552353,7.6499455,2.67,squeeze,UNGATED_SHADOW,2026-09-04,True,shadow — never published
2026-09-04T05:18:21.371314,SOL,103.78,36.47,58.50815069444444,45.29,WATCH,WATCH,14.319999694824219,,,1.8458487918910718,,36.47,AVOID,SELL,98.24245,106.54877,2.0,squeeze,UNGATED_SHADOW,2026-09-04,True,shadow — never published
2026-09-04T05:18:21.371314,XLM,0.18351,28.24,48.81466493055555,36.47,AVOID,SELL,14.319999694824219,0.17508212,0.18772394,0.00280929,2.0,28.24,AVOID,SELL,0.17508212,0.18772394,2.0,squeeze,UNGATED_SHADOW,2026-09-04,True,shadow — never published
2026-09-04T05:18:21.371314,DOT,0.879,55.29,53.66462222222222,54.64,WATCH,WATCH,14.319999694824219,,,0.013353122942847238,,55.29,WATCH,WATCH,,,,squeeze,UNGATED_SHADOW,2026-09-04,True,shadow — never published
2026-09-04T05:18:21.371314,ALGO,0.09276,23.53,58.66233854166667,37.58,AVOID,SELL,14.319999694824219,0.087542511,0.095368745,0.001739163,2.0,23.53,AVOID,STRONG_SELL,0.085805087,0.095368745,2.67,squeeze,UNGATED_SHADOW,2026-09-04,True,shadow — never published
2026-09-04T05:18:21.371314,ATOM,1.509,43.53,53.70203715277778,47.6,WATCH,WATCH,14.319999694824219,,,0.02240846564516441,,43.53,AVOID,WATCH,,,,squeeze,UNGATED_SHADOW,2026-09-04,True,shadow — never published
2026-09-04T05:18:21.371314,DOGE,0.08724,14.71,48.383630555555555,28.18,AVOID,SELL,14.319999694824219,0.082410915,0.089654543,0.001609695,2.0,14.71,AVOID,STRONG_SELL,0.080802829,0.089654543,2.67,squeeze,UNGATED_SHADOW,2026-09-04,True,shadow — never published
2026-09-04T05:18:21.371314,BCH,257.0,30.59,48.86244583333333,37.9,AVOID,SELL,14.319999694824219,244.55615,263.22192,4.14795,2.0,30.59,AVOID,SELL,244.55615,263.22192,2.0,squeeze,UNGATED_SHADOW,2026-09-04,True,shadow — never published
2026-09-04T05:18:21.371314,TRX,0.3287,20.0,52.55077534722222,33.02,AVOID,SELL,14.319999694824219,0.32064777,0.33272612,0.00268408,2.0,20.0,AVOID,STRONG_SELL,0.31796637,0.33272612,2.67,squeeze,UNGATED_SHADOW,2026-09-04,True,shadow — never published
2026-09-04T05:18:21.371314,VTHO,0.000399,50.0,58.414249999999996,53.37,WATCH,WATCH,14.319999694824219,,,6.746012362329299e-06,,50.0,WATCH,WATCH,,,,squeeze,UNGATED_SHADOW,2026-09-04,True,shadow — never published
2026-09-04T05:18:21.371314,NEAR,1.954,32.35,59.11598159722222,43.06,AVOID,WATCH,14.319999694824219,,,0.037413484255387736,,32.35,AVOID,SELL,1.8417595,2.0101202,2.0,squeeze,UNGATED_SHADOW,2026-09-04,True,shadow — never published
2026-09-04T05:18:21.371314,FET,0.1584,50.0,49.71274305555555,49.89,WATCH,WATCH,14.319999694824219,,,0.0031598681647286024,,50.0,WATCH,WATCH,,,,squeeze,UNGATED_SHADOW,2026-09-04,True,shadow — never published
2026-09-04T05:18:21.371314,AAVE,135.15,28.24,56.31021319444444,39.47,AVOID,SELL,14.319999694824219,127.32628,139.06186,2.60791,2.0,28.24,AVOID,SELL,127.32628,139.06186,2.0,squeeze,UNGATED_SHADOW,2026-09-04,True,shadow — never published
2026-09-04T05:18:21.371314,UNI,6.233,30.59,53.986440862913604,39.95,AVOID,SELL,29.649999618530273,5.5678815,6.5655593,0.2217062,2.0,30.59,AVOID,SELL,5.5678815,6.5655593,2.0,squeeze,UNGATED_SHADOW,2026-09-04,True,shadow — never published
2026-09-04T05:18:21.371314,GALA,0.001777,54.12,61.10648784722222,56.91,WATCH,WATCH,14.319999694824219,,,2.1448112468284206e-05,,54.12,WATCH,WATCH,,,,squeeze,UNGATED_SHADOW,2026-09-04,True,shadow — never published
2026-09-04T05:18:21.371314,OP,0.1,43.53,50.125305555555556,46.17,WATCH,WATCH,14.319999694824219,,,0.002015552577943028,,43.53,AVOID,WATCH,,,,squeeze,UNGATED_SHADOW,2026-09-04,True,shadow — never published
2026-09-04T05:18:21.371314,ETC,7.53,40.0,51.86828229166666,44.75,AVOID,WATCH,14.319999694824219,,,0.08856737366994369,,40.0,AVOID,SELL,7.2642979,7.6628511,2.0,squeeze,UNGATED_SHADOW,2026-09-04,True,shadow — never published
2026-09-04T10:16:42.628527,BTC,80896.65,14.71,53.24499999999999,30.12,AVOID,SELL,14.210000038146973,77972.128,82358.911,974.841,2.0,14.71,AVOID,STRONG_SELL,76998.263,82358.911,2.67,squeeze,UNGATED_SHADOW,2026-09-04,True,shadow — never published
2026-09-04T10:16:42.628527,ETH,2515.69,15.88,54.24679375,31.23,AVOID,SELL,14.210000038146973,2404.6389,2571.2155,37.017,2.0,15.88,AVOID,STRONG_SELL,2367.6589,2571.2155,2.67,squeeze,UNGATED_SHADOW,2026-09-04,True,shadow — never published
2026-09-04T10:16:42.628527,ADA,0.21977,10.0,55.78074999999999,28.31,AVOID,SELL,14.210000038146973,0.2036577,0.22782615,0.00537077,2.0,10.0,AVOID,STRONG_SELL,0.19829231,0.22782615,2.67,squeeze,UNGATED_SHADOW,2026-09-04,True,shadow — never published
2026-09-04T10:16:42.628527,BNB,716.45,12.35,51.60752777777777,28.05,AVOID,SELL,14.210000038146973,692.3002,728.5249,8.04993,2.0,12.35,AVOID,STRONG_SELL,684.25832,728.5249,2.67,squeeze,UNGATED_SHADOW,2026-09-04,True,shadow — never published
2026-09-04T10:16:42.628527,XRP,1.446,15.88,56.592905555555554,32.17,AVOID,SELL,14.210000038146973,1.3579965,1.4900017,0.0293345,2.0,15.88,AVOID,STRONG_SELL,1.3286914,1.4900017,2.67,squeeze,UNGATED_SHADOW,2026-09-04,True,shadow — never published
2026-09-04T10:16:42.628527,LTC,51.28,15.29,58.62898055555555,32.63,AVOID,SELL,14.210000038146973,49.404025,52.217987,0.625325,2.0,15.29,AVOID,STRONG_SELL,48.779326,52.217987,2.67,squeeze,UNGATED_SHADOW,2026-09-04,True,shadow — never published
2026-09-04T10:16:42.628527,VET,0.006802,54.12,61.17884999999999,56.94,WATCH,WATCH,14.210000038146973,,,0.00018172380476419821,,54.12,WATCH,WATCH,,,,squeeze,UNGATED_SHADOW,2026-09-04,True,shadow — never published
2026-09-04T10:16:42.628527,LINK,11.982,21.76,55.18546527777777,35.13,AVOID,SELL,14.210000038146973,11.345775,12.300112,0.212075,2.0,21.76,AVOID,STRONG_SELL,11.133912,12.300112,2.67,squeeze,UNGATED_SHADOW,2026-09-04,True,shadow — never published
2026-09-04T10:16:42.628527,AVAX,7.478,20.59,53.45157673611111,33.73,AVOID,SELL,14.210000038146973,7.20204,7.61598,0.0919867,2.0,20.59,AVOID,STRONG_SELL,7.1101453,7.61598,2.67,squeeze,UNGATED_SHADOW,2026-09-04,True,shadow — never published
2026-09-04T10:16:42.628527,SOL,103.78,36.47,59.53050069444444,45.69,WATCH,WATCH,14.210000038146973,,,1.8343595924702802,,36.47,AVOID,SELL,98.27692,106.53154,2.0,squeeze,UNGATED_SHADOW,2026-09-04,True,shadow — never published
2026-09-04T10:16:42.628527,XLM,0.18516,27.65,59.65155416666666,40.45,AVOID,WATCH,14.210000038146973,,,0.00285398745791528,,27.65,AVOID,SELL,0.17659804,0.18944098,2.0,squeeze,UNGATED_SHADOW,2026-09-04,True,shadow — never published
2026-09-04T10:16:42.628527,DOT,0.878,57.22,58.03926215277777,57.55,WATCH,WATCH,14.210000038146973,,,0.013644226406113253,,57.22,WATCH,WATCH,,,,squeeze,UNGATED_SHADOW,2026-09-04,True,shadow — never published
2026-09-04T10:16:42.628527,ALGO,0.09267,24.12,61.05809999999999,38.9,AVOID,SELL,14.210000038146973,0.087599117,0.095205441,0.001690294,2.0,24.12,AVOID,STRONG_SELL,0.085910513,0.095205441,2.67,squeeze,UNGATED_SHADOW,2026-09-04,True,shadow — never published
2026-09-04T10:16:42.628527,ATOM,1.527,40.59,54.54986666666666,46.17,WATCH,WATCH,14.210000038146973,,,0.022093575241938383,,40.59,AVOID,WATCH,,,,squeeze,UNGATED_SHADOW,2026-09-04,True,shadow — never published
2026-09-04T10:16:42.628527,DOGE,0.08738,14.71,52.72115104166666,29.91,AVOID,SELL,14.210000038146973,0.082487941,0.089826029,0.001630686,2.0,14.71,AVOID,STRONG_SELL,0.080858885,0.089826029,2.67,squeeze,UNGATED_SHADOW,2026-09-04,True,shadow — never published
2026-09-04T10:16:42.628527,BCH,257.8,29.41,51.488023611111096,38.24,AVOID,SELL,14.210000038146973,244.76184,264.31908,4.34605,2.0,29.41,AVOID,SELL,244.76184,264.31908,2.0,squeeze,UNGATED_SHADOW,2026-09-04,True,shadow — never published
2026-09-04T10:16:42.628527,TRX,0.3284,26.47,53.77879166666666,37.39,AVOID,SELL,14.210000038146973,0.32027701,0.3324615,0.00270766,2.0,26.47,AVOID,SELL,0.32027701,0.3324615,2.0,squeeze,UNGATED_SHADOW,2026-09-04,True,shadow — never published
2026-09-04T10:16:42.628527,VTHO,0.0004,52.35,58.98857916666666,55.01,WATCH,WATCH,14.210000038146973,,,6.335582907877209e-06,,52.35,WATCH,WATCH,,,,squeeze,UNGATED_SHADOW,2026-09-04,True,shadow — never published
2026-09-04T10:16:42.628527,NEAR,2.023,26.47,60.959199999999996,40.27,AVOID,WATCH,14.210000038146973,,,0.04178701089020698,,26.47,AVOID,SELL,1.897639,2.0856805,2.0,squeeze,UNGATED_SHADOW,2026-09-04,True,shadow — never published
2026-09-04T10:16:42.628527,FET,0.1567,52.94,54.359030555555556,53.51,WATCH,WATCH,14.210000038146973,,,0.003226000030513294,,52.94,WATCH,WATCH,,,,squeeze,UNGATED_SHADOW,2026-09-04,True,shadow — never published
2026-09-04T10:16:42.628527,AAVE,133.97,28.24,58.43469444444444,40.32,AVOID,WATCH,14.210000038146973,,,2.530197943066384,,28.24,AVOID,SELL,126.37941,137.7653,2.0,squeeze,UNGATED_SHADOW,2026-09-04,True,shadow — never published
2026-09-04T10:16:42.628527,UNI,6.342,34.12,53.986440862913604,42.07,AVOID,WATCH,29.649999618530273,,,0.22029858388938214,,34.12,AVOID,SELL,5.6811042,6.6724479,2.0,squeeze,UNGATED_SHADOW,2026-09-04,True,shadow — never published
2026-09-04T10:16:42.628527,GALA,0.001763,55.29,61.358130208333336,57.72,WATCH,WATCH,14.210000038146973,,,2.0844675863406754e-05,,55.29,WATCH,WATCH,,,,squeeze,UNGATED_SHADOW,2026-09-04,True,shadow — never published
2026-09-04T10:16:42.628527,OP,0.099,45.29,59.57846527777777,51.01,WATCH,WATCH,14.210000038146973,,,0.0019379110672736284,,45.29,WATCH,WATCH,,,,squeeze,UNGATED_SHADOW,2026-09-04,True,shadow — never published
2026-09-04T10:16:42.628527,ETC,7.63,32.94,56.502630555555555,42.37,AVOID,WATCH,14.210000038146973,,,0.08938398983637626,,32.94,AVOID,SELL,7.361848,7.764076,2.0,squeeze,UNGATED_SHADOW,2026-09-04,True,shadow — never published
2026-09-04T14:40:01.130577,BTC,79317.86,14.71,55.74918888888888,31.13,AVOID,SELL,14.069999694824219,76081.223,80936.179,1078.879,2.0,14.71,AVOID,STRONG_SELL,75003.422,80936.179,2.67,squeeze,UNGATED_SHADOW,2026-09-04,True,shadow — never published
2026-09-04T14:40:01.130577,ETH,2450.73,16.47,51.65646666666666,30.54,AVOID,SELL,14.069999694824219,2327.2176,2512.4862,41.1708,2.0,16.47,AVOID,STRONG_SELL,2286.0879,2512.4862,2.67,squeeze,UNGATED_SHADOW,2026-09-04,True,shadow — never published
2026-09-04T14:40:01.130577,ADA,0.2133,10.0,55.51739999999999,28.21,AVOID,SELL,14.069999694824219,0.19621042,0.22184479,0.00569653,2.0,10.0,AVOID,STRONG_SELL,0.19051959,0.22184479,2.67,squeeze,UNGATED_SHADOW,2026-09-04,True,shadow — never published
2026-09-04T14:40:01.130577,BNB,714.31,12.35,51.90084166666666,28.17,AVOID,SELL,14.069999694824219,687.67417,727.62792,8.87861,2.0,12.35,AVOID,STRONG_SELL,678.80444,727.62792,2.67,squeeze,UNGATED_SHADOW,2026-09-04,True,shadow — never published
2026-09-04T14:40:01.130577,XRP,1.3989,15.88,56.09438055555555,31.97,AVOID,SELL,14.069999694824219,1.3038539,1.446423,0.031682,2.0,15.88,AVOID,STRONG_SELL,1.2722036,1.446423,2.67,squeeze,UNGATED_SHADOW,2026-09-04,True,shadow — never published
2026-09-04T14:40:01.130577,LTC,50.26,21.18,59.92075,36.68,AVOID,SELL,14.069999694824219,48.222309,51.278845,0.67923,2.0,21.18,AVOID,STRONG_SELL,47.543758,51.278845,2.67,squeeze,UNGATED_SHADOW,2026-09-04,True,shadow — never published
2026-09-04T14:40:01.130577,VET,0.006664,52.94,55.845725,54.1,WATCH,WATCH,14.069999694824219,,,0.00019019761462797996,,52.94,WATCH,WATCH,,,,squeeze,UNGATED_SHADOW,2026-09-04,True,shadow — never published
2026-09-04T14:40:01.130577,LINK,11.62,21.18,55.167728125,34.78,AVOID,SELL,14.069999694824219,10.910291,11.974854,0.23657,2.0,21.18,AVOID,STRONG_SELL,10.673958,11.974854,2.67,squeeze,UNGATED_SHADOW,2026-09-04,True,shadow — never published
2026-09-04T14:40:01.130577,AVAX,7.343,20.0,54.97625312499999,33.99,AVOID,SELL,14.069999694824219,7.0396086,7.4946957,0.1011305,2.0,20.0,AVOID,STRONG_SELL,6.9385792,7.4946957,2.67,squeeze,UNGATED_SHADOW,2026-09-04,True,shadow — never published
2026-09-04T14:40:01.130577,SOL,101.0,37.65,56.65462222222221,45.25,WATCH,WATCH,14.069999694824219,,,1.9969053358652602,,37.65,AVOID,SELL,95.00928,103.99536,2.0,squeeze,UNGATED_SHADOW,2026-09-04,True,shadow — never published
2026-09-04T14:40:01.130577,XLM,0.18003,27.65,52.974111111111114,37.78,AVOID,SELL,14.069999694824219,0.17078318,0.18465341,0.00308227,2.0,27.65,AVOID,SELL,0.17078318,0.18465341,2.0,squeeze,UNGATED_SHADOW,2026-09-04,True,shadow — never published
2026-09-04T14:40:01.130577,DOT,0.857,57.97,54.76555555555555,56.69,WATCH,WATCH,14.069999694824219,,,0.014812495948533736,,57.97,WATCH,WATCH,,,,squeeze,UNGATED_SHADOW,2026-09-04,True,shadow — never published
2026-09-04T14:40:01.130577,ALGO,0.09134,25.29,61.43664166666666,39.75,AVOID,SELL,14.069999694824219,0.086155609,0.093932196,0.00172813,2.0,25.29,AVOID,SELL,0.086155609,0.093932196,2.0,squeeze,UNGATED_SHADOW,2026-09-04,True,shadow — never published
2026-09-04T14:40:01.130577,ATOM,1.516,36.47,54.90858680555555,43.85,AVOID,WATCH,14.069999694824219,,,0.023913421908330526,,36.47,AVOID,SELL,1.4442597,1.5518701,2.0,squeeze,UNGATED_SHADOW,2026-09-04,True,shadow — never published
2026-09-04T14:40:01.130577,DOGE,0.08457,15.29,48.96855729166667,28.76,AVOID,SELL,14.069999694824219,0.079172374,0.087268813,0.001799209,2.0,15.29,AVOID,STRONG_SELL,0.077374964,0.087268813,2.67,squeeze,UNGATED_SHADOW,2026-09-04,True,shadow — never published
2026-09-04T14:40:01.130577,BCH,252.4,28.24,49.385815625,36.7,AVOID,SELL,14.069999694824219,238.04313,259.57843,4.78562,2.0,28.24,AVOID,SELL,238.04313,259.57843,2.0,squeeze,UNGATED_SHADOW,2026-09-04,True,shadow — never published
2026-09-04T14:40:01.130577,TRX,0.3304,30.59,52.79969444444444,39.47,AVOID,SELL,14.069999694824219,0.32236436,0.33441782,0.00267855,2.0,30.59,AVOID,SELL,0.32236436,0.33441782,2.0,squeeze,UNGATED_SHADOW,2026-09-04,True,shadow — never published
2026-09-04T14:40:01.130577,VTHO,0.000397,54.12,56.435643055555545,55.05,WATCH,WATCH,14.069999694824219,,,6.796306577722711e-06,,54.12,WATCH,WATCH,,,,squeeze,UNGATED_SHADOW,2026-09-04,True,shadow — never published
2026-09-04T14:40:01.130577,NEAR,1.946,28.24,62.842253124999985,42.08,AVOID,WATCH,14.069999694824219,,,0.04457263256131463,,28.24,AVOID,SELL,1.8122821,2.0128589,2.0,squeeze,UNGATED_SHADOW,2026-09-04,True,shadow — never published
2026-09-04T14:40:01.130577,FET,0.1537,55.88,51.940468749999994,54.3,WATCH,WATCH,14.050000190734863,,,0.0032170000283337744,,55.88,WATCH,WATCH,,,,squeeze,UNGATED_SHADOW,2026-09-04,True,shadow — never published
2026-09-04T14:40:01.130577,AAVE,130.35,30.0,61.745225,42.7,AVOID,WATCH,14.069999694824219,,,2.7997246206024577,,30.0,AVOID,SELL,121.95083,134.54959,2.0,squeeze,UNGATED_SHADOW,2026-09-04,True,shadow — never published
2026-09-04T14:40:01.130577,UNI,6.301,34.12,53.986440862913604,42.07,AVOID,WATCH,29.649999618530273,,,0.22470582789728344,,34.12,AVOID,SELL,5.6268825,6.6380587,2.0,squeeze,UNGATED_SHADOW,2026-09-04,True,shadow — never published
2026-09-04T14:40:01.130577,GALA,0.001762,55.88,60.8536954861111,57.87,WATCH,WATCH,14.050000190734863,,,2.049862758744914e-05,,55.88,WATCH,WATCH,,,,squeeze,UNGATED_SHADOW,2026-09-04,True,shadow — never published
2026-09-04T14:40:01.130577,OP,0.097,45.88,53.29406666666666,48.85,WATCH,WATCH,14.050000190734863,,,0.0020137745624683695,,45.88,WATCH,WATCH,,,,squeeze,UNGATED_SHADOW,2026-09-04,True,shadow — never published
2026-09-04T14:40:01.130577,ETC,7.38,34.12,51.773239583333336,41.18,AVOID,WATCH,14.050000190734863,,,0.10157084770520651,,34.12,AVOID,SELL,7.0752875,7.5323563,2.0,squeeze,UNGATED_SHADOW,2026-09-04,True,shadow — never published
2026-09-04T17:56:59.944147,BTC,79439.94,15.29,56.692188888888886,31.85,AVOID,SELL,14.229999542236328,76269.428,81025.196,1056.837,2.0,15.29,AVOID,STRONG_SELL,75213.648,81025.196,2.67,squeeze,UNGATED_SHADOW,2026-09-04,True,shadow — never published
2026-09-04T17:56:59.944147,ETH,2445.71,17.06,52.02536111111111,31.05,AVOID,SELL,14.229999542236328,2326.4851,2505.3224,39.7416,2.0,17.06,AVOID,STRONG_SELL,2286.7833,2505.3224,2.67,squeeze,UNGATED_SHADOW,2026-09-04,True,shadow — never published
2026-09-04T17:56:59.944147,ADA,0.21118,11.18,56.220816666666664,29.2,AVOID,SELL,14.229999542236328,0.19414524,0.21969738,0.00567825,2.0,11.18,AVOID,STRONG_SELL,0.18847266,0.21969738,2.67,squeeze,UNGATED_SHADOW,2026-09-04,True,shadow — never published
2026-09-04T17:56:59.944147,BNB,717.1,11.76,51.88924583333333,27.81,AVOID,SELL,14.229999542236328,691.09892,730.10054,8.66703,2.0,11.76,AVOID,STRONG_SELL,682.44056,730.10054,2.67,squeeze,UNGATED_SHADOW,2026-09-04,True,shadow — never published
2026-09-04T17:56:59.944147,XRP,1.3912,17.06,53.166472569444444,31.5,AVOID,SELL,14.229999542236328,1.2974771,1.4380614,0.031241,2.0,17.06,AVOID,STRONG_SELL,1.2662674,1.4380614,2.67,squeeze,UNGATED_SHADOW,2026-09-04,True,shadow — never published
2026-09-04T17:56:59.944147,LTC,50.42,22.94,59.36031666666666,37.51,AVOID,SELL,14.229999542236328,48.489287,51.385356,0.643571,2.0,22.94,AVOID,STRONG_SELL,47.84636,51.385356,2.67,squeeze,UNGATED_SHADOW,2026-09-04,True,shadow — never published
2026-09-04T17:56:59.944147,VET,0.006656,53.53,57.42541770833333,55.09,WATCH,WATCH,14.229999542236328,,,0.0001789488054198589,,53.53,WATCH,WATCH,,,,squeeze,UNGATED_SHADOW,2026-09-04,True,shadow — never published
2026-09-04T17:56:59.944147,LINK,11.591,21.18,55.58795729166667,34.94,AVOID,SELL,14.229999542236328,10.898556,11.937222,0.230815,2.0,21.18,AVOID,STRONG_SELL,10.667972,11.937222,2.67,squeeze,UNGATED_SHADOW,2026-09-04,True,shadow — never published
2026-09-04T17:56:59.944147,AVAX,7.368,20.59,54.25295104166666,34.06,AVOID,SELL,14.229999542236328,7.0841365,7.5099317,0.0946212,2.0,20.59,AVOID,STRONG_SELL,6.98961,7.5099317,2.67,squeeze,UNGATED_SHADOW,2026-09-04,True,shadow — never published
2026-09-04T17:56:59.944147,SOL,101.11,38.82,55.85019722222222,45.63,WATCH,WATCH,14.229999542236328,,,1.922840669017741,,38.82,AVOID,SELL,95.34148,103.99426,2.0,squeeze,UNGATED_SHADOW,2026-09-04,True,shadow — never published
2026-09-04T17:56:59.944147,XLM,0.17843,28.82,45.30542395833333,35.41,AVOID,SELL,14.229999542236328,0.16935555,0.18296722,0.00302482,2.0,28.82,AVOID,SELL,0.16935555,0.18296722,2.0,squeeze,UNGATED_SHADOW,2026-09-04,True,shadow — never published
2026-09-04T17:56:59.944147,DOT,0.857,54.71,54.690102777777774,54.7,WATCH,WATCH,14.229999542236328,,,0.014234052360373164,,54.71,WATCH,WATCH,,,,squeeze,UNGATED_SHADOW,2026-09-04,True,shadow — never published
2026-09-04T17:56:59.944147,ALGO,0.09113,24.71,61.566911111111104,39.45,AVOID,SELL,14.229999542236328,0.085936025,0.093726988,0.001731325,2.0,24.71,AVOID,STRONG_SELL,0.084206431,0.093726988,2.67,squeeze,UNGATED_SHADOW,2026-09-04,True,shadow — never published
2026-09-04T17:56:59.944147,ATOM,1.484,39.41,53.007093749999996,44.85,AVOID,WATCH,14.229999542236328,,,0.0226696060577355,,39.41,AVOID,SELL,1.4159912,1.5180044,2.0,squeeze,UNGATED_SHADOW,2026-09-04,True,shadow — never published
2026-09-04T17:56:59.944147,DOGE,0.08408,15.88,46.798531249999996,28.25,AVOID,SELL,14.229999542236328,0.0788645,0.08668775,0.0017385,2.0,15.88,AVOID,STRONG_SELL,0.077127739,0.08668775,2.67,squeeze,UNGATED_SHADOW,2026-09-04,True,shadow — never published
2026-09-04T17:56:59.944147,BCH,251.4,28.82,50.10546006944444,37.33,AVOID,SELL,14.229999542236328,237.52066,258.33967,4.62645,2.0,28.82,AVOID,SELL,237.52066,258.33967,2.0,squeeze,UNGATED_SHADOW,2026-09-04,True,shadow — never published
2026-09-04T17:56:59.944147,TRX,0.3321,26.47,52.29786319444444,36.8,AVOID,SELL,14.229999542236328,0.3241914,0.3360543,0.0026362,2.0,26.47,AVOID,SELL,0.3241914,0.3360543,2.0,squeeze,UNGATED_SHADOW,2026-09-04,True,shadow — never published
2026-09-04T17:56:59.944147,VTHO,0.000397,54.12,58.532891666666664,55.89,WATCH,WATCH,14.229999542236328,,,6.50983569972211e-06,,54.12,WATCH,WATCH,,,,squeeze,UNGATED_SHADOW,2026-09-04,True,shadow — never published
2026-09-04T17:56:59.944147,NEAR,1.998,25.29,62.2117736111111,40.06,AVOID,WATCH,14.229999542236328,,,0.048373566970200316,,25.29,AVOID,SELL,1.8528793,2.0705604,2.0,squeeze,UNGATED_SHADOW,2026-09-04,True,shadow — never published
2026-09-04T17:56:59.944147,FET,0.1548,57.81,51.112516666666664,55.13,WATCH,WATCH,14.229999542236328,,,0.0030229285977385048,,57.81,WATCH,WATCH,,,,squeeze,UNGATED_SHADOW,2026-09-04,True,shadow — never published
2026-09-04T17:56:59.944147,AAVE,130.48,30.59,61.99755416666666,43.15,AVOID,WATCH,14.229999542236328,,,2.738978984436975,,30.59,AVOID,SELL,122.26306,134.58847,2.0,squeeze,UNGATED_SHADOW,2026-09-04,True,shadow — never published
2026-09-04T17:56:59.944147,UNI,6.253,34.71,53.986440862913604,42.42,AVOID,WATCH,29.649999618530273,,,0.21915541161890606,,34.71,AVOID,SELL,5.5955338,6.5817331,2.0,squeeze,UNGATED_SHADOW,2026-09-04,True,shadow — never published
2026-09-04T17:56:59.944147,GALA,0.001762,59.57,60.8536954861111,60.08,BUY,BUY,14.229999542236328,0.0018191033,0.0017334483,1.90344e-05,2.0,59.57,WATCH,WATCH,,,,squeeze,UNGATED_SHADOW,2026-09-04,True,shadow — never published
2026-09-04T17:56:59.944147,OP,0.097,46.47,54.2193454861111,49.57,WATCH,WATCH,14.229999542236328,,,0.0018699335222920575,,46.47,WATCH,WATCH,,,,squeeze,UNGATED_SHADOW,2026-09-04,True,shadow — never published
2026-09-04T17:56:59.944147,ETC,7.39,35.88,51.33829999999999,42.06,AVOID,WATCH,14.229999542236328,,,0.09778517490993664,,35.88,AVOID,SELL,7.0966445,7.5366778,2.0,squeeze,UNGATED_SHADOW,2026-09-04,True,shadow — never published
2026-09-04T20:12:53.588816,BTC,79845.19,14.71,55.83249999999999,31.16,AVOID,SELL,14.399999618530273,76884.862,81325.354,986.776,2.0,14.71,AVOID,STRONG_SELL,75899.073,81325.354,2.67,squeeze,UNGATED_SHADOW,2026-09-04,True,shadow — never published
2026-09-04T20:12:53.588816,ETH,2455.46,17.06,52.8844829861111,31.39,AVOID,SELL,14.399999618530273,2344.1576,2511.1112,37.1008,2.0,17.06,AVOID,STRONG_SELL,2307.094,2511.1112,2.67,squeeze,UNGATED_SHADOW,2026-09-04,True,shadow — never published
2026-09-04T20:12:53.588816,ADA,0.21372,11.76,55.80068333333333,29.38,AVOID,SELL,14.399999618530273,0.19790201,0.221629,0.00527266,2.0,11.76,AVOID,STRONG_SELL,0.19263461,0.221629,2.67,squeeze,UNGATED_SHADOW,2026-09-04,True,shadow — never published
2026-09-04T20:12:53.588816,BNB,720.1,12.35,47.93391666666666,26.58,AVOID,SELL,14.399999618530273,695.58099,732.35951,8.173,2.0,12.35,AVOID,STRONG_SELL,687.41616,732.35951,2.67,squeeze,UNGATED_SHADOW,2026-09-04,True,shadow — never published
2026-09-04T20:12:53.588816,XRP,1.3983,17.06,55.803749999999994,32.56,AVOID,SELL,14.399999618530273,1.3106073,1.4421463,0.0292309,2.0,17.06,AVOID,STRONG_SELL,1.2814056,1.4421463,2.67,squeeze,UNGATED_SHADOW,2026-09-04,True,shadow — never published
2026-09-04T20:12:53.588816,LTC,50.65,23.53,59.583033333333326,37.95,AVOID,SELL,14.399999618530273,48.794746,51.577627,0.618418,2.0,23.53,AVOID,STRONG_SELL,48.176947,51.577627,2.67,squeeze,UNGATED_SHADOW,2026-09-04,True,shadow — never published
2026-09-04T20:12:53.588816,VET,0.0067,55.29,58.497026041666665,56.57,WATCH,WATCH,14.399999618530273,,,0.00016917695197150168,,55.29,WATCH,WATCH,,,,squeeze,UNGATED_SHADOW,2026-09-04,True,shadow — never published
2026-09-04T20:12:53.588816,LINK,11.707,19.41,57.43660624999999,34.62,AVOID,SELL,14.399999618530273,11.062516,12.029242,0.214828,2.0,19.41,AVOID,STRONG_SELL,10.847903,12.029242,2.67,squeeze,UNGATED_SHADOW,2026-09-04,True,shadow — never published
2026-09-04T20:12:53.588816,AVAX,7.386,20.0,54.41764062499999,33.77,AVOID,SELL,14.399999618530273,7.1208207,7.5185897,0.0883931,2.0,20.0,AVOID,STRONG_SELL,7.0325159,7.5185897,2.67,squeeze,UNGATED_SHADOW,2026-09-04,True,shadow — never published
2026-09-04T20:12:53.588816,SOL,101.7,39.41,56.1363875,46.1,WATCH,WATCH,14.399999618530273,,,1.7947806212307593,,39.41,AVOID,SELL,96.31566,104.39217,2.0,squeeze,UNGATED_SHADOW,2026-09-04,True,shadow — never published
2026-09-04T20:12:53.588816,XLM,0.17943,27.65,51.49400520833333,37.19,AVOID,SELL,14.399999618530273,0.17092414,0.18368293,0.00283529,2.0,27.65,AVOID,SELL,0.17092414,0.18368293,2.0,squeeze,UNGATED_SHADOW,2026-09-04,True,shadow — never published
2026-09-04T20:12:53.588816,DOT,0.876,57.81,58.43851979166666,58.06,WATCH,WATCH,14.399999618530273,,,0.01474284453871386,,57.81,WATCH,WATCH,,,,squeeze,UNGATED_SHADOW,2026-09-04,True,shadow — never published
2026-09-04T20:12:53.588816,ALGO,0.09095,27.06,59.641523611111104,40.09,AVOID,WATCH,14.399999618530273,,,0.0016076590584628372,,27.06,AVOID,SELL,0.086127023,0.093361489,2.0,squeeze,UNGATED_SHADOW,2026-09-04,True,shadow — never published
2026-09-04T20:12:53.588816,ATOM,1.498,37.06,53.34204722222221,43.57,AVOID,WATCH,14.399999618530273,,,0.021978919910754395,,37.06,AVOID,SELL,1.4320632,1.5309684,2.0,squeeze,UNGATED_SHADOW,2026-09-04,True,shadow — never published
2026-09-04T20:12:53.588816,DOGE,0.08468,16.47,48.96855729166667,29.47,AVOID,SELL,14.399999618530273,0.079773056,0.087133472,0.001635648,2.0,16.47,AVOID,STRONG_SELL,0.078139044,0.087133472,2.67,squeeze,UNGATED_SHADOW,2026-09-04,True,shadow — never published
2026-09-04T20:12:53.588816,BCH,253.4,28.24,53.07090277777777,38.17,AVOID,SELL,14.399999618530273,240.04062,260.07969,4.45313,2.0,28.24,AVOID,SELL,240.04062,260.07969,2.0,squeeze,UNGATED_SHADOW,2026-09-04,True,shadow — never published
2026-09-04T20:12:53.588816,TRX,0.3325,20.0,51.05698124999999,32.42,AVOID,SELL,14.399999618530273,0.32493283,0.33628359,0.00252239,2.0,20.0,AVOID,STRONG_SELL,0.32241296,0.33628359,2.67,squeeze,UNGATED_SHADOW,2026-09-04,True,shadow — never published
2026-09-04T20:12:53.588816,VTHO,0.000397,54.12,58.532891666666664,55.89,WATCH,WATCH,14.399999618530273,,,6.044847435456245e-06,,54.12,WATCH,WATCH,,,,squeeze,UNGATED_SHADOW,2026-09-04,True,shadow — never published
2026-09-04T20:12:53.588816,NEAR,2.123,9.41,59.96723715277777,29.63,AVOID,SELL,14.399999618530273,1.9316583,2.2186708,0.0637806,2.0,9.41,AVOID,STRONG_SELL,1.8679416,2.2186708,2.67,squeeze,UNGATED_SHADOW,2026-09-04,True,shadow — never published
2026-09-04T20:12:53.588816,FET,0.1521,54.12,52.53834895833333,53.49,WATCH,WATCH,14.399999618530273,,,0.0029529234938184064,,54.12,WATCH,WATCH,,,,squeeze,UNGATED_SHADOW,2026-09-04,True,shadow — never published
2026-09-04T20:12:53.588816,AAVE,130.72,32.35,61.99755416666666,44.21,AVOID,WATCH,14.399999618530273,,,2.555480485548619,,32.35,AVOID,SELL,123.05356,134.55322,2.0,squeeze,UNGATED_SHADOW,2026-09-04,True,shadow — never published
2026-09-04T20:12:53.588816,UNI,6.244,36.47,53.986440862913604,43.48,AVOID,WATCH,29.649999618530273,,,0.20350145364612707,,36.47,AVOID,SELL,5.6334956,6.5492522,2.0,squeeze,UNGATED_SHADOW,2026-09-04,True,shadow — never published
2026-09-04T20:12:53.588816,GALA,0.00176,61.5,61.10648784722222,61.34,BUY,BUY,14.399999618530273,0.0018134225,0.0017332888,1.78075e-05,2.0,61.5,BUY,BUY,0.0018134225,0.0017332888,2.0,squeeze,UNGATED_SHADOW,2026-09-04,True,shadow — never published
2026-09-04T20:12:53.588816,OP,0.097,47.06,58.77905555555556,51.75,WATCH,WATCH,14.399999618530273,,,0.001736366842128339,,47.06,WATCH,WATCH,,,,squeeze,UNGATED_SHADOW,2026-09-04,True,shadow — never published
2026-09-04T20:12:53.588816,ETC,7.39,42.35,52.032564583333325,46.22,WATCH,WATCH,14.399999618530273,,,0.09080051955922688,,42.35,AVOID,WATCH,,,,squeeze,UNGATED_SHADOW,2026-09-04,True,shadow — never published
2026-09-04T22:41:22.293997,BTC,79701.71,15.29,56.249374999999986,31.67,AVOID,SELL,14.529999732971191,76693.686,81205.722,1002.675,2.0,15.29,AVOID,STRONG_SELL,75692.014,81205.722,2.67,squeeze,UNGATED_SHADOW,2026-09-04,True,shadow — never published
2026-09-04T22:41:22.293997,ETH,2453.31,17.06,52.8844829861111,31.39,AVOID,SELL,14.529999732971191,2341.0048,2509.4626,37.4351,2.0,17.06,AVOID,STRONG_SELL,2303.6071,2509.4626,2.67,squeeze,UNGATED_SHADOW,2026-09-04,True,shadow — never published
2026-09-04T22:41:22.293997,ADA,0.21047,11.76,56.656283333333334,29.72,AVOID,SELL,14.529999732971191,0.19395558,0.21872721,0.00550481,2.0,11.76,AVOID,STRONG_SELL,0.18845627,0.21872721,2.67,squeeze,UNGATED_SHADOW,2026-09-04,True,shadow — never published
2026-09-04T22:41:22.293997,BNB,718.08,12.35,49.87664999999999,27.36,AVOID,SELL,14.529999732971191,692.96313,730.63843,8.37229,2.0,12.35,AVOID,STRONG_SELL,684.59921,730.63843,2.67,squeeze,UNGATED_SHADOW,2026-09-04,True,shadow — never published
2026-09-04T22:41:22.293997,XRP,1.3956,17.65,55.692775,32.87,AVOID,SELL,14.529999732971191,1.3069859,1.4399071,0.029538,2.0,17.65,AVOID,STRONG_SELL,1.2774774,1.4399071,2.67,squeeze,UNGATED_SHADOW,2026-09-04,True,shadow — never published
2026-09-04T22:41:22.293997,LTC,50.81,22.94,59.14073055555556,37.42,AVOID,SELL,14.529999732971191,48.929032,51.750484,0.626989,2.0,22.94,AVOID,STRONG_SELL,48.30267,51.750484,2.67,squeeze,UNGATED_SHADOW,2026-09-04,True,shadow — never published
2026-09-04T22:41:22.293997,VET,0.00671,54.71,58.48528645833332,56.22,WATCH,WATCH,14.529999732971191,,,0.00017039123768578738,,54.71,WATCH,WATCH,,,,squeeze,UNGATED_SHADOW,2026-09-04,True,shadow — never published
2026-09-04T22:41:22.293997,LINK,11.623,20.0,55.256901041666666,34.1,AVOID,SELL,14.529999732971191,10.957731,11.955635,0.221756,2.0,20.0,AVOID,STRONG_SELL,10.736196,11.955635,2.67,squeeze,UNGATED_SHADOW,2026-09-04,True,shadow — never published
2026-09-04T22:41:22.293997,AVAX,7.349,20.0,54.80006354166666,33.92,AVOID,SELL,14.529999732971191,7.0758921,7.485554,0.091036,2.0,20.0,AVOID,STRONG_SELL,6.9849472,7.485554,2.67,squeeze,UNGATED_SHADOW,2026-09-04,True,shadow — never published
2026-09-04T22:41:22.293997,SOL,101.76,39.41,56.022409722222214,46.05,WATCH,WATCH,14.529999732971191,,,1.8083520498021888,,39.41,AVOID,SELL,96.33494,104.47253,2.0,squeeze,UNGATED_SHADOW,2026-09-04,True,shadow — never published
2026-09-04T22:41:22.293997,XLM,0.17933,27.65,51.219969791666664,37.08,AVOID,SELL,14.529999732971191,0.17072985,0.18363007,0.00286672,2.0,27.65,AVOID,SELL,0.17072985,0.18363007,2.0,squeeze,UNGATED_SHADOW,2026-09-04,True,shadow — never published
2026-09-04T22:41:22.293997,DOT,0.876,57.81,58.40941840277777,58.05,WATCH,WATCH,14.529999732971191,,,0.01474284453871386,,57.81,WATCH,WATCH,,,,squeeze,UNGATED_SHADOW,2026-09-04,True,shadow — never published
2026-09-04T22:41:22.293997,ALGO,0.09095,27.06,58.19766666666666,39.52,AVOID,SELL,14.529999732971191,0.086127023,0.093361489,0.001607659,2.0,27.06,AVOID,SELL,0.086127023,0.093361489,2.0,squeeze,UNGATED_SHADOW,2026-09-04,True,shadow — never published
2026-09-04T22:41:22.293997,ATOM,1.5,37.06,55.51517986111111,44.44,AVOID,WATCH,14.529999732971191,,,0.022121777053611538,,37.06,AVOID,SELL,1.4336347,1.5331827,2.0,squeeze,UNGATED_SHADOW,2026-09-04,True,shadow — never published
2026-09-04T22:41:22.293997,DOGE,0.08459,16.47,48.96191284722222,29.47,AVOID,SELL,14.529999732971191,0.079610199,0.0870799,0.001659934,2.0,16.47,AVOID,STRONG_SELL,0.077951925,0.0870799,2.67,squeeze,UNGATED_SHADOW,2026-09-04,True,shadow — never published
2026-09-04T22:41:22.293997,BCH,252.3,28.82,50.40094618055556,37.45,AVOID,SELL,14.529999732971191,238.94062,258.97969,4.45313,2.0,28.82,AVOID,SELL,238.94062,258.97969,2.0,squeeze,UNGATED_SHADOW,2026-09-04,True,shadow — never published
2026-09-04T22:41:22.293997,TRX,0.3319,21.18,51.05698124999999,33.13,AVOID,SELL,14.529999732971191,0.32396854,0.33586573,0.00264382,2.0,21.18,AVOID,STRONG_SELL,0.32132737,0.33586573,2.67,squeeze,UNGATED_SHADOW,2026-09-04,True,shadow — never published
2026-09-04T22:41:22.293997,VTHO,0.000397,54.12,58.532891666666664,55.89,WATCH,WATCH,14.529999732971191,,,6.044847435456245e-06,,54.12,WATCH,WATCH,,,,squeeze,UNGATED_SHADOW,2026-09-04,True,shadow — never published
2026-09-04T22:41:22.293997,NEAR,2.139,9.41,60.27976562499999,29.76,AVOID,SELL,14.529999732971191,1.9453012,2.2358494,0.0645663,2.0,9.41,AVOID,STRONG_SELL,1.8807995,2.2358494,2.67,squeeze,UNGATED_SHADOW,2026-09-04,True,shadow — never published
2026-09-04T22:41:22.293997,FET,0.1553,57.22,49.771704513888885,54.24,WATCH,WATCH,14.529999732971191,,,0.0031814949223898338,,57.22,WATCH,WATCH,,,,squeeze,UNGATED_SHADOW,2026-09-04,True,shadow — never published
2026-09-04T22:41:22.293997,AAVE,130.72,32.35,62.258524305555554,44.31,AVOID,WATCH,14.529999732971191,,,2.555480485548619,,32.35,AVOID,SELL,123.05356,134.55322,2.0,squeeze,UNGATED_SHADOW,2026-09-04,True,shadow — never published
2026-09-04T22:41:22.293997,UNI,6.093,37.06,53.986440862913604,43.83,AVOID,WATCH,29.649999618530273,,,0.21428716793184133,,37.06,AVOID,SELL,5.4501385,6.4144308,2.0,squeeze,UNGATED_SHADOW,2026-09-04,True,shadow — never published
2026-09-04T22:41:22.293997,GALA,0.00176,61.5,60.59975312499999,61.14,BUY,BUY,14.529999732971191,0.0018134225,0.0017332888,1.78075e-05,2.0,61.5,BUY,BUY,0.0018134225,0.0017332888,2.0,squeeze,UNGATED_SHADOW,2026-09-04,True,shadow — never published
2026-09-04T22:41:22.293997,OP,0.097,47.06,57.32184583333333,51.16,WATCH,WATCH,14.529999732971191,,,0.001736366842128339,,47.06,WATCH,WATCH,,,,squeeze,UNGATED_SHADOW,2026-09-04,True,shadow — never published
2026-09-04T22:41:22.293997,ETC,7.39,42.35,52.032564583333325,46.22,WATCH,WATCH,14.529999732971191,,,0.09080051955922688,,42.35,AVOID,WATCH,,,,squeeze,UNGATED_SHADOW,2026-09-04,True,shadow — never published
2026-09-05T00:31:08.727034,BTC,79648.05,17.06,56.672,32.9,AVOID,SELL,14.529999732971191,76833.958,81055.096,938.031,2.0,17.06,AVOID,STRONG_SELL,75896.865,81055.096,2.67,squeeze,UNGATED_SHADOW,2026-09-05,True,shadow — never published
2026-09-05T00:31:08.727034,ETH,2452.98,18.24,53.407796875,32.31,AVOID,SELL,14.529999732971191,2347.7699,2505.585,35.07,2.0,18.24,AVOID,STRONG_SELL,2312.735,2505.585,2.67,squeeze,UNGATED_SHADOW,2026-09-05,True,shadow — never published
2026-09-05T00:31:08.727034,ADA,0.21068,13.53,57.20342777777777,31.0,AVOID,SELL,14.529999732971191,0.19504778,0.21849611,0.00521074,2.0,13.53,AVOID,STRONG_SELL,0.18984225,0.21849611,2.67,squeeze,UNGATED_SHADOW,2026-09-05,True,shadow — never published
2026-09-05T00:31:08.727034,BNB,720.06,14.71,47.584444444444436,27.86,AVOID,SELL,14.529999732971191,696.2898,731.9451,7.9234,2.0,14.71,AVOID,STRONG_SELL,688.37432,731.9451,2.67,squeeze,UNGATED_SHADOW,2026-09-05,True,shadow — never published
2026-09-05T00:31:08.727034,XRP,1.3969,18.24,56.0975111111111,33.38,AVOID,SELL,14.529999732971191,1.313919,1.4383905,0.0276603,2.0,18.24,AVOID,STRONG_SELL,1.2862864,1.4383905,2.67,squeeze,UNGATED_SHADOW,2026-09-05,True,shadow — never published
2026-09-05T00:31:08.727034,LTC,51.02,24.12,58.897825000000005,38.03,AVOID,SELL,14.529999732971191,49.203591,51.928205,0.60547,2.0,24.12,AVOID,STRONG_SELL,48.598727,51.928205,2.67,squeeze,UNGATED_SHADOW,2026-09-05,True,shadow — never published
2026-09-05T00:31:08.727034,VET,0.006901,50.0,58.88421666666667,53.55,WATCH,WATCH,14.529999732971191,,,0.00017229696560619033,,50.0,WATCH,WATCH,,,,squeeze,UNGATED_SHADOW,2026-09-05,True,shadow — never published
2026-09-05T00:31:08.727034,LINK,11.614,20.59,55.938036458333336,34.73,AVOID,SELL,14.529999732971191,10.987847,11.927077,0.208718,2.0,20.59,AVOID,STRONG_SELL,10.779338,11.927077,2.67,squeeze,UNGATED_SHADOW,2026-09-05,True,shadow — never published
2026-09-05T00:31:08.727034,AVAX,7.388,21.76,54.56370659722222,34.88,AVOID,SELL,14.529999732971191,7.1333284,7.5153358,0.0848905,2.0,21.76,AVOID,STRONG_SELL,7.0485227,7.5153358,2.67,squeeze,UNGATED_SHADOW,2026-09-05,True,shadow — never published
2026-09-05T00:31:08.727034,SOL,101.86,41.18,56.95533125,47.49,WATCH,WATCH,14.529999732971191,,,1.6951024135918276,,41.18,AVOID,WATCH,,,,squeeze,UNGATED_SHADOW,2026-09-05,True,shadow — never published
2026-09-05T00:31:08.727034,XLM,0.17907,30.0,51.84972256944444,38.74,AVOID,SELL,14.529999732971191,0.17085823,0.18317589,0.00273726,2.0,30.0,AVOID,SELL,0.17085823,0.18317589,2.0,squeeze,UNGATED_SHADOW,2026-09-05,True,shadow — never published
2026-09-05T00:31:08.727034,DOT,0.895,51.18,57.56749062499999,53.73,WATCH,WATCH,14.529999732971191,,,0.014949988296152667,,51.18,WATCH,WATCH,,,,squeeze,UNGATED_SHADOW,2026-09-05,True,shadow — never published
2026-09-05T00:31:08.727034,ALGO,0.09052,28.24,62.081599999999995,41.78,AVOID,WATCH,14.529999732971191,,,0.0015809895338787581,,28.24,AVOID,SELL,0.085777031,0.092891484,2.0,squeeze,UNGATED_SHADOW,2026-09-05,True,shadow — never published
2026-09-05T00:31:08.727034,ATOM,1.502,35.88,54.19905277777777,43.21,AVOID,WATCH,14.529999732971191,,,0.02118450726406785,,35.88,AVOID,SELL,1.4384465,1.5337768,2.0,squeeze,UNGATED_SHADOW,2026-09-05,True,shadow — never published
2026-09-05T00:31:08.727034,DOGE,0.0847,17.06,49.467609374999995,30.02,AVOID,SELL,14.529999732971191,0.080054471,0.087022765,0.00154851,2.0,17.06,AVOID,STRONG_SELL,0.078507509,0.087022765,2.67,squeeze,UNGATED_SHADOW,2026-09-05,True,shadow — never published
2026-09-05T00:31:08.727034,BCH,246.4,27.06,44.771935763888884,34.14,AVOID,SELL,14.529999732971191,232.77649,253.21175,4.54117,2.0,27.06,AVOID,SELL,232.77649,253.21175,2.0,squeeze,UNGATED_SHADOW,2026-09-05,True,shadow — never published
2026-09-05T00:31:08.727034,TRX,0.332,20.0,50.7607923611111,32.3,AVOID,SELL,14.529999732971191,0.32457079,0.3357146,0.0024764,2.0,20.0,AVOID,STRONG_SELL,0.32209686,0.3357146,2.67,squeeze,UNGATED_SHADOW,2026-09-05,True,shadow — never published
2026-09-05T00:31:08.727034,VTHO,0.000403,52.94,58.68727916666666,55.24,WATCH,WATCH,14.529999732971191,,,6.04164404720937e-06,,52.94,WATCH,WATCH,,,,squeeze,UNGATED_SHADOW,2026-09-05,True,shadow — never published
2026-09-05T00:31:08.727034,NEAR,2.246,5.29,62.78385069444444,28.29,AVOID,SELL,14.529999732971191,2.0528511,2.3425744,0.064383,2.0,5.29,AVOID,STRONG_SELL,1.9885325,2.3425744,2.67,squeeze,UNGATED_SHADOW,2026-09-05,True,shadow — never published
2026-09-05T00:31:08.727034,FET,0.1553,59.74,54.224288888888886,57.53,WATCH,WATCH,14.529999732971191,,,0.0029542452850762745,,59.74,WATCH,WATCH,,,,squeeze,UNGATED_SHADOW,2026-09-05,True,shadow — never published
2026-09-05T00:31:08.727034,AAVE,130.94,33.53,61.59890347222222,44.76,AVOID,WATCH,14.529999732971191,,,2.3886604508665745,,33.53,AVOID,SELL,123.77402,134.52299,2.0,squeeze,UNGATED_SHADOW,2026-09-05,True,shadow — never published
2026-09-05T00:31:08.727034,UNI,6.178,38.82,53.986440862913604,44.89,AVOID,WATCH,29.649999618530273,,,0.20562379879385267,,38.82,AVOID,SELL,5.5611286,6.4864357,2.0,squeeze,UNGATED_SHADOW,2026-09-05,True,shadow — never published
2026-09-05T00:31:08.727034,GALA,0.00176,62.25,61.10648784722222,61.79,BUY,BUY,14.529999732971191,0.0018096066,0.0017351967,1.65355e-05,2.0,62.25,BUY,BUY,0.0018096066,0.0017351967,2.0,squeeze,UNGATED_SHADOW,2026-09-05,True,shadow — never published
2026-09-05T00:31:08.727034,OP,0.098,48.24,59.82443749999999,52.87,WATCH,WATCH,14.529999732971191,,,0.001678667169731417,,48.24,WATCH,WATCH,,,,squeeze,UNGATED_SHADOW,2026-09-05,True,shadow — never published
2026-09-05T00:31:08.727034,ETC,7.46,44.12,53.716260416666664,47.96,WATCH,WATCH,14.529999732971191,,,0.09125354367234331,,44.12,AVOID,WATCH,,,,squeeze,UNGATED_SHADOW,2026-09-05,True,shadow — never published
2026-09-05T05:07:42.104654,BTC,79474.51,17.65,56.97317222222222,33.38,AVOID,SELL,14.529999732971191,76801.122,80811.204,891.129,2.0,17.65,AVOID,STRONG_SELL,75910.884,80811.204,2.67,squeeze,UNGATED_SHADOW,2026-09-05,True,shadow — never published
2026-09-05T05:07:42.104654,ETH,2445.3,18.82,51.284848958333335,31.81,AVOID,SELL,14.529999732971191,2345.3421,2495.279,33.3193,2.0,18.82,AVOID,STRONG_SELL,2312.0561,2495.279,2.67,squeeze,UNGATED_SHADOW,2026-09-05,True,shadow — never published
2026-09-05T05:07:42.104654,ADA,0.21082,15.29,57.60758888888889,32.22,AVOID,SELL,14.529999732971191,0.19609345,0.21818328,0.00490885,2.0,15.29,AVOID,STRONG_SELL,0.19118951,0.21818328,2.67,squeeze,UNGATED_SHADOW,2026-09-05,True,shadow — never published
2026-09-05T05:07:42.104654,BNB,720.7,15.29,47.584444444444436,28.21,AVOID,SELL,14.529999732971191,697.31517,732.39242,7.79494,2.0,15.29,AVOID,STRONG_SELL,689.52802,732.39242,2.67,squeeze,UNGATED_SHADOW,2026-09-05,True,shadow — never published
2026-09-05T05:07:42.104654,XRP,1.3962,19.41,55.98640833333333,34.04,AVOID,SELL,14.529999732971191,1.31736,1.43562,0.02628,2.0,19.41,AVOID,STRONG_SELL,1.2911063,1.43562,2.67,squeeze,UNGATED_SHADOW,2026-09-05,True,shadow — never published
2026-09-05T05:07:42.104654,LTC,52.43,14.12,57.619599999999984,31.52,AVOID,SELL,14.529999732971191,50.310171,53.489914,0.70661,2.0,14.12,AVOID,STRONG_SELL,49.604268,53.489914,2.67,squeeze,UNGATED_SHADOW,2026-09-05,True,shadow — never published
2026-09-05T05:07:42.104654,VET,0.006878,48.82,60.22728888888887,53.38,WATCH,WATCH,14.529999732971191,,,0.00016768391704248287,,48.82,WATCH,WATCH,,,,squeeze,UNGATED_SHADOW,2026-09-05,True,shadow — never published
2026-09-05T05:07:42.104654,LINK,11.637,21.18,55.80053159722222,35.03,AVOID,SELL,14.529999732971191,11.032598,11.939201,0.201467,2.0,21.18,AVOID,STRONG_SELL,10.831332,11.939201,2.67,squeeze,UNGATED_SHADOW,2026-09-05,True,shadow — never published
2026-09-05T05:07:42.104654,AVAX,7.404,22.94,54.41764062499999,35.53,AVOID,SELL,14.529999732971191,7.1603253,7.5258373,0.0812249,2.0,22.94,AVOID,STRONG_SELL,7.0791817,7.5258373,2.67,squeeze,UNGATED_SHADOW,2026-09-05,True,shadow — never published
2026-09-05T05:07:42.104654,SOL,101.66,42.35,56.27301388888888,47.92,WATCH,WATCH,14.529999732971191,,,1.6106563228250645,,42.35,AVOID,WATCH,,,,squeeze,UNGATED_SHADOW,2026-09-05,True,shadow — never published
2026-09-05T05:07:42.104654,XLM,0.18138,30.59,58.479320833333325,41.75,AVOID,WATCH,14.529999732971191,,,0.002763983803645314,,30.59,AVOID,SELL,0.17308805,0.18552598,2.0,squeeze,UNGATED_SHADOW,2026-09-05,True,shadow — never published
2026-09-05T05:07:42.104654,DOT,0.91,37.06,58.233596180555544,45.53,WATCH,WATCH,14.529999732971191,,,0.01507600954030503,,37.06,AVOID,SELL,0.86477197,0.93261401,2.0,squeeze,UNGATED_SHADOW,2026-09-05,True,shadow — never published
2026-09-05T05:07:42.104654,ALGO,0.09334,38.82,61.53234722222222,47.9,WATCH,WATCH,14.529999732971191,,,0.0016992861998261935,,38.82,AVOID,SELL,0.088242141,0.095888929,2.0,squeeze,UNGATED_SHADOW,2026-09-05,True,shadow — never published
2026-09-05T05:07:42.104654,ATOM,1.536,24.12,53.6475,35.93,AVOID,SELL,14.529999732971191,1.4701901,1.568905,0.0219366,2.0,24.12,AVOID,STRONG_SELL,1.4482754,1.568905,2.67,squeeze,UNGATED_SHADOW,2026-09-05,True,shadow — never published
2026-09-05T05:07:42.104654,DOGE,0.08467,18.24,49.29640312499999,30.66,AVOID,SELL,14.529999732971191,0.080209355,0.086900322,0.001486882,2.0,18.24,AVOID,STRONG_SELL,0.078723961,0.086900322,2.67,squeeze,UNGATED_SHADOW,2026-09-05,True,shadow — never published
2026-09-05T05:07:42.104654,BCH,247.0,28.82,44.91523854166667,35.26,AVOID,SELL,14.529999732971191,234.1996,253.4002,4.2668,2.0,28.82,AVOID,SELL,234.1996,253.4002,2.0,squeeze,UNGATED_SHADOW,2026-09-05,True,shadow — never published
2026-09-05T05:07:42.104654,TRX,0.3324,22.35,50.61365625,33.66,AVOID,SELL,14.529999732971191,0.32494431,0.33612785,0.00248523,2.0,22.35,AVOID,STRONG_SELL,0.32246156,0.33612785,2.67,squeeze,UNGATED_SHADOW,2026-09-05,True,shadow — never published
2026-09-05T05:07:42.104654,VTHO,0.000408,50.0,57.92978055555556,53.17,WATCH,WATCH,14.529999732971191,,,6.008057227510744e-06,,50.0,WATCH,WATCH,,,,squeeze,UNGATED_SHADOW,2026-09-05,True,shadow — never published
2026-09-05T05:07:42.104654,NEAR,2.211,3.53,61.23116701388888,26.61,AVOID,SELL,14.529999732971191,2.017627,2.3076865,0.0644577,2.0,3.53,AVOID,STRONG_SELL,1.9532338,2.3076865,2.67,squeeze,UNGATED_SHADOW,2026-09-05,True,shadow — never published
2026-09-05T05:07:42.104654,FET,0.1638,47.06,60.94195,52.61,WATCH,WATCH,14.529999732971191,,,0.00344067674430552,,47.06,WATCH,WATCH,,,,squeeze,UNGATED_SHADOW,2026-09-05,True,shadow — never published
2026-09-05T05:07:42.104654,AAVE,128.79,35.88,62.75506875,46.63,WATCH,WATCH,14.529999732971191,,,2.352939806416922,,35.88,AVOID,SELL,121.73118,132.31941,2.0,squeeze,UNGATED_SHADOW,2026-09-05,True,shadow — never published
2026-09-05T05:07:42.104654,UNI,6.29,38.82,53.986440862913604,44.89,AVOID,WATCH,29.649999618530273,,,0.20161495602286325,,38.82,AVOID,SELL,5.6851551,6.5924224,2.0,squeeze,UNGATED_SHADOW,2026-09-05,True,shadow — never published
2026-09-05T05:07:42.104654,GALA,0.001886,52.94,64.62256493055555,57.61,WATCH,WATCH,14.529999732971191,,,2.435441749596873e-05,,52.94,WATCH,WATCH,,,,squeeze,UNGATED_SHADOW,2026-09-05,True,shadow — never published
2026-09-05T05:07:42.104654,OP,0.1,50.0,59.41241805555555,53.76,WATCH,WATCH,14.529999732971191,,,0.0018954970657710094,,50.0,WATCH,WATCH,,,,squeeze,UNGATED_SHADOW,2026-09-05,True,shadow — never published
2026-09-05T05:07:42.104654,ETC,7.57,43.53,55.117870833333335,48.17,WATCH,WATCH,14.529999732971191,,,0.09203135177738005,,43.53,AVOID,WATCH,,,,squeeze,UNGATED_SHADOW,2026-09-05,True,shadow — never published
2026-09-05T09:45:03.137984,BTC,79660.76,18.24,54.35513333333333,32.69,AVOID,SELL,14.529999732971191,77104.688,80938.796,852.024,2.0,18.24,AVOID,STRONG_SELL,76253.517,80938.796,2.67,squeeze,UNGATED_SHADOW,2026-09-05,True,shadow — never published
2026-09-05T09:45:03.137984,ETH,2458.92,19.41,53.588203125,33.08,AVOID,SELL,14.529999732971191,2363.5515,2506.6043,31.7895,2.0,19.41,AVOID,STRONG_SELL,2331.7938,2506.6043,2.67,squeeze,UNGATED_SHADOW,2026-09-05,True,shadow — never published
2026-09-05T09:45:03.137984,ADA,0.21336,15.88,54.44407465277777,31.31,AVOID,SELL,14.529999732971191,0.19867376,0.22070312,0.00489541,2.0,15.88,AVOID,STRONG_SELL,0.19378325,0.22070312,2.67,squeeze,UNGATED_SHADOW,2026-09-05,True,shadow — never published
2026-09-05T09:45:03.137984,BNB,748.33,11.18,55.07472986111111,28.74,AVOID,SELL,14.529999732971191,720.85934,762.06533,9.15689,2.0,11.18,AVOID,STRONG_SELL,711.71161,762.06533,2.67,squeeze,UNGATED_SHADOW,2026-09-05,True,shadow — never published
2026-09-05T09:45:03.137984,XRP,1.407,20.59,54.199380208333324,34.03,AVOID,SELL,14.529999732971191,1.3303124,1.4453438,0.0255625,2.0,20.59,AVOID,STRONG_SELL,1.3047754,1.4453438,2.67,squeeze,UNGATED_SHADOW,2026-09-05,True,shadow — never published
2026-09-05T09:45:03.137984,LTC,52.97,12.94,54.335846874999994,29.5,AVOID,SELL,14.529999732971191,50.480873,54.214563,0.829709,2.0,12.94,AVOID,STRONG_SELL,49.651994,54.214563,2.67,squeeze,UNGATED_SHADOW,2026-09-05,True,shadow — never published
2026-09-05T09:45:03.137984,VET,0.006882,45.29,54.157397222222215,48.84,WATCH,WATCH,14.529999732971191,,,0.00016726261684557085,,45.29,WATCH,WATCH,,,,squeeze,UNGATED_SHADOW,2026-09-05,True,shadow — never published
2026-09-05T09:45:03.137984,LINK,11.829,20.59,54.3035111111111,34.08,AVOID,SELL,14.529999732971191,11.221346,12.132827,0.202551,2.0,20.59,AVOID,STRONG_SELL,11.018997,12.132827,2.67,squeeze,UNGATED_SHADOW,2026-09-05,True,shadow — never published
2026-09-05T09:45:03.137984,AVAX,7.496,19.41,46.83719999999999,30.38,AVOID,SELL,14.529999732971191,7.2343429,7.6268286,0.087219,2.0,19.41,AVOID,STRONG_SELL,7.1472111,7.6268286,2.67,squeeze,UNGATED_SHADOW,2026-09-05,True,shadow — never published
2026-09-05T09:45:03.137984,SOL,102.59,44.71,51.5315,47.44,WATCH,WATCH,14.529999732971191,,,1.5796400548681724,,44.71,AVOID,WATCH,,,,squeeze,UNGATED_SHADOW,2026-09-05,True,shadow — never published
2026-09-05T09:45:03.137984,XLM,0.18322,27.65,56.92567083333333,39.36,AVOID,SELL,14.529999732971191,0.17485681,0.18740159,0.00278773,2.0,27.65,AVOID,SELL,0.17485681,0.18740159,2.0,squeeze,UNGATED_SHADOW,2026-09-05,True,shadow — never published
2026-09-05T09:45:03.137984,DOT,0.912,30.59,55.238812499999995,40.45,AVOID,WATCH,14.529999732971191,,,0.015524661920079163,,30.59,AVOID,SELL,0.86542601,0.93528699,2.0,squeeze,UNGATED_SHADOW,2026-09-05,True,shadow — never published
2026-09-05T09:45:03.137984,ALGO,0.09385,42.35,59.93266527777776,49.38,WATCH,WATCH,14.529999732971191,,,0.0016386228998386072,,42.35,AVOID,WATCH,,,,squeeze,UNGATED_SHADOW,2026-09-05,True,shadow — never published
2026-09-05T09:45:03.137984,ATOM,1.557,14.71,52.81700833333333,29.95,AVOID,SELL,14.529999732971191,1.4896765,1.5906617,0.0224412,2.0,14.71,AVOID,STRONG_SELL,1.4672578,1.5906617,2.67,squeeze,UNGATED_SHADOW,2026-09-05,True,shadow — never published
2026-09-05T09:45:03.137984,DOGE,0.08601,18.82,49.78833159722222,31.21,AVOID,SELL,14.529999732971191,0.081494197,0.088267901,0.001505268,2.0,18.82,AVOID,STRONG_SELL,0.079990435,0.088267901,2.67,squeeze,UNGATED_SHADOW,2026-09-05,True,shadow — never published
2026-09-05T09:45:03.137984,BCH,251.6,30.59,49.74025520833334,38.25,AVOID,SELL,14.529999732971191,238.34402,258.22799,4.41866,2.0,30.59,AVOID,SELL,238.34402,258.22799,2.0,squeeze,UNGATED_SHADOW,2026-09-05,True,shadow — never published
2026-09-05T09:45:03.137984,TRX,0.3324,29.41,50.32292187499999,37.78,AVOID,SELL,14.529999732971191,0.32506818,0.33606591,0.00244394,2.0,29.41,AVOID,SELL,0.32506818,0.33606591,2.0,squeeze,UNGATED_SHADOW,2026-09-05,True,shadow — never published
2026-09-05T09:45:03.137984,VTHO,0.000405,50.0,55.299211458333325,52.12,WATCH,WATCH,14.529999732971191,,,5.777889874525284e-06,,50.0,WATCH,WATCH,,,,squeeze,UNGATED_SHADOW,2026-09-05,True,shadow — never published
2026-09-05T09:45:03.137984,NEAR,2.217,1.76,62.25659166666666,25.96,AVOID,SELL,14.529999732971191,2.0249649,2.3130175,0.0640117,2.0,1.76,AVOID,STRONG_SELL,1.9610172,2.3130175,2.67,squeeze,UNGATED_SHADOW,2026-09-05,True,shadow — never published
2026-09-05T09:45:03.137984,FET,0.1646,37.06,58.66130833333333,45.7,WATCH,WATCH,14.529999732971191,,,0.0035102202421612477,,37.06,AVOID,SELL,0.15406934,0.16986533,2.0,squeeze,UNGATED_SHADOW,2026-09-05,True,shadow — never published
2026-09-05T09:45:03.137984,AAVE,130.44,37.65,62.23355972222221,47.48,WATCH,WATCH,14.529999732971191,,,2.227015534529999,,37.65,AVOID,SELL,123.75895,133.78052,2.0,squeeze,UNGATED_SHADOW,2026-09-05,True,shadow — never published
2026-09-05T09:45:03.137984,UNI,6.306,38.24,53.986440862913604,44.54,AVOID,WATCH,29.649999618530273,,,0.19849960202123013,,38.24,AVOID,SELL,5.7105012,6.6037494,2.0,squeeze,UNGATED_SHADOW,2026-09-05,True,shadow — never published
2026-09-05T09:45:03.137984,GALA,0.001928,49.41,63.43503020833333,55.02,WATCH,WATCH,14.529999732971191,,,2.540053053197096e-05,,49.41,WATCH,WATCH,,,,squeeze,UNGATED_SHADOW,2026-09-05,True,shadow — never published
2026-09-05T09:45:03.137984,OP,0.1,50.59,58.68057881944445,53.83,WATCH,WATCH,14.529999732971191,,,0.0017601044182159373,,50.59,WATCH,WATCH,,,,squeeze,UNGATED_SHADOW,2026-09-05,True,shadow — never published
2026-09-05T09:45:03.137984,ETC,7.64,38.82,52.02232638888889,44.1,AVOID,WATCH,14.529999732971191,,,0.10178421440552639,,38.82,AVOID,SELL,7.3346474,7.7926763,2.0,squeeze,UNGATED_SHADOW,2026-09-05,True,shadow — never published
2026-09-05T13:09:24.281516,BTC,79710.55,19.41,54.35513333333333,33.39,AVOID,SELL,14.529999732971191,77298.565,80916.543,803.995,2.0,19.41,AVOID,STRONG_SELL,76495.374,80916.543,2.67,squeeze,UNGATED_SHADOW,2026-09-05,True,shadow — never published
2026-09-05T13:09:24.281516,ETH,2459.92,20.0,53.588203125,33.44,AVOID,SELL,14.529999732971191,2369.7596,2505.0002,30.0535,2.0,20.0,AVOID,STRONG_SELL,2339.7362,2505.0002,2.67,squeeze,UNGATED_SHADOW,2026-09-05,True,shadow — never published
2026-09-05T13:09:24.281516,ADA,0.21698,16.47,54.550896875,31.7,AVOID,SELL,14.529999732971191,0.20232385,0.22430807,0.00488538,2.0,16.47,AVOID,STRONG_SELL,0.19744335,0.22430807,2.67,squeeze,UNGATED_SHADOW,2026-09-05,True,shadow — never published
2026-09-05T13:09:24.281516,BNB,764.14,9.41,58.686608333333325,29.12,AVOID,SELL,14.529999732971191,733.86597,779.27702,10.09134,2.0,9.41,AVOID,STRONG_SELL,723.78472,779.27702,2.67,squeeze,UNGATED_SHADOW,2026-09-05,True,shadow — never published
2026-09-05T13:09:24.281516,XRP,1.4146,21.76,54.5252454861111,34.87,AVOID,SELL,14.529999732971191,1.3407329,1.4515335,0.0246224,2.0,21.76,AVOID,STRONG_SELL,1.3161352,1.4515335,2.67,squeeze,UNGATED_SHADOW,2026-09-05,True,shadow — never published
2026-09-05T13:09:24.281516,LTC,53.7,12.94,56.31547604166666,30.29,AVOID,SELL,14.529999732971191,51.23025,54.934875,0.82325,2.0,12.94,AVOID,STRONG_SELL,50.407823,54.934875,2.67,squeeze,UNGATED_SHADOW,2026-09-05,True,shadow — never published
2026-09-05T13:09:24.281516,VET,0.006908,45.29,54.70607499999999,49.06,WATCH,WATCH,14.529999732971191,,,0.00015717242992803007,,45.29,WATCH,WATCH,,,,squeeze,UNGATED_SHADOW,2026-09-05,True,shadow — never published
2026-09-05T13:09:24.281516,LINK,11.85,21.76,54.15234999999999,34.72,AVOID,SELL,14.529999732971191,11.255964,12.147018,0.198012,2.0,21.76,AVOID,STRONG_SELL,11.05815,12.147018,2.67,squeeze,UNGATED_SHADOW,2026-09-05,True,shadow — never published
2026-09-05T13:09:24.281516,AVAX,7.536,18.82,48.48687499999999,30.69,AVOID,SELL,14.529999732971191,7.2825327,7.6627337,0.0844891,2.0,18.82,AVOID,STRONG_SELL,7.1981281,7.6627337,2.67,squeeze,UNGATED_SHADOW,2026-09-05,True,shadow — never published
2026-09-05T13:09:24.281516,SOL,103.3,45.29,51.751437499999994,47.87,WATCH,WATCH,14.529999732971191,,,1.536808622377589,,45.29,WATCH,WATCH,,,,squeeze,UNGATED_SHADOW,2026-09-05,True,shadow — never published
2026-09-05T13:09:24.281516,XLM,0.18476,27.65,58.27385416666666,39.9,AVOID,SELL,14.529999732971191,0.17657632,0.18885184,0.00272789,2.0,27.65,AVOID,SELL,0.17657632,0.18885184,2.0,squeeze,UNGATED_SHADOW,2026-09-05,True,shadow — never published
2026-09-05T13:09:24.281516,DOT,0.917,24.71,56.01439166666666,37.23,AVOID,SELL,14.529999732971191,0.86952824,0.94073588,0.01582392,2.0,24.71,AVOID,STRONG_SELL,0.85372014,0.94073588,2.67,squeeze,UNGATED_SHADOW,2026-09-05,True,shadow — never published
2026-09-05T13:09:24.281516,ALGO,0.09661,28.24,59.406508333333335,40.71,AVOID,WATCH,14.529999732971191,,,0.001749333509033809,,28.24,AVOID,SELL,0.091361999,0.099234,2.0,squeeze,UNGATED_SHADOW,2026-09-05,True,shadow — never published
2026-09-05T13:09:24.281516,ATOM,1.557,12.94,52.65926666666666,28.83,AVOID,SELL,14.529999732971191,1.4944853,1.5882573,0.0208382,2.0,12.94,AVOID,STRONG_SELL,1.473668,1.5882573,2.67,squeeze,UNGATED_SHADOW,2026-09-05,True,shadow — never published
2026-09-05T13:09:24.281516,DOGE,0.08733,20.59,48.56231979166666,31.78,AVOID,SELL,14.529999732971191,0.082819612,0.089585194,0.001503463,2.0,20.59,AVOID,STRONG_SELL,0.081317653,0.089585194,2.67,squeeze,UNGATED_SHADOW,2026-09-05,True,shadow — never published
2026-09-05T13:09:24.281516,BCH,249.7,31.18,44.62697986111111,36.56,AVOID,SELL,14.529999732971191,236.8123,256.14385,4.2959,2.0,31.18,AVOID,SELL,236.8123,256.14385,2.0,squeeze,UNGATED_SHADOW,2026-09-05,True,shadow — never published
2026-09-05T13:09:24.281516,TRX,0.3318,31.18,49.512028125,38.51,AVOID,SELL,14.529999732971191,0.32407964,0.33566018,0.00257345,2.0,31.18,AVOID,SELL,0.32407964,0.33566018,2.0,squeeze,UNGATED_SHADOW,2026-09-05,True,shadow — never published
2026-09-05T13:09:24.281516,VTHO,0.000405,50.0,55.299211458333325,52.12,WATCH,WATCH,14.529999732971191,,,5.365183454916335e-06,,50.0,WATCH,WATCH,,,,squeeze,UNGATED_SHADOW,2026-09-05,True,shadow — never published
2026-09-05T13:09:24.281516,NEAR,2.233,1.18,62.4726,25.7,AVOID,SELL,14.529999732971191,2.0357939,2.331603,0.0657354,2.0,1.18,AVOID,STRONG_SELL,1.9701243,2.331603,2.67,squeeze,UNGATED_SHADOW,2026-09-05,True,shadow — never published
2026-09-05T13:09:24.281516,FET,0.1674,29.41,60.5704361111111,41.87,AVOID,WATCH,14.529999732971191,,,0.0034227555309864635,,29.41,AVOID,SELL,0.15713173,0.17253413,2.0,squeeze,UNGATED_SHADOW,2026-09-05,True,shadow — never published
2026-09-05T13:09:24.281516,AAVE,130.63,41.18,61.174106249999994,49.18,WATCH,WATCH,14.529999732971191,,,2.1273817718594894,,41.18,AVOID,WATCH,,,,squeeze,UNGATED_SHADOW,2026-09-05,True,shadow — never published
2026-09-05T13:09:24.281516,UNI,6.229,38.82,53.986440862913604,44.89,AVOID,WATCH,29.649999618530273,,,0.1898210590197137,,38.82,AVOID,SELL,5.6595368,6.5137316,2.0,squeeze,UNGATED_SHADOW,2026-09-05,True,shadow — never published
2026-09-05T13:09:24.281516,GALA,0.001928,48.24,61.50441979166666,53.55,WATCH,WATCH,14.529999732971191,,,2.358620692254446e-05,,48.24,WATCH,WATCH,,,,squeeze,UNGATED_SHADOW,2026-09-05,True,shadow — never published
2026-09-05T13:09:24.281516,OP,0.1,51.76,59.201560763888885,54.74,WATCH,WATCH,14.529999732971191,,,0.0016343826740576562,,51.76,WATCH,WATCH,,,,squeeze,UNGATED_SHADOW,2026-09-05,True,shadow — never published
2026-09-05T13:09:24.281516,ETC,7.64,38.82,52.91753749999999,44.46,AVOID,WATCH,14.529999732971191,,,0.09451391337656022,,38.82,AVOID,SELL,7.3564583,7.7817709,2.0,squeeze,UNGATED_SHADOW,2026-09-05,True,shadow — never published
2026-09-05T16:26:12.068447,BTC,79849.72,21.18,54.00607638888888,34.31,AVOID,SELL,14.529999732971191,77574.266,80987.447,758.485,2.0,21.18,AVOID,STRONG_SELL,76816.539,80987.447,2.67,squeeze,UNGATED_SHADOW,2026-09-05,True,shadow — never published
2026-09-05T16:26:12.068447,ETH,2462.03,22.35,53.588203125,34.85,AVOID,SELL,14.529999732971191,2377.1976,2504.4462,28.2775,2.0,22.35,AVOID,STRONG_SELL,2348.9485,2504.4462,2.67,squeeze,UNGATED_SHADOW,2026-09-05,True,shadow — never published
2026-09-05T16:26:12.068447,ADA,0.21792,18.82,54.48890868055555,33.09,AVOID,SELL,14.529999732971191,0.20368103,0.22503949,0.00474632,2.0,18.82,AVOID,STRONG_SELL,0.19893945,0.22503949,2.67,squeeze,UNGATED_SHADOW,2026-09-05,True,shadow — never published
2026-09-05T16:26:12.068447,BNB,772.79,8.82,59.45284375,29.07,AVOID,SELL,14.529999732971191,742.42166,787.97417,10.12278,2.0,8.82,AVOID,STRONG_SELL,732.30901,787.97417,2.67,squeeze,UNGATED_SHADOW,2026-09-05,True,shadow — never published
2026-09-05T16:26:12.068447,XRP,1.4134,24.71,54.5252454861111,36.64,AVOID,SELL,14.529999732971191,1.3438035,1.4481982,0.0231988,2.0,24.71,AVOID,STRONG_SELL,1.3206279,1.4481982,2.67,squeeze,UNGATED_SHADOW,2026-09-05,True,shadow — never published
2026-09-05T16:26:12.068447,LTC,53.79,13.53,56.31547604166666,30.64,AVOID,SELL,14.529999732971191,51.320946,55.024527,0.823018,2.0,13.53,AVOID,STRONG_SELL,50.498751,55.024527,2.67,squeeze,UNGATED_SHADOW,2026-09-05,True,shadow — never published
2026-09-05T16:26:12.068447,VET,0.006939,45.29,54.80973472222221,49.1,WATCH,WATCH,14.529999732971191,,,0.00014816011350459935,,45.29,WATCH,WATCH,,,,squeeze,UNGATED_SHADOW,2026-09-05,True,shadow — never published
2026-09-05T16:26:12.068447,LINK,11.931,22.94,52.50241944444444,34.76,AVOID,SELL,14.529999732971191,11.359895,12.216552,0.190368,2.0,22.94,AVOID,STRONG_SELL,11.169717,12.216552,2.67,squeeze,UNGATED_SHADOW,2026-09-05,True,shadow — never published
2026-09-05T16:26:12.068447,AVAX,7.535,27.06,48.310222222222215,35.56,AVOID,SELL,14.529999732971191,7.294663,7.6551685,0.0801123,2.0,27.06,AVOID,SELL,7.294663,7.6551685,2.0,squeeze,UNGATED_SHADOW,2026-09-05,True,shadow — never published
2026-09-05T16:26:12.068447,SOL,103.07,50.59,51.751437499999994,51.05,WATCH,WATCH,14.529999732971191,,,1.4433120881261279,,50.59,WATCH,WATCH,,,,squeeze,UNGATED_SHADOW,2026-09-05,True,shadow — never published
2026-09-05T16:26:12.068447,XLM,0.1837,33.53,57.63569999999999,43.17,AVOID,WATCH,14.529999732971191,,,0.002540899724919891,,33.53,AVOID,SELL,0.1760773,0.18751135,2.0,squeeze,UNGATED_SHADOW,2026-09-05,True,shadow — never published
2026-09-05T16:26:12.068447,DOT,0.91,33.53,54.968818055555545,42.11,AVOID,WATCH,14.529999732971191,,,0.0146936407080566,,33.53,AVOID,SELL,0.86591908,0.93204046,2.0,squeeze,UNGATED_SHADOW,2026-09-05,True,shadow — never published
2026-09-05T16:26:12.068447,ALGO,0.09431,47.06,59.542399999999994,52.05,WATCH,WATCH,14.529999732971191,,,0.0017236158094089454,,47.06,WATCH,WATCH,,,,squeeze,UNGATED_SHADOW,2026-09-05,True,shadow — never published
2026-09-05T16:26:12.068447,ATOM,1.558,17.06,52.51736944444444,31.24,AVOID,SELL,14.529999732971191,1.4997364,1.5871318,0.0194212,2.0,17.06,AVOID,STRONG_SELL,1.4803346,1.5871318,2.67,squeeze,UNGATED_SHADOW,2026-09-05,True,shadow — never published
2026-09-05T16:26:12.068447,DOGE,0.08744,22.35,48.3830954861111,32.76,AVOID,SELL,14.529999732971191,0.083109129,0.089605435,0.001443624,2.0,22.35,AVOID,STRONG_SELL,0.081666949,0.089605435,2.67,squeeze,UNGATED_SHADOW,2026-09-05,True,shadow — never published
2026-09-05T16:26:12.068447,BCH,252.2,32.35,50.03759409722222,39.43,AVOID,SELL,14.529999732971191,240.03387,258.28306,4.05538,2.0,32.35,AVOID,SELL,240.03387,258.28306,2.0,squeeze,UNGATED_SHADOW,2026-09-05,True,shadow — never published
2026-09-05T16:26:12.068447,TRX,0.3343,30.59,49.959314236111105,38.34,AVOID,SELL,14.529999732971191,0.32711119,0.3378944,0.00239627,2.0,30.59,AVOID,SELL,0.32711119,0.3378944,2.0,squeeze,UNGATED_SHADOW,2026-09-05,True,shadow — never published
2026-09-05T16:26:12.068447,VTHO,0.000411,48.24,55.299211458333325,51.06,WATCH,WATCH,14.529999732971191,,,5.379915248952926e-06,,48.24,WATCH,WATCH,,,,squeeze,UNGATED_SHADOW,2026-09-05,True,shadow — never published
2026-09-05T16:26:12.068447,NEAR,2.188,2.94,61.61316666666667,26.41,AVOID,SELL,14.529999732971191,1.9895434,2.2872283,0.0661522,2.0,2.94,AVOID,STRONG_SELL,1.9234573,2.2872283,2.67,squeeze,UNGATED_SHADOW,2026-09-05,True,shadow — never published
2026-09-05T16:26:12.068447,FET,0.1652,30.59,58.38022916666665,41.71,AVOID,WATCH,14.529999732971191,,,0.0034068444216302884,,30.59,AVOID,SELL,0.15497947,0.17031027,2.0,squeeze,UNGATED_SHADOW,2026-09-05,True,shadow — never published
2026-09-05T16:26:12.068447,AAVE,132.3,41.76,60.811616666666666,49.38,WATCH,WATCH,14.529999732971191,,,2.1528749106042215,,41.76,AVOID,WATCH,,,,squeeze,UNGATED_SHADOW,2026-09-05,True,shadow — never published
2026-09-05T16:26:12.068447,UNI,6.6,35.88,53.986440862913604,43.12,AVOID,WATCH,29.649999618530273,,,0.19811445276320344,,35.88,AVOID,SELL,6.0056566,6.8971717,2.0,squeeze,UNGATED_SHADOW,2026-09-05,True,shadow — never published
2026-09-05T16:26:12.068447,GALA,0.001928,47.06,62.1681454861111,53.1,WATCH,WATCH,14.529999732971191,,,2.190147785664843e-05,,47.06,WATCH,WATCH,,,,squeeze,UNGATED_SHADOW,2026-09-05,True,shadow — never published
2026-09-05T16:26:12.068447,OP,0.1,57.81,58.885198958333326,58.24,WATCH,WATCH,14.529999732971191,,,0.0015176410544821095,,57.81,WATCH,WATCH,,,,squeeze,UNGATED_SHADOW,2026-09-05,True,shadow — never published
2026-09-05T16:26:12.068447,ETC,7.64,40.59,52.5478125,45.37,WATCH,WATCH,14.529999732971191,,,0.08776291956394877,,40.59,AVOID,WATCH,,,,squeeze,UNGATED_SHADOW,2026-09-05,True,shadow — never published
2026-09-05T18:42:22.769459,BTC,79962.67,21.18,53.986174999999996,34.3,AVOID,SELL,14.529999732971191,77610.654,81138.678,784.005,2.0,21.18,AVOID,STRONG_SELL,76827.432,81138.678,2.67,squeeze,UNGATED_SHADOW,2026-09-05,True,shadow — never published
2026-09-05T18:42:22.769459,ETH,2476.98,21.76,51.43727187499999,33.63,AVOID,SELL,14.529999732971191,2387.6691,2521.6355,29.7703,2.0,21.76,AVOID,STRONG_SELL,2357.9285,2521.6355,2.67,squeeze,UNGATED_SHADOW,2026-09-05,True,shadow — never published
2026-09-05T18:42:22.769459,ADA,0.22094,18.82,55.10243368055555,33.33,AVOID,SELL,14.529999732971191,0.20589531,0.22846234,0.0050149,2.0,18.82,AVOID,STRONG_SELL,0.20088543,0.22846234,2.67,squeeze,UNGATED_SHADOW,2026-09-05,True,shadow — never published
2026-09-05T18:42:22.769459,BNB,777.93,7.65,60.03228402777777,28.6,AVOID,SELL,14.529999732971191,746.28024,793.75488,10.54992,2.0,7.65,AVOID,STRONG_SELL,735.74086,793.75488,2.67,squeeze,UNGATED_SHADOW,2026-09-05,True,shadow — never published
2026-09-05T18:42:22.769459,XRP,1.419,24.71,54.14716701388888,36.48,AVOID,SELL,14.529999732971191,1.3464678,1.4552661,0.0241774,2.0,24.71,AVOID,STRONG_SELL,1.3223146,1.4552661,2.67,squeeze,UNGATED_SHADOW,2026-09-05,True,shadow — never published
2026-09-05T18:42:22.769459,LTC,54.96,12.35,59.451382291666654,31.19,AVOID,SELL,14.529999732971191,52.199517,56.340241,0.920161,2.0,12.35,AVOID,STRONG_SELL,51.280277,56.340241,2.67,squeeze,UNGATED_SHADOW,2026-09-05,True,shadow — never published
2026-09-05T18:42:22.769459,VET,0.006925,45.29,54.85632569444444,49.12,WATCH,WATCH,14.529999732971191,,,0.00014816011350459935,,45.29,WATCH,WATCH,,,,squeeze,UNGATED_SHADOW,2026-09-05,True,shadow — never published
2026-09-05T18:42:22.769459,LINK,12.047,22.94,50.94857777777777,34.14,AVOID,SELL,14.529999732971191,11.402609,12.369195,0.214797,2.0,22.94,AVOID,STRONG_SELL,11.188027,12.369195,2.67,squeeze,UNGATED_SHADOW,2026-09-05,True,shadow — never published
2026-09-05T18:42:22.769459,AVAX,7.623,24.12,50.21393541666666,34.56,AVOID,SELL,14.529999732971191,7.3614487,7.7537756,0.0871838,2.0,24.12,AVOID,STRONG_SELL,7.2743521,7.7537756,2.67,squeeze,UNGATED_SHADOW,2026-09-05,True,shadow — never published
2026-09-05T18:42:22.769459,SOL,103.8,50.59,54.40434375,52.12,WATCH,WATCH,14.529999732971191,,,1.5361692309832715,,50.59,WATCH,WATCH,,,,squeeze,UNGATED_SHADOW,2026-09-05,True,shadow — never published
2026-09-05T18:42:22.769459,XLM,0.18488,33.53,58.558,43.54,AVOID,WATCH,14.529999732971191,,,0.0026508997249198923,,33.53,AVOID,SELL,0.1769273,0.18885635,2.0,squeeze,UNGATED_SHADOW,2026-09-05,True,shadow — never published
2026-09-05T18:42:22.769459,DOT,0.914,31.76,54.968818055555545,41.04,AVOID,WATCH,14.529999732971191,,,0.014979354993770887,,31.76,AVOID,SELL,0.86906194,0.93646903,2.0,squeeze,UNGATED_SHADOW,2026-09-05,True,shadow — never published
2026-09-05T18:42:22.769459,ALGO,0.09434,47.06,59.7562361111111,52.14,WATCH,WATCH,14.529999732971191,,,0.0017236158094089454,,47.06,WATCH,WATCH,,,,squeeze,UNGATED_SHADOW,2026-09-05,True,shadow — never published
2026-09-05T18:42:22.769459,ATOM,1.557,17.65,52.65926666666666,31.65,AVOID,SELL,14.529999732971191,1.496165,1.5874175,0.0202783,2.0,17.65,AVOID,STRONG_SELL,1.4759069,1.5874175,2.67,squeeze,UNGATED_SHADOW,2026-09-05,True,shadow — never published
2026-09-05T18:42:22.769459,DOGE,0.09167,17.06,48.58721249999999,29.67,AVOID,SELL,14.529999732971191,0.085731986,0.094639007,0.001979338,2.0,17.06,AVOID,STRONG_SELL,0.083754628,0.094639007,2.67,squeeze,UNGATED_SHADOW,2026-09-05,True,shadow — never published
2026-09-05T18:42:22.769459,BCH,257.4,31.76,51.84092187499999,39.79,AVOID,SELL,14.529999732971191,243.77673,264.21164,4.54109,2.0,31.76,AVOID,SELL,243.77673,264.21164,2.0,squeeze,UNGATED_SHADOW,2026-09-05,True,shadow — never published
2026-09-05T18:42:22.769459,TRX,0.3336,31.18,49.82241631944445,38.64,AVOID,SELL,14.529999732971191,0.32583262,0.33748369,0.00258913,2.0,31.18,AVOID,SELL,0.32583262,0.33748369,2.0,squeeze,UNGATED_SHADOW,2026-09-05,True,shadow — never published
2026-09-05T18:42:22.769459,VTHO,0.00041,48.82,55.299211458333325,51.41,WATCH,WATCH,14.529999732971191,,,5.451343820381499e-06,,48.82,WATCH,WATCH,,,,squeeze,UNGATED_SHADOW,2026-09-05,True,shadow — never published
2026-09-05T18:42:22.769459,NEAR,2.257,1.18,62.4726,25.7,AVOID,SELL,14.529999732971191,2.0422576,2.3643712,0.0715808,2.0,1.18,AVOID,STRONG_SELL,1.9707484,2.3643712,2.67,squeeze,UNGATED_SHADOW,2026-09-05,True,shadow — never published
2026-09-05T18:42:22.769459,FET,0.1652,30.59,58.66130833333333,41.82,AVOID,WATCH,14.529999732971191,,,0.0034425587073445723,,30.59,AVOID,SELL,0.15487232,0.17036384,2.0,squeeze,UNGATED_SHADOW,2026-09-05,True,shadow — never published
2026-09-05T18:42:22.769459,AAVE,131.82,41.76,58.42832152777777,48.43,WATCH,WATCH,14.529999732971191,,,2.1528749106042215,,41.76,AVOID,WATCH,,,,squeeze,UNGATED_SHADOW,2026-09-05,True,shadow — never published
2026-09-05T18:42:22.769459,UNI,7.007,30.0,53.986440862913604,39.59,AVOID,SELL,29.649999618530273,6.3252281,7.347886,0.2272573,2.0,30.0,AVOID,SELL,6.3252281,7.347886,2.0,squeeze,UNGATED_SHADOW,2026-09-05,True,shadow — never published
2026-09-05T18:42:22.769459,GALA,0.001928,47.06,64.46321006944444,54.02,WATCH,WATCH,14.529999732971191,,,2.190147785664843e-05,,47.06,WATCH,WATCH,,,,squeeze,UNGATED_SHADOW,2026-09-05,True,shadow — never published
2026-09-05T18:42:22.769459,OP,0.101,57.81,58.93953645833333,58.26,WATCH,WATCH,14.529999732971191,,,0.001589069625910681,,57.81,WATCH,WATCH,,,,squeeze,UNGATED_SHADOW,2026-09-05,True,shadow — never published
2026-09-05T18:42:22.769459,ETC,7.83,30.0,52.62920694444444,39.05,AVOID,SELL,14.529999732971191,7.525997,7.9820015,0.1013343,2.0,30.0,AVOID,SELL,7.525997,7.9820015,2.0,squeeze,UNGATED_SHADOW,2026-09-05,True,shadow — never published
2026-09-05T20:51:41.721304,BTC,79763.88,22.94,54.25022777777777,35.46,AVOID,SELL,14.529999732971191,77549.845,80870.898,738.012,2.0,22.94,AVOID,STRONG_SELL,76812.571,80870.898,2.67,squeeze,UNGATED_SHADOW,2026-09-05,True,shadow — never published
2026-09-05T20:51:41.721304,ETH,2479.03,23.53,51.43727187499999,34.69,AVOID,SELL,14.529999732971191,2394.3798,2521.3551,28.2167,2.0,23.53,AVOID,STRONG_SELL,2366.1913,2521.3551,2.67,squeeze,UNGATED_SHADOW,2026-09-05,True,shadow — never published
2026-09-05T20:51:41.721304,ADA,0.21974,21.18,55.16553993055555,34.77,AVOID,SELL,14.529999732971191,0.20568636,0.22676682,0.00468455,2.0,21.18,AVOID,STRONG_SELL,0.2010065,0.22676682,2.67,squeeze,UNGATED_SHADOW,2026-09-05,True,shadow — never published
2026-09-05T20:51:41.721304,BNB,771.66,7.65,59.164848611111104,28.26,AVOID,SELL,14.529999732971191,741.47593,786.75203,10.06136,2.0,7.65,AVOID,STRONG_SELL,731.42464,786.75203,2.67,squeeze,UNGATED_SHADOW,2026-09-05,True,shadow — never published
2026-09-05T20:51:41.721304,XRP,1.4159,30.59,54.5252454861111,40.16,AVOID,WATCH,14.529999732971191,,,0.02280044088461587,,30.59,AVOID,SELL,1.3474987,1.4501007,2.0,squeeze,UNGATED_SHADOW,2026-09-05,True,shadow — never published
2026-09-05T20:51:41.721304,LTC,53.77,12.35,56.603790624999995,30.05,AVOID,SELL,14.529999732971191,51.097409,55.106295,0.890864,2.0,12.35,AVOID,STRONG_SELL,50.207436,55.106295,2.67,squeeze,UNGATED_SHADOW,2026-09-05,True,shadow — never published
2026-09-05T20:51:41.721304,VET,0.006925,46.47,54.65846180555555,49.75,WATCH,WATCH,14.529999732971191,,,0.00013757724825427082,,46.47,WATCH,WATCH,,,,squeeze,UNGATED_SHADOW,2026-09-05,True,shadow — never published
2026-09-05T20:51:41.721304,LINK,12.03,23.53,50.94857777777777,34.5,AVOID,SELL,14.529999732971191,11.416851,12.336574,0.204383,2.0,23.53,AVOID,STRONG_SELL,11.212673,12.336574,2.67,squeeze,UNGATED_SHADOW,2026-09-05,True,shadow — never published
2026-09-05T20:51:41.721304,AVAX,7.595,28.82,49.71374930555555,37.18,AVOID,SELL,14.529999732971191,7.3478452,7.7185774,0.0823849,2.0,28.82,AVOID,SELL,7.3478452,7.7185774,2.0,squeeze,UNGATED_SHADOW,2026-09-05,True,shadow — never published
2026-09-05T20:51:41.721304,SOL,103.33,53.53,53.93597430555555,53.69,WATCH,WATCH,14.529999732971191,,,1.4535857144844662,,53.53,WATCH,WATCH,,,,squeeze,UNGATED_SHADOW,2026-09-05,True,shadow — never published
2026-09-05T20:51:41.721304,XLM,0.18418,34.71,57.90796249999999,43.99,AVOID,WATCH,14.529999732971191,,,0.0025084374996705116,,34.71,AVOID,SELL,0.17665469,0.18794266,2.0,squeeze,UNGATED_SHADOW,2026-09-05,True,shadow — never published
2026-09-05T20:51:41.721304,DOT,0.915,35.29,54.968818055555545,43.16,AVOID,WATCH,14.529999732971191,,,0.014404299024828069,,35.29,AVOID,SELL,0.8717871,0.93660645,2.0,squeeze,UNGATED_SHADOW,2026-09-05,True,shadow — never published
2026-09-05T20:51:41.721304,ALGO,0.09473,50.0,59.518537499999994,53.81,WATCH,WATCH,14.529999732971191,,,0.0016005003944511637,,50.0,WATCH,WATCH,,,,squeeze,UNGATED_SHADOW,2026-09-05,True,shadow — never published
2026-09-05T20:51:41.721304,ATOM,1.545,21.76,52.76711111111111,34.16,AVOID,SELL,14.529999732971191,1.4868573,1.5740714,0.0193809,2.0,21.76,AVOID,STRONG_SELL,1.4674957,1.5740714,2.67,squeeze,UNGATED_SHADOW,2026-09-05,True,shadow — never published
2026-09-05T20:51:41.721304,DOGE,0.0908,17.65,49.04426562499999,30.21,AVOID,SELL,14.529999732971191,0.085112559,0.093643721,0.001895814,2.0,17.65,AVOID,STRONG_SELL,0.083218641,0.093643721,2.67,squeeze,UNGATED_SHADOW,2026-09-05,True,shadow — never published
2026-09-05T20:51:41.721304,BCH,256.4,34.12,51.37836631944443,41.02,AVOID,WATCH,14.529999732971191,,,4.288155704183877,,34.12,AVOID,SELL,243.53553,262.83223,2.0,squeeze,UNGATED_SHADOW,2026-09-05,True,shadow — never published
2026-09-05T20:51:41.721304,TRX,0.335,33.53,50.46424409722222,40.3,AVOID,WATCH,14.529999732971191,,,0.0024041880897739264,,33.53,AVOID,SELL,0.32778744,0.33860628,2.0,squeeze,UNGATED_SHADOW,2026-09-05,True,shadow — never published
2026-09-05T20:51:41.721304,VTHO,0.00041,49.41,55.299211458333325,51.77,WATCH,WATCH,14.529999732971191,,,5.061962118925678e-06,,49.41,WATCH,WATCH,,,,squeeze,UNGATED_SHADOW,2026-09-05,True,shadow — never published
2026-09-05T20:51:41.721304,NEAR,2.189,3.53,62.020458333333316,26.93,AVOID,SELL,14.529999732971191,1.9859535,2.2905232,0.0676822,2.0,3.53,AVOID,STRONG_SELL,1.918339,2.2905232,2.67,squeeze,UNGATED_SHADOW,2026-09-05,True,shadow — never published
2026-09-05T20:51:41.721304,FET,0.1636,34.71,58.66130833333333,44.29,AVOID,WATCH,14.529999732971191,,,0.0032563555343709813,,34.71,AVOID,SELL,0.15383093,0.16848453,2.0,squeeze,UNGATED_SHADOW,2026-09-05,True,shadow — never published
2026-09-05T20:51:41.721304,AAVE,134.83,41.76,58.432570138888885,48.43,WATCH,WATCH,14.529999732971191,,,2.1987409884182054,,41.76,AVOID,WATCH,,,,squeeze,UNGATED_SHADOW,2026-09-05,True,shadow — never published
2026-09-05T20:51:41.721304,UNI,7.198,21.76,53.986440862913604,34.65,AVOID,SELL,29.649999618530273,6.5101608,7.5419196,0.2292797,2.0,21.76,AVOID,STRONG_SELL,6.2811103,7.5419196,2.67,squeeze,UNGATED_SHADOW,2026-09-05,True,shadow — never published
2026-09-05T20:51:41.721304,GALA,0.001928,46.47,61.77182673611111,52.59,WATCH,WATCH,14.529999732971191,,,2.033708658117354e-05,,46.47,WATCH,WATCH,,,,squeeze,UNGATED_SHADOW,2026-09-05,True,shadow — never published
2026-09-05T20:51:41.721304,OP,0.104,55.29,59.54660868055554,56.99,WATCH,WATCH,14.529999732971191,,,0.0017510748567129786,,55.29,WATCH,WATCH,,,,squeeze,UNGATED_SHADOW,2026-09-05,True,shadow — never published
2026-09-05T20:51:41.721304,ETC,7.83,28.24,53.64165416666666,38.4,AVOID,SELL,14.529999732971191,7.5412829,7.9743586,0.096239,2.0,28.24,AVOID,SELL,7.5412829,7.9743586,2.0,squeeze,UNGATED_SHADOW,2026-09-05,True,shadow — never published
2026-09-05T22:32:20.744632,BTC,79780.27,22.94,53.962025000000004,35.35,AVOID,SELL,14.529999732971191,77542.301,80899.255,745.99,2.0,22.94,AVOID,STRONG_SELL,76797.057,80899.255,2.67,squeeze,UNGATED_SHADOW,2026-09-05,True,shadow — never published
2026-09-05T22:32:20.744632,ETH,2483.58,23.53,50.485614930555556,34.31,AVOID,SELL,14.529999732971191,2396.6198,2527.0601,28.9867,2.0,23.53,AVOID,STRONG_SELL,2367.6621,2527.0601,2.67,squeeze,UNGATED_SHADOW,2026-09-05,True,shadow — never published
2026-09-05T22:32:20.744632,ADA,0.22023,21.18,55.13663020833333,34.76,AVOID,SELL,14.529999732971191,0.20582922,0.22743039,0.00480026,2.0,21.18,AVOID,STRONG_SELL,0.20103376,0.22743039,2.67,squeeze,UNGATED_SHADOW,2026-09-05,True,shadow — never published
2026-09-05T22:32:20.744632,BNB,770.22,7.65,58.97249513888888,28.18,AVOID,SELL,14.529999732971191,740.03593,785.31203,10.06136,2.0,7.65,AVOID,STRONG_SELL,729.98464,785.31203,2.67,squeeze,UNGATED_SHADOW,2026-09-05,True,shadow — never published
2026-09-05T22:32:20.744632,XRP,1.4157,30.59,54.376240624999994,40.1,AVOID,WATCH,14.529999732971191,,,0.023071869456044444,,30.59,AVOID,SELL,1.3464844,1.4503078,2.0,squeeze,UNGATED_SHADOW,2026-09-05,True,shadow — never published
2026-09-05T22:32:20.744632,LTC,54.71,12.35,59.451382291666654,31.19,AVOID,SELL,14.529999732971191,51.891695,56.119153,0.939435,2.0,12.35,AVOID,STRONG_SELL,50.953199,56.119153,2.67,squeeze,UNGATED_SHADOW,2026-09-05,True,shadow — never published
2026-09-05T22:32:20.744632,VET,0.006952,45.88,54.80973472222221,49.45,WATCH,WATCH,14.529999732971191,,,0.00014079153396855652,,45.88,WATCH,WATCH,,,,squeeze,UNGATED_SHADOW,2026-09-05,True,shadow — never published
2026-09-05T22:32:20.744632,LINK,12.027,23.53,50.94857777777777,34.5,AVOID,SELL,14.529999732971191,11.402066,12.339467,0.208311,2.0,23.53,AVOID,STRONG_SELL,11.193963,12.339467,2.67,squeeze,UNGATED_SHADOW,2026-09-05,True,shadow — never published
2026-09-05T22:32:20.744632,AVAX,7.609,28.82,50.21393541666666,37.38,AVOID,SELL,14.529999732971191,7.3582024,7.7343988,0.0835992,2.0,28.82,AVOID,SELL,7.3582024,7.7343988,2.0,squeeze,UNGATED_SHADOW,2026-09-05,True,shadow — never published
2026-09-05T22:32:20.744632,SOL,103.44,53.53,53.96437291666666,53.7,WATCH,WATCH,14.529999732971191,,,1.48287142877018,,53.53,WATCH,WATCH,,,,squeeze,UNGATED_SHADOW,2026-09-05,True,shadow — never published
2026-09-05T22:32:20.744632,XLM,0.1854,34.71,58.28037083333333,44.14,AVOID,WATCH,14.529999732971191,,,0.0025898660710990833,,34.71,AVOID,SELL,0.1776304,0.1892848,2.0,squeeze,UNGATED_SHADOW,2026-09-05,True,shadow — never published
2026-09-05T22:32:20.744632,DOT,0.915,35.29,57.17193055555555,44.04,AVOID,WATCH,14.529999732971191,,,0.014404299024828069,,35.29,AVOID,SELL,0.8717871,0.93660645,2.0,squeeze,UNGATED_SHADOW,2026-09-05,True,shadow — never published
2026-09-05T22:32:20.744632,ALGO,0.09555,48.24,59.391686111111106,52.7,WATCH,WATCH,14.529999732971191,,,0.0016590718230225924,,48.24,WATCH,WATCH,,,,squeeze,UNGATED_SHADOW,2026-09-05,True,shadow — never published
2026-09-05T22:32:20.744632,ATOM,1.558,18.82,52.483572222222215,32.29,AVOID,SELL,14.529999732971191,1.4964287,1.5887857,0.0205238,2.0,18.82,AVOID,STRONG_SELL,1.4759254,1.5887857,2.67,squeeze,UNGATED_SHADOW,2026-09-05,True,shadow — never published
2026-09-05T22:32:20.744632,DOGE,0.09041,17.65,49.40629201388888,30.35,AVOID,SELL,14.529999732971191,0.084613273,0.093308363,0.001932242,2.0,17.65,AVOID,STRONG_SELL,0.082682963,0.093308363,2.67,squeeze,UNGATED_SHADOW,2026-09-05,True,shadow — never published
2026-09-05T22:32:20.744632,BCH,259.5,32.94,52.00225729166666,40.56,AVOID,WATCH,14.529999732971191,,,4.438155704183879,,32.94,AVOID,SELL,246.18553,266.15723,2.0,squeeze,UNGATED_SHADOW,2026-09-05,True,shadow — never published
2026-09-05T22:32:20.744632,TRX,0.3351,33.53,49.95433090277777,40.1,AVOID,WATCH,14.529999732971191,,,0.0025327595183453565,,33.53,AVOID,SELL,0.32750172,0.33889914,2.0,squeeze,UNGATED_SHADOW,2026-09-05,True,shadow — never published
2026-09-05T22:32:20.744632,VTHO,0.000414,47.65,55.62166666666666,50.84,WATCH,WATCH,14.529999732971191,,,5.347676404639963e-06,,47.65,WATCH,WATCH,,,,squeeze,UNGATED_SHADOW,2026-09-05,True,shadow — never published
2026-09-05T22:32:20.744632,NEAR,2.19,3.53,61.61316666666667,26.76,AVOID,SELL,14.529999732971191,1.9841678,2.2929161,0.0686107,2.0,3.53,AVOID,STRONG_SELL,1.9156257,2.2929161,2.67,squeeze,UNGATED_SHADOW,2026-09-05,True,shadow — never published
2026-09-05T22:32:20.744632,FET,0.1648,33.53,58.186805555555544,43.39,AVOID,WATCH,14.529999732971191,,,0.0034277841057995537,,33.53,AVOID,SELL,0.15451665,0.16994168,2.0,squeeze,UNGATED_SHADOW,2026-09-05,True,shadow — never published
2026-09-05T22:32:20.744632,AAVE,134.4,41.76,58.71027916666666,48.54,WATCH,WATCH,14.529999732971191,,,2.263740988418207,,41.76,AVOID,WATCH,,,,squeeze,UNGATED_SHADOW,2026-09-05,True,shadow — never published
2026-09-05T22:32:20.744632,UNI,7.049,24.12,53.986440862913604,36.07,AVOID,SELL,29.649999618530273,6.3315893,7.4077053,0.2391369,2.0,24.12,AVOID,STRONG_SELL,6.0926916,7.4077053,2.67,squeeze,UNGATED_SHADOW,2026-09-05,True,shadow — never published
2026-09-05T22:32:20.744632,GALA,0.001896,47.06,61.664956597222215,52.9,WATCH,WATCH,14.529999732971191,,,2.2622800866887836e-05,,47.06,WATCH,WATCH,,,,squeeze,UNGATED_SHADOW,2026-09-05,True,shadow — never published
2026-09-05T22:32:20.744632,OP,0.111,41.18,60.255088541666666,48.81,WATCH,WATCH,14.529999732971191,,,0.0021796462852844076,,41.18,AVOID,WATCH,,,,squeeze,UNGATED_SHADOW,2026-09-05,True,shadow — never published
2026-09-05T22:32:20.744632,ETC,7.81,28.82,53.35201388888888,38.63,AVOID,SELL,14.529999732971191,7.5105686,7.9597157,0.0998105,2.0,28.82,AVOID,SELL,7.5105686,7.9597157,2.0,squeeze,UNGATED_SHADOW,2026-09-05,True,shadow — never published
2026-09-06T00:27:00.358566,BTC,79873.43,24.12,53.97007499999999,36.06,AVOID,SELL,14.529999732971191,77774.286,80923.002,699.715,2.0,24.12,AVOID,STRONG_SELL,77075.271,80923.002,2.67,squeeze,UNGATED_SHADOW,2026-09-06,True,shadow — never published
2026-09-06T00:27:00.358566,ETH,2484.58,25.88,51.76018229166666,36.23,AVOID,SELL,14.529999732971191,2402.8241,2525.4579,27.252,2.0,25.88,AVOID,SELL,2402.8241,2525.4579,2.0,squeeze,UNGATED_SHADOW,2026-09-06,True,shadow — never published
2026-09-06T00:27:00.358566,ADA,0.21925,23.53,54.409015624999995,35.88,AVOID,SELL,14.529999732971191,0.20557494,0.22608753,0.00455835,2.0,23.53,AVOID,STRONG_SELL,0.20102114,0.22608753,2.67,squeeze,UNGATED_SHADOW,2026-09-06,True,shadow — never published
2026-09-06T00:27:00.358566,BNB,766.66,8.82,58.97249513888888,28.88,AVOID,SELL,14.529999732971191,737.05939,781.46031,9.86687,2.0,8.82,AVOID,STRONG_SELL,727.20238,781.46031,2.67,squeeze,UNGATED_SHADOW,2026-09-06,True,shadow — never published
2026-09-06T00:27:00.358566,XRP,1.412,32.94,54.5252454861111,41.57,AVOID,WATCH,14.529999732971191,,,0.02206775633163311,,32.94,AVOID,SELL,1.3457967,1.4451016,2.0,squeeze,UNGATED_SHADOW,2026-09-06,True,shadow — never published
2026-09-06T00:27:00.358566,LTC,54.79,10.59,59.151759375,30.01,AVOID,SELL,14.529999732971191,52.065094,56.152453,0.908302,2.0,10.59,AVOID,STRONG_SELL,51.157701,56.152453,2.67,squeeze,UNGATED_SHADOW,2026-09-06,True,shadow — never published
2026-09-06T00:27:00.358566,VET,0.006908,47.06,54.80973472222221,50.16,WATCH,WATCH,14.529999732971191,,,0.0001336278529708025,,47.06,WATCH,WATCH,,,,squeeze,UNGATED_SHADOW,2026-09-06,True,shadow — never published
2026-09-06T00:27:00.358566,LINK,12.069,24.12,48.215283333333325,33.76,AVOID,SELL,14.529999732971191,11.48099,12.363005,0.196003,2.0,24.12,AVOID,STRONG_SELL,11.285182,12.363005,2.67,squeeze,UNGATED_SHADOW,2026-09-06,True,shadow — never published
2026-09-06T00:27:00.358566,AVAX,7.597,31.76,49.683753472222214,38.93,AVOID,SELL,14.529999732971191,7.3635196,7.7137402,0.0778268,2.0,31.76,AVOID,SELL,7.3635196,7.7137402,2.0,squeeze,UNGATED_SHADOW,2026-09-06,True,shadow — never published
2026-09-06T00:27:00.358566,SOL,103.36,57.22,54.14233541666666,55.99,WATCH,WATCH,14.529999732971191,,,1.4046561226335341,,57.22,WATCH,WATCH,,,,squeeze,UNGATED_SHADOW,2026-09-06,True,shadow — never published
2026-09-06T00:27:00.358566,XLM,0.18464,43.53,57.97236249999999,49.31,WATCH,WATCH,14.529999732971191,,,0.0024700286986736393,,43.53,AVOID,WATCH,,,,squeeze,UNGATED_SHADOW,2026-09-06,True,shadow — never published
2026-09-06T00:27:00.358566,DOT,0.92,33.53,56.508125,42.72,AVOID,WATCH,14.529999732971191,,,0.014038685829177085,,33.53,AVOID,SELL,0.87788394,0.94105803,2.0,squeeze,UNGATED_SHADOW,2026-09-06,True,shadow — never published
2026-09-06T00:27:00.358566,ALGO,0.09498,49.41,59.257774999999995,53.35,WATCH,WATCH,14.529999732971191,,,0.0015965360805617948,,49.41,WATCH,WATCH,,,,squeeze,UNGATED_SHADOW,2026-09-06,True,shadow — never published
2026-09-06T00:27:00.358566,ATOM,1.571,17.06,52.7151375,31.32,AVOID,SELL,14.529999732971191,1.5101838,1.6014081,0.0202721,2.0,17.06,AVOID,STRONG_SELL,1.489932,1.6014081,2.67,squeeze,UNGATED_SHADOW,2026-09-06,True,shadow — never published
2026-09-06T00:27:00.358566,DOGE,0.09008,22.35,49.224767708333324,33.1,AVOID,SELL,14.529999732971191,0.084516713,0.092861644,0.001854429,2.0,22.35,AVOID,STRONG_SELL,0.082664138,0.092861644,2.67,squeeze,UNGATED_SHADOW,2026-09-06,True,shadow — never published
2026-09-06T00:27:00.358566,BCH,258.0,35.88,50.75524201388888,41.83,AVOID,WATCH,14.529999732971191,,,4.277267031436051,,35.88,AVOID,SELL,245.1682,264.4159,2.0,squeeze,UNGATED_SHADOW,2026-09-06,True,shadow — never published
2026-09-06T00:27:00.358566,TRX,0.3328,38.82,49.57679548611111,43.12,AVOID,WATCH,14.529999732971191,,,0.0025232766956064037,,38.82,AVOID,SELL,0.32523017,0.33658492,2.0,squeeze,UNGATED_SHADOW,2026-09-06,True,shadow — never published
2026-09-06T00:27:00.358566,VTHO,0.000414,46.47,55.85339166666667,50.22,WATCH,WATCH,14.529999732971191,,,4.965699518594252e-06,,46.47,WATCH,WATCH,,,,squeeze,UNGATED_SHADOW,2026-09-06,True,shadow — never published
2026-09-06T00:27:00.358566,NEAR,2.186,5.29,61.61316666666667,27.82,AVOID,SELL,14.529999732971191,1.9935844,2.2822078,0.0641385,2.0,5.29,AVOID,STRONG_SELL,1.92951,2.2822078,2.67,squeeze,UNGATED_SHADOW,2026-09-06,True,shadow — never published
2026-09-06T00:27:00.358566,FET,0.1648,35.88,58.66130833333333,44.99,AVOID,WATCH,14.529999732971191,,,0.0031829423839567286,,35.88,AVOID,SELL,0.15525117,0.16957441,2.0,squeeze,UNGATED_SHADOW,2026-09-06,True,shadow — never published
2026-09-06T00:27:00.358566,AAVE,134.35,42.94,57.705658333333325,48.85,WATCH,WATCH,14.529999732971191,,,2.1153105096536406,,42.94,AVOID,WATCH,,,,squeeze,UNGATED_SHADOW,2026-09-06,True,shadow — never published
2026-09-06T00:27:00.358566,UNI,7.117,18.24,54.24958097797457,32.64,AVOID,SELL,29.649999618530273,6.4403329,7.4553335,0.2255557,2.0,18.24,AVOID,STRONG_SELL,6.2150028,7.4553335,2.67,squeeze,UNGATED_SHADOW,2026-09-06,True,shadow — never published
2026-09-06T00:27:00.358566,GALA,0.001896,48.24,65.49560659722222,55.14,WATCH,WATCH,14.529999732971191,,,2.100688651925299e-05,,48.24,WATCH,WATCH,,,,squeeze,UNGATED_SHADOW,2026-09-06,True,shadow — never published
2026-09-06T00:27:00.358566,OP,0.108,41.76,60.0141875,49.06,WATCH,WATCH,14.529999732971191,,,0.00202395726490695,,41.76,AVOID,WATCH,,,,squeeze,UNGATED_SHADOW,2026-09-06,True,shadow — never published
2026-09-06T00:27:00.358566,ETC,7.78,28.82,52.75343888888889,38.39,AVOID,SELL,14.529999732971191,7.4869566,7.9265217,0.0976811,2.0,28.82,AVOID,SELL,7.4869566,7.9265217,2.0,squeeze,UNGATED_SHADOW,2026-09-06,True,shadow — never published
2026-09-06T05:22:05.229345,BTC,79846.26,29.41,53.66385555555555,39.11,AVOID,SELL,14.529999732971191,77805.924,80866.428,680.112,2.0,29.41,AVOID,SELL,77805.924,80866.428,2.0,squeeze,UNGATED_SHADOW,2026-09-06,True,shadow — never published
2026-09-06T05:22:05.229345,ETH,2501.85,27.06,51.458834374999995,36.82,AVOID,SELL,14.529999732971191,2417.7807,2543.8846,28.0231,2.0,27.06,AVOID,SELL,2417.7807,2543.8846,2.0,squeeze,UNGATED_SHADOW,2026-09-06,True,shadow — never published
2026-09-06T05:22:05.229345,ADA,0.22153,28.24,54.17559756944444,38.61,AVOID,SELL,14.529999732971191,0.20739081,0.2285996,0.00471306,2.0,28.24,AVOID,SELL,0.20739081,0.2285996,2.0,squeeze,UNGATED_SHADOW,2026-09-06,True,shadow — never published
2026-09-06T05:22:05.229345,BNB,761.63,10.59,58.686608333333325,29.83,AVOID,SELL,14.529999732971191,732.25188,776.31906,9.79271,2.0,10.59,AVOID,STRONG_SELL,722.46897,776.31906,2.67,squeeze,UNGATED_SHADOW,2026-09-06,True,shadow — never published
2026-09-06T05:22:05.229345,XRP,1.4197,34.12,54.11733090277777,42.12,AVOID,WATCH,14.529999732971191,,,0.022277202307945044,,34.12,AVOID,SELL,1.3528684,1.4531158,2.0,squeeze,UNGATED_SHADOW,2026-09-06,True,shadow — never published
2026-09-06T05:22:05.229345,LTC,54.44,11.18,58.55596354166666,30.13,AVOID,SELL,14.529999732971191,51.686567,55.816716,0.917811,2.0,11.18,AVOID,STRONG_SELL,50.769674,55.816716,2.67,squeeze,UNGATED_SHADOW,2026-09-06,True,shadow — never published
2026-09-06T05:22:05.229345,VET,0.007015,48.24,54.950513888888885,50.92,WATCH,WATCH,14.529999732971191,,,0.00013789423081982677,,48.24,WATCH,WATCH,,,,squeeze,UNGATED_SHADOW,2026-09-06,True,shadow — never published
2026-09-06T05:22:05.229345,LINK,12.149,25.29,48.769327777777775,34.68,AVOID,SELL,14.529999732971191,11.511934,12.467533,0.212355,2.0,25.29,AVOID,SELL,11.511934,12.467533,2.0,squeeze,UNGATED_SHADOW,2026-09-06,True,shadow — never published
2026-09-06T05:22:05.229345,AVAX,7.645,31.76,51.1089548611111,39.5,AVOID,SELL,14.529999732971191,7.395212,7.769894,0.0832627,2.0,31.76,AVOID,SELL,7.395212,7.769894,2.0,squeeze,UNGATED_SHADOW,2026-09-06,True,shadow — never published
2026-09-06T05:22:05.229345,SOL,105.75,52.94,54.86060624999999,53.71,WATCH,WATCH,14.529999732971191,,,1.5986092567311385,,52.94,WATCH,WATCH,,,,squeeze,UNGATED_SHADOW,2026-09-06,True,shadow — never published
2026-09-06T05:22:05.229345,XLM,0.18587,47.06,58.59326666666666,51.67,WATCH,WATCH,14.529999732971191,,,0.0025360470569316448,,47.06,WATCH,WATCH,,,,squeeze,UNGATED_SHADOW,2026-09-06,True,shadow — never published
2026-09-06T05:22:05.229345,DOT,0.929,26.47,58.20370416666666,39.16,AVOID,SELL,14.529999732971191,0.88621876,0.95039062,0.01426041,2.0,26.47,AVOID,SELL,0.88621876,0.95039062,2.0,squeeze,UNGATED_SHADOW,2026-09-06,True,shadow — never published
2026-09-06T05:22:05.229345,ALGO,0.09539,47.65,58.59588611111111,52.03,WATCH,WATCH,14.529999732971191,,,0.001516987585011463,,47.65,WATCH,WATCH,,,,squeeze,UNGATED_SHADOW,2026-09-06,True,shadow — never published
2026-09-06T05:22:05.229345,ATOM,1.574,22.35,51.9273875,34.18,AVOID,SELL,14.529999732971191,1.5128747,1.6045626,0.0203751,2.0,22.35,AVOID,STRONG_SELL,1.49252,1.6045626,2.67,squeeze,UNGATED_SHADOW,2026-09-06,True,shadow — never published
2026-09-06T05:22:05.229345,DOGE,0.09073,22.94,48.67968368055555,33.24,AVOID,SELL,14.529999732971191,0.085046284,0.093571858,0.001894572,2.0,22.94,AVOID,STRONG_SELL,0.083153607,0.093571858,2.67,squeeze,UNGATED_SHADOW,2026-09-06,True,shadow — never published
2026-09-06T05:22:05.229345,BCH,259.8,37.06,49.44781979166666,42.02,AVOID,WATCH,14.529999732971191,,,4.578890814904905,,37.06,AVOID,SELL,246.06333,266.66834,2.0,squeeze,UNGATED_SHADOW,2026-09-06,True,shadow — never published
2026-09-06T05:22:05.229345,TRX,0.3335,44.71,49.53349479166666,46.64,WATCH,WATCH,14.529999732971191,,,0.0023430426459202323,,44.71,AVOID,WATCH,,,,squeeze,UNGATED_SHADOW,2026-09-06,True,shadow — never published
2026-09-06T05:22:05.229345,VTHO,0.000421,40.0,56.641213541666666,46.66,WATCH,WATCH,14.529999732971191,,,5.6314148591028245e-06,,40.0,AVOID,SELL,0.00040410576,0.00042944712,2.0,squeeze,UNGATED_SHADOW,2026-09-06,True,shadow — never published
2026-09-06T05:22:05.229345,NEAR,2.227,5.88,62.4726,28.52,AVOID,SELL,14.529999732971191,2.0305273,2.3252363,0.0654909,2.0,5.88,AVOID,STRONG_SELL,1.965102,2.3252363,2.67,squeeze,UNGATED_SHADOW,2026-09-06,True,shadow — never published
2026-09-06T05:22:05.229345,FET,0.1657,37.06,58.34483472222221,45.57,WATCH,WATCH,14.529999732971191,,,0.003094875070816962,,37.06,AVOID,SELL,0.15641537,0.17034231,2.0,squeeze,UNGATED_SHADOW,2026-09-06,True,shadow — never published
2026-09-06T05:22:05.229345,AAVE,134.72,43.53,57.421640277777776,49.09,WATCH,WATCH,14.529999732971191,,,2.413145473249809,,43.53,AVOID,WATCH,,,,squeeze,UNGATED_SHADOW,2026-09-06,True,shadow — never published
2026-09-06T05:22:05.229345,UNI,7.069,12.94,54.24958097797457,29.46,AVOID,SELL,29.649999618530273,6.33735,7.434825,0.2438833,2.0,12.94,AVOID,STRONG_SELL,6.0937105,7.434825,2.67,squeeze,UNGATED_SHADOW,2026-09-06,True,shadow — never published
2026-09-06T05:22:05.229345,GALA,0.001896,48.82,64.62256493055555,55.14,WATCH,WATCH,14.529999732971191,,,1.9506394625020635e-05,,48.82,WATCH,WATCH,,,,squeeze,UNGATED_SHADOW,2026-09-06,True,shadow — never published
2026-09-06T05:22:05.229345,OP,0.108,31.18,59.397499999999994,42.47,AVOID,WATCH,14.529999732971191,,,0.0026242868480258422,,31.18,AVOID,SELL,0.10012714,0.11193643,2.0,squeeze,UNGATED_SHADOW,2026-09-06,True,shadow — never published
2026-09-06T05:22:05.229345,ETC,7.78,30.59,53.04432499999999,39.57,AVOID,SELL,14.529999732971191,7.5019188,7.9190406,0.0926937,2.0,30.59,AVOID,SELL,7.5019188,7.9190406,2.0,squeeze,UNGATED_SHADOW,2026-09-06,True,shadow — never published
2026-09-06T10:00:32.122530,BTC,79868.48,31.18,51.192273958333324,39.18,AVOID,SELL,14.529999732971191,77867.415,80869.013,667.022,2.0,31.18,AVOID,SELL,77867.415,80869.013,2.0,squeeze,UNGATED_SHADOW,2026-09-06,True,shadow — never published
2026-09-06T10:00:32.122530,ETH,2499.72,31.76,49.82640138888888,38.99,AVOID,SELL,14.529999732971191,2413.6506,2542.7547,28.6898,2.0,31.76,AVOID,SELL,2413.6506,2542.7547,2.0,squeeze,UNGATED_SHADOW,2026-09-06,True,shadow — never published
2026-09-06T10:00:32.122530,ADA,0.21919,36.47,56.441297222222225,44.46,AVOID,WATCH,14.529999732971191,,,0.004776416281254056,,36.47,AVOID,SELL,0.20486075,0.22635462,2.0,squeeze,UNGATED_SHADOW,2026-09-06,True,shadow — never published
2026-09-06T10:00:32.122530,BNB,757.18,12.35,62.628744444444436,32.46,AVOID,SELL,14.529999732971191,727.61481,771.9626,9.85506,2.0,12.35,AVOID,STRONG_SELL,717.7696,771.9626,2.67,squeeze,UNGATED_SHADOW,2026-09-06,True,shadow — never published
2026-09-06T10:00:32.122530,XRP,1.4191,38.82,53.2496,44.59,AVOID,WATCH,14.529999732971191,,,0.02222321846962244,,38.82,AVOID,SELL,1.3524303,1.4524348,2.0,squeeze,UNGATED_SHADOW,2026-09-06,True,shadow — never published
2026-09-06T10:00:32.122530,LTC,54.17,12.94,60.181576388888885,31.84,AVOID,SELL,14.529999732971191,51.312322,55.598839,0.952559,2.0,12.94,AVOID,STRONG_SELL,50.360716,55.598839,2.67,squeeze,UNGATED_SHADOW,2026-09-06,True,shadow — never published
2026-09-06T10:00:32.122530,VET,0.006958,53.53,50.322227083333324,52.25,WATCH,WATCH,14.529999732971191,,,0.00012961607147555346,,53.53,WATCH,WATCH,,,,squeeze,UNGATED_SHADOW,2026-09-06,True,shadow — never published
2026-09-06T10:00:32.122530,LINK,12.261,25.88,46.347403819444445,34.07,AVOID,SELL,14.529999732971191,11.628434,12.577283,0.210855,2.0,25.88,AVOID,SELL,11.628434,12.577283,2.0,squeeze,UNGATED_SHADOW,2026-09-06,True,shadow — never published
2026-09-06T10:00:32.122530,AVAX,7.645,32.94,53.669342013888894,41.23,AVOID,WATCH,14.529999732971191,,,0.08470307519828241,,32.94,AVOID,SELL,7.3908908,7.7720546,2.0,squeeze,UNGATED_SHADOW,2026-09-06,True,shadow — never published
2026-09-06T10:00:32.122530,SOL,106.44,52.94,50.12177569444444,51.81,WATCH,WATCH,14.529999732971191,,,1.7313106363523836,,52.94,WATCH,WATCH,,,,squeeze,UNGATED_SHADOW,2026-09-06,True,shadow — never published
2026-09-06T10:00:32.122530,XLM,0.18604,49.41,59.176644097222216,53.32,WATCH,WATCH,14.529999732971191,,,0.0025337273691916295,,49.41,WATCH,WATCH,,,,squeeze,UNGATED_SHADOW,2026-09-06,True,shadow — never published
2026-09-06T10:00:32.122530,DOT,0.946,22.35,59.98198749999999,37.4,AVOID,SELL,14.529999732971191,0.90152967,0.96823517,0.01482344,2.0,22.35,AVOID,STRONG_SELL,0.88672105,0.96823517,2.67,squeeze,UNGATED_SHADOW,2026-09-06,True,shadow — never published
2026-09-06T10:00:32.122530,ALGO,0.09457,47.65,58.902321180555546,52.15,WATCH,WATCH,14.529999732971191,,,0.0014630190840412565,,47.65,WATCH,WATCH,,,,squeeze,UNGATED_SHADOW,2026-09-06,True,shadow — never published
2026-09-06T10:00:32.122530,ATOM,1.599,22.94,51.30932638888889,34.29,AVOID,SELL,14.529999732971191,1.5368837,1.6300582,0.0207054,2.0,22.94,AVOID,STRONG_SELL,1.5161989,1.6300582,2.67,squeeze,UNGATED_SHADOW,2026-09-06,True,shadow — never published
2026-09-06T10:00:32.122530,DOGE,0.09031,24.12,48.10892430555555,33.72,AVOID,SELL,14.529999732971191,0.08440854,0.09326073,0.001967153,2.0,24.12,AVOID,STRONG_SELL,0.082443353,0.09326073,2.67,squeeze,UNGATED_SHADOW,2026-09-06,True,shadow — never published
2026-09-06T10:00:32.122530,BCH,260.2,38.24,50.28502777777777,43.06,AVOID,WATCH,14.529999732971191,,,4.598255756697416,,38.24,AVOID,SELL,246.40523,267.09738,2.0,squeeze,UNGATED_SHADOW,2026-09-06,True,shadow — never published
2026-09-06T10:00:32.122530,TRX,0.3336,54.12,48.910913541666666,52.04,WATCH,WATCH,14.529999732971191,,,0.002223641640599394,,54.12,WATCH,WATCH,,,,squeeze,UNGATED_SHADOW,2026-09-06,True,shadow — never published
2026-09-06T10:00:32.122530,VTHO,0.00042,44.12,55.842211111111105,48.81,WATCH,WATCH,14.529999732971191,,,5.509783185493442e-06,,44.12,AVOID,WATCH,,,,squeeze,UNGATED_SHADOW,2026-09-06,True,shadow — never published
2026-09-06T10:00:32.122530,NEAR,2.392,1.76,62.868399652777775,26.2,AVOID,SELL,14.529999732971191,2.1680662,2.5039669,0.0746446,2.0,1.76,AVOID,STRONG_SELL,2.0934963,2.5039669,2.67,squeeze,UNGATED_SHADOW,2026-09-06,True,shadow — never published
2026-09-06T10:00:32.122530,FET,0.1669,35.88,61.27902777777777,46.04,WATCH,WATCH,14.529999732971191,,,0.0030105472596361586,,35.88,AVOID,SELL,0.15786836,0.17141582,2.0,squeeze,UNGATED_SHADOW,2026-09-06,True,shadow — never published
2026-09-06T10:00:32.122530,AAVE,134.98,49.41,57.430201388888875,52.62,WATCH,WATCH,14.529999732971191,,,2.41230855169115,,49.41,WATCH,WATCH,,,,squeeze,UNGATED_SHADOW,2026-09-06,True,shadow — never published
2026-09-06T10:00:32.122530,UNI,7.001,16.47,54.24958097797457,31.58,AVOID,SELL,29.649999618530273,6.2574627,7.3727686,0.2478458,2.0,16.47,AVOID,STRONG_SELL,6.0098648,7.3727686,2.67,squeeze,UNGATED_SHADOW,2026-09-06,True,shadow — never published
2026-09-06T10:00:32.122530,GALA,0.001887,50.0,64.9006892361111,55.96,WATCH,WATCH,14.529999732971191,,,2.063859092731506e-05,,50.0,WATCH,WATCH,,,,squeeze,UNGATED_SHADOW,2026-09-06,True,shadow — never published
2026-09-06T10:00:32.122530,OP,0.109,18.82,60.83260416666666,35.63,AVOID,SELL,14.529999732971191,0.10168949,0.11265526,0.00243684,2.0,18.82,AVOID,STRONG_SELL,0.09925509,0.11265526,2.67,squeeze,UNGATED_SHADOW,2026-09-06,True,shadow — never published
2026-09-06T10:00:32.122530,ETC,7.73,34.71,53.97584895833333,42.42,AVOID,WATCH,14.529999732971191,,,0.09760335061158143,,34.71,AVOID,SELL,7.4371899,7.876405,2.0,squeeze,UNGATED_SHADOW,2026-09-06,True,shadow — never published
2026-09-06T13:30:12.341857,BTC,79817.91,40.59,51.557574652777774,44.98,AVOID,WATCH,14.529999732971191,,,632.6862365812946,,40.59,AVOID,WATCH,,,,squeeze,UNGATED_SHADOW,2026-09-06,True,shadow — never published
2026-09-06T13:30:12.341857,ETH,2492.94,36.47,48.96795833333333,41.47,AVOID,WATCH,14.529999732971191,,,27.52931075753075,,36.47,AVOID,SELL,2410.3521,2534.234,2.0,squeeze,UNGATED_SHADOW,2026-09-06,True,shadow — never published
2026-09-06T13:30:12.341857,ADA,0.21911,44.12,56.62456249999999,49.12,WATCH,WATCH,14.529999732971191,,,0.00474009062851142,,44.12,AVOID,WATCH,,,,squeeze,UNGATED_SHADOW,2026-09-06,True,shadow — never published
2026-09-06T13:30:12.341857,BNB,751.77,13.53,62.339966666666655,33.05,AVOID,SELL,14.529999732971191,722.90446,766.20277,9.62185,2.0,13.53,AVOID,STRONG_SELL,713.29224,766.20277,2.67,squeeze,UNGATED_SHADOW,2026-09-06,True,shadow — never published
2026-09-06T13:30:12.341857,XRP,1.4144,46.47,53.20331249999999,49.16,WATCH,WATCH,14.529999732971191,,,0.021528702864649408,,46.47,WATCH,WATCH,,,,squeeze,UNGATED_SHADOW,2026-09-06,True,shadow — never published
2026-09-06T13:30:12.341857,LTC,54.19,12.35,60.181576388888885,31.48,AVOID,SELL,14.529999732971191,51.392412,55.588794,0.932529,2.0,12.35,AVOID,STRONG_SELL,50.460815,55.588794,2.67,squeeze,UNGATED_SHADOW,2026-09-06,True,shadow — never published
2026-09-06T13:30:12.341857,VET,0.007011,54.12,50.40892430555556,52.64,WATCH,WATCH,14.529999732971191,,,0.00013040880106403432,,54.12,WATCH,WATCH,,,,squeeze,UNGATED_SHADOW,2026-09-06,True,shadow — never published
2026-09-06T13:30:12.341857,LINK,12.264,27.06,46.05730034722222,34.66,AVOID,SELL,14.529999732971191,11.644627,12.573686,0.206458,2.0,27.06,AVOID,SELL,11.644627,12.573686,2.0,squeeze,UNGATED_SHADOW,2026-09-06,True,shadow — never published
2026-09-06T13:30:12.341857,AVAX,7.676,35.88,53.85999444444444,43.07,AVOID,WATCH,14.529999732971191,,,0.08138244737799691,,35.88,AVOID,SELL,7.4318527,7.7980737,2.0,squeeze,UNGATED_SHADOW,2026-09-06,True,shadow — never published
2026-09-06T13:30:12.341857,SOL,106.01,53.53,50.107656249999984,52.16,WATCH,WATCH,14.529999732971191,,,1.7005027337557848,,53.53,WATCH,WATCH,,,,squeeze,UNGATED_SHADOW,2026-09-06,True,shadow — never published
2026-09-06T13:30:12.341857,XLM,0.18677,50.59,58.306940625,53.68,WATCH,WATCH,14.529999732971191,,,0.0024527978632289623,,50.59,WATCH,WATCH,,,,squeeze,UNGATED_SHADOW,2026-09-06,True,shadow — never published
2026-09-06T13:30:12.341857,DOT,0.97,12.35,60.19171874999999,31.49,AVOID,SELL,14.529999732971191,0.91705816,0.99647092,0.01764728,2.0,12.35,AVOID,STRONG_SELL,0.89942853,0.99647092,2.67,squeeze,UNGATED_SHADOW,2026-09-06,True,shadow — never published
2026-09-06T13:30:12.341857,ALGO,0.09526,45.29,58.670723958333326,50.64,WATCH,WATCH,14.529999732971191,,,0.001440099353548513,,45.29,WATCH,WATCH,,,,squeeze,UNGATED_SHADOW,2026-09-06,True,shadow — never published
2026-09-06T13:30:12.341857,ATOM,1.599,20.59,50.991638888888886,32.75,AVOID,SELL,14.529999732971191,1.5413206,1.6278397,0.0192265,2.0,20.59,AVOID,STRONG_SELL,1.5221133,1.6278397,2.67,squeeze,UNGATED_SHADOW,2026-09-06,True,shadow — never published
2026-09-06T13:30:12.341857,DOGE,0.08939,27.65,48.19895972222221,35.87,AVOID,SELL,14.529999732971191,0.08375793,0.092206035,0.001877357,2.0,27.65,AVOID,SELL,0.08375793,0.092206035,2.0,squeeze,UNGATED_SHADOW,2026-09-06,True,shadow — never published
2026-09-06T13:30:12.341857,BCH,259.3,37.65,49.55030555555555,42.41,AVOID,WATCH,14.529999732971191,,,4.362666059790458,,37.65,AVOID,SELL,246.212,265.844,2.0,squeeze,UNGATED_SHADOW,2026-09-06,True,shadow — never published
2026-09-06T13:30:12.341857,TRX,0.3347,57.22,48.58568715277778,53.77,WATCH,WATCH,14.529999732971191,,,0.002117871319332092,,57.22,WATCH,WATCH,,,,squeeze,UNGATED_SHADOW,2026-09-06,True,shadow — never published
2026-09-06T13:30:12.341857,VTHO,0.000423,44.71,55.842211111111105,49.16,WATCH,WATCH,14.529999732971191,,,5.805002753876558e-06,,44.71,AVOID,WATCH,,,,squeeze,UNGATED_SHADOW,2026-09-06,True,shadow — never published
2026-09-06T13:30:12.341857,NEAR,2.375,1.18,62.868399652777775,25.86,AVOID,SELL,14.529999732971191,2.1508676,2.4870662,0.0747108,2.0,1.18,AVOID,STRONG_SELL,2.0762315,2.4870662,2.67,squeeze,UNGATED_SHADOW,2026-09-06,True,shadow — never published
2026-09-06T13:30:12.341857,FET,0.1723,25.29,61.27902777777777,39.69,AVOID,SELL,14.529999732971191,0.16283439,0.1770328,0.0031552,2.0,25.29,AVOID,SELL,0.16283439,0.1770328,2.0,squeeze,UNGATED_SHADOW,2026-09-06,True,shadow — never published
2026-09-06T13:30:12.341857,AAVE,134.59,58.4,57.14940972222221,57.9,WATCH,WATCH,14.529999732971191,,,2.3755620224887215,,58.4,WATCH,WATCH,,,,squeeze,UNGATED_SHADOW,2026-09-06,True,shadow — never published
2026-09-06T13:30:12.341857,UNI,7.015,21.18,54.24958097797457,34.41,AVOID,SELL,29.649999618530273,6.3023787,7.3713107,0.2375404,2.0,21.18,AVOID,STRONG_SELL,6.0650758,7.3713107,2.67,squeeze,UNGATED_SHADOW,2026-09-06,True,shadow — never published
2026-09-06T13:30:12.341857,GALA,0.001887,50.0,64.62256493055555,55.85,WATCH,WATCH,14.529999732971191,,,1.916440586107827e-05,,50.0,WATCH,WATCH,,,,squeeze,UNGATED_SHADOW,2026-09-06,True,shadow — never published
2026-09-06T13:30:12.341857,OP,0.106,22.35,60.45725694444444,37.59,AVOID,SELL,14.529999732971191,0.09856881,0.1097156,0.00247706,2.0,22.35,AVOID,STRONG_SELL,0.09609422,0.1097156,2.67,squeeze,UNGATED_SHADOW,2026-09-06,True,shadow — never published
2026-09-06T13:30:12.341857,ETC,7.7,44.71,53.86425104166666,48.37,WATCH,WATCH,14.529999732971191,,,0.09624392760871332,,44.71,AVOID,WATCH,,,,squeeze,UNGATED_SHADOW,2026-09-06,True,shadow — never published
2026-09-06T16:37:18.953743,BTC,79726.66,51.18,52.18759895833333,51.58,WATCH,WATCH,14.529999732971191,,,636.4452298867128,,51.18,WATCH,WATCH,,,,squeeze,UNGATED_SHADOW,2026-09-06,True,shadow — never published
2026-09-06T16:37:18.953743,ETH,2486.41,50.0,49.132025,49.65,WATCH,WATCH,14.529999732971191,,,28.273696723829573,,50.0,WATCH,WATCH,,,,squeeze,UNGATED_SHADOW,2026-09-06,True,shadow — never published
2026-09-06T16:37:18.953743,ADA,0.21894,49.41,56.870374999999996,52.39,WATCH,WATCH,14.529999732971191,,,0.004751002522393256,,49.41,WATCH,WATCH,,,,squeeze,UNGATED_SHADOW,2026-09-06,True,shadow — never published
2026-09-06T16:37:18.953743,BNB,748.78,15.29,64.38487430555556,34.93,AVOID,SELL,14.529999732971191,719.00307,763.66846,9.92564,2.0,15.29,AVOID,STRONG_SELL,709.08736,763.66846,2.67,squeeze,UNGATED_SHADOW,2026-09-06,True,shadow — never published
2026-09-06T16:37:18.953743,XRP,1.4138,50.59,52.94232638888888,51.53,WATCH,WATCH,14.529999732971191,,,0.02131032612941935,,50.59,WATCH,WATCH,,,,squeeze,UNGATED_SHADOW,2026-09-06,True,shadow — never published
2026-09-06T16:37:18.953743,LTC,54.66,11.76,60.483483333333325,31.25,AVOID,SELL,14.529999732971191,51.969331,56.005334,0.89689,2.0,11.76,AVOID,STRONG_SELL,51.073339,56.005334,2.67,squeeze,UNGATED_SHADOW,2026-09-06,True,shadow — never published
2026-09-06T16:37:18.953743,VET,0.007009,54.71,50.42310763888889,53.0,WATCH,WATCH,14.529999732971191,,,0.00012534898874313392,,54.71,WATCH,WATCH,,,,squeeze,UNGATED_SHADOW,2026-09-06,True,shadow — never published
2026-09-06T16:37:18.953743,LINK,12.358,34.71,46.54809479166666,39.45,AVOID,SELL,14.529999732971191,11.721475,12.676262,0.212175,2.0,34.71,AVOID,SELL,11.721475,12.676262,2.0,squeeze,UNGATED_SHADOW,2026-09-06,True,shadow — never published
2026-09-06T16:37:18.953743,AVAX,7.621,48.24,53.02737847222221,50.15,WATCH,WATCH,14.529999732971191,,,0.08488063991222158,,48.24,WATCH,WATCH,,,,squeeze,UNGATED_SHADOW,2026-09-06,True,shadow — never published
2026-09-06T16:37:18.953743,SOL,106.24,58.4,50.58538541666666,55.27,WATCH,WATCH,14.529999732971191,,,1.6988341711405754,,58.4,WATCH,WATCH,,,,squeeze,UNGATED_SHADOW,2026-09-06,True,shadow — never published
2026-09-06T16:37:18.953743,XLM,0.18493,55.29,58.415184375,56.54,WATCH,WATCH,14.529999732971191,,,0.002593159240345263,,55.29,WATCH,WATCH,,,,squeeze,UNGATED_SHADOW,2026-09-06,True,shadow — never published
2026-09-06T16:37:18.953743,DOT,0.962,12.35,60.19171874999999,31.49,AVOID,SELL,14.529999732971191,0.9062887,0.98985565,0.01857043,2.0,12.35,AVOID,STRONG_SELL,0.88773684,0.98985565,2.67,squeeze,UNGATED_SHADOW,2026-09-06,True,shadow — never published
2026-09-06T16:37:18.953743,ALGO,0.09454,48.82,58.742646875000005,52.79,WATCH,WATCH,14.529999732971191,,,0.0014414187874787203,,48.82,WATCH,WATCH,,,,squeeze,UNGATED_SHADOW,2026-09-06,True,shadow — never published
2026-09-06T16:37:18.953743,ATOM,1.59,23.53,51.13451041666666,34.57,AVOID,SELL,14.529999732971191,1.5346497,1.6176751,0.0184501,2.0,23.53,AVOID,STRONG_SELL,1.5162181,1.6176751,2.67,squeeze,UNGATED_SHADOW,2026-09-06,True,shadow — never published
2026-09-06T16:37:18.953743,DOGE,0.08919,31.18,48.0999,37.95,AVOID,SELL,14.529999732971191,0.083574965,0.091997517,0.001871678,2.0,31.18,AVOID,SELL,0.083574965,0.091997517,2.0,squeeze,UNGATED_SHADOW,2026-09-06,True,shadow — never published
2026-09-06T16:37:18.953743,BCH,256.9,39.41,50.65529583333333,43.91,AVOID,WATCH,14.529999732971191,,,4.57553685143808,,39.41,AVOID,SELL,243.17339,263.76331,2.0,squeeze,UNGATED_SHADOW,2026-09-06,True,shadow — never published
2026-09-06T16:37:18.953743,TRX,0.3344,60.32,48.26250520833333,55.5,WATCH,WATCH,14.529999732971191,,,0.0020400641842777626,,60.32,BUY,BUY,0.34052019,0.3313399,2.0,squeeze,UNGATED_SHADOW,2026-09-06,True,shadow — never published
2026-09-06T16:37:18.953743,VTHO,0.00042,48.24,55.842211111111105,51.28,WATCH,WATCH,14.529999732971191,,,6.466890312273128e-06,,48.24,WATCH,WATCH,,,,squeeze,UNGATED_SHADOW,2026-09-06,True,shadow — never published
2026-09-06T16:37:18.953743,NEAR,2.44,1.18,62.868399652777775,25.86,AVOID,SELL,14.529999732971191,2.2040046,2.5579977,0.0786651,2.0,1.18,AVOID,STRONG_SELL,2.1254181,2.5579977,2.67,squeeze,UNGATED_SHADOW,2026-09-06,True,shadow — never published
2026-09-06T16:37:18.953743,FET,0.1712,25.88,60.678072916666665,39.8,AVOID,SELL,14.529999732971191,0.16151357,0.17604322,0.00322881,2.0,25.88,AVOID,SELL,0.16151357,0.17604322,2.0,squeeze,UNGATED_SHADOW,2026-09-06,True,shadow — never published
2026-09-06T16:37:18.953743,AAVE,133.47,64.44,59.3862236111111,62.42,BUY,BUY,14.529999732971191,140.3206,130.0447,2.28353,2.0,64.44,BUY,BUY,140.3206,130.0447,2.0,squeeze,UNGATED_SHADOW,2026-09-06,True,shadow — never published
2026-09-06T16:37:18.953743,UNI,7.388,11.76,54.24958097797457,28.76,AVOID,SELL,29.649999618530273,6.6183414,7.7728293,0.2565529,2.0,11.76,AVOID,STRONG_SELL,6.3620451,7.7728293,2.67,squeeze,UNGATED_SHADOW,2026-09-06,True,shadow — never published
2026-09-06T16:37:18.953743,GALA,0.001887,51.76,64.62256493055555,56.91,WATCH,WATCH,14.529999732971191,,,1.779551972814411e-05,,51.76,WATCH,WATCH,,,,squeeze,UNGATED_SHADOW,2026-09-06,True,shadow — never published
2026-09-06T16:37:18.953743,OP,0.11,16.47,60.83260416666666,34.22,AVOID,SELL,14.529999732971191,0.10225777,0.11387111,0.00258074,2.0,16.47,AVOID,STRONG_SELL,0.09967961,0.11387111,2.67,squeeze,UNGATED_SHADOW,2026-09-06,True,shadow — never published
2026-09-06T16:37:18.953743,ETC,7.67,47.65,53.504348958333324,49.99,WATCH,WATCH,14.529999732971191,,,0.09533874910605013,,47.65,WATCH,WATCH,,,,squeeze,UNGATED_SHADOW,2026-09-06,True,shadow — never published
2026-09-06T18:46:43.128674,BTC,79944.67,51.18,51.219969791666664,51.2,WATCH,WATCH,14.529999732971191,,,650.5345156009986,,51.18,WATCH,WATCH,,,,squeeze,UNGATED_SHADOW,2026-09-06,True,shadow — never published
2026-09-06T18:46:43.128674,ETH,2498.35,50.0,48.669788888888874,49.47,WATCH,WATCH,14.529999732971191,,,29.216553866686738,,50.0,WATCH,WATCH,,,,squeeze,UNGATED_SHADOW,2026-09-06,True,shadow — never published
2026-09-06T18:46:43.128674,ADA,0.21949,49.41,56.01745833333333,52.05,WATCH,WATCH,14.529999732971191,,,0.004821716808107541,,49.41,WATCH,WATCH,,,,squeeze,UNGATED_SHADOW,2026-09-06,True,shadow — never published
2026-09-06T18:46:43.128674,BNB,748.97,15.29,62.63302499999999,34.23,AVOID,SELL,14.529999732971191,718.98522,763.96239,9.99493,2.0,15.29,AVOID,STRONG_SELL,709.00028,763.96239,2.67,squeeze,UNGATED_SHADOW,2026-09-06,True,shadow — never published
2026-09-06T18:46:43.128674,XRP,1.4134,50.59,53.12060833333333,51.6,WATCH,WATCH,14.529999732971191,,,0.021467468986562224,,50.59,WATCH,WATCH,,,,squeeze,UNGATED_SHADOW,2026-09-06,True,shadow — never published
2026-09-06T18:46:43.128674,LTC,54.46,11.76,60.181576388888885,31.13,AVOID,SELL,14.529999732971191,51.694331,55.842834,0.92189,2.0,11.76,AVOID,STRONG_SELL,50.773364,55.842834,2.67,squeeze,UNGATED_SHADOW,2026-09-06,True,shadow — never published
2026-09-06T18:46:43.128674,VET,0.007015,54.71,50.40892430555556,52.99,WATCH,WATCH,14.529999732971191,,,0.000125491845885991,,54.71,WATCH,WATCH,,,,squeeze,UNGATED_SHADOW,2026-09-06,True,shadow — never published
2026-09-06T18:46:43.128674,LINK,12.419,30.59,46.9471767361111,37.13,AVOID,SELL,14.529999732971191,11.767475,12.744762,0.217175,2.0,30.59,AVOID,SELL,11.767475,12.744762,2.0,squeeze,UNGATED_SHADOW,2026-09-06,True,shadow — never published
2026-09-06T18:46:43.128674,AVAX,7.641,47.06,52.44666041666666,49.21,WATCH,WATCH,14.529999732971191,,,0.08630921134079299,,47.06,WATCH,WATCH,,,,squeeze,UNGATED_SHADOW,2026-09-06,True,shadow — never published
2026-09-06T18:46:43.128674,SOL,105.96,59.57,49.98818402777777,55.74,WATCH,WATCH,14.529999732971191,,,1.7188341711405755,,59.57,WATCH,WATCH,,,,squeeze,UNGATED_SHADOW,2026-09-06,True,shadow — never published
2026-09-06T18:46:43.128674,XLM,0.18381,55.88,58.55345590277777,56.95,WATCH,WATCH,14.529999732971191,,,0.002593159240345263,,55.88,WATCH,WATCH,,,,squeeze,UNGATED_SHADOW,2026-09-06,True,shadow — never published
2026-09-06T18:46:43.128674,DOT,0.959,12.35,60.19171874999999,31.49,AVOID,SELL,14.529999732971191,0.9032887,0.98685565,0.01857043,2.0,12.35,AVOID,STRONG_SELL,0.88473684,0.98685565,2.67,squeeze,UNGATED_SHADOW,2026-09-06,True,shadow — never published
2026-09-06T18:46:43.128674,ALGO,0.09435,48.82,59.302265625,53.01,WATCH,WATCH,14.529999732971191,,,0.0014678473589072912,,48.82,WATCH,WATCH,,,,squeeze,UNGATED_SHADOW,2026-09-06,True,shadow — never published
2026-09-06T18:46:43.128674,ATOM,1.588,24.12,50.66588541666666,34.74,AVOID,SELL,14.529999732971191,1.5309354,1.6165323,0.0190215,2.0,24.12,AVOID,STRONG_SELL,1.5119329,1.6165323,2.67,squeeze,UNGATED_SHADOW,2026-09-06,True,shadow — never published
2026-09-06T18:46:43.128674,DOGE,0.08954,31.18,48.36861666666666,38.06,AVOID,SELL,14.529999732971191,0.083841394,0.092389303,0.001899535,2.0,31.18,AVOID,SELL,0.083841394,0.092389303,2.0,squeeze,UNGATED_SHADOW,2026-09-06,True,shadow — never published
2026-09-06T18:46:43.128674,BCH,256.8,39.41,50.59600694444444,43.88,AVOID,WATCH,14.529999732971191,,,4.57553685143808,,39.41,AVOID,SELL,243.07339,263.66331,2.0,squeeze,UNGATED_SHADOW,2026-09-06,True,shadow — never published
2026-09-06T18:46:43.128674,TRX,0.3355,58.56,48.26250520833333,54.44,WATCH,WATCH,14.529999732971191,,,0.0022114927557063306,,58.56,WATCH,WATCH,,,,squeeze,UNGATED_SHADOW,2026-09-06,True,shadow — never published
2026-09-06T18:46:43.128674,VTHO,0.00042,48.24,55.842211111111105,51.28,WATCH,WATCH,14.529999732971191,,,7.1811760265588436e-06,,48.24,WATCH,WATCH,,,,squeeze,UNGATED_SHADOW,2026-09-06,True,shadow — never published
2026-09-06T18:46:43.128674,NEAR,2.392,2.94,62.868399652777775,26.91,AVOID,SELL,14.529999732971191,2.1504332,2.5127834,0.0805223,2.0,2.94,AVOID,STRONG_SELL,2.0699914,2.5127834,2.67,squeeze,UNGATED_SHADOW,2026-09-06,True,shadow — never published
2026-09-06T18:46:43.128674,FET,0.1736,22.94,60.026342361111105,37.77,AVOID,SELL,14.529999732971191,0.16339928,0.17870036,0.00340024,2.0,22.94,AVOID,STRONG_SELL,0.16000245,0.17870036,2.67,squeeze,UNGATED_SHADOW,2026-09-06,True,shadow — never published
2026-09-06T18:46:43.128674,AAVE,133.07,64.44,59.55485833333333,62.49,BUY,BUY,14.529999732971191,140.00631,129.60184,2.3121,2.0,64.44,BUY,BUY,140.00631,129.60184,2.0,squeeze,UNGATED_SHADOW,2026-09-06,True,shadow — never published
2026-09-06T18:46:43.128674,UNI,7.176,17.06,54.24958097797457,31.94,AVOID,SELL,29.649999618530273,6.4063414,7.5608293,0.2565529,2.0,17.06,AVOID,STRONG_SELL,6.1500451,7.5608293,2.67,squeeze,UNGATED_SHADOW,2026-09-06,True,shadow — never published
2026-09-06T18:46:43.128674,GALA,0.0019,51.18,65.49560659722222,56.91,WATCH,WATCH,14.529999732971191,,,1.8724091156715537e-05,,51.18,WATCH,WATCH,,,,squeeze,UNGATED_SHADOW,2026-09-06,True,shadow — never published
2026-09-06T18:46:43.128674,OP,0.11,16.47,60.45725694444444,34.06,AVOID,SELL,14.529999732971191,0.10225777,0.11387111,0.00258074,2.0,16.47,AVOID,STRONG_SELL,0.09967961,0.11387111,2.67,squeeze,UNGATED_SHADOW,2026-09-06,True,shadow — never published
2026-09-06T18:46:43.128674,ETC,7.73,47.65,54.276094791666665,50.3,WATCH,WATCH,14.529999732971191,,,0.10105303482033584,,47.65,WATCH,WATCH,,,,squeeze,UNGATED_SHADOW,2026-09-06,True,shadow — never published
2026-09-06T20:59:08.844309,BTC,79902.97,55.88,51.16317256944444,53.99,WATCH,WATCH,14.529999732971191,,,616.0806216294992,,55.88,WATCH,WATCH,,,,squeeze,UNGATED_SHADOW,2026-09-06,True,shadow — never published
2026-09-06T20:59:08.844309,ETH,2498.28,51.18,49.92357638888888,50.68,WATCH,WATCH,14.529999732971191,,,27.759657161923414,,51.18,WATCH,WATCH,,,,squeeze,UNGATED_SHADOW,2026-09-06,True,shadow — never published
2026-09-06T20:59:08.844309,ADA,0.22142,49.41,56.45909027777777,52.23,WATCH,WATCH,14.529999732971191,,,0.004721798260589657,,49.41,WATCH,WATCH,,,,squeeze,UNGATED_SHADOW,2026-09-06,True,shadow — never published
2026-09-06T20:59:08.844309,BNB,751.26,15.88,62.199123611111105,34.41,AVOID,SELL,14.529999732971191,722.85847,765.46077,9.46718,2.0,15.88,AVOID,STRONG_SELL,713.40075,765.46077,2.67,squeeze,UNGATED_SHADOW,2026-09-06,True,shadow — never published
2026-09-06T20:59:08.844309,XRP,1.4225,54.12,53.30757916666666,53.8,WATCH,WATCH,14.529999732971191,,,0.02094122120180778,,54.12,WATCH,WATCH,,,,squeeze,UNGATED_SHADOW,2026-09-06,True,shadow — never published
2026-09-06T20:59:08.844309,LTC,54.42,12.94,60.181576388888885,31.84,AVOID,SELL,14.529999732971191,51.769073,55.745464,0.883642,2.0,12.94,AVOID,STRONG_SELL,50.886314,55.745464,2.67,squeeze,UNGATED_SHADOW,2026-09-06,True,shadow — never published
2026-09-06T20:59:08.844309,VET,0.007121,49.41,51.363104861111104,50.19,WATCH,WATCH,14.529999732971191,,,0.00012081385689413452,,49.41,WATCH,WATCH,,,,squeeze,UNGATED_SHADOW,2026-09-06,True,shadow — never published
2026-09-06T20:59:08.844309,LINK,13.134,20.0,50.87295729166666,32.35,AVOID,SELL,14.529999732971191,12.357799,13.522101,0.258734,2.0,20.0,AVOID,STRONG_SELL,12.099324,13.522101,2.67,squeeze,UNGATED_SHADOW,2026-09-06,True,shadow — never published
2026-09-06T20:59:08.844309,AVAX,7.816,32.35,57.78817881944444,42.53,AVOID,WATCH,14.529999732971191,,,0.09358304318379757,,32.35,AVOID,SELL,7.5352509,7.9563746,2.0,squeeze,UNGATED_SHADOW,2026-09-06,True,shadow — never published
2026-09-06T20:59:08.844309,SOL,105.8,59.15,49.21854652777777,55.18,WATCH,WATCH,14.529999732971191,,,1.632743975242779,,59.15,WATCH,WATCH,,,,squeeze,UNGATED_SHADOW,2026-09-06,True,shadow — never published
2026-09-06T20:59:08.844309,XLM,0.18537,55.29,58.51793368055555,56.58,WATCH,WATCH,14.529999732971191,,,0.0025769131721573345,,55.29,WATCH,WATCH,,,,squeeze,UNGATED_SHADOW,2026-09-06,True,shadow — never published
2026-09-06T20:59:08.844309,DOT,0.965,12.35,60.19171874999999,31.49,AVOID,SELL,14.529999732971191,0.91247216,0.99126392,0.01750928,2.0,12.35,AVOID,STRONG_SELL,0.89498039,0.99126392,2.67,squeeze,UNGATED_SHADOW,2026-09-06,True,shadow — never published
2026-09-06T20:59:08.844309,ALGO,0.0962,44.71,58.284475694444446,50.14,WATCH,WATCH,14.529999732971191,,,0.0014708582618424846,,44.71,AVOID,WATCH,,,,squeeze,UNGATED_SHADOW,2026-09-06,True,shadow — never published
2026-09-06T20:59:08.844309,ATOM,1.59,19.41,51.13451041666666,32.1,AVOID,SELL,14.529999732971191,1.5365829,1.6167086,0.0178057,2.0,19.41,AVOID,STRONG_SELL,1.518795,1.6167086,2.67,squeeze,UNGATED_SHADOW,2026-09-06,True,shadow — never published
2026-09-06T20:59:08.844309,DOGE,0.09028,30.59,48.29365902777777,37.67,AVOID,SELL,14.529999732971191,0.084799866,0.093020067,0.001826711,2.0,30.59,AVOID,SELL,0.084799866,0.093020067,2.0,squeeze,UNGATED_SHADOW,2026-09-06,True,shadow — never published
2026-09-06T20:59:08.844309,BCH,257.8,40.0,49.860837499999995,43.94,AVOID,WATCH,14.529999732971191,,,4.391569933478217,,40.0,AVOID,SELL,244.62529,264.38735,2.0,squeeze,UNGATED_SHADOW,2026-09-06,True,shadow — never published
2026-09-06T20:59:08.844309,TRX,0.3345,59.31,49.23454270833333,55.28,WATCH,WATCH,14.529999732971191,,,0.002066794293564044,,59.31,WATCH,WATCH,,,,squeeze,UNGATED_SHADOW,2026-09-06,True,shadow — never published
2026-09-06T20:59:08.844309,VTHO,0.00042,51.18,56.126388888888876,53.16,WATCH,WATCH,14.529999732971191,,,6.66823488180464e-06,,51.18,WATCH,WATCH,,,,squeeze,UNGATED_SHADOW,2026-09-06,True,shadow — never published
2026-09-06T20:59:08.844309,NEAR,2.405,1.18,62.868399652777775,25.86,AVOID,SELL,14.529999732971191,2.1742594,2.5203703,0.0769135,2.0,1.18,AVOID,STRONG_SELL,2.0974228,2.5203703,2.67,squeeze,UNGATED_SHADOW,2026-09-06,True,shadow — never published
2026-09-06T20:59:08.844309,FET,0.177,18.24,59.10748437499999,34.59,AVOID,SELL,14.529999732971191,0.16627434,0.18236283,0.00357522,2.0,18.24,AVOID,STRONG_SELL,0.16270269,0.18236283,2.67,squeeze,UNGATED_SHADOW,2026-09-06,True,shadow — never published
2026-09-06T20:59:08.844309,AAVE,133.07,65.78,59.55485833333333,63.29,BUY,BUY,14.529999732971191,139.51086,129.84957,2.14695,2.0,65.78,BUY,BUY,139.51086,129.84957,2.0,squeeze,UNGATED_SHADOW,2026-09-06,True,shadow — never published
2026-09-06T20:59:08.844309,UNI,7.13,14.12,54.24958097797457,30.17,AVOID,SELL,29.649999618530273,6.3998885,7.4950558,0.2433705,2.0,14.12,AVOID,STRONG_SELL,6.1567613,7.4950558,2.67,squeeze,UNGATED_SHADOW,2026-09-06,True,shadow — never published
2026-09-06T20:59:08.844309,GALA,0.0019,48.82,65.652278125,55.55,WATCH,WATCH,14.529999732971191,,,1.7386656074092998e-05,,48.82,WATCH,WATCH,,,,squeeze,UNGATED_SHADOW,2026-09-06,True,shadow — never published
2026-09-06T20:59:08.844309,OP,0.11,12.35,60.4345125,31.58,AVOID,SELL,14.529999732971191,0.10281079,0.11359461,0.0023964,2.0,12.35,AVOID,STRONG_SELL,0.10041678,0.11359461,2.67,squeeze,UNGATED_SHADOW,2026-09-06,True,shadow — never published
2026-09-06T20:59:08.844309,ETC,7.69,47.06,53.884998958333334,49.79,WATCH,WATCH,14.529999732971191,,,0.09526353233316903,,47.06,WATCH,WATCH,,,,squeeze,UNGATED_SHADOW,2026-09-06,True,shadow — never published
2026-09-06T22:45:09.136954,BTC,79964.43,55.88,51.060934374999995,53.95,WATCH,WATCH,14.529999732971191,,,628.8341930580708,,55.88,WATCH,WATCH,,,,squeeze,UNGATED_SHADOW,2026-09-06,True,shadow — never published
2026-09-06T22:45:09.136954,ETH,2505.15,51.18,50.359649999999995,50.85,WATCH,WATCH,14.529999732971191,,,28.94465716192339,,51.18,WATCH,WATCH,,,,squeeze,UNGATED_SHADOW,2026-09-06,True,shadow — never published
2026-09-06T22:45:09.136954,ADA,0.22047,50.0,56.307833333333335,52.52,WATCH,WATCH,14.529999732971191,,,0.004721798260589657,,50.0,WATCH,WATCH,,,,squeeze,UNGATED_SHADOW,2026-09-06,True,shadow — never published
2026-09-06T22:45:09.136954,BNB,750.62,15.88,62.50131805555555,34.53,AVOID,SELL,14.529999732971191,721.69561,765.0822,9.64146,2.0,15.88,AVOID,STRONG_SELL,712.06379,765.0822,2.67,squeeze,UNGATED_SHADOW,2026-09-06,True,shadow — never published
2026-09-06T22:45:09.136954,XRP,1.4204,54.12,53.40187916666666,53.83,WATCH,WATCH,14.529999732971191,,,0.021055506916093498,,54.12,WATCH,WATCH,,,,squeeze,UNGATED_SHADOW,2026-09-06,True,shadow — never published
2026-09-06T22:45:09.136954,LTC,54.63,12.35,60.483483333333325,31.6,AVOID,SELL,14.529999732971191,51.84193,56.024035,0.929357,2.0,12.35,AVOID,STRONG_SELL,50.913503,56.024035,2.67,squeeze,UNGATED_SHADOW,2026-09-06,True,shadow — never published
2026-09-06T22:45:09.136954,VET,0.0071,49.41,49.94735902777777,49.62,WATCH,WATCH,14.529999732971191,,,0.00012145671403699168,,49.41,WATCH,WATCH,,,,squeeze,UNGATED_SHADOW,2026-09-06,True,shadow — never published
2026-09-06T22:45:09.136954,LINK,12.961,21.76,50.431644791666656,33.23,AVOID,SELL,14.529999732971191,12.141513,13.370744,0.273162,2.0,21.76,AVOID,STRONG_SELL,11.868624,13.370744,2.67,squeeze,UNGATED_SHADOW,2026-09-06,True,shadow — never published
2026-09-06T22:45:09.136954,AVAX,7.838,31.18,57.45875173611111,41.69,AVOID,WATCH,14.529999732971191,,,0.09558304318379761,,31.18,AVOID,SELL,7.5512509,7.9813746,2.0,squeeze,UNGATED_SHADOW,2026-09-06,True,shadow — never published
2026-09-06T22:45:09.136954,SOL,105.93,59.15,49.41612291666666,55.26,WATCH,WATCH,14.529999732971191,,,1.682743975242779,,59.15,WATCH,WATCH,,,,squeeze,UNGATED_SHADOW,2026-09-06,True,shadow — never published
2026-09-06T22:45:09.136954,XLM,0.18525,55.29,58.564109374999994,56.6,WATCH,WATCH,14.529999732971191,,,0.0026311988864430474,,55.29,WATCH,WATCH,,,,squeeze,UNGATED_SHADOW,2026-09-06,True,shadow — never published
2026-09-06T22:45:09.136954,DOT,0.976,11.76,61.50691145833332,31.66,AVOID,SELL,14.529999732971191,0.91940073,1.00429963,0.01886642,2.0,11.76,AVOID,STRONG_SELL,0.90055318,1.00429963,2.67,squeeze,UNGATED_SHADOW,2026-09-06,True,shadow — never published
2026-09-06T22:45:09.136954,ALGO,0.09538,45.29,58.284475694444446,50.49,WATCH,WATCH,14.529999732971191,,,0.0014708582618424846,,45.29,WATCH,WATCH,,,,squeeze,UNGATED_SHADOW,2026-09-06,True,shadow — never published
2026-09-06T22:45:09.136954,ATOM,1.58,21.76,51.13451041666666,33.51,AVOID,SELL,14.529999732971191,1.5248686,1.6075657,0.0183771,2.0,21.76,AVOID,STRONG_SELL,1.5065098,1.6075657,2.67,squeeze,UNGATED_SHADOW,2026-09-06,True,shadow — never published
2026-09-06T22:45:09.136954,DOGE,0.09038,30.59,48.289793749999994,37.67,AVOID,SELL,14.529999732971191,0.084848437,0.093145781,0.001843854,2.0,30.59,AVOID,SELL,0.084848437,0.093145781,2.0,squeeze,UNGATED_SHADOW,2026-09-06,True,shadow — never published
2026-09-06T22:45:09.136954,BCH,257.3,40.0,50.21529305555555,44.09,AVOID,WATCH,14.529999732971191,,,4.3987127906210715,,40.0,AVOID,SELL,244.10386,263.89807,2.0,squeeze,UNGATED_SHADOW,2026-09-06,True,shadow — never published
2026-09-06T22:45:09.136954,TRX,0.3361,55.29,48.465528125,52.56,WATCH,WATCH,14.529999732971191,,,0.002209651436421187,,55.29,WATCH,WATCH,,,,squeeze,UNGATED_SHADOW,2026-09-06,True,shadow — never published
2026-09-06T22:45:09.136954,VTHO,0.00042,51.18,55.55918333333333,52.93,WATCH,WATCH,14.529999732971191,,,8.096806310376069e-06,,51.18,WATCH,WATCH,,,,squeeze,UNGATED_SHADOW,2026-09-06,True,shadow — never published
2026-09-06T22:45:09.136954,NEAR,2.451,1.18,62.868399652777775,25.86,AVOID,SELL,14.529999732971191,2.2076165,2.5726917,0.0811278,2.0,1.18,AVOID,STRONG_SELL,2.1265698,2.5726917,2.67,squeeze,UNGATED_SHADOW,2026-09-06,True,shadow — never published
2026-09-06T22:45:09.136954,FET,0.177,18.24,59.779307986111114,34.86,AVOID,SELL,14.529999732971191,0.16616719,0.1824164,0.00361094,2.0,18.24,AVOID,STRONG_SELL,0.16255987,0.1824164,2.67,squeeze,UNGATED_SHADOW,2026-09-06,True,shadow — never published
2026-09-06T22:45:09.136954,AAVE,134.29,65.19,57.14940972222221,61.97,BUY,BUY,14.529999732971191,140.99229,130.93886,2.2341,2.0,65.19,BUY,BUY,140.99229,130.93886,2.0,squeeze,UNGATED_SHADOW,2026-09-06,True,shadow — never published
2026-09-06T22:45:09.136954,UNI,7.206,14.12,54.24958097797457,30.17,AVOID,SELL,29.649999618530273,6.468817,7.5745915,0.2457277,2.0,14.12,AVOID,STRONG_SELL,6.2233351,7.5745915,2.67,squeeze,UNGATED_SHADOW,2026-09-06,True,shadow — never published
2026-09-06T22:45:09.136954,GALA,0.0019,48.82,65.49560659722222,55.49,WATCH,WATCH,14.529999732971191,,,1.7386656074092998e-05,,48.82,WATCH,WATCH,,,,squeeze,UNGATED_SHADOW,2026-09-06,True,shadow — never published
2026-09-06T22:45:09.136954,OP,0.11,12.35,60.95635694444443,31.79,AVOID,SELL,14.529999732971191,0.10281079,0.11359461,0.0023964,2.0,12.35,AVOID,STRONG_SELL,0.10041678,0.11359461,2.67,squeeze,UNGATED_SHADOW,2026-09-06,True,shadow — never published
2026-09-06T22:45:09.136954,ETC,7.8,45.88,54.27302812499999,49.24,WATCH,WATCH,14.529999732971191,,,0.10312067519031184,,45.88,WATCH,WATCH,,,,squeeze,UNGATED_SHADOW,2026-09-06,True,shadow — never published
2026-09-07T00:34:01.242574,BTC,80211.96,66.04,51.24587673611111,60.12,BUY,BUY,14.529999732971191,82137.927,79248.976,641.989,2.0,66.04,BUY,BUY,82137.927,79248.976,2.0,squeeze,UNGATED_SHADOW,2026-09-07,True,shadow — never published
2026-09-07T00:34:01.242574,ETH,2516.05,51.18,49.71740694444445,50.59,WATCH,WATCH,14.529999732971191,,,28.40881430341868,,51.18,WATCH,WATCH,,,,squeeze,UNGATED_SHADOW,2026-09-07,True,shadow — never published
2026-09-07T00:34:01.242574,ADA,0.22496,46.47,57.530379166666656,50.89,WATCH,WATCH,14.529999732971191,,,0.004655955527690395,,46.47,WATCH,WATCH,,,,squeeze,UNGATED_SHADOW,2026-09-07,True,shadow — never published
2026-09-07T00:34:01.242574,BNB,751.93,17.06,62.339966666666655,35.17,AVOID,SELL,14.529999732971191,723.80689,765.99155,9.37437,2.0,17.06,AVOID,STRONG_SELL,714.4419,765.99155,2.67,squeeze,UNGATED_SHADOW,2026-09-07,True,shadow — never published
2026-09-07T00:34:01.242574,XRP,1.4229,60.75,53.201875,57.73,WATCH,WATCH,14.529999732971191,,,0.020022460503719468,,60.75,BUY,BUY,1.4829674,1.3928663,2.0,squeeze,UNGATED_SHADOW,2026-09-07,True,shadow — never published
2026-09-07T00:34:01.242574,LTC,55.83,10.59,61.60294444444443,31.0,AVOID,SELL,14.529999732971191,52.995262,57.247369,0.944913,2.0,10.59,AVOID,STRONG_SELL,52.051294,57.247369,2.67,squeeze,UNGATED_SHADOW,2026-09-07,True,shadow — never published
2026-09-07T00:34:01.242574,VET,0.00704,51.18,52.08364375,51.54,WATCH,WATCH,14.529999732971191,,,0.00011417409160577796,,51.18,WATCH,WATCH,,,,squeeze,UNGATED_SHADOW,2026-09-07,True,shadow — never published
2026-09-07T00:34:01.242574,LINK,13.315,12.94,51.755582291666656,28.47,AVOID,SELL,14.529999732971191,12.525762,13.709619,0.263079,2.0,12.94,AVOID,STRONG_SELL,12.262946,13.709619,2.67,squeeze,UNGATED_SHADOW,2026-09-07,True,shadow — never published
2026-09-07T00:34:01.242574,AVAX,7.946,18.24,57.558138888888884,33.97,AVOID,SELL,14.529999732971191,7.6567891,8.0906055,0.0964036,2.0,18.24,AVOID,STRONG_SELL,7.5604818,8.0906055,2.67,squeeze,UNGATED_SHADOW,2026-09-07,True,shadow — never published
2026-09-07T00:34:01.242574,SOL,106.15,53.53,49.806068749999994,52.04,WATCH,WATCH,14.529999732971191,,,1.6433643035417653,,53.53,WATCH,WATCH,,,,squeeze,UNGATED_SHADOW,2026-09-07,True,shadow — never published
2026-09-07T00:34:01.242574,XLM,0.18844,52.94,60.07559270833333,55.79,WATCH,WATCH,14.529999732971191,,,0.0026210112108807897,,52.94,WATCH,WATCH,,,,squeeze,UNGATED_SHADOW,2026-09-07,True,shadow — never published
2026-09-07T00:34:01.242574,DOT,1.009,10.0,61.936915625,30.77,AVOID,SELL,14.529999732971191,0.9489435,1.0390282,0.0200188,2.0,10.0,AVOID,STRONG_SELL,0.9289447,1.0390282,2.67,squeeze,UNGATED_SHADOW,2026-09-07,True,shadow — never published
2026-09-07T00:34:01.242574,ALGO,0.09658,41.18,58.284475694444446,48.02,WATCH,WATCH,14.529999732971191,,,0.0014065112431394502,,41.18,AVOID,WATCH,,,,squeeze,UNGATED_SHADOW,2026-09-07,True,shadow — never published
2026-09-07T00:34:01.242574,ATOM,1.606,13.53,50.98299791666666,28.51,AVOID,SELL,14.529999732971191,1.5503831,1.6338085,0.018539,2.0,13.53,AVOID,STRONG_SELL,1.5318627,1.6338085,2.67,squeeze,UNGATED_SHADOW,2026-09-07,True,shadow — never published
2026-09-07T00:34:01.242574,DOGE,0.09099,28.24,48.77279374999999,36.45,AVOID,SELL,14.529999732971191,0.085716406,0.093626797,0.001757865,2.0,28.24,AVOID,SELL,0.085716406,0.093626797,2.0,squeeze,UNGATED_SHADOW,2026-09-07,True,shadow — never published
2026-09-07T00:34:01.242574,BCH,261.1,37.65,50.28502777777777,42.7,AVOID,WATCH,14.529999732971191,,,4.359519019862425,,37.65,AVOID,SELL,248.02144,267.63928,2.0,squeeze,UNGATED_SHADOW,2026-09-07,True,shadow — never published
2026-09-07T00:34:01.242574,TRX,0.336,54.71,47.90394479166666,51.99,WATCH,WATCH,14.529999732971191,,,0.002051819190962531,,54.71,WATCH,WATCH,,,,squeeze,UNGATED_SHADOW,2026-09-07,True,shadow — never published
2026-09-07T00:34:01.242574,VTHO,0.000422,48.24,56.589455555555546,51.58,WATCH,WATCH,14.529999732971191,,,7.518463002492064e-06,,48.24,WATCH,WATCH,,,,squeeze,UNGATED_SHADOW,2026-09-07,True,shadow — never published
2026-09-07T00:34:01.242574,NEAR,2.43,1.76,62.868399652777775,26.2,AVOID,SELL,14.529999732971191,2.2012153,2.5443923,0.0762616,2.0,1.76,AVOID,STRONG_SELL,2.1250301,2.5443923,2.67,squeeze,UNGATED_SHADOW,2026-09-07,True,shadow — never published
2026-09-07T00:34:01.242574,FET,0.1756,17.06,59.10748437499999,33.88,AVOID,SELL,14.529999732971191,0.16554096,0.18062952,0.00335301,2.0,17.06,AVOID,STRONG_SELL,0.16219131,0.18062952,2.67,squeeze,UNGATED_SHADOW,2026-09-07,True,shadow — never published
2026-09-07T00:34:01.242574,AAVE,135.63,63.0,57.08405138888888,60.63,BUY,BUY,14.529999732971191,142.38468,132.25266,2.25156,2.0,63.0,BUY,BUY,142.38468,132.25266,2.0,squeeze,UNGATED_SHADOW,2026-09-07,True,shadow — never published
2026-09-07T00:34:01.242574,UNI,7.268,10.59,54.24958097797457,28.05,AVOID,SELL,29.649999618530273,6.5490342,7.6274829,0.2396553,2.0,10.59,AVOID,STRONG_SELL,6.3096186,7.6274829,2.67,squeeze,UNGATED_SHADOW,2026-09-07,True,shadow — never published
2026-09-07T00:34:01.242574,GALA,0.0019,48.82,67.86564479166667,56.44,WATCH,WATCH,14.529999732971191,,,1.614475206880064e-05,,48.82,WATCH,WATCH,,,,squeeze,UNGATED_SHADOW,2026-09-07,True,shadow — never published
2026-09-07T00:34:01.242574,OP,0.112,11.76,60.327802083333324,31.19,AVOID,SELL,14.529999732971191,0.10489573,0.11555213,0.00236809,2.0,11.76,AVOID,STRONG_SELL,0.10253001,0.11555213,2.67,squeeze,UNGATED_SHADOW,2026-09-07,True,shadow — never published
2026-09-07T00:34:01.242574,ETC,7.85,38.82,55.80406145833334,45.61,WATCH,WATCH,14.529999732971191,,,0.1047855249216161,,38.82,AVOID,SELL,7.5356434,8.0071783,2.0,squeeze,UNGATED_SHADOW,2026-09-07,True,shadow — never published
2026-09-07T05:31:34.607600,BTC,79846.93,70.32,50.94567881944444,62.57,BUY,BUY,14.529999732971191,81818.707,78861.042,657.259,2.0,70.32,BUY,BUY,81818.707,78861.042,2.0,squeeze,UNGATED_SHADOW,2026-09-07,True,shadow — never published
2026-09-07T05:31:34.607600,ETH,2511.34,51.76,49.92357638888888,51.03,WATCH,WATCH,14.529999732971191,,,29.436909200113252,,51.76,WATCH,WATCH,,,,squeeze,UNGATED_SHADOW,2026-09-07,True,shadow — never published
2026-09-07T05:31:34.607600,ADA,0.22119,50.0,56.15593749999999,52.46,WATCH,WATCH,14.529999732971191,,,0.004848999520610469,,50.0,WATCH,WATCH,,,,squeeze,UNGATED_SHADOW,2026-09-07,True,shadow — never published
2026-09-07T05:31:34.607600,BNB,747.57,17.65,64.66790208333332,36.46,AVOID,SELL,14.529999732971191,719.86722,761.42139,9.23426,2.0,17.65,AVOID,STRONG_SELL,710.64219,761.42139,2.67,squeeze,UNGATED_SHADOW,2026-09-07,True,shadow — never published
2026-09-07T05:31:34.607600,XRP,1.4139,63.26,53.20331249999999,59.24,WATCH,WATCH,14.529999732971191,,,0.02099075414120892,,63.26,BUY,BUY,1.4768723,1.3824139,2.0,squeeze,UNGATED_SHADOW,2026-09-07,True,shadow — never published
2026-09-07T05:31:34.607600,LTC,54.63,12.35,60.483483333333325,31.6,AVOID,SELL,14.529999732971191,51.644018,56.122991,0.995327,2.0,12.35,AVOID,STRONG_SELL,50.649687,56.122991,2.67,squeeze,UNGATED_SHADOW,2026-09-07,True,shadow — never published
2026-09-07T05:31:34.607600,VET,0.007266,39.41,53.335019444444434,44.98,AVOID,WATCH,14.529999732971191,,,0.00012820247281761013,,39.41,AVOID,SELL,0.0068813926,0.0074583037,2.0,squeeze,UNGATED_SHADOW,2026-09-07,True,shadow — never published
2026-09-07T05:31:34.607600,LINK,13.312,11.18,51.755582291666656,27.41,AVOID,SELL,14.529999732971191,12.472529,13.731736,0.279824,2.0,11.18,AVOID,STRONG_SELL,12.192985,13.731736,2.67,squeeze,UNGATED_SHADOW,2026-09-07,True,shadow — never published
2026-09-07T05:31:34.607600,AVAX,7.897,18.24,57.558138888888884,33.97,AVOID,SELL,14.529999732971191,7.5729164,8.0590418,0.1080279,2.0,18.24,AVOID,STRONG_SELL,7.4649965,8.0590418,2.67,squeeze,UNGATED_SHADOW,2026-09-07,True,shadow — never published
2026-09-07T05:31:34.607600,SOL,105.58,53.53,49.020203472222214,51.73,WATCH,WATCH,14.529999732971191,,,1.6881750165540887,,53.53,WATCH,WATCH,,,,squeeze,UNGATED_SHADOW,2026-09-07,True,shadow — never published
2026-09-07T05:31:34.607600,XLM,0.19252,47.06,60.750594791666664,52.54,WATCH,WATCH,14.529999732971191,,,0.0031047655121444074,,47.06,WATCH,WATCH,,,,squeeze,UNGATED_SHADOW,2026-09-07,True,shadow — never published
2026-09-07T05:31:34.607600,DOT,0.985,10.0,61.72153020833333,30.69,AVOID,SELL,14.529999732971191,0.92009553,1.01745224,0.02163482,2.0,10.0,AVOID,STRONG_SELL,0.89848234,1.01745224,2.67,squeeze,UNGATED_SHADOW,2026-09-07,True,shadow — never published
2026-09-07T05:31:34.607600,ALGO,0.09478,46.47,57.94802083333333,51.06,WATCH,WATCH,14.529999732971191,,,0.001491301256384592,,46.47,WATCH,WATCH,,,,squeeze,UNGATED_SHADOW,2026-09-07,True,shadow — never published
2026-09-07T05:31:34.607600,ATOM,1.579,14.71,50.98299791666666,29.22,AVOID,SELL,14.529999732971191,1.5246465,1.6061767,0.0181178,2.0,14.71,AVOID,STRONG_SELL,1.5065468,1.6061767,2.67,squeeze,UNGATED_SHADOW,2026-09-07,True,shadow — never published
2026-09-07T05:31:34.607600,DOGE,0.0903,29.41,48.289793749999994,36.96,AVOID,SELL,14.529999732971191,0.084756254,0.093071873,0.001847915,2.0,29.41,AVOID,SELL,0.084756254,0.093071873,2.0,squeeze,UNGATED_SHADOW,2026-09-07,True,shadow — never published
2026-09-07T05:31:34.607600,BCH,255.2,40.59,50.50879861111111,44.56,AVOID,WATCH,14.529999732971191,,,4.4527166408926595,,40.59,AVOID,WATCH,,,,squeeze,UNGATED_SHADOW,2026-09-07,True,shadow — never published
2026-09-07T05:31:34.607600,TRX,0.3367,51.76,51.850281597222214,51.8,WATCH,WATCH,14.529999732971191,,,0.002097607616097862,,51.76,WATCH,WATCH,,,,squeeze,UNGATED_SHADOW,2026-09-07,True,shadow — never published
2026-09-07T05:31:34.607600,VTHO,0.000418,48.82,57.37094444444444,52.24,WATCH,WATCH,14.529999732971191,,,9.108980951293649e-06,,48.82,WATCH,WATCH,,,,squeeze,UNGATED_SHADOW,2026-09-07,True,shadow — never published
2026-09-07T05:31:34.607600,NEAR,2.428,5.29,62.868399652777775,28.32,AVOID,SELL,14.529999732971191,2.1888938,2.5475531,0.0797021,2.0,5.29,AVOID,STRONG_SELL,2.1092715,2.5475531,2.67,squeeze,UNGATED_SHADOW,2026-09-07,True,shadow — never published
2026-09-07T05:31:34.607600,FET,0.176,17.06,59.10748437499999,33.88,AVOID,SELL,14.529999732971191,0.16415539,0.18192231,0.0039482,2.0,17.06,AVOID,STRONG_SELL,0.16021113,0.18192231,2.67,squeeze,UNGATED_SHADOW,2026-09-07,True,shadow — never published
2026-09-07T05:31:34.607600,AAVE,134.26,66.69,57.228088888888884,62.91,BUY,BUY,14.529999732971191,140.84858,130.96571,2.19619,2.0,66.69,BUY,BUY,140.84858,130.96571,2.0,squeeze,UNGATED_SHADOW,2026-09-07,True,shadow — never published
2026-09-07T05:31:34.607600,UNI,6.997,15.29,54.24958097797457,30.87,AVOID,SELL,29.649999618530273,6.2659909,7.3625045,0.2436697,2.0,15.29,AVOID,STRONG_SELL,6.0225649,7.3625045,2.67,squeeze,UNGATED_SHADOW,2026-09-07,True,shadow — never published
2026-09-07T05:31:34.607600,GALA,0.0019,49.41,67.00601979166666,56.45,WATCH,WATCH,14.529999732971191,,,1.4991555492457738e-05,,49.41,WATCH,WATCH,,,,squeeze,UNGATED_SHADOW,2026-09-07,True,shadow — never published
2026-09-07T05:31:34.607600,OP,0.11,11.76,60.64397222222222,31.31,AVOID,SELL,14.529999732971191,0.1032042,0.1133979,0.00226527,2.0,11.76,AVOID,STRONG_SELL,0.1009412,0.1133979,2.67,squeeze,UNGATED_SHADOW,2026-09-07,True,shadow — never published
2026-09-07T05:31:34.607600,ETC,7.85,35.29,56.09918020833332,43.61,AVOID,WATCH,14.529999732971191,,,0.11179064048843944,,35.29,AVOID,SELL,7.5146281,8.017686,2.0,squeeze,UNGATED_SHADOW,2026-09-07,True,shadow — never published
2026-09-07T11:12:00.737072,BTC,79373.51,72.25,50.77582222222222,63.66,BUY,BUY,15.130000114440918,81360.832,78379.849,662.441,2.0,72.25,BUY,BUY,81360.832,78379.849,2.0,squeeze,UNGATED_SHADOW,2026-09-07,True,shadow — never published
2026-09-07T11:12:00.737072,ETH,2487.81,54.71,49.186865625,52.5,WATCH,WATCH,15.130000114440918,,,29.368915685819445,,54.71,WATCH,WATCH,,,,squeeze,UNGATED_SHADOW,2026-09-07,True,shadow — never published
2026-09-07T11:12:00.737072,ADA,0.21879,55.29,60.905988541666666,57.54,WATCH,WATCH,15.130000114440918,,,0.004927438330362782,,55.29,WATCH,WATCH,,,,squeeze,UNGATED_SHADOW,2026-09-07,True,shadow — never published
2026-09-07T11:12:00.737072,BNB,743.87,20.59,65.39283333333333,38.51,AVOID,SELL,15.130000114440918,716.04721,757.78139,9.27426,2.0,20.59,AVOID,STRONG_SELL,706.78222,757.78139,2.67,squeeze,UNGATED_SHADOW,2026-09-07,True,shadow — never published
2026-09-07T11:12:00.737072,XRP,1.399,65.19,53.750401041666656,60.61,BUY,BUY,15.130000114440918,1.4630472,1.3669764,0.0213491,2.0,65.19,BUY,BUY,1.4630472,1.3669764,2.0,squeeze,UNGATED_SHADOW,2026-09-07,True,shadow — never published
2026-09-07T11:12:00.737072,LTC,55.88,10.59,62.55601493055555,31.38,AVOID,SELL,15.130000114440918,52.614446,57.512777,1.088518,2.0,10.59,AVOID,STRONG_SELL,51.527016,57.512777,2.67,squeeze,UNGATED_SHADOW,2026-09-07,True,shadow — never published
2026-09-07T11:12:00.737072,VET,0.007102,48.82,52.2091375,50.18,WATCH,WATCH,15.130000114440918,,,0.00013320841863676043,,48.82,WATCH,WATCH,,,,squeeze,UNGATED_SHADOW,2026-09-07,True,shadow — never published
2026-09-07T11:12:00.737072,LINK,13.232,10.59,55.56065277777777,28.58,AVOID,SELL,15.130000114440918,12.305078,13.695461,0.308974,2.0,10.59,AVOID,STRONG_SELL,11.996413,13.695461,2.67,squeeze,UNGATED_SHADOW,2026-09-07,True,shadow — never published
2026-09-07T11:12:00.737072,AVAX,7.872,18.24,59.908898611111105,34.91,AVOID,SELL,15.130000114440918,7.5124887,8.0517557,0.1198371,2.0,18.24,AVOID,STRONG_SELL,7.3927714,8.0517557,2.67,squeeze,UNGATED_SHADOW,2026-09-07,True,shadow — never published
2026-09-07T11:12:00.737072,SOL,104.87,53.53,53.142266666666664,53.37,WATCH,WATCH,15.130000114440918,,,1.6811114949634904,,53.53,WATCH,WATCH,,,,squeeze,UNGATED_SHADOW,2026-09-07,True,shadow — never published
2026-09-07T11:12:00.737072,XLM,0.19155,47.06,60.86834999999999,52.58,WATCH,WATCH,15.130000114440918,,,0.0031494251184198078,,47.06,WATCH,WATCH,,,,squeeze,UNGATED_SHADOW,2026-09-07,True,shadow — never published
2026-09-07T11:12:00.737072,DOT,0.981,10.0,62.33447222222221,30.93,AVOID,SELL,15.130000114440918,0.91509891,1.01395055,0.02196703,2.0,10.0,AVOID,STRONG_SELL,0.89315385,1.01395055,2.67,squeeze,UNGATED_SHADOW,2026-09-07,True,shadow — never published
2026-09-07T11:12:00.737072,ALGO,0.09472,45.88,62.063327777777765,52.35,WATCH,WATCH,15.130000114440918,,,0.0015944225952142638,,45.88,WATCH,WATCH,,,,squeeze,UNGATED_SHADOW,2026-09-07,True,shadow — never published
2026-09-07T11:12:00.737072,ATOM,1.621,10.59,56.79121666666666,29.07,AVOID,SELL,15.130000114440918,1.5568912,1.6530544,0.0213696,2.0,10.59,AVOID,STRONG_SELL,1.5355429,1.6530544,2.67,squeeze,UNGATED_SHADOW,2026-09-07,True,shadow — never published
2026-09-07T11:12:00.737072,DOGE,0.08943,29.41,51.81404062499999,38.37,AVOID,SELL,15.130000114440918,0.083973359,0.092158321,0.00181888,2.0,29.41,AVOID,SELL,0.083973359,0.092158321,2.0,squeeze,UNGATED_SHADOW,2026-09-07,True,shadow — never published
2026-09-07T11:12:00.737072,BCH,256.4,40.59,56.44929131944444,46.93,WATCH,WATCH,15.130000114440918,,,4.557624635930941,,40.59,AVOID,WATCH,,,,squeeze,UNGATED_SHADOW,2026-09-07,True,shadow — never published
2026-09-07T11:12:00.737072,TRX,0.3375,53.53,48.56577777777777,51.54,WATCH,WATCH,15.130000114440918,,,0.002119207072090873,,53.53,WATCH,WATCH,,,,squeeze,UNGATED_SHADOW,2026-09-07,True,shadow — never published
2026-09-07T11:12:00.737072,VTHO,0.000421,48.24,57.90110243055555,52.1,WATCH,WATCH,15.130000114440918,,,8.601196597629816e-06,,48.24,WATCH,WATCH,,,,squeeze,UNGATED_SHADOW,2026-09-07,True,shadow — never published
2026-09-07T11:12:00.737072,NEAR,2.351,11.76,63.28354166666666,32.37,AVOID,SELL,15.130000114440918,2.0996616,2.4766692,0.0837795,2.0,11.76,AVOID,STRONG_SELL,2.015966,2.4766692,2.67,squeeze,UNGATED_SHADOW,2026-09-07,True,shadow — never published
2026-09-07T11:12:00.737072,FET,0.176,15.29,60.112368749999995,33.22,AVOID,SELL,15.130000114440918,0.16448714,0.18175643,0.00383762,2.0,15.29,AVOID,STRONG_SELL,0.16065336,0.18175643,2.67,squeeze,UNGATED_SHADOW,2026-09-07,True,shadow — never published
2026-09-07T11:12:00.737072,AAVE,133.95,67.44,59.09188749999999,64.1,BUY,BUY,15.130000114440918,141.45164,130.19918,2.50055,2.0,67.44,BUY,BUY,141.45164,130.19918,2.0,squeeze,UNGATED_SHADOW,2026-09-07,True,shadow — never published
2026-09-07T11:12:00.737072,UNI,6.997,15.88,54.24958097797457,31.23,AVOID,SELL,29.649999618530273,6.2664865,7.3622568,0.2435045,2.0,15.88,AVOID,STRONG_SELL,6.0232255,7.3622568,2.67,squeeze,UNGATED_SHADOW,2026-09-07,True,shadow — never published
2026-09-07T11:12:00.737072,GALA,0.001913,53.53,66.24278715277777,58.62,WATCH,WATCH,15.130000114440918,,,1.4849301528710757e-05,,53.53,WATCH,WATCH,,,,squeeze,UNGATED_SHADOW,2026-09-07,True,shadow — never published
2026-09-07T11:12:00.737072,OP,0.11,11.76,62.41804687499998,32.02,AVOID,SELL,15.130000114440918,0.10286308,0.11356846,0.00237897,2.0,11.76,AVOID,STRONG_SELL,0.10048649,0.11356846,2.67,squeeze,UNGATED_SHADOW,2026-09-07,True,shadow — never published
2026-09-07T11:12:00.737072,ETC,7.75,42.94,57.93648888888888,48.94,WATCH,WATCH,15.130000114440918,,,0.110693349841306,,42.94,AVOID,WATCH,,,,squeeze,UNGATED_SHADOW,2026-09-07,True,shadow — never published
2026-09-07T16:58:10.543983,BTC,79010.87,73.75,53.15740833333333,65.51,BUY,BUY,15.300000190734863,80954.224,78039.193,647.785,2.0,73.75,BUY,BUY,80954.224,78039.193,2.0,squeeze,UNGATED_SHADOW,2026-09-07,True,shadow — never published
2026-09-07T16:58:10.543983,ETH,2481.7,63.1,50.197875347222215,57.94,WATCH,WATCH,15.300000190734863,,,29.018044647466763,,63.1,BUY,BUY,2568.7541,2438.1729,2.0,squeeze,UNGATED_SHADOW,2026-09-07,True,shadow — never published
2026-09-07T16:58:10.543983,ADA,0.22055,58.4,60.169940624999995,59.11,WATCH,WATCH,15.300000190734863,,,0.005092678239664121,,58.4,WATCH,WATCH,,,,squeeze,UNGATED_SHADOW,2026-09-07,True,shadow — never published
2026-09-07T16:58:10.543983,BNB,739.76,25.29,62.4544875,40.16,AVOID,WATCH,15.300000190734863,,,9.233216690413313,,25.29,AVOID,SELL,712.06035,753.60983,2.0,squeeze,UNGATED_SHADOW,2026-09-07,True,shadow — never published
2026-09-07T16:58:10.543983,XRP,1.3955,70.22,52.69197777777777,63.21,BUY,BUY,15.300000190734863,1.4607162,1.3628919,0.0217387,2.0,70.22,BUY,BUY,1.4607162,1.3628919,2.0,squeeze,UNGATED_SHADOW,2026-09-07,True,shadow — never published
2026-09-07T16:58:10.543983,LTC,55.74,17.65,64.14125,36.25,AVOID,SELL,15.300000190734863,51.997966,57.611017,1.247345,2.0,17.65,AVOID,STRONG_SELL,50.751869,57.611017,2.67,squeeze,UNGATED_SHADOW,2026-09-07,True,shadow — never published
2026-09-07T16:58:10.543983,VET,0.007145,49.41,53.04762326388889,50.87,WATCH,WATCH,15.300000190734863,,,0.0001194395475563321,,49.41,WATCH,WATCH,,,,squeeze,UNGATED_SHADOW,2026-09-07,True,shadow — never published
2026-09-07T16:58:10.543983,LINK,12.921,10.0,55.87696666666666,28.35,AVOID,SELL,15.300000190734863,12.000937,13.381031,0.306688,2.0,10.0,AVOID,STRONG_SELL,11.694557,13.381031,2.67,squeeze,UNGATED_SHADOW,2026-09-07,True,shadow — never published
2026-09-07T16:58:10.543983,AVAX,8.057,12.35,59.30607499999999,31.13,AVOID,SELL,15.300000190734863,7.6880387,8.2414806,0.1229871,2.0,12.35,AVOID,STRONG_SELL,7.5651746,8.2414806,2.67,squeeze,UNGATED_SHADOW,2026-09-07,True,shadow — never published
2026-09-07T16:58:10.543983,SOL,103.78,54.12,49.45257152777778,52.25,WATCH,WATCH,15.300000190734863,,,1.6907542992287248,,54.12,WATCH,WATCH,,,,squeeze,UNGATED_SHADOW,2026-09-07,True,shadow — never published
2026-09-07T16:58:10.543983,XLM,0.19233,36.47,61.03509999999999,46.3,WATCH,WATCH,15.300000190734863,,,0.0035302696174129974,,36.47,AVOID,SELL,0.18173919,0.1976254,2.0,squeeze,UNGATED_SHADOW,2026-09-07,True,shadow — never published
2026-09-07T16:58:10.543983,DOT,1.105,4.71,62.65953888888889,27.89,AVOID,SELL,15.300000190734863,1.0173965,1.1488017,0.0292012,2.0,4.71,AVOID,STRONG_SELL,0.9882245,1.1488017,2.67,squeeze,UNGATED_SHADOW,2026-09-07,True,shadow — never published
2026-09-07T16:58:10.543983,ALGO,0.09566,41.76,60.01517777777777,49.06,WATCH,WATCH,15.300000190734863,,,0.0016127419315878095,,41.76,AVOID,WATCH,,,,squeeze,UNGATED_SHADOW,2026-09-07,True,shadow — never published
2026-09-07T16:58:10.543983,ATOM,1.641,8.82,58.152816666666666,28.55,AVOID,SELL,15.300000190734863,1.5731868,1.6749066,0.0226044,2.0,8.82,AVOID,STRONG_SELL,1.550605,1.6749066,2.67,squeeze,UNGATED_SHADOW,2026-09-07,True,shadow — never published
2026-09-07T16:58:10.543983,DOGE,0.09006,29.41,51.770803819444446,38.35,AVOID,SELL,15.300000190734863,0.084446314,0.092866843,0.001871229,2.0,29.41,AVOID,SELL,0.084446314,0.092866843,2.0,squeeze,UNGATED_SHADOW,2026-09-07,True,shadow — never published
2026-09-07T16:58:10.543983,BCH,266.1,35.29,57.28253020833333,44.09,AVOID,WATCH,15.300000190734863,,,5.040502874858823,,35.29,AVOID,SELL,250.97849,273.66075,2.0,squeeze,UNGATED_SHADOW,2026-09-07,True,shadow — never published
2026-09-07T16:58:10.543983,TRX,0.3342,63.85,48.88464722222222,57.86,WATCH,WATCH,15.300000190734863,,,0.0020660509958334602,,63.85,BUY,BUY,0.34039815,0.33110092,2.0,squeeze,UNGATED_SHADOW,2026-09-07,True,shadow — never published
2026-09-07T16:58:10.543983,VTHO,0.000426,49.41,59.504450000000006,53.45,WATCH,WATCH,15.300000190734863,,,7.747970535711424e-06,,49.41,WATCH,WATCH,,,,squeeze,UNGATED_SHADOW,2026-09-07,True,shadow — never published
2026-09-07T16:58:10.543983,NEAR,2.314,17.65,64.25944444444444,36.29,AVOID,SELL,15.300000190734863,2.0733766,2.4343117,0.0802078,2.0,17.65,AVOID,STRONG_SELL,1.993249,2.4343117,2.67,squeeze,UNGATED_SHADOW,2026-09-07,True,shadow — never published
2026-09-07T16:58:10.543983,FET,0.181,14.12,60.112368749999995,32.52,AVOID,SELL,15.300000190734863,0.16902514,0.18698743,0.00399162,2.0,14.12,AVOID,STRONG_SELL,0.16503751,0.18698743,2.67,squeeze,UNGATED_SHADOW,2026-09-07,True,shadow — never published
2026-09-07T16:58:10.543983,AAVE,131.79,66.0,58.03830381944444,62.82,BUY,BUY,15.300000190734863,139.62478,127.87261,2.61159,2.0,66.0,BUY,BUY,139.62478,127.87261,2.0,squeeze,UNGATED_SHADOW,2026-09-07,True,shadow — never published
2026-09-07T16:58:10.543983,UNI,6.842,24.71,54.24958097797457,36.53,AVOID,SELL,29.649999618530273,6.1351286,7.1954357,0.2356238,2.0,24.71,AVOID,STRONG_SELL,5.8997405,7.1954357,2.67,squeeze,UNGATED_SHADOW,2026-09-07,True,shadow — never published
2026-09-07T16:58:10.543983,GALA,0.001949,54.12,68.45476423611112,59.85,WATCH,WATCH,15.300000190734863,,,1.5191489583429176e-05,,54.12,WATCH,WATCH,,,,squeeze,UNGATED_SHADOW,2026-09-07,True,shadow — never published
2026-09-07T16:58:10.543983,OP,0.11,14.71,62.866043749999996,33.97,AVOID,SELL,15.300000190734863,0.10324929,0.11337535,0.00225024,2.0,14.71,AVOID,STRONG_SELL,0.10100131,0.11337535,2.67,squeeze,UNGATED_SHADOW,2026-09-07,True,shadow — never published
2026-09-07T16:58:10.543983,ETC,7.81,36.47,59.03294999999999,45.5,WATCH,WATCH,15.300000190734863,,,0.11763865368969753,,36.47,AVOID,SELL,7.457084,7.986458,2.0,squeeze,UNGATED_SHADOW,2026-09-07,True,shadow — never published
2026-09-07T20:22:24.754406,BTC,79258.52,73.91,52.67134166666667,65.41,BUY,BUY,15.300000190734863,81178.249,78298.655,639.91,2.0,73.91,BUY,BUY,81178.249,78298.655,2.0,squeeze,UNGATED_SHADOW,2026-09-07,True,shadow — never published
2026-09-07T20:22:24.754406,ETH,2489.63,66.21,49.61798784722222,59.57,WATCH,WATCH,15.300000190734863,,,28.639306764484463,,66.21,BUY,BUY,2575.5479,2446.671,2.0,squeeze,UNGATED_SHADOW,2026-09-07,True,shadow — never published
2026-09-07T20:22:24.754406,ADA,0.22071,60.32,60.85283298611111,60.53,BUY,BUY,15.300000190734863,0.23514455,0.21349272,0.00481152,2.0,60.32,BUY,BUY,0.23514455,0.21349272,2.0,squeeze,UNGATED_SHADOW,2026-09-07,True,shadow — never published
2026-09-07T20:22:24.754406,BNB,740.13,27.06,62.4544875,41.22,AVOID,WATCH,15.300000190734863,,,8.83268080436338,,27.06,AVOID,SELL,713.63196,753.37902,2.0,squeeze,UNGATED_SHADOW,2026-09-07,True,shadow — never published
2026-09-07T20:22:24.754406,XRP,1.3977,70.97,53.63493784722222,64.04,BUY,BUY,15.300000190734863,1.4611232,1.3659884,0.0211411,2.0,70.97,BUY,BUY,1.4611232,1.3659884,2.0,squeeze,UNGATED_SHADOW,2026-09-07,True,shadow — never published
2026-09-07T20:22:24.754406,LTC,55.07,21.18,64.37604166666667,38.46,AVOID,SELL,15.300000190734863,51.452295,56.878853,1.205902,2.0,21.18,AVOID,STRONG_SELL,50.247599,56.878853,2.67,squeeze,UNGATED_SHADOW,2026-09-07,True,shadow — never published
2026-09-07T20:22:24.754406,VET,0.00718,58.4,52.059869097222226,55.86,WATCH,WATCH,15.300000190734863,,,0.00012019386558802268,,58.4,WATCH,WATCH,,,,squeeze,UNGATED_SHADOW,2026-09-07,True,shadow — never published
2026-09-07T20:22:24.754406,LINK,12.681,11.76,58.82019999999999,30.58,AVOID,SELL,15.300000190734863,11.768937,13.137032,0.304021,2.0,11.76,AVOID,STRONG_SELL,11.46522,13.137032,2.67,squeeze,UNGATED_SHADOW,2026-09-07,True,shadow — never published
2026-09-07T20:22:24.754406,AVAX,8.086,12.35,59.30607499999999,31.13,AVOID,SELL,15.300000190734863,7.7055104,8.2762448,0.1268299,2.0,12.35,AVOID,STRONG_SELL,7.5788074,8.2762448,2.67,squeeze,UNGATED_SHADOW,2026-09-07,True,shadow — never published
2026-09-07T20:22:24.754406,SOL,104.0,63.1,53.980185416666664,59.45,WATCH,WATCH,15.300000190734863,,,1.6370779717327948,,63.1,BUY,BUY,108.91123,101.54438,2.0,squeeze,UNGATED_SHADOW,2026-09-07,True,shadow — never published
2026-09-07T20:22:24.754406,XLM,0.19259,34.71,60.70773333333333,45.11,WATCH,WATCH,15.300000190734863,,,0.0034266279100467613,,34.71,AVOID,SELL,0.18231012,0.19772994,2.0,squeeze,UNGATED_SHADOW,2026-09-07,True,shadow — never published
2026-09-07T20:22:24.754406,DOT,1.05,7.06,62.65953888888889,29.3,AVOID,SELL,15.300000190734863,0.9637559,1.093122,0.028748,2.0,7.06,AVOID,STRONG_SELL,0.9350367,1.093122,2.67,squeeze,UNGATED_SHADOW,2026-09-07,True,shadow — never published
2026-09-07T20:22:24.754406,ALGO,0.09485,59.57,61.91139999999999,60.51,BUY,BUY,15.300000190734863,0.099509934,0.092520033,0.001553311,2.0,59.57,WATCH,WATCH,,,,squeeze,UNGATED_SHADOW,2026-09-07,True,shadow — never published
2026-09-07T20:22:24.754406,ATOM,1.652,10.0,58.152816666666666,29.26,AVOID,SELL,15.300000190734863,1.5868418,1.6845791,0.0217194,2.0,10.0,AVOID,STRONG_SELL,1.5651441,1.6845791,2.67,squeeze,UNGATED_SHADOW,2026-09-07,True,shadow — never published
2026-09-07T20:22:24.754406,DOGE,0.09017,35.29,51.63480034722221,41.83,AVOID,WATCH,15.300000190734863,,,0.001796753022022897,,35.29,AVOID,SELL,0.084779741,0.09286513,2.0,squeeze,UNGATED_SHADOW,2026-09-07,True,shadow — never published
2026-09-07T20:22:24.754406,BCH,261.4,37.06,55.080136458333335,44.27,AVOID,WATCH,15.300000190734863,,,4.68046695522605,,37.06,AVOID,SELL,247.3586,268.4207,2.0,squeeze,UNGATED_SHADOW,2026-09-07,True,shadow — never published
2026-09-07T20:22:24.754406,TRX,0.3339,65.78,48.36593333333333,58.81,WATCH,WATCH,15.300000190734863,,,0.0021240881696004583,,65.78,BUY,BUY,0.34027226,0.33071387,2.0,squeeze,UNGATED_SHADOW,2026-09-07,True,shadow — never published
2026-09-07T20:22:24.754406,VTHO,0.000418,58.99,59.06697083333333,59.02,WATCH,WATCH,15.300000190734863,,,7.725156313772852e-06,,58.99,WATCH,WATCH,,,,squeeze,UNGATED_SHADOW,2026-09-07,True,shadow — never published
2026-09-07T20:22:24.754406,NEAR,2.312,22.35,64.25944444444444,39.11,AVOID,SELL,15.300000190734863,2.0845538,2.4257231,0.0758154,2.0,22.35,AVOID,STRONG_SELL,2.0088142,2.4257231,2.67,squeeze,UNGATED_SHADOW,2026-09-07,True,shadow — never published
2026-09-07T20:22:24.754406,FET,0.1828,12.94,60.32253125,31.89,AVOID,SELL,15.300000190734863,0.17046824,0.18896588,0.00411059,2.0,12.94,AVOID,STRONG_SELL,0.16636177,0.18896588,2.67,squeeze,UNGATED_SHADOW,2026-09-07,True,shadow — never published
2026-09-07T20:22:24.754406,AAVE,132.14,70.28,58.06647881944444,65.39,BUY,BUY,15.300000190734863,139.4848,128.4676,2.44827,2.0,70.28,BUY,BUY,139.4848,128.4676,2.0,squeeze,UNGATED_SHADOW,2026-09-07,True,shadow — never published
2026-09-07T20:22:24.754406,UNI,6.884,29.41,54.24958097797457,39.35,AVOID,SELL,29.649999618530273,6.2208541,7.2155729,0.2210486,2.0,29.41,AVOID,SELL,6.2208541,7.2155729,2.0,squeeze,UNGATED_SHADOW,2026-09-07,True,shadow — never published
2026-09-07T20:22:24.754406,GALA,0.00197,54.71,67.56648506944445,59.85,WATCH,WATCH,15.300000190734863,,,1.5499240327469946e-05,,54.71,WATCH,WATCH,,,,squeeze,UNGATED_SHADOW,2026-09-07,True,shadow — never published
2026-09-07T20:22:24.754406,OP,0.11,17.65,61.749609375,35.29,AVOID,SELL,15.300000190734863,0.10373148,0.11313426,0.00208951,2.0,17.65,AVOID,STRONG_SELL,0.10164407,0.11313426,2.67,squeeze,UNGATED_SHADOW,2026-09-07,True,shadow — never published
2026-09-07T20:22:24.754406,ETC,7.82,47.65,57.43713333333333,51.56,WATCH,WATCH,15.300000190734863,,,0.109235892711862,,47.65,WATCH,WATCH,,,,squeeze,UNGATED_SHADOW,2026-09-07,True,shadow — never published
2026-09-07T23:12:54.130535,BTC,79133.01,73.91,52.64795833333333,65.41,BUY,BUY,15.300000190734863,81139.506,78129.762,668.832,2.0,73.91,BUY,BUY,81139.506,78129.762,2.0,squeeze,UNGATED_SHADOW,2026-09-07,True,shadow — never published
2026-09-07T23:12:54.130535,ETH,2487.67,66.79,49.61798784722222,59.92,WATCH,WATCH,15.300000190734863,,,29.55573533591303,,66.79,BUY,BUY,2576.3372,2443.3364,2.0,squeeze,UNGATED_SHADOW,2026-09-07,True,shadow — never published
2026-09-07T23:12:54.130535,ADA,0.21992,60.32,60.988644791666665,60.59,BUY,BUY,15.300000190734863,0.2351217,0.21231915,0.00506723,2.0,60.32,BUY,BUY,0.2351217,0.21231915,2.0,squeeze,UNGATED_SHADOW,2026-09-07,True,shadow — never published
2026-09-07T23:12:54.130535,BNB,739.76,27.06,62.4544875,41.22,AVOID,WATCH,15.300000190734863,,,9.096966518649097,,27.06,AVOID,SELL,712.4691,753.40545,2.0,squeeze,UNGATED_SHADOW,2026-09-07,True,shadow — never published
2026-09-07T23:12:54.130535,XRP,1.395,70.97,53.909676041666664,64.15,BUY,BUY,15.300000190734863,1.4607375,1.3621312,0.0219125,2.0,70.97,BUY,BUY,1.4607375,1.3621312,2.0,squeeze,UNGATED_SHADOW,2026-09-07,True,shadow — never published
2026-09-07T23:12:54.130535,LTC,55.25,21.18,64.28875347222221,38.42,AVOID,SELL,15.300000190734863,51.531581,57.10921,1.239473,2.0,21.18,AVOID,STRONG_SELL,50.293347,57.10921,2.67,squeeze,UNGATED_SHADOW,2026-09-07,True,shadow — never published
2026-09-07T23:12:54.130535,VET,0.007141,59.57,52.33445555555555,56.68,WATCH,WATCH,15.300000190734863,,,0.00012912243701659412,,59.57,WATCH,WATCH,,,,squeeze,UNGATED_SHADOW,2026-09-07,True,shadow — never published
2026-09-07T23:12:54.130535,LINK,12.746,11.18,59.36159444444444,30.45,AVOID,SELL,15.300000190734863,11.823008,13.207496,0.307664,2.0,11.18,AVOID,STRONG_SELL,11.515652,13.207496,2.67,squeeze,UNGATED_SHADOW,2026-09-07,True,shadow — never published
2026-09-07T23:12:54.130535,AVAX,8.069,12.35,59.30607499999999,31.13,AVOID,SELL,15.300000190734863,7.6816533,8.2626734,0.1291156,2.0,12.35,AVOID,STRONG_SELL,7.5526668,8.2626734,2.67,squeeze,UNGATED_SHADOW,2026-09-07,True,shadow — never published
2026-09-07T23:12:54.130535,SOL,103.95,63.1,51.0181048611111,58.27,WATCH,WATCH,15.300000190734863,,,1.687792257447081,,63.1,BUY,BUY,109.01338,101.41831,2.0,squeeze,UNGATED_SHADOW,2026-09-07,True,shadow — never published
2026-09-07T23:12:54.130535,XLM,0.19082,36.47,60.546477777777774,46.1,WATCH,WATCH,15.300000190734863,,,0.003569485052903904,,36.47,AVOID,SELL,0.18011154,0.19617423,2.0,squeeze,UNGATED_SHADOW,2026-09-07,True,shadow — never published
2026-09-07T23:12:54.130535,DOT,1.055,6.47,62.65953888888889,28.95,AVOID,SELL,15.300000190734863,0.9687559,1.098122,0.028748,2.0,6.47,AVOID,STRONG_SELL,0.9400367,1.098122,2.67,squeeze,UNGATED_SHADOW,2026-09-07,True,shadow — never published
2026-09-07T23:12:54.130535,ALGO,0.09615,57.22,59.688449999999996,58.21,WATCH,WATCH,15.300000190734863,,,0.0016175970997397001,,57.22,WATCH,WATCH,,,,squeeze,UNGATED_SHADOW,2026-09-07,True,shadow — never published
2026-09-07T23:12:54.130535,ATOM,1.623,11.18,58.140358333333324,29.96,AVOID,SELL,15.300000190734863,1.5458418,1.6615791,0.0257194,2.0,11.18,AVOID,STRONG_SELL,1.5201481,1.6615791,2.67,squeeze,UNGATED_SHADOW,2026-09-07,True,shadow — never published
2026-09-07T23:12:54.130535,DOGE,0.09062,35.29,51.42867881944444,41.75,AVOID,WATCH,15.300000190734863,,,0.0018596101648800402,,35.29,AVOID,SELL,0.08504117,0.093409415,2.0,squeeze,UNGATED_SHADOW,2026-09-07,True,shadow — never published
2026-09-07T23:12:54.130535,BCH,258.6,39.41,55.46909201388889,45.83,WATCH,WATCH,15.300000190734863,,,5.109038383797476,,39.41,AVOID,SELL,243.27288,266.26356,2.0,squeeze,UNGATED_SHADOW,2026-09-07,True,shadow — never published
2026-09-07T23:12:54.130535,TRX,0.335,65.78,48.096833333333336,58.71,WATCH,WATCH,15.300000190734863,,,0.0022669453124576013,,65.78,BUY,BUY,0.34180084,0.33159958,2.0,squeeze,UNGATED_SHADOW,2026-09-07,True,shadow — never published
2026-09-07T23:12:54.130535,VTHO,0.000418,58.99,57.25688680555555,58.3,WATCH,WATCH,15.300000190734863,,,7.725156313772852e-06,,58.99,WATCH,WATCH,,,,squeeze,UNGATED_SHADOW,2026-09-07,True,shadow — never published
2026-09-07T23:12:54.130535,NEAR,2.31,22.35,64.25944444444444,39.11,AVOID,SELL,15.300000190734863,2.0724824,2.4287588,0.0791725,2.0,22.35,AVOID,STRONG_SELL,1.993389,2.4287588,2.67,squeeze,UNGATED_SHADOW,2026-09-07,True,shadow — never published
2026-09-07T23:12:54.130535,FET,0.1803,13.53,60.32253125,32.25,AVOID,SELL,15.300000190734863,0.16719681,0.18685159,0.00436773,2.0,13.53,AVOID,STRONG_SELL,0.16283345,0.18685159,2.67,squeeze,UNGATED_SHADOW,2026-09-07,True,shadow — never published
2026-09-07T23:12:54.130535,AAVE,132.28,70.28,58.06647881944444,65.39,BUY,BUY,15.300000190734863,139.72551,128.55725,2.48184,2.0,70.28,BUY,BUY,139.72551,128.55725,2.0,squeeze,UNGATED_SHADOW,2026-09-07,True,shadow — never published
2026-09-07T23:12:54.130535,UNI,6.818,29.41,54.24958097797457,39.35,AVOID,SELL,29.649999618530273,6.123997,7.1650015,0.2313343,2.0,29.41,AVOID,SELL,6.123997,7.1650015,2.0,squeeze,UNGATED_SHADOW,2026-09-07,True,shadow — never published
2026-09-07T23:12:54.130535,GALA,0.001908,55.88,66.08784062499998,59.96,WATCH,WATCH,15.300000190734863,,,1.9927811756041374e-05,,55.88,WATCH,WATCH,,,,squeeze,UNGATED_SHADOW,2026-09-07,True,shadow — never published
2026-09-07T23:12:54.130535,OP,0.11,17.65,62.084467013888876,35.42,AVOID,SELL,15.300000190734863,0.10373148,0.11313426,0.00208951,2.0,17.65,AVOID,STRONG_SELL,0.10164407,0.11313426,2.67,squeeze,UNGATED_SHADOW,2026-09-07,True,shadow — never published
2026-09-07T23:12:54.130535,ETC,7.84,47.06,58.73385416666667,51.73,WATCH,WATCH,15.300000190734863,,,0.12066446414043344,,47.06,WATCH,WATCH,,,,squeeze,UNGATED_SHADOW,2026-09-07,True,shadow — never published
2026-09-08T02:22:23.502968,BTC,79349.0,74.07,51.45234166666666,65.02,BUY,BUY,15.300000190734863,81313.928,78366.536,654.976,2.0,74.07,BUY,BUY,81313.928,78366.536,2.0,squeeze,UNGATED_SHADOW,2026-09-08,True,shadow — never published
2026-09-08T02:22:23.502968,ETH,2498.35,68.72,51.330321875,61.76,BUY,BUY,15.300000190734863,2585.2438,2454.9031,28.9646,2.0,68.72,BUY,BUY,2585.2438,2454.9031,2.0,squeeze,UNGATED_SHADOW,2026-09-08,True,shadow — never published
2026-09-08T02:22:23.502968,ADA,0.22216,61.66,59.747531249999994,60.9,BUY,BUY,15.300000190734863,0.23682872,0.21482564,0.00488957,2.0,61.66,BUY,BUY,0.23682872,0.21482564,2.0,squeeze,UNGATED_SHADOW,2026-09-08,True,shadow — never published
2026-09-08T02:22:23.502968,BNB,742.46,28.82,65.89140624999999,43.65,AVOID,WATCH,15.300000190734863,,,8.736468910174159,,28.82,AVOID,SELL,716.25059,755.5647,2.0,squeeze,UNGATED_SHADOW,2026-09-08,True,shadow — never published
2026-09-08T02:22:23.502968,XRP,1.4042,72.31,53.92764479166666,64.96,BUY,BUY,15.300000190734863,1.4678563,1.3723719,0.0212188,2.0,72.31,BUY,BUY,1.4678563,1.3723719,2.0,squeeze,UNGATED_SHADOW,2026-09-08,True,shadow — never published
2026-09-08T02:22:23.502968,LTC,56.01,24.12,62.55601493055555,39.49,AVOID,SELL,15.300000190734863,52.392182,57.818909,1.205939,2.0,24.12,AVOID,STRONG_SELL,51.187449,57.818909,2.67,squeeze,UNGATED_SHADOW,2026-09-08,True,shadow — never published
2026-09-08T02:22:23.502968,VET,0.007286,62.09,54.53668159722221,59.07,WATCH,WATCH,15.300000190734863,,,0.00013218512008683742,,62.09,BUY,BUY,0.0076825554,0.0070877223,2.0,squeeze,UNGATED_SHADOW,2026-09-08,True,shadow — never published
2026-09-08T02:22:23.502968,LINK,12.782,13.53,56.88928611111111,30.87,AVOID,SELL,15.300000190734863,11.903936,13.221032,0.292688,2.0,13.53,AVOID,STRONG_SELL,11.611541,13.221032,2.67,squeeze,UNGATED_SHADOW,2026-09-08,True,shadow — never published
2026-09-08T02:22:23.502968,AVAX,8.102,12.35,59.30607499999999,31.13,AVOID,SELL,15.300000190734863,7.7305352,8.2877324,0.1238216,2.0,12.35,AVOID,STRONG_SELL,7.6068374,8.2877324,2.67,squeeze,UNGATED_SHADOW,2026-09-08,True,shadow — never published
2026-09-08T02:22:23.502968,SOL,104.32,65.03,54.24546805555555,60.72,BUY,BUY,15.300000190734863,109.20599,101.877,1.62866,2.0,65.03,BUY,BUY,109.20599,101.877,2.0,squeeze,UNGATED_SHADOW,2026-09-08,True,shadow — never published
2026-09-08T02:22:23.502968,XLM,0.19316,34.12,60.70773333333333,44.76,AVOID,WATCH,15.300000190734863,,,0.003484470814431176,,34.12,AVOID,SELL,0.18270659,0.19838671,2.0,squeeze,UNGATED_SHADOW,2026-09-08,True,shadow — never published
2026-09-08T02:22:23.502968,DOT,1.069,5.88,62.65953888888889,28.59,AVOID,SELL,15.300000190734863,0.9859162,1.1105419,0.0276946,2.0,5.88,AVOID,STRONG_SELL,0.9582493,1.1105419,2.67,squeeze,UNGATED_SHADOW,2026-09-08,True,shadow — never published
2026-09-08T02:22:23.502968,ALGO,0.09917,44.71,60.54174999999999,51.04,WATCH,WATCH,15.300000190734863,,,0.001783176898737885,,44.71,AVOID,WATCH,,,,squeeze,UNGATED_SHADOW,2026-09-08,True,shadow — never published
2026-09-08T02:22:23.502968,ATOM,1.635,13.53,57.55002499999999,31.14,AVOID,SELL,15.300000190734863,1.5575674,1.6737163,0.0258109,2.0,13.53,AVOID,STRONG_SELL,1.5317823,1.6737163,2.67,squeeze,UNGATED_SHADOW,2026-09-08,True,shadow — never published
2026-09-08T02:22:23.502968,DOGE,0.09115,37.06,51.490635069444444,42.83,AVOID,WATCH,15.300000190734863,,,0.0018203522959600379,,37.06,AVOID,SELL,0.085688943,0.093880528,2.0,squeeze,UNGATED_SHADOW,2026-09-08,True,shadow — never published
2026-09-08T02:22:23.502968,BCH,260.9,38.24,54.65506770833333,44.81,AVOID,WATCH,15.300000190734863,,,5.108392784954801,,38.24,AVOID,SELL,245.57482,268.56259,2.0,squeeze,UNGATED_SHADOW,2026-09-08,True,shadow — never published
2026-09-08T02:22:23.502968,TRX,0.3354,67.12,48.31693055555556,59.6,WATCH,WATCH,15.300000190734863,,,0.0021550206472820566,,67.12,BUY,BUY,0.34186506,0.33216747,2.0,squeeze,UNGATED_SHADOW,2026-09-08,True,shadow — never published
2026-09-08T02:22:23.502968,VTHO,0.000423,63.85,59.21124791666666,61.99,BUY,BUY,15.300000190734863,0.00044580579,0.0004115971,7.60193e-06,2.0,63.85,BUY,BUY,0.00044580579,0.0004115971,2.0,squeeze,UNGATED_SHADOW,2026-09-08,True,shadow — never published
2026-09-08T02:22:23.502968,NEAR,2.341,22.94,63.28354166666666,39.08,AVOID,SELL,15.300000190734863,2.1075908,2.4577046,0.0778031,2.0,22.94,AVOID,STRONG_SELL,2.0298655,2.4577046,2.67,squeeze,UNGATED_SHADOW,2026-09-08,True,shadow — never published
2026-09-08T02:22:23.502968,FET,0.1893,13.53,61.584464583333336,32.75,AVOID,SELL,15.300000190734863,0.17520418,0.19634791,0.00469861,2.0,13.53,AVOID,STRONG_SELL,0.17051028,0.19634791,2.67,squeeze,UNGATED_SHADOW,2026-09-08,True,shadow — never published
2026-09-08T02:22:23.502968,AAVE,132.35,73.97,58.90664965277778,67.94,BUY,BUY,15.300000190734863,139.68216,128.68392,2.44405,2.0,73.97,BUY,BUY,139.68216,128.68392,2.0,squeeze,UNGATED_SHADOW,2026-09-08,True,shadow — never published
2026-09-08T02:22:23.502968,UNI,7.08,32.35,53.986440862913604,41.0,AVOID,WATCH,29.649999618530273,,,0.23402473780740776,,32.35,AVOID,SELL,6.3779258,7.4310371,2.0,squeeze,UNGATED_SHADOW,2026-09-08,True,shadow — never published
2026-09-08T02:22:23.502968,GALA,0.001916,58.4,67.86564479166667,62.19,BUY,BUY,15.300000190734863,0.0019732275,0.0018873863,1.90758e-05,2.0,58.4,WATCH,WATCH,,,,squeeze,UNGATED_SHADOW,2026-09-08,True,shadow — never published
2026-09-08T02:22:23.502968,OP,0.11,31.18,62.36102604166666,43.65,AVOID,WATCH,15.300000190734863,,,0.0019402546861257309,,31.18,AVOID,SELL,0.10417924,0.11291038,2.0,squeeze,UNGATED_SHADOW,2026-09-08,True,shadow — never published
2026-09-08T02:22:23.502968,ETC,8.03,50.59,58.63220694444444,53.81,WATCH,WATCH,15.300000190734863,,,0.1313312881304025,,50.59,WATCH,WATCH,,,,squeeze,UNGATED_SHADOW,2026-09-08,True,shadow — never published
2026-09-08T07:38:30.607215,BTC,78540.39,74.24,51.53552499999999,65.16,BUY,BUY,15.609999656677246,80546.942,77537.114,668.851,2.0,74.24,BUY,BUY,80546.942,77537.114,2.0,squeeze,UNGATED_SHADOW,2026-09-08,True,shadow — never published
2026-09-08T07:38:30.607215,ETH,2480.99,73.0,49.67520833333333,63.67,BUY,BUY,15.609999656677246,2567.6666,2437.6517,28.8922,2.0,73.0,BUY,BUY,2567.6666,2437.6517,2.0,squeeze,UNGATED_SHADOW,2026-09-08,True,shadow — never published
2026-09-08T07:38:30.607215,ADA,0.21614,67.71,58.075982291666655,63.86,BUY,BUY,15.609999656677246,0.23088197,0.20876901,0.00491399,2.0,67.71,BUY,BUY,0.23088197,0.20876901,2.0,squeeze,UNGATED_SHADOW,2026-09-08,True,shadow — never published
2026-09-08T07:38:30.607215,BNB,754.85,30.59,62.225493750000005,43.24,AVOID,WATCH,15.609999656677246,,,9.171823171692328,,30.59,AVOID,SELL,727.33453,768.60773,2.0,squeeze,UNGATED_SHADOW,2026-09-08,True,shadow — never published
2026-09-08T07:38:30.607215,XRP,1.3903,72.47,49.73944062499999,63.38,BUY,BUY,15.609999656677246,1.4533966,1.3587517,0.0210322,2.0,72.47,BUY,BUY,1.4533966,1.3587517,2.0,squeeze,UNGATED_SHADOW,2026-09-08,True,shadow — never published
2026-09-08T07:38:30.607215,LTC,55.13,38.24,64.36462951388889,48.69,WATCH,WATCH,15.609999656677246,,,1.1939334772113308,,38.24,AVOID,SELL,51.5482,56.9209,2.0,squeeze,UNGATED_SHADOW,2026-09-08,True,shadow — never published
2026-09-08T07:38:30.607215,VET,0.007415,54.71,53.95940555555555,54.41,WATCH,WATCH,15.609999656677246,,,0.00013538618293777762,,54.71,WATCH,WATCH,,,,squeeze,UNGATED_SHADOW,2026-09-08,True,shadow — never published
2026-09-08T07:38:30.607215,LINK,12.629,14.71,60.58184027777778,33.06,AVOID,SELL,15.609999656677246,11.764461,13.061269,0.28818,2.0,14.71,AVOID,STRONG_SELL,11.47657,13.061269,2.67,squeeze,UNGATED_SHADOW,2026-09-08,True,shadow — never published
2026-09-08T07:38:30.607215,AVAX,8.017,13.53,59.2358611111111,31.81,AVOID,SELL,15.609999656677246,7.6583235,8.1963382,0.1195588,2.0,13.53,AVOID,STRONG_SELL,7.5388842,8.1963382,2.67,squeeze,UNGATED_SHADOW,2026-09-08,True,shadow — never published
2026-09-08T07:38:30.607215,SOL,102.91,66.37,50.76852291666666,60.13,BUY,BUY,15.609999656677246,107.84097,100.44451,1.64366,2.0,66.37,BUY,BUY,107.84097,100.44451,2.0,squeeze,UNGATED_SHADOW,2026-09-08,True,shadow — never published
2026-09-08T07:38:30.607215,XLM,0.18885,42.94,61.248193402777765,50.26,WATCH,WATCH,15.609999656677246,,,0.0036659371848289505,,42.94,AVOID,WATCH,,,,squeeze,UNGATED_SHADOW,2026-09-08,True,shadow — never published
2026-09-08T07:38:30.607215,DOT,1.067,5.29,62.514407291666664,28.18,AVOID,SELL,15.609999656677246,0.9818916,1.1095542,0.0283695,2.0,5.29,AVOID,STRONG_SELL,0.9535505,1.1095542,2.67,squeeze,UNGATED_SHADOW,2026-09-08,True,shadow — never published
2026-09-08T07:38:30.607215,ALGO,0.09679,67.81,60.68534027777777,64.96,BUY,BUY,15.609999656677246,0.102061707,0.094154146,0.001757236,2.0,67.81,BUY,BUY,0.102061707,0.094154146,2.0,squeeze,UNGATED_SHADOW,2026-09-08,True,shadow — never published
2026-09-08T07:38:30.607215,ATOM,1.65,17.06,58.711253472222225,33.72,AVOID,SELL,15.609999656677246,1.5755269,1.6872366,0.0248244,2.0,17.06,AVOID,STRONG_SELL,1.5507273,1.6872366,2.67,squeeze,UNGATED_SHADOW,2026-09-08,True,shadow — never published
2026-09-08T07:38:30.607215,DOGE,0.08969,42.94,52.2514,46.66,WATCH,WATCH,15.609999656677246,,,0.0018316536625751377,,42.94,AVOID,WATCH,,,,squeeze,UNGATED_SHADOW,2026-09-08,True,shadow — never published
2026-09-08T07:38:30.607215,BCH,257.0,45.88,55.99117604166666,49.92,WATCH,WATCH,15.600000381469727,,,5.066466769702929,,45.88,WATCH,WATCH,,,,squeeze,UNGATED_SHADOW,2026-09-08,True,shadow — never published
2026-09-08T07:38:30.607215,TRX,0.3381,67.28,48.76575,59.87,WATCH,WATCH,15.609999656677246,,,0.0023454783561496655,,67.28,BUY,BUY,0.34513644,0.33458178,2.0,squeeze,UNGATED_SHADOW,2026-09-08,True,shadow — never published
2026-09-08T07:38:30.607215,VTHO,0.000417,69.9,56.21672777777777,64.43,BUY,BUY,15.600000381469727,0.00043924824,0.00040587588,7.41608e-06,2.0,69.9,BUY,BUY,0.00043924824,0.00040587588,2.0,squeeze,UNGATED_SHADOW,2026-09-08,True,shadow — never published
2026-09-08T07:38:30.607215,NEAR,2.303,25.29,63.865896875,40.72,AVOID,WATCH,15.600000381469727,,,0.07707224663569662,,25.29,AVOID,SELL,2.0717833,2.4186084,2.0,squeeze,UNGATED_SHADOW,2026-09-08,True,shadow — never published
2026-09-08T07:38:30.607215,FET,0.1862,17.65,61.711347916666654,35.27,AVOID,SELL,15.609999656677246,0.17154674,0.19352663,0.00488442,2.0,17.65,AVOID,STRONG_SELL,0.16666721,0.19352663,2.67,squeeze,UNGATED_SHADOW,2026-09-08,True,shadow — never published
2026-09-08T07:38:30.607215,AAVE,131.66,75.9,57.161899999999996,68.4,BUY,BUY,15.600000381469727,138.61629,128.18186,2.31876,2.0,75.9,STRONG_BUY,STRONG_BUY,140.93273,128.18186,2.67,squeeze,UNGATED_SHADOW,2026-09-08,True,shadow — never published
2026-09-08T07:38:30.607215,UNI,7.039,37.06,53.986440862913604,43.83,AVOID,WATCH,29.649999618530273,,,0.2223801136783072,,37.06,AVOID,SELL,6.3718597,7.3725702,2.0,squeeze,UNGATED_SHADOW,2026-09-08,True,shadow — never published
2026-09-08T07:38:30.607215,GALA,0.001896,61.5,65.652278125,63.16,BUY,BUY,15.600000381469727,0.0019515276,0.0018682362,1.85092e-05,2.0,61.5,BUY,BUY,0.0019515276,0.0018682362,2.0,squeeze,UNGATED_SHADOW,2026-09-08,True,shadow — never published
2026-09-08T07:38:30.607215,OP,0.11,43.53,63.78067708333333,51.63,WATCH,WATCH,15.600000381469727,,,0.0018016650656881787,,43.53,AVOID,WATCH,,,,squeeze,UNGATED_SHADOW,2026-09-08,True,shadow — never published
2026-09-08T07:38:30.607215,ETC,8.05,54.12,58.51946701388888,55.88,WATCH,WATCH,15.600000381469727,,,0.13302191040680242,,54.12,WATCH,WATCH,,,,squeeze,UNGATED_SHADOW,2026-09-08,True,shadow — never published
2026-09-08T12:28:05.688522,BTC,78260.04,66.91,51.18289826388889,60.62,BUY,BUY,15.680000305175781,80185.437,77297.341,641.799,2.0,66.91,BUY,BUY,80185.437,77297.341,2.0,squeeze,UNGATED_SHADOW,2026-09-08,True,shadow — never published
2026-09-08T12:28:05.688522,ETH,2473.98,74.5,50.2449375,64.8,BUY,BUY,15.680000305175781,2555.6466,2433.1467,27.2222,2.0,74.5,BUY,BUY,2555.6466,2433.1467,2.0,squeeze,UNGATED_SHADOW,2026-09-08,True,shadow — never published
2026-09-08T12:28:05.688522,ADA,0.21741,73.32,57.992942708333324,67.19,BUY,BUY,15.680000305175781,0.23129226,0.21046887,0.00462742,2.0,73.32,BUY,BUY,0.23129226,0.21046887,2.0,squeeze,UNGATED_SHADOW,2026-09-08,True,shadow — never published
2026-09-08T12:28:05.688522,BNB,750.87,34.12,63.31003958333333,45.8,WATCH,WATCH,15.680000305175781,,,8.732843886379023,,34.12,AVOID,SELL,724.67147,763.96927,2.0,squeeze,UNGATED_SHADOW,2026-09-08,True,shadow — never published
2026-09-08T12:28:05.688522,XRP,1.3889,73.97,50.740715277777774,64.68,BUY,BUY,15.680000305175781,1.4480496,1.3593252,0.0197165,2.0,73.97,BUY,BUY,1.4480496,1.3593252,2.0,squeeze,UNGATED_SHADOW,2026-09-08,True,shadow — never published
2026-09-08T12:28:05.688522,LTC,55.34,47.06,64.51082326388888,54.04,WATCH,WATCH,15.680000305175781,,,1.0672691716771168,,47.06,WATCH,WATCH,,,,squeeze,UNGATED_SHADOW,2026-09-08,True,shadow — never published
2026-09-08T12:28:05.688522,VET,0.007808,25.88,55.97548333333332,37.92,AVOID,SELL,15.680000305175781,0.0073031213,0.0080604393,0.0001682929,2.0,25.88,AVOID,SELL,0.0073031213,0.0080604393,2.0,squeeze,UNGATED_SHADOW,2026-09-08,True,shadow — never published
2026-09-08T12:28:05.688522,LINK,12.543,18.24,61.34211805555556,35.48,AVOID,SELL,15.680000305175781,11.71778,12.95561,0.275073,2.0,18.24,AVOID,STRONG_SELL,11.442982,12.95561,2.67,squeeze,UNGATED_SHADOW,2026-09-08,True,shadow — never published
2026-09-08T12:28:05.688522,AVAX,8.057,15.29,59.2358611111111,32.87,AVOID,SELL,15.680000305175781,7.7224626,8.2242687,0.1115125,2.0,15.29,AVOID,STRONG_SELL,7.6110617,8.2242687,2.67,squeeze,UNGATED_SHADOW,2026-09-08,True,shadow — never published
2026-09-08T12:28:05.688522,SOL,102.84,70.22,49.458696874999994,61.92,BUY,BUY,15.680000305175781,107.45859,100.5307,1.53953,2.0,70.22,BUY,BUY,107.45859,100.5307,2.0,squeeze,UNGATED_SHADOW,2026-09-08,True,shadow — never published
2026-09-08T12:28:05.688522,XLM,0.18679,52.35,62.03046493055554,56.22,WATCH,WATCH,15.680000305175781,,,0.003475017266510676,,52.35,WATCH,WATCH,,,,squeeze,UNGATED_SHADOW,2026-09-08,True,shadow — never published
2026-09-08T12:28:05.688522,DOT,1.073,4.71,62.514407291666664,27.83,AVOID,SELL,15.680000305175781,0.9920545,1.1134728,0.0269818,2.0,4.71,AVOID,STRONG_SELL,0.9650996,1.1134728,2.67,squeeze,UNGATED_SHADOW,2026-09-08,True,shadow — never published
2026-09-08T12:28:05.688522,ALGO,0.09752,68.13,60.29766249999999,65.0,BUY,BUY,15.680000305175781,0.10238586,0.09508707,0.001621953,2.0,68.13,BUY,BUY,0.10238586,0.09508707,2.0,squeeze,UNGATED_SHADOW,2026-09-08,True,shadow — never published
2026-09-08T12:28:05.688522,ATOM,1.737,8.24,61.807229166666666,29.67,AVOID,SELL,15.680000305175781,1.6549051,1.7780475,0.027365,2.0,8.24,AVOID,STRONG_SELL,1.6275675,1.7780475,2.67,squeeze,UNGATED_SHADOW,2026-09-08,True,shadow — never published
2026-09-08T12:28:05.688522,DOGE,0.08898,67.97,52.26334722222222,61.69,BUY,BUY,15.680000305175781,0.094263665,0.086338167,0.001761222,2.0,67.97,BUY,BUY,0.094263665,0.086338167,2.0,squeeze,UNGATED_SHADOW,2026-09-08,True,shadow — never published
2026-09-08T12:28:05.688522,BCH,254.3,62.09,50.84683472222221,57.59,WATCH,WATCH,15.680000305175781,,,4.719045326937731,,62.09,BUY,BUY,268.45714,247.22143,2.0,squeeze,UNGATED_SHADOW,2026-09-08,True,shadow — never published
2026-09-08T12:28:05.688522,TRX,0.339,67.01,50.85772777777777,60.55,BUY,BUY,15.680000305175781,0.34556064,0.33571968,0.00218688,2.0,67.01,BUY,BUY,0.34556064,0.33571968,2.0,squeeze,UNGATED_SHADOW,2026-09-08,True,shadow — never published
2026-09-08T12:28:05.688522,VTHO,0.000442,60.81,58.269461805555544,59.79,WATCH,WATCH,15.680000305175781,,,8.802639251292859e-06,,60.81,BUY,BUY,0.00046840792,0.00042879604,2.0,squeeze,UNGATED_SHADOW,2026-09-08,True,shadow — never published
2026-09-08T12:28:05.688522,NEAR,2.275,27.06,64.28488020833333,41.95,AVOID,WATCH,15.680000305175781,,,0.07166178408894254,,27.06,AVOID,SELL,2.0600146,2.3824927,2.0,squeeze,UNGATED_SHADOW,2026-09-08,True,shadow — never published
2026-09-08T12:28:05.688522,FET,0.1833,19.41,61.28549652777777,36.16,AVOID,SELL,15.680000305175781,0.17008826,0.18990587,0.00440391,2.0,19.41,AVOID,STRONG_SELL,0.16568875,0.18990587,2.67,squeeze,UNGATED_SHADOW,2026-09-08,True,shadow — never published
2026-09-08T12:28:05.688522,AAVE,129.2,75.63,57.382101041666665,68.33,BUY,BUY,15.680000305175781,135.70129,125.94936,2.1671,2.0,75.63,STRONG_BUY,STRONG_BUY,137.86622,125.94936,2.67,squeeze,UNGATED_SHADOW,2026-09-08,True,shadow — never published
2026-09-08T12:28:05.688522,UNI,7.004,48.82,53.986440862913604,50.89,WATCH,WATCH,29.649999618530273,,,0.20251652658996902,,48.82,WATCH,WATCH,,,,squeeze,UNGATED_SHADOW,2026-09-08,True,shadow — never published
2026-09-08T12:28:05.688522,GALA,0.001907,73.0,65.05908576388889,69.82,BUY,BUY,15.680000305175781,0.0019570671,0.0018819664,1.6689e-05,2.0,73.0,BUY,BUY,0.0019570671,0.0018819664,2.0,squeeze,UNGATED_SHADOW,2026-09-08,True,shadow — never published
2026-09-08T12:28:05.688522,OP,0.109,52.35,63.1444875,56.67,WATCH,WATCH,15.680000305175781,,,0.0016861295719454196,,52.35,WATCH,WATCH,,,,squeeze,UNGATED_SHADOW,2026-09-08,True,shadow — never published
2026-09-08T12:28:05.688522,ETC,8.06,45.29,58.51946701388888,50.58,WATCH,WATCH,15.680000305175781,,,0.12796276968749795,,45.29,WATCH,WATCH,,,,squeeze,UNGATED_SHADOW,2026-09-08,True,shadow — never published
2026-09-08T16:57:49.514310,BTC,78703.87,67.66,51.84883611111111,61.34,BUY,BUY,15.260000228881836,80764.936,77673.337,687.022,2.0,67.66,BUY,BUY,80764.936,77673.337,2.0,squeeze,UNGATED_SHADOW,2026-09-08,True,shadow — never published
2026-09-08T16:57:49.514310,ETH,2495.36,75.25,51.824678125,65.88,BUY,BUY,15.260000228881836,2584.8694,2450.6053,29.8365,2.0,75.25,STRONG_BUY,STRONG_BUY,2614.6761,2450.6053,2.67,squeeze,UNGATED_SHADOW,2026-09-08,True,shadow — never published
2026-09-08T16:57:49.514310,ADA,0.22657,68.19,60.54603055555555,65.13,BUY,BUY,15.260000228881836,0.24357526,0.21806737,0.00566842,2.0,68.19,BUY,BUY,0.24357526,0.21806737,2.0,squeeze,UNGATED_SHADOW,2026-09-08,True,shadow — never published
2026-09-08T16:57:49.514310,BNB,756.26,34.71,62.41549930555555,45.79,WATCH,WATCH,15.260000228881836,,,9.107691772045822,,34.71,AVOID,SELL,728.93692,769.92154,2.0,squeeze,UNGATED_SHADOW,2026-09-08,True,shadow — never published
2026-09-08T16:57:49.514310,XRP,1.436,71.19,52.325359375,63.64,BUY,BUY,15.270000457763672,1.5047369,1.4016315,0.0229123,2.0,71.19,BUY,BUY,1.5047369,1.4016315,2.0,squeeze,UNGATED_SHADOW,2026-09-08,True,shadow — never published
2026-09-08T16:57:49.514310,LTC,54.61,57.81,65.230803125,60.78,BUY,BUY,15.270000457763672,57.936831,52.946584,1.108944,2.0,57.81,WATCH,WATCH,,,,squeeze,UNGATED_SHADOW,2026-09-08,True,shadow — never published
2026-09-08T16:57:49.514310,VET,0.007891,23.53,56.34801944444444,36.66,AVOID,SELL,15.260000228881836,0.0073325973,0.0081702013,0.0001861342,2.0,23.53,AVOID,STRONG_SELL,0.0071466493,0.0081702013,2.67,squeeze,UNGATED_SHADOW,2026-09-08,True,shadow — never published
2026-09-08T16:57:49.514310,LINK,12.762,20.0,60.07801249999999,36.03,AVOID,SELL,15.260000228881836,11.910301,13.187849,0.2839,2.0,20.0,AVOID,STRONG_SELL,11.626685,13.187849,2.67,squeeze,UNGATED_SHADOW,2026-09-08,True,shadow — never published
2026-09-08T16:57:49.514310,AVAX,8.067,15.88,59.2358611111111,33.22,AVOID,SELL,15.270000457763672,7.6892561,8.255872,0.1259146,2.0,15.88,AVOID,STRONG_SELL,7.5634674,8.255872,2.67,squeeze,UNGATED_SHADOW,2026-09-08,True,shadow — never published
2026-09-08T16:57:49.514310,SOL,104.15,74.5,52.0015625,65.5,BUY,BUY,15.270000457763672,109.11584,101.66708,1.65528,2.0,74.5,BUY,BUY,109.11584,101.66708,2.0,squeeze,UNGATED_SHADOW,2026-09-08,True,shadow — never published
2026-09-08T16:57:49.514310,XLM,0.19166,49.41,61.237092708333336,54.14,WATCH,WATCH,15.270000457763672,,,0.0038103731760456266,,49.41,WATCH,WATCH,,,,squeeze,UNGATED_SHADOW,2026-09-08,True,shadow — never published
2026-09-08T16:57:49.514310,DOT,1.19,0.0,62.514407291666664,25.01,AVOID,SELL,15.270000457763672,1.0848669,1.2425665,0.0350444,2.0,0.0,AVOID,STRONG_SELL,1.0498576,1.2425665,2.67,squeeze,UNGATED_SHADOW,2026-09-08,True,shadow — never published
2026-09-08T16:57:49.514310,ALGO,0.10324,20.59,61.562734374999984,36.98,AVOID,SELL,15.270000457763672,0.09740721,0.10615639,0.00194426,2.0,20.59,AVOID,STRONG_SELL,0.09546489,0.10615639,2.67,squeeze,UNGATED_SHADOW,2026-09-08,True,shadow — never published
2026-09-08T16:57:49.514310,ATOM,1.799,2.94,63.236894791666664,27.06,AVOID,SELL,15.270000457763672,1.7010496,1.8479752,0.0326501,2.0,2.94,AVOID,STRONG_SELL,1.6684321,1.8479752,2.67,squeeze,UNGATED_SHADOW,2026-09-08,True,shadow — never published
2026-09-08T16:57:49.514310,DOGE,0.09068,71.07,51.566511111111105,63.27,BUY,BUY,15.270000457763672,0.096185036,0.087927482,0.001835012,2.0,71.07,BUY,BUY,0.096185036,0.087927482,2.0,squeeze,UNGATED_SHADOW,2026-09-08,True,shadow — never published
2026-09-08T16:57:49.514310,BCH,257.8,70.49,55.08588645833333,64.33,BUY,BUY,15.289999961853027,272.16581,250.6171,4.7886,2.0,70.49,BUY,BUY,272.16581,250.6171,2.0,squeeze,UNGATED_SHADOW,2026-09-08,True,shadow — never published
2026-09-08T16:57:49.514310,TRX,0.3404,62.47,52.045358333333326,58.3,WATCH,WATCH,15.289999961853027,,,0.0022220018554365796,,62.47,BUY,BUY,0.34706601,0.337067,2.0,squeeze,UNGATED_SHADOW,2026-09-08,True,shadow — never published
2026-09-08T16:57:49.514310,VTHO,0.000445,47.65,58.765527083333325,52.1,WATCH,WATCH,15.289999961853027,,,9.42898134558827e-06,,47.65,WATCH,WATCH,,,,squeeze,UNGATED_SHADOW,2026-09-08,True,shadow — never published
2026-09-08T16:57:49.514310,NEAR,2.384,25.88,62.331509374999996,40.46,AVOID,WATCH,15.289999961853027,,,0.0808390035927936,,25.88,AVOID,SELL,2.141483,2.5052585,2.0,squeeze,UNGATED_SHADOW,2026-09-08,True,shadow — never published
2026-09-08T16:57:49.514310,FET,0.1845,18.24,61.49803888888888,35.54,AVOID,SELL,15.289999961853027,0.17093859,0.1912807,0.00452047,2.0,18.24,AVOID,STRONG_SELL,0.16642264,0.1912807,2.67,squeeze,UNGATED_SHADOW,2026-09-08,True,shadow — never published
2026-09-08T16:57:49.514310,AAVE,130.76,79.32,59.2572,71.29,BUY,BUY,15.289999961853027,137.39783,127.44109,2.21261,2.0,79.32,STRONG_BUY,STRONG_BUY,139.60823,127.44109,2.67,squeeze,UNGATED_SHADOW,2026-09-08,True,shadow — never published
2026-09-08T16:57:49.514310,UNI,6.846,61.93,53.986440862913604,58.75,WATCH,WATCH,29.649999618530273,,,0.2027908563233385,,61.93,BUY,BUY,7.4543726,6.5418137,2.0,squeeze,UNGATED_SHADOW,2026-09-08,True,shadow — never published
2026-09-08T16:57:49.514310,GALA,0.001885,72.57,64.62256493055555,69.39,BUY,BUY,15.289999961853027,0.0019358685,0.0018595658,1.69562e-05,2.0,72.57,BUY,BUY,0.0019358685,0.0018595658,2.0,squeeze,UNGATED_SHADOW,2026-09-08,True,shadow — never published
2026-09-08T16:57:49.514310,OP,0.108,64.87,63.87080833333333,64.47,BUY,BUY,15.289999961853027,0.11349299,0.1052535,0.001831,2.0,64.87,BUY,BUY,0.11349299,0.1052535,2.0,squeeze,UNGATED_SHADOW,2026-09-08,True,shadow — never published
2026-09-08T16:57:49.514310,ETC,8.78,14.71,59.33869826388889,32.56,AVOID,SELL,15.289999961853027,8.2410833,9.0494583,0.1796389,2.0,14.71,AVOID,STRONG_SELL,8.061624,9.0494583,2.67,squeeze,UNGATED_SHADOW,2026-09-08,True,shadow — never published
2026-09-08T19:44:04.615998,BTC,78444.74,67.07,51.22396284722222,60.73,BUY,BUY,15.609999656677246,80576.263,77378.978,710.508,2.0,67.07,BUY,BUY,80576.263,77378.978,2.0,squeeze,UNGATED_SHADOW,2026-09-08,True,shadow — never published
2026-09-08T19:44:04.615998,ETH,2483.75,75.25,49.757145833333325,65.05,BUY,BUY,15.609999656677246,2575.8159,2437.7171,30.6886,2.0,75.25,STRONG_BUY,STRONG_BUY,2606.4738,2437.7171,2.67,squeeze,UNGATED_SHADOW,2026-09-08,True,shadow — never published
2026-09-08T19:44:04.615998,ADA,0.22154,72.9,60.429561111111106,67.91,BUY,BUY,15.609999656677246,0.23965098,0.21248451,0.00603699,2.0,72.9,BUY,BUY,0.23965098,0.21248451,2.0,squeeze,UNGATED_SHADOW,2026-09-08,True,shadow — never published
2026-09-08T19:44:04.615998,BNB,749.65,34.71,63.510107638888876,46.23,WATCH,WATCH,15.609999656677246,,,9.550548914902969,,34.71,AVOID,SELL,720.99835,763.97582,2.0,squeeze,UNGATED_SHADOW,2026-09-08,True,shadow — never published
2026-09-08T19:44:04.615998,XRP,1.426,72.37,53.089119097222216,64.66,BUY,BUY,15.609999656677246,1.4954655,1.3912673,0.0231552,2.0,72.37,BUY,BUY,1.4954655,1.3912673,2.0,squeeze,UNGATED_SHADOW,2026-09-08,True,shadow — never published
2026-09-08T19:44:04.615998,LTC,54.34,57.22,66.24142951388887,60.83,BUY,BUY,15.609999656677246,57.818974,52.600513,1.159658,2.0,57.22,WATCH,WATCH,,,,squeeze,UNGATED_SHADOW,2026-09-08,True,shadow — never published
2026-09-08T19:44:04.615998,VET,0.007925,23.53,56.630312499999995,36.77,AVOID,SELL,15.609999656677246,0.0073608116,0.0082070942,0.0001880628,2.0,23.53,AVOID,STRONG_SELL,0.0071729369,0.0082070942,2.67,squeeze,UNGATED_SHADOW,2026-09-08,True,shadow — never published
2026-09-08T19:44:04.615998,LINK,12.623,20.0,61.106208333333335,36.44,AVOID,SELL,15.609999656677246,11.758658,13.055171,0.288114,2.0,20.0,AVOID,STRONG_SELL,11.470832,13.055171,2.67,squeeze,UNGATED_SHADOW,2026-09-08,True,shadow — never published
2026-09-08T19:44:04.615998,AVAX,7.991,16.47,60.37912881944444,34.03,AVOID,SELL,15.609999656677246,7.6016847,8.1856577,0.1297718,2.0,16.47,AVOID,STRONG_SELL,7.4720427,8.1856577,2.67,squeeze,UNGATED_SHADOW,2026-09-08,True,shadow — never published
2026-09-08T19:44:04.615998,SOL,103.19,73.32,49.8970625,63.95,BUY,BUY,15.609999656677246,108.29084,100.63958,1.70028,2.0,73.32,BUY,BUY,108.29084,100.63958,2.0,squeeze,UNGATED_SHADOW,2026-09-08,True,shadow — never published
2026-09-08T19:44:04.615998,XLM,0.18885,52.35,61.82713854166666,56.14,WATCH,WATCH,15.609999656677246,,,0.00395323031890277,,52.35,WATCH,WATCH,,,,squeeze,UNGATED_SHADOW,2026-09-08,True,shadow — never published
2026-09-08T19:44:04.615998,DOT,1.23,0.0,62.514407291666664,25.01,AVOID,SELL,15.59000015258789,1.1158669,1.2870665,0.0380444,2.0,0.0,AVOID,STRONG_SELL,1.0778606,1.2870665,2.67,squeeze,UNGATED_SHADOW,2026-09-08,True,shadow — never published
2026-09-08T19:44:04.615998,ALGO,0.10246,22.35,60.92759895833333,37.78,AVOID,SELL,15.609999656677246,0.09662721,0.10537639,0.00194426,2.0,22.35,AVOID,STRONG_SELL,0.09468489,0.10537639,2.67,squeeze,UNGATED_SHADOW,2026-09-08,True,shadow — never published
2026-09-08T19:44:04.615998,ATOM,1.816,2.35,63.236894791666664,26.7,AVOID,SELL,15.59000015258789,1.7180496,1.8649752,0.0326501,2.0,2.35,AVOID,STRONG_SELL,1.6854321,1.8649752,2.67,squeeze,UNGATED_SHADOW,2026-09-08,True,shadow — never published
2026-09-08T19:44:04.615998,DOGE,0.09,71.07,52.2514,63.54,BUY,BUY,15.59000015258789,0.095616465,0.087191768,0.001872155,2.0,71.07,BUY,BUY,0.095616465,0.087191768,2.0,squeeze,UNGATED_SHADOW,2026-09-08,True,shadow — never published
2026-09-08T19:44:04.615998,BCH,256.8,70.49,52.18348611111111,63.17,BUY,BUY,15.59000015258789,271.72295,249.33852,4.97432,2.0,70.49,BUY,BUY,271.72295,249.33852,2.0,squeeze,UNGATED_SHADOW,2026-09-08,True,shadow — never published
2026-09-08T19:44:04.615998,TRX,0.3382,66.59,49.996313888888885,59.95,WATCH,WATCH,15.609999656677246,,,0.0023862875697222958,,66.59,BUY,BUY,0.34535886,0.33462057,2.0,squeeze,UNGATED_SHADOW,2026-09-08,True,shadow — never published
2026-09-08T19:44:04.615998,VTHO,0.000449,44.71,58.765527083333325,50.33,WATCH,WATCH,15.59000015258789,,,9.42898134558827e-06,,44.71,AVOID,WATCH,,,,squeeze,UNGATED_SHADOW,2026-09-08,True,shadow — never published
2026-09-08T19:44:04.615998,NEAR,2.353,27.06,62.331509374999996,41.17,AVOID,WATCH,15.59000015258789,,,0.08291043216422217,,27.06,AVOID,SELL,2.1042687,2.4773656,2.0,squeeze,UNGATED_SHADOW,2026-09-08,True,shadow — never published
2026-09-08T19:44:04.615998,FET,0.1773,21.76,63.33323124999999,38.39,AVOID,SELL,15.59000015258789,0.16219573,0.18485213,0.00503476,2.0,21.76,AVOID,STRONG_SELL,0.15716601,0.18485213,2.67,squeeze,UNGATED_SHADOW,2026-09-08,True,shadow — never published
2026-09-08T19:44:04.615998,AAVE,128.96,71.68,57.382101041666665,65.96,BUY,BUY,15.59000015258789,135.95569,125.46216,2.3319,2.0,71.68,BUY,BUY,135.95569,125.46216,2.0,squeeze,UNGATED_SHADOW,2026-09-08,True,shadow — never published
2026-09-08T19:44:04.615998,UNI,6.771,61.34,53.986440862913604,58.4,WATCH,WATCH,29.649999618530273,,,0.21014799918048138,,61.34,BUY,BUY,7.401444,6.455778,2.0,squeeze,UNGATED_SHADOW,2026-09-08,True,shadow — never published
2026-09-08T19:44:04.615998,GALA,0.001902,73.75,65.652278125,70.51,BUY,BUY,15.59000015258789,0.0019565113,0.0018747443,1.81704e-05,2.0,73.75,BUY,BUY,0.0019565113,0.0018747443,2.0,squeeze,UNGATED_SHADOW,2026-09-08,True,shadow — never published
2026-09-08T19:44:04.615998,OP,0.106,64.28,61.198104513888886,63.05,BUY,BUY,15.59000015258789,0.11192157,0.10303922,0.00197386,2.0,64.28,BUY,BUY,0.11192157,0.10303922,2.0,squeeze,UNGATED_SHADOW,2026-09-08,True,shadow — never published
2026-09-08T19:44:04.615998,ETC,8.44,17.06,59.15664687499999,33.9,AVOID,SELL,15.569999694824219,7.8625119,8.7287441,0.192496,2.0,17.06,AVOID,STRONG_SELL,7.6702083,8.7287441,2.67,squeeze,UNGATED_SHADOW,2026-09-08,True,shadow — never published
2026-09-08T22:14:03.222998,BTC,78484.48,66.06,51.219658333333335,60.12,BUY,BUY,15.720000267028809,80515.277,77469.082,676.932,2.0,66.06,BUY,BUY,80515.277,77469.082,2.0,squeeze,UNGATED_SHADOW,2026-09-08,True,shadow — never published
2026-09-08T22:14:03.222998,ETH,2483.03,76.0,49.576499999999996,65.43,BUY,BUY,15.720000267028809,2571.7867,2438.6517,29.5856,2.0,76.0,STRONG_BUY,STRONG_BUY,2601.3426,2438.6517,2.67,squeeze,UNGATED_SHADOW,2026-09-08,True,shadow — never published
2026-09-08T22:14:03.222998,ADA,0.21958,74.82,61.04583333333332,69.31,BUY,BUY,15.720000267028809,0.23741259,0.2106637,0.0059442,2.0,74.82,BUY,BUY,0.23741259,0.2106637,2.0,squeeze,UNGATED_SHADOW,2026-09-08,True,shadow — never published
2026-09-08T22:14:03.222998,BNB,752.57,35.88,62.99624930555555,46.73,WATCH,WATCH,15.720000267028809,,,9.221938278124188,,35.88,AVOID,SELL,724.90419,766.40291,2.0,squeeze,UNGATED_SHADOW,2026-09-08,True,shadow — never published
2026-09-08T22:14:03.222998,XRP,1.4205,72.53,53.46790034722221,64.91,BUY,BUY,15.720000267028809,1.4889848,1.3862576,0.0228283,2.0,72.53,BUY,BUY,1.4889848,1.3862576,2.0,squeeze,UNGATED_SHADOW,2026-09-08,True,shadow — never published
2026-09-08T22:14:03.222998,LTC,54.16,67.97,66.24142951388887,67.28,BUY,BUY,15.720000267028809,57.439762,52.520119,1.093254,2.0,67.97,BUY,BUY,57.439762,52.520119,2.0,squeeze,UNGATED_SHADOW,2026-09-08,True,shadow — never published
2026-09-08T22:14:03.222998,VET,0.007926,21.18,56.630312499999995,35.36,AVOID,SELL,15.720000267028809,0.0073695394,0.0082042303,0.0001854869,2.0,21.18,AVOID,STRONG_SELL,0.007184238,0.0082042303,2.67,squeeze,UNGATED_SHADOW,2026-09-08,True,shadow — never published
2026-09-08T22:14:03.222998,LINK,12.501,25.88,61.34211805555556,40.06,AVOID,WATCH,15.720000267028809,,,0.2776006794920993,,25.88,AVOID,SELL,11.668198,12.917401,2.0,squeeze,UNGATED_SHADOW,2026-09-08,True,shadow — never published
2026-09-08T22:14:03.222998,AVAX,7.966,17.65,61.02539687499999,35.0,AVOID,SELL,15.720000267028809,7.5989215,8.1495393,0.1223595,2.0,17.65,AVOID,STRONG_SELL,7.4766843,8.1495393,2.67,squeeze,UNGATED_SHADOW,2026-09-08,True,shadow — never published
2026-09-08T22:14:03.222998,SOL,103.3,75.25,49.8970625,65.11,BUY,BUY,15.720000267028809,108.24664,100.82668,1.64888,2.0,75.25,STRONG_BUY,STRONG_BUY,109.89388,100.82668,2.67,squeeze,UNGATED_SHADOW,2026-09-08,True,shadow — never published
2026-09-08T22:14:03.222998,XLM,0.18916,55.29,61.964898958333336,57.96,WATCH,WATCH,15.720000267028809,,,0.0037758567246954293,,55.29,WATCH,WATCH,,,,squeeze,UNGATED_SHADOW,2026-09-08,True,shadow — never published
2026-09-08T22:14:03.222998,DOT,1.239,0.0,62.514407291666664,25.01,AVOID,SELL,15.720000267028809,1.1221213,1.2974393,0.0389596,2.0,0.0,AVOID,STRONG_SELL,1.0832007,1.2974393,2.67,squeeze,UNGATED_SHADOW,2026-09-08,True,shadow — never published
2026-09-08T22:14:03.222998,ALGO,0.09935,21.76,60.92759895833333,37.43,AVOID,SELL,15.720000267028809,0.093267411,0.102391294,0.00202753,2.0,21.76,AVOID,STRONG_SELL,0.091241909,0.102391294,2.67,squeeze,UNGATED_SHADOW,2026-09-08,True,shadow — never published
2026-09-08T22:14:03.222998,ATOM,1.864,0.0,63.236894791666664,25.29,AVOID,SELL,15.720000267028809,1.7608318,1.9155841,0.0343894,2.0,0.0,AVOID,STRONG_SELL,1.7264768,1.9155841,2.67,squeeze,UNGATED_SHADOW,2026-09-08,True,shadow — never published
2026-09-08T22:14:03.222998,DOGE,0.08968,73.0,52.41802222222221,64.77,BUY,BUY,15.720000267028809,0.095124574,0.086957713,0.001814858,2.0,73.0,BUY,BUY,0.095124574,0.086957713,2.0,squeeze,UNGATED_SHADOW,2026-09-08,True,shadow — never published
2026-09-08T22:14:03.222998,BCH,257.1,72.41,52.308899999999994,64.37,BUY,BUY,15.720000267028809,271.58611,249.85695,4.8287,2.0,72.41,BUY,BUY,271.58611,249.85695,2.0,squeeze,UNGATED_SHADOW,2026-09-08,True,shadow — never published
2026-09-08T22:14:03.222998,TRX,0.3394,64.99,48.11369999999999,58.24,WATCH,WATCH,15.720000267028809,,,0.0023872670290278433,,64.99,BUY,BUY,0.3465618,0.3358191,2.0,squeeze,UNGATED_SHADOW,2026-09-08,True,shadow — never published
2026-09-08T22:14:03.222998,VTHO,0.000447,36.47,58.765527083333325,45.39,WATCH,WATCH,15.720000267028809,,,9.184054106617682e-06,,36.47,AVOID,SELL,0.00041944784,0.00046077608,2.0,squeeze,UNGATED_SHADOW,2026-09-08,True,shadow — never published
2026-09-08T22:14:03.222998,NEAR,2.306,35.88,64.34436076388887,47.27,WATCH,WATCH,15.720000267028809,,,0.08241172782596143,,35.88,AVOID,SELL,2.0587648,2.4296176,2.0,squeeze,UNGATED_SHADOW,2026-09-08,True,shadow — never published
2026-09-08T22:14:03.222998,FET,0.1773,24.12,63.33323124999999,39.81,AVOID,SELL,15.720000267028809,0.16327461,0.1843127,0.00467513,2.0,24.12,AVOID,STRONG_SELL,0.15860415,0.1843127,2.67,squeeze,UNGATED_SHADOW,2026-09-08,True,shadow — never published
2026-09-08T22:14:03.222998,AAVE,128.96,55.88,57.28225868055555,56.44,WATCH,WATCH,15.720000267028809,,,2.1896174270802358,,55.88,WATCH,WATCH,,,,squeeze,UNGATED_SHADOW,2026-09-08,True,shadow — never published
2026-09-08T22:14:03.222998,UNI,6.704,67.97,53.986440862913604,62.38,BUY,BUY,29.649999618530273,7.3182643,6.3968678,0.2047548,2.0,67.97,BUY,BUY,7.3182643,6.3968678,2.0,squeeze,UNGATED_SHADOW,2026-09-08,True,shadow — never published
2026-09-08T22:14:03.222998,GALA,0.001902,74.5,65.49560659722222,70.9,BUY,BUY,15.720000267028809,0.0019526176,0.0018766912,1.68725e-05,2.0,74.5,BUY,BUY,0.0019526176,0.0018766912,2.0,squeeze,UNGATED_SHADOW,2026-09-08,True,shadow — never published
2026-09-08T22:14:03.222998,OP,0.106,70.32,61.198104513888886,66.67,BUY,BUY,15.720000267028809,0.1114986,0.1032507,0.00183287,2.0,70.32,BUY,BUY,0.1114986,0.1032507,2.0,squeeze,UNGATED_SHADOW,2026-09-08,True,shadow — never published
2026-09-08T22:14:03.222998,ETC,8.6,15.88,58.825287152777776,33.06,AVOID,SELL,15.720000267028809,8.0144753,8.8927623,0.1951749,2.0,15.88,AVOID,STRONG_SELL,7.8194956,8.8927623,2.67,squeeze,UNGATED_SHADOW,2026-09-08,True,shadow — never published
2026-09-09T00:56:09.977772,BTC,78781.68,66.22,51.588425,60.37,BUY,BUY,15.720000267028809,80744.627,77800.207,654.316,2.0,66.22,BUY,BUY,80744.627,77800.207,2.0,squeeze,UNGATED_SHADOW,2026-09-09,True,shadow — never published
2026-09-09T00:56:09.977772,ETH,2495.83,76.75,50.563846875,66.28,BUY,BUY,15.720000267028809,2580.9362,2453.2769,28.3687,2.0,76.75,STRONG_BUY,STRONG_BUY,2609.2765,2453.2769,2.67,squeeze,UNGATED_SHADOW,2026-09-09,True,shadow — never published
2026-09-09T00:56:09.977772,ADA,0.22047,75.57,60.605,69.58,BUY,BUY,15.720000267028809,0.23729669,0.21205665,0.0056089,2.0,75.57,STRONG_BUY,STRONG_BUY,0.24289998,0.21205665,2.67,squeeze,UNGATED_SHADOW,2026-09-09,True,shadow — never published
2026-09-09T00:56:09.977772,BNB,756.41,45.29,62.41549930555555,52.14,WATCH,WATCH,15.720000267028809,,,8.92720799295205,,45.29,WATCH,WATCH,,,,squeeze,UNGATED_SHADOW,2026-09-09,True,shadow — never published
2026-09-09T00:56:09.977772,XRP,1.4204,72.69,53.28369270833333,64.93,BUY,BUY,15.720000267028809,1.485643,1.3877785,0.0217477,2.0,72.69,BUY,BUY,1.485643,1.3877785,2.0,squeeze,UNGATED_SHADOW,2026-09-09,True,shadow — never published
2026-09-09T00:56:09.977772,LTC,54.38,69.9,65.52374965277778,68.15,BUY,BUY,15.720000267028809,57.499116,52.820442,1.039705,2.0,69.9,BUY,BUY,57.499116,52.820442,2.0,squeeze,UNGATED_SHADOW,2026-09-09,True,shadow — never published
2026-09-09T00:56:09.977772,VET,0.008096,20.0,57.19834861111111,34.88,AVOID,SELL,15.720000267028809,0.0075384345,0.0083747827,0.0001858552,2.0,20.0,AVOID,STRONG_SELL,0.0073527652,0.0083747827,2.67,squeeze,UNGATED_SHADOW,2026-09-09,True,shadow — never published
2026-09-09T00:56:09.977772,LINK,12.502,28.82,61.34211805555556,41.83,AVOID,WATCH,15.720000267028809,,,0.26434348809980657,,28.82,AVOID,SELL,11.70897,12.898515,2.0,squeeze,UNGATED_SHADOW,2026-09-09,True,shadow — never published
2026-09-09T00:56:09.977772,AVAX,8.051,18.82,60.37912881944444,35.44,AVOID,SELL,15.720000267028809,7.6932128,8.2298936,0.1192624,2.0,18.82,AVOID,STRONG_SELL,7.5740697,8.2298936,2.67,squeeze,UNGATED_SHADOW,2026-09-09,True,shadow — never published
2026-09-09T00:56:09.977772,SOL,103.73,76.0,48.54381597222222,65.02,BUY,BUY,15.720000267028809,108.4326,101.3787,1.56753,2.0,76.0,STRONG_BUY,STRONG_BUY,109.99856,101.3787,2.67,squeeze,UNGATED_SHADOW,2026-09-09,True,shadow — never published
2026-09-09T00:56:09.977772,XLM,0.18847,55.88,62.444496875,58.51,WATCH,WATCH,15.720000267028809,,,0.0035676832851763676,,55.88,WATCH,WATCH,,,,squeeze,UNGATED_SHADOW,2026-09-09,True,shadow — never published
2026-09-09T00:56:09.977772,DOT,1.21,0.0,62.514407291666664,25.01,AVOID,SELL,15.720000267028809,1.0924698,1.2687651,0.0391767,2.0,0.0,AVOID,STRONG_SELL,1.0533323,1.2687651,2.67,squeeze,UNGATED_SHADOW,2026-09-09,True,shadow — never published
2026-09-09T00:56:09.977772,ALGO,0.10135,17.06,61.350255902777775,34.78,AVOID,SELL,15.720000267028809,0.09513831,0.10445584,0.00207056,2.0,17.06,AVOID,STRONG_SELL,0.09306982,0.10445584,2.67,squeeze,UNGATED_SHADOW,2026-09-09,True,shadow — never published
2026-09-09T00:56:09.977772,ATOM,1.845,0.0,63.236894791666664,25.29,AVOID,SELL,15.720000267028809,1.7393438,1.8978281,0.0352187,2.0,0.0,AVOID,STRONG_SELL,1.7041603,1.8978281,2.67,squeeze,UNGATED_SHADOW,2026-09-09,True,shadow — never published
2026-09-09T00:56:09.977772,DOGE,0.09061,73.75,52.062033333333325,65.07,BUY,BUY,15.720000267028809,0.095856391,0.087986805,0.001748797,2.0,73.75,BUY,BUY,0.095856391,0.087986805,2.0,squeeze,UNGATED_SHADOW,2026-09-09,True,shadow — never published
2026-09-09T00:56:09.977772,BCH,259.6,73.16,55.528971874999996,66.11,BUY,BUY,15.720000267028809,273.40802,252.69599,4.60267,2.0,73.16,BUY,BUY,273.40802,252.69599,2.0,squeeze,UNGATED_SHADOW,2026-09-09,True,shadow — never published
2026-09-09T00:56:09.977772,TRX,0.3405,52.94,51.017066666666665,52.17,WATCH,WATCH,15.720000267028809,,,0.0023851153024646308,,52.94,WATCH,WATCH,,,,squeeze,UNGATED_SHADOW,2026-09-09,True,shadow — never published
2026-09-09T00:56:09.977772,VTHO,0.000453,30.0,58.467804861111105,41.39,AVOID,WATCH,15.720000267028809,,,8.956621670430704e-06,,30.0,AVOID,SELL,0.00042613013,0.00046643493,2.0,squeeze,UNGATED_SHADOW,2026-09-09,True,shadow — never published
2026-09-09T00:56:09.977772,NEAR,2.341,49.41,62.89238194444444,54.8,WATCH,WATCH,15.720000267028809,,,0.07959660440982134,,49.41,WATCH,WATCH,,,,squeeze,UNGATED_SHADOW,2026-09-09,True,shadow — never published
2026-09-09T00:56:09.977772,FET,0.179,27.65,62.118328125,41.44,AVOID,WATCH,15.720000267028809,,,0.004453947493756036,,27.65,AVOID,SELL,0.16563816,0.18568092,2.0,squeeze,UNGATED_SHADOW,2026-09-09,True,shadow — never published
2026-09-09T00:56:09.977772,AAVE,128.96,52.94,57.60521701388889,54.81,WATCH,WATCH,15.720000267028809,,,2.0332161822887906,,52.94,WATCH,WATCH,,,,squeeze,UNGATED_SHADOW,2026-09-09,True,shadow — never published
2026-09-09T00:56:09.977772,UNI,6.775,68.72,54.38072641050092,62.98,BUY,BUY,29.649999618530273,7.3750363,6.4749819,0.2000121,2.0,68.72,BUY,BUY,7.3750363,6.4749819,2.0,squeeze,UNGATED_SHADOW,2026-09-09,True,shadow — never published
2026-09-09T00:56:09.977772,GALA,0.001888,75.25,65.49560659722222,71.35,BUY,BUY,15.720000267028809,0.0019377878,0.0018631061,1.65959e-05,2.0,75.25,STRONG_BUY,STRONG_BUY,0.0019543672,0.0018631061,2.67,squeeze,UNGATED_SHADOW,2026-09-09,True,shadow — never published
2026-09-09T00:56:09.977772,OP,0.106,71.66,62.07497152777777,67.83,BUY,BUY,15.720000267028809,0.11110584,0.10344708,0.00170195,2.0,71.66,BUY,BUY,0.11110584,0.10344708,2.0,squeeze,UNGATED_SHADOW,2026-09-09,True,shadow — never published
2026-09-09T00:56:09.977772,ETC,8.76,12.94,59.03076979166666,31.38,AVOID,SELL,15.720000267028809,8.1691556,9.0554222,0.1969481,2.0,12.94,AVOID,STRONG_SELL,7.9724045,9.0554222,2.67,squeeze,UNGATED_SHADOW,2026-09-09,True,shadow — never published
2026-09-09T05:39:27.451635,BTC,79018.45,67.56,51.48358333333333,61.13,BUY,BUY,15.720000267028809,81021.02,78017.165,667.523,2.0,67.56,BUY,BUY,81021.02,78017.165,2.0,squeeze,UNGATED_SHADOW,2026-09-09,True,shadow — never published
2026-09-09T05:39:27.451635,ETH,2498.04,77.5,49.95096076388889,66.48,BUY,BUY,15.720000267028809,2582.6147,2455.7526,28.1916,2.0,77.5,STRONG_BUY,STRONG_BUY,2610.7781,2455.7526,2.67,squeeze,UNGATED_SHADOW,2026-09-09,True,shadow — never published
2026-09-09T05:39:27.451635,ADA,0.21952,76.32,60.78312222222222,70.11,BUY,BUY,15.720000267028809,0.23664601,0.21095699,0.00570867,2.0,76.32,STRONG_BUY,STRONG_BUY,0.24234897,0.21095699,2.67,squeeze,UNGATED_SHADOW,2026-09-09,True,shadow — never published
2026-09-09T05:39:27.451635,BNB,752.29,49.41,62.99624930555555,54.84,WATCH,WATCH,15.720000267028809,,,9.02541762610853,,49.41,WATCH,WATCH,,,,squeeze,UNGATED_SHADOW,2026-09-09,True,shadow — never published
2026-09-09T05:39:27.451635,XRP,1.4282,72.26,52.40697743055555,64.32,BUY,BUY,15.720000267028809,1.4941767,1.3952117,0.0219922,2.0,72.26,BUY,BUY,1.4941767,1.3952117,2.0,squeeze,UNGATED_SHADOW,2026-09-09,True,shadow — never published
2026-09-09T05:39:27.451635,LTC,54.1,55.88,66.03942881944445,59.94,WATCH,WATCH,15.720000267028809,,,1.044165037952531,,55.88,WATCH,WATCH,,,,squeeze,UNGATED_SHADOW,2026-09-09,True,shadow — never published
2026-09-09T05:39:27.451635,VET,0.008028,19.41,57.19834861111111,34.53,AVOID,SELL,15.720000267028809,0.0074577453,0.0083131273,0.0001900849,2.0,19.41,AVOID,STRONG_SELL,0.0072678505,0.0083131273,2.67,squeeze,UNGATED_SHADOW,2026-09-09,True,shadow — never published
2026-09-09T05:39:27.451635,LINK,12.494,30.0,61.34211805555556,42.54,AVOID,WATCH,15.720000267028809,,,0.2657526267049225,,30.0,AVOID,SELL,11.696742,12.892629,2.0,squeeze,UNGATED_SHADOW,2026-09-09,True,shadow — never published
2026-09-09T05:39:27.451635,AVAX,8.043,20.59,60.37912881944444,36.51,AVOID,SELL,15.720000267028809,7.6850241,8.2219879,0.1193253,2.0,20.59,AVOID,STRONG_SELL,7.5658182,8.2219879,2.67,squeeze,UNGATED_SHADOW,2026-09-09,True,shadow — never published
2026-09-09T05:39:27.451635,SOL,104.11,76.75,51.84527430555555,66.79,BUY,BUY,15.720000267028809,108.84695,101.74152,1.57898,2.0,76.75,STRONG_BUY,STRONG_BUY,110.42436,101.74152,2.67,squeeze,UNGATED_SHADOW,2026-09-09,True,shadow — never published
2026-09-09T05:39:27.451635,XLM,0.18932,57.22,62.117226041666655,59.18,WATCH,WATCH,15.720000267028809,,,0.0035224916219494845,,57.22,WATCH,WATCH,,,,squeeze,UNGATED_SHADOW,2026-09-09,True,shadow — never published
2026-09-09T05:39:27.451635,DOT,1.2,0.59,62.514407291666664,25.36,AVOID,SELL,15.720000267028809,1.0823546,1.2588227,0.0392151,2.0,0.59,AVOID,STRONG_SELL,1.0431787,1.2588227,2.67,squeeze,UNGATED_SHADOW,2026-09-09,True,shadow — never published
2026-09-09T05:39:27.451635,ALGO,0.09912,20.59,60.92759895833333,36.73,AVOID,SELL,15.720000267028809,0.092820574,0.102269713,0.002099809,2.0,20.59,AVOID,STRONG_SELL,0.090722865,0.102269713,2.67,squeeze,UNGATED_SHADOW,2026-09-09,True,shadow — never published
2026-09-09T05:39:27.451635,ATOM,1.855,0.0,63.236894791666664,25.29,AVOID,SELL,15.720000267028809,1.7406815,1.9121593,0.0381062,2.0,0.0,AVOID,STRONG_SELL,1.7026134,1.9121593,2.67,squeeze,UNGATED_SHADOW,2026-09-09,True,shadow — never published
2026-09-09T05:39:27.451635,DOGE,0.09021,73.91,52.37636666666666,65.3,BUY,BUY,15.720000267028809,0.095431087,0.087599456,0.001740362,2.0,73.91,BUY,BUY,0.095431087,0.087599456,2.0,squeeze,UNGATED_SHADOW,2026-09-09,True,shadow — never published
2026-09-09T05:39:27.451635,BCH,259.5,74.5,55.66717951388888,66.97,BUY,BUY,15.720000267028809,273.31816,252.59092,4.60605,2.0,74.5,BUY,BUY,273.31816,252.59092,2.0,squeeze,UNGATED_SHADOW,2026-09-09,True,shadow — never published
2026-09-09T05:39:27.451635,TRX,0.3382,55.29,47.56655555555555,52.2,WATCH,WATCH,15.720000267028809,,,0.0023361784951457312,,55.29,WATCH,WATCH,,,,squeeze,UNGATED_SHADOW,2026-09-09,True,shadow — never published
2026-09-09T05:39:27.451635,VTHO,0.000446,28.82,58.765527083333325,40.8,AVOID,WATCH,15.720000267028809,,,8.878087469481574e-06,,28.82,AVOID,SELL,0.00041936574,0.00045931713,2.0,squeeze,UNGATED_SHADOW,2026-09-09,True,shadow — never published
2026-09-09T05:39:27.451635,NEAR,2.335,62.51,63.05119374999999,62.73,BUY,BUY,15.720000267028809,2.5874222,2.2087889,0.0841407,2.0,62.51,BUY,BUY,2.5874222,2.2087889,2.0,squeeze,UNGATED_SHADOW,2026-09-09,True,shadow — never published
2026-09-09T05:39:27.451635,FET,0.176,33.53,63.17563333333333,45.39,WATCH,WATCH,15.720000267028809,,,0.004334787978895911,,33.53,AVOID,SELL,0.16299564,0.18250218,2.0,squeeze,UNGATED_SHADOW,2026-09-09,True,shadow — never published
2026-09-09T05:39:27.451635,AAVE,129.58,45.88,57.60521701388889,50.57,WATCH,WATCH,15.720000267028809,,,2.0686497202885725,,45.88,WATCH,WATCH,,,,squeeze,UNGATED_SHADOW,2026-09-09,True,shadow — never published
2026-09-09T05:39:27.451635,UNI,6.914,69.47,54.38072641050092,63.43,BUY,BUY,29.649999618530273,7.5018041,6.620098,0.1959347,2.0,69.47,BUY,BUY,7.5018041,6.620098,2.0,squeeze,UNGATED_SHADOW,2026-09-09,True,shadow — never published
2026-09-09T05:39:27.451635,GALA,0.001888,75.41,64.62256493055555,71.1,BUY,BUY,15.720000267028809,0.0019342315,0.0018648842,1.54105e-05,2.0,75.41,STRONG_BUY,STRONG_BUY,0.0019496266,0.0018648842,2.67,squeeze,UNGATED_SHADOW,2026-09-09,True,shadow — never published
2026-09-09T05:39:27.451635,OP,0.102,68.88,61.21446006944444,65.81,BUY,BUY,15.720000267028809,0.10753705,0.09923147,0.00184568,2.0,68.88,BUY,BUY,0.10753705,0.09923147,2.0,squeeze,UNGATED_SHADOW,2026-09-09,True,shadow — never published
2026-09-09T05:39:27.451635,ETC,8.61,12.94,58.825287152777776,31.29,AVOID,SELL,15.720000267028809,8.0351853,8.8974073,0.1916049,2.0,12.94,AVOID,STRONG_SELL,7.8437721,8.8974073,2.67,squeeze,UNGATED_SHADOW,2026-09-09,True,shadow — never published
2026-09-09T10:31:04.609829,BTC,79084.82,70.07,51.859249999999996,62.79,BUY,BUY,16.170000076293945,81125.532,78064.464,680.237,2.0,70.07,BUY,BUY,81125.532,78064.464,2.0,squeeze,UNGATED_SHADOW,2026-09-09,True,shadow — never published
2026-09-09T10:31:04.609829,ETH,2491.05,78.25,45.52211111111111,65.16,BUY,BUY,16.170000076293945,2577.8251,2447.6624,28.925,2.0,78.25,STRONG_BUY,STRONG_BUY,2606.7212,2447.6624,2.67,squeeze,UNGATED_SHADOW,2026-09-09,True,shadow — never published
2026-09-09T10:31:04.609829,ADA,0.21878,77.66,59.693984375,70.47,BUY,BUY,16.170000076293945,0.23603609,0.21015195,0.00575203,2.0,77.66,STRONG_BUY,STRONG_BUY,0.24178237,0.21015195,2.67,squeeze,UNGATED_SHADOW,2026-09-09,True,shadow — never published
2026-09-09T10:31:04.609829,BNB,750.67,55.29,59.13375069444444,56.83,WATCH,WATCH,16.170000076293945,,,8.91360208138649,,55.29,WATCH,WATCH,,,,squeeze,UNGATED_SHADOW,2026-09-09,True,shadow — never published
2026-09-09T10:31:04.609829,XRP,1.4218,71.84,52.18029166666666,63.98,BUY,BUY,16.170000076293945,1.4894789,1.3879606,0.0225596,2.0,71.84,BUY,BUY,1.4894789,1.3879606,2.0,squeeze,UNGATED_SHADOW,2026-09-09,True,shadow — never published
2026-09-09T10:31:04.609829,LTC,53.91,54.12,64.21514548611111,58.16,WATCH,WATCH,16.170000076293945,,,1.0534593719763299,,54.12,WATCH,WATCH,,,,squeeze,UNGATED_SHADOW,2026-09-09,True,shadow — never published
2026-09-09T10:31:04.609829,VET,0.007791,20.59,58.45384513888888,35.74,AVOID,SELL,16.170000076293945,0.0072172737,0.0080778631,0.0001912421,2.0,20.59,AVOID,STRONG_SELL,0.0070262229,0.0080778631,2.67,squeeze,UNGATED_SHADOW,2026-09-09,True,shadow — never published
2026-09-09T10:31:04.609829,LINK,11.995,28.24,58.51439583333334,40.35,AVOID,WATCH,16.170000076293945,,,0.2874590717362035,,28.24,AVOID,SELL,11.132623,12.426189,2.0,squeeze,UNGATED_SHADOW,2026-09-09,True,shadow — never published
2026-09-09T10:31:04.609829,AVAX,7.921,24.12,61.60562777777777,39.11,AVOID,SELL,16.170000076293945,7.5716653,8.0956674,0.1164449,2.0,24.12,AVOID,STRONG_SELL,7.4553368,8.0956674,2.67,squeeze,UNGATED_SHADOW,2026-09-09,True,shadow — never published
2026-09-09T10:31:04.609829,SOL,103.84,77.5,52.36544965277778,67.45,BUY,BUY,16.170000076293945,108.65814,101.43093,1.60605,2.0,77.5,STRONG_BUY,STRONG_BUY,110.26258,101.43093,2.67,squeeze,UNGATED_SHADOW,2026-09-09,True,shadow — never published
2026-09-09T10:31:04.609829,XLM,0.18792,57.97,62.437556944444445,59.76,WATCH,WATCH,16.170000076293945,,,0.003490221812218399,,57.97,WATCH,WATCH,,,,squeeze,UNGATED_SHADOW,2026-09-09,True,shadow — never published
2026-09-09T10:31:04.609829,DOT,1.183,1.76,62.9331111111111,26.23,AVOID,SELL,16.170000076293945,1.0669772,1.2410114,0.0386743,2.0,1.76,AVOID,STRONG_SELL,1.0283417,1.2410114,2.67,squeeze,UNGATED_SHADOW,2026-09-09,True,shadow — never published
2026-09-09T10:31:04.609829,ALGO,0.09786,21.76,64.97781111111111,39.05,AVOID,SELL,16.18000030517578,0.091729819,0.100925091,0.002043394,2.0,21.76,AVOID,STRONG_SELL,0.089688468,0.100925091,2.67,squeeze,UNGATED_SHADOW,2026-09-09,True,shadow — never published
2026-09-09T10:31:04.609829,ATOM,1.968,0.0,63.08852083333332,25.24,AVOID,SELL,16.18000030517578,1.8280665,2.0379668,0.0466445,2.0,0.0,AVOID,STRONG_SELL,1.7814686,2.0379668,2.67,squeeze,UNGATED_SHADOW,2026-09-09,True,shadow — never published
2026-09-09T10:31:04.609829,DOGE,0.09078,75.25,51.75796215277777,65.85,BUY,BUY,16.170000076293945,0.095928458,0.088205771,0.001716153,2.0,75.25,STRONG_BUY,STRONG_BUY,0.097642895,0.088205771,2.67,squeeze,UNGATED_SHADOW,2026-09-09,True,shadow — never published
2026-09-09T10:31:04.609829,BCH,257.6,75.25,50.200015625,65.23,BUY,BUY,16.18000030517578,271.09544,250.85228,4.49848,2.0,75.25,STRONG_BUY,STRONG_BUY,275.58942,250.85228,2.67,squeeze,UNGATED_SHADOW,2026-09-09,True,shadow — never published
2026-09-09T10:31:04.609829,TRX,0.3377,60.16,59.510846874999984,59.9,WATCH,WATCH,16.18000030517578,,,0.0021825739087577697,,60.16,BUY,BUY,0.34424772,0.33442614,2.0,squeeze,UNGATED_SHADOW,2026-09-09,True,shadow — never published
2026-09-09T10:31:04.609829,VTHO,0.000446,24.71,59.39644583333333,38.58,AVOID,SELL,16.18000030517578,0.00042062533,0.00045868734,8.45822e-06,2.0,24.71,AVOID,STRONG_SELL,0.00041217556,0.00045868734,2.67,squeeze,UNGATED_SHADOW,2026-09-09,True,shadow — never published
2026-09-09T10:31:04.609829,NEAR,2.546,40.0,61.944175,48.78,WATCH,WATCH,16.18000030517578,,,0.0934469992833955,,40.0,AVOID,SELL,2.265659,2.6861705,2.0,squeeze,UNGATED_SHADOW,2026-09-09,True,shadow — never published
2026-09-09T10:31:04.609829,FET,0.1773,42.94,62.08680694444444,50.6,WATCH,WATCH,16.18000030517578,,,0.004118017408974777,,42.94,AVOID,WATCH,,,,squeeze,UNGATED_SHADOW,2026-09-09,True,shadow — never published
2026-09-09T10:31:04.609829,AAVE,130.08,52.35,56.91663055555556,54.18,WATCH,WATCH,16.18000030517578,,,2.0206849443495924,,52.35,WATCH,WATCH,,,,squeeze,UNGATED_SHADOW,2026-09-09,True,shadow — never published
2026-09-09T10:31:04.609829,UNI,6.628,68.46,54.38072641050092,62.83,BUY,BUY,29.649999618530273,7.2351038,6.3244481,0.2023679,2.0,68.46,BUY,BUY,7.2351038,6.3244481,2.0,squeeze,UNGATED_SHADOW,2026-09-09,True,shadow — never published
2026-09-09T10:31:04.609829,GALA,0.001912,75.57,64.62256493055555,71.19,BUY,BUY,16.18000030517578,0.0019600721,0.0018879639,1.6024e-05,2.0,75.57,STRONG_BUY,STRONG_BUY,0.0019760802,0.0018879639,2.67,squeeze,UNGATED_SHADOW,2026-09-09,True,shadow — never published
2026-09-09T10:31:04.609829,OP,0.106,72.57,61.21459583333333,68.03,BUY,BUY,16.18000030517578,0.11193747,0.10303127,0.00197916,2.0,72.57,BUY,BUY,0.11193747,0.10303127,2.0,squeeze,UNGATED_SHADOW,2026-09-09,True,shadow — never published
2026-09-09T10:31:04.609829,ETC,8.33,14.12,62.007680555555545,33.28,AVOID,SELL,16.18000030517578,7.7290497,8.6304752,0.2003168,2.0,14.12,AVOID,STRONG_SELL,7.5289332,8.6304752,2.67,squeeze,UNGATED_SHADOW,2026-09-09,True,shadow — never published
2026-09-09T14:57:10.292755,BTC,78922.45,71.41,51.8075,63.57,BUY,BUY,16.049999237060547,81011.797,77877.777,696.449,2.0,71.41,BUY,BUY,81011.797,77877.777,2.0,squeeze,UNGATED_SHADOW,2026-09-09,True,shadow — never published
2026-09-09T14:57:10.292755,ETH,2498.04,77.82,48.54993333333332,66.11,BUY,BUY,16.049999237060547,2584.5377,2454.7911,28.8326,2.0,77.82,STRONG_BUY,STRONG_BUY,2613.3415,2454.7911,2.67,squeeze,UNGATED_SHADOW,2026-09-09,True,shadow — never published
2026-09-09T14:57:10.292755,ADA,0.21781,77.82,58.53755555555556,70.11,BUY,BUY,16.049999237060547,0.23468423,0.20937289,0.00562474,2.0,77.82,STRONG_BUY,STRONG_BUY,0.24030335,0.20937289,2.67,squeeze,UNGATED_SHADOW,2026-09-09,True,shadow — never published
2026-09-09T14:57:10.292755,BNB,743.01,55.29,59.50766041666666,56.98,WATCH,WATCH,16.049999237060547,,,9.07048764700174,,55.29,WATCH,WATCH,,,,squeeze,UNGATED_SHADOW,2026-09-09,True,shadow — never published
2026-09-09T14:57:10.292755,XRP,1.4251,70.82,52.18029166666666,63.36,BUY,BUY,16.049999237060547,1.4921707,1.3915647,0.0223569,2.0,70.82,BUY,BUY,1.4921707,1.3915647,2.0,squeeze,UNGATED_SHADOW,2026-09-09,True,shadow — never published
2026-09-09T14:57:10.292755,LTC,53.93,65.09,64.21514548611111,64.74,BUY,BUY,16.059999465942383,57.004535,52.392733,1.024845,2.0,65.09,BUY,BUY,57.004535,52.392733,2.0,squeeze,UNGATED_SHADOW,2026-09-09,True,shadow — never published
2026-09-09T14:57:10.292755,VET,0.007695,22.94,62.30305486111111,38.69,AVOID,SELL,16.059999465942383,0.0071006776,0.0079921612,0.0001981075,2.0,22.94,AVOID,STRONG_SELL,0.0069027683,0.0079921612,2.67,squeeze,UNGATED_SHADOW,2026-09-09,True,shadow — never published
2026-09-09T14:57:10.292755,LINK,12.108,27.65,58.51206388888889,39.99,AVOID,SELL,16.059999465942383,11.27615,12.523925,0.277283,2.0,27.65,AVOID,SELL,11.27615,12.523925,2.0,squeeze,UNGATED_SHADOW,2026-09-09,True,shadow — never published
2026-09-09T14:57:10.292755,AVAX,7.973,29.41,61.905266666666655,42.41,AVOID,WATCH,16.049999237060547,,,0.11232639705816774,,29.41,AVOID,SELL,7.6360208,8.1414896,2.0,squeeze,UNGATED_SHADOW,2026-09-09,True,shadow — never published
2026-09-09T14:57:10.292755,SOL,103.57,78.25,50.738479166666664,67.25,BUY,BUY,16.059999465942383,108.37552,101.16724,1.60184,2.0,78.25,STRONG_BUY,STRONG_BUY,109.97576,101.16724,2.67,squeeze,UNGATED_SHADOW,2026-09-09,True,shadow — never published
2026-09-09T14:57:10.292755,XLM,0.18725,60.49,61.640119791666656,60.95,BUY,BUY,16.059999465942383,0.19753434,0.18210783,0.00342811,2.0,60.49,BUY,BUY,0.19753434,0.18210783,2.0,squeeze,UNGATED_SHADOW,2026-09-09,True,shadow — never published
2026-09-09T14:57:10.292755,DOT,1.133,2.94,64.23388888888887,27.46,AVOID,SELL,16.059999465942383,1.0135707,1.1927146,0.0398098,2.0,2.94,AVOID,STRONG_SELL,0.9738008,1.1927146,2.67,squeeze,UNGATED_SHADOW,2026-09-09,True,shadow — never published
2026-09-09T14:57:10.292755,ALGO,0.0993,22.35,64.0428611111111,39.03,AVOID,SELL,16.059999465942383,0.092589832,0.102655084,0.002236723,2.0,22.35,AVOID,STRONG_SELL,0.090355345,0.102655084,2.67,squeeze,UNGATED_SHADOW,2026-09-09,True,shadow — never published
2026-09-09T14:57:10.292755,ATOM,1.909,0.0,63.96137083333332,25.58,AVOID,SELL,16.059999465942383,1.7649189,1.9810406,0.048027,2.0,0.0,AVOID,STRONG_SELL,1.7169399,1.9810406,2.67,squeeze,UNGATED_SHADOW,2026-09-09,True,shadow — never published
2026-09-09T14:57:10.292755,DOGE,0.08995,76.0,49.987433333333335,65.59,BUY,BUY,16.059999465942383,0.095099283,0.087375359,0.001716428,2.0,76.0,STRONG_BUY,STRONG_BUY,0.096813994,0.087375359,2.67,squeeze,UNGATED_SHADOW,2026-09-09,True,shadow — never published
2026-09-09T14:57:10.292755,BCH,258.7,75.41,50.361798263888886,65.39,BUY,BUY,16.049999237060547,271.76719,252.1664,4.35573,2.0,75.41,STRONG_BUY,STRONG_BUY,276.11856,252.1664,2.67,squeeze,UNGATED_SHADOW,2026-09-09,True,shadow — never published
2026-09-09T14:57:10.292755,TRX,0.3381,58.99,59.81487812499999,59.32,WATCH,WATCH,16.059999465942383,,,0.002361879854050583,,58.99,WATCH,WATCH,,,,squeeze,UNGATED_SHADOW,2026-09-09,True,shadow — never published
2026-09-09T14:57:10.292755,VTHO,0.000446,23.53,63.137068402777764,39.37,AVOID,SELL,16.059999465942383,0.0004224378,0.0004577811,7.85407e-06,2.0,23.53,AVOID,STRONG_SELL,0.00041459159,0.0004577811,2.67,squeeze,UNGATED_SHADOW,2026-09-09,True,shadow — never published
2026-09-09T14:57:10.292755,NEAR,2.608,21.18,61.944175,37.49,AVOID,SELL,16.049999237060547,2.3217548,2.7511226,0.0954151,2.0,21.18,AVOID,STRONG_SELL,2.2264351,2.7511226,2.67,squeeze,UNGATED_SHADOW,2026-09-09,True,shadow — never published
2026-09-09T14:57:10.292755,FET,0.1783,47.06,62.56210833333332,53.26,WATCH,WATCH,16.049999237060547,,,0.003977954940986782,,47.06,WATCH,WATCH,,,,squeeze,UNGATED_SHADOW,2026-09-09,True,shadow — never published
2026-09-09T14:57:10.292755,AAVE,130.08,53.53,57.145799999999994,54.98,WATCH,WATCH,16.049999237060547,,,1.8763503054674788,,53.53,WATCH,WATCH,,,,squeeze,UNGATED_SHADOW,2026-09-09,True,shadow — never published
2026-09-09T14:57:10.292755,UNI,6.639,67.44,54.38072641050092,62.22,BUY,BUY,29.649999618530273,7.2291729,6.3439135,0.1967243,2.0,67.44,BUY,BUY,7.2291729,6.3439135,2.0,squeeze,UNGATED_SHADOW,2026-09-09,True,shadow — never published
2026-09-09T14:57:10.292755,GALA,0.001912,77.5,64.62256493055555,72.35,BUY,BUY,16.049999237060547,0.0019566384,0.0018896808,1.48795e-05,2.0,77.5,STRONG_BUY,STRONG_BUY,0.001971503,0.0018896808,2.67,squeeze,UNGATED_SHADOW,2026-09-09,True,shadow — never published
2026-09-09T14:57:10.292755,OP,0.106,72.15,60.045716666666664,67.31,BUY,BUY,16.049999237060547,0.11151336,0.10324332,0.00183779,2.0,72.15,BUY,BUY,0.11151336,0.10324332,2.0,squeeze,UNGATED_SHADOW,2026-09-09,True,shadow — never published
2026-09-09T14:57:10.292755,ETC,8.27,15.29,62.59296666666667,34.21,AVOID,SELL,16.049999237060547,7.6905461,8.5597269,0.1931513,2.0,15.29,AVOID,STRONG_SELL,7.497588,8.5597269,2.67,squeeze,UNGATED_SHADOW,2026-09-09,True,shadow — never published
2026-09-09T18:17:24.356450,BTC,78604.04,72.75,51.563723958333334,64.28,BUY,BUY,16.190000534057617,80799.723,77506.198,731.894,2.0,72.75,BUY,BUY,80799.723,77506.198,2.0,squeeze,UNGATED_SHADOW,2026-09-09,True,shadow — never published
2026-09-09T18:17:24.356450,ETH,2489.93,79.75,47.883444444444436,67.0,BUY,BUY,16.190000534057617,2577.7242,2446.0329,29.2647,2.0,79.75,STRONG_BUY,STRONG_BUY,2606.9597,2446.0329,2.67,squeeze,UNGATED_SHADOW,2026-09-09,True,shadow — never published
2026-09-09T18:17:24.356450,ADA,0.21733,75.04,58.76161388888889,68.53,BUY,BUY,16.190000534057617,0.23435336,0.20881832,0.00567445,2.0,75.04,STRONG_BUY,STRONG_BUY,0.24002214,0.20881832,2.67,squeeze,UNGATED_SHADOW,2026-09-09,True,shadow — never published
2026-09-09T18:17:24.356450,BNB,740.16,55.29,59.20722291666665,56.86,WATCH,WATCH,16.190000534057617,,,9.144381386501617,,55.29,WATCH,WATCH,,,,squeeze,UNGATED_SHADOW,2026-09-09,True,shadow — never published
2026-09-09T18:17:24.356450,XRP,1.4187,72.16,52.412847222222226,64.26,BUY,BUY,16.190000534057617,1.4863018,1.3848991,0.0225339,2.0,72.16,BUY,BUY,1.4863018,1.3848991,2.0,squeeze,UNGATED_SHADOW,2026-09-09,True,shadow — never published
2026-09-09T18:17:24.356450,LTC,54.3,65.84,64.21514548611111,65.19,BUY,BUY,16.190000534057617,57.423548,52.738226,1.041183,2.0,65.84,BUY,BUY,57.423548,52.738226,2.0,squeeze,UNGATED_SHADOW,2026-09-09,True,shadow — never published
2026-09-09T18:17:24.356450,VET,0.007755,23.53,58.45384513888888,37.5,AVOID,SELL,16.190000534057617,0.007134619,0.0080651905,0.0002067937,2.0,23.53,AVOID,STRONG_SELL,0.0069280322,0.0080651905,2.67,squeeze,UNGATED_SHADOW,2026-09-09,True,shadow — never published
2026-09-09T18:17:24.356450,LINK,11.979,24.71,58.54697916666667,38.24,AVOID,SELL,16.190000534057617,11.142787,12.397107,0.278738,2.0,24.71,AVOID,STRONG_SELL,10.864328,12.397107,2.67,squeeze,UNGATED_SHADOW,2026-09-09,True,shadow — never published
2026-09-09T18:17:24.356450,AVAX,7.939,32.35,61.905266666666655,44.17,AVOID,WATCH,16.190000534057617,,,0.11995614420707404,,32.35,AVOID,SELL,7.5791316,8.1189342,2.0,squeeze,UNGATED_SHADOW,2026-09-09,True,shadow — never published
2026-09-09T18:17:24.356450,SOL,103.48,79.0,51.14784722222222,67.86,BUY,BUY,16.190000534057617,108.40268,101.01866,1.64089,2.0,79.0,STRONG_BUY,STRONG_BUY,110.04193,101.01866,2.67,squeeze,UNGATED_SHADOW,2026-09-09,True,shadow — never published
2026-09-09T18:17:24.356450,XLM,0.18557,54.12,61.0206611111111,56.88,WATCH,WATCH,16.190000534057617,,,0.0034844733264244665,,54.12,WATCH,WATCH,,,,squeeze,UNGATED_SHADOW,2026-09-09,True,shadow — never published
2026-09-09T18:17:24.356450,DOT,1.123,3.53,64.23388888888887,27.81,AVOID,SELL,16.190000534057617,1.0052901,1.1818549,0.0392366,2.0,3.53,AVOID,STRONG_SELL,0.9660928,1.1818549,2.67,squeeze,UNGATED_SHADOW,2026-09-09,True,shadow — never published
2026-09-09T18:17:24.356450,ALGO,0.10063,21.18,61.849875,37.45,AVOID,SELL,16.190000534057617,0.09383556,0.10402722,0.00226481,2.0,21.18,AVOID,STRONG_SELL,0.09157301,0.10402722,2.67,squeeze,UNGATED_SHADOW,2026-09-09,True,shadow — never published
2026-09-09T18:17:24.356450,ATOM,1.881,0.0,64.27397916666666,25.71,AVOID,SELL,16.190000534057617,1.7379196,1.9525402,0.0476935,2.0,0.0,AVOID,STRONG_SELL,1.6902738,1.9525402,2.67,squeeze,UNGATED_SHADOW,2026-09-09,True,shadow — never published
2026-09-09T18:17:24.356450,DOGE,0.08873,74.4,49.15508888888889,64.3,BUY,BUY,16.18000030517578,0.093987957,0.086101022,0.001752652,2.0,74.4,BUY,BUY,0.093987957,0.086101022,2.0,squeeze,UNGATED_SHADOW,2026-09-09,True,shadow — never published
2026-09-09T18:17:24.356450,BCH,257.6,76.75,50.361798263888886,66.19,BUY,BUY,16.18000030517578,271.05015,250.87493,4.48338,2.0,76.75,STRONG_BUY,STRONG_BUY,275.52904,250.87493,2.67,squeeze,UNGATED_SHADOW,2026-09-09,True,shadow — never published
2026-09-09T18:17:24.356450,TRX,0.3405,54.12,60.97910937499999,56.86,WATCH,WATCH,16.18000030517578,,,0.0024431741501898274,,54.12,WATCH,WATCH,,,,squeeze,UNGATED_SHADOW,2026-09-09,True,shadow — never published
2026-09-09T18:17:24.356450,VTHO,0.000446,22.35,63.137068402777764,38.66,AVOID,SELL,16.18000030517578,0.00042412082,0.00045693959,7.29306e-06,2.0,22.35,AVOID,STRONG_SELL,0.00041683505,0.00045693959,2.67,squeeze,UNGATED_SHADOW,2026-09-09,True,shadow — never published
2026-09-09T18:17:24.356450,NEAR,2.594,20.59,61.944175,37.13,AVOID,SELL,16.18000030517578,2.3083029,2.7368485,0.0952324,2.0,20.59,AVOID,STRONG_SELL,2.2131658,2.7368485,2.67,squeeze,UNGATED_SHADOW,2026-09-09,True,shadow — never published
2026-09-09T18:17:24.356450,FET,0.1758,45.88,61.031458333333326,51.94,WATCH,WATCH,16.18000030517578,,,0.004499937751324461,,45.88,WATCH,WATCH,,,,squeeze,UNGATED_SHADOW,2026-09-09,True,shadow — never published
2026-09-09T18:17:24.356450,AAVE,129.2,55.88,56.71665833333333,56.21,WATCH,WATCH,16.18000030517578,,,1.8782946714034774,,55.88,WATCH,WATCH,,,,squeeze,UNGATED_SHADOW,2026-09-09,True,shadow — never published
2026-09-09T18:17:24.356450,UNI,6.588,67.01,54.38072641050092,61.96,BUY,BUY,29.649999618530273,7.1869718,6.2885141,0.1996573,2.0,67.01,BUY,BUY,7.1869718,6.2885141,2.0,squeeze,UNGATED_SHADOW,2026-09-09,True,shadow — never published
2026-09-09T18:17:24.356450,GALA,0.001857,73.54,63.31300243055556,69.45,BUY,BUY,16.18000030517578,0.0019102357,0.0018303822,1.77452e-05,2.0,73.54,BUY,BUY,0.0019102357,0.0018303822,2.0,squeeze,UNGATED_SHADOW,2026-09-09,True,shadow — never published
2026-09-09T18:17:24.356450,OP,0.102,64.07,61.774390277777776,63.15,BUY,BUY,16.18000030517578,0.10832874,0.09883563,0.00210958,2.0,64.07,BUY,BUY,0.10832874,0.09883563,2.0,squeeze,UNGATED_SHADOW,2026-09-09,True,shadow — never published
2026-09-09T18:17:24.356450,ETC,8.16,16.47,63.3166361111111,35.21,AVOID,SELL,16.18000030517578,7.5899459,8.4450271,0.190018,2.0,16.47,AVOID,STRONG_SELL,7.4001179,8.4450271,2.67,squeeze,UNGATED_SHADOW,2026-09-09,True,shadow — never published
2026-09-09T21:25:46.260442,BTC,78154.62,69.97,52.872903125,63.13,BUY,BUY,16.459999084472656,80334.246,77064.807,726.542,2.0,69.97,BUY,BUY,80334.246,77064.807,2.0,squeeze,UNGATED_SHADOW,2026-09-09,True,shadow — never published
2026-09-09T21:25:46.260442,ETH,2470.23,76.97,52.22613194444444,67.07,BUY,BUY,16.459999084472656,2559.6394,2425.5253,29.8031,2.0,76.97,STRONG_BUY,STRONG_BUY,2589.4127,2425.5253,2.67,squeeze,UNGATED_SHADOW,2026-09-09,True,shadow — never published
2026-09-09T21:25:46.260442,ADA,0.21342,69.91,57.72539999999999,65.04,BUY,BUY,16.459999084472656,0.22984164,0.20520918,0.00547388,2.0,69.91,BUY,BUY,0.22984164,0.20520918,2.0,squeeze,UNGATED_SHADOW,2026-09-09,True,shadow — never published
2026-09-09T21:25:46.260442,BNB,730.55,47.65,59.69733055555555,52.47,WATCH,WATCH,16.459999084472656,,,9.165292920118848,,47.65,WATCH,WATCH,,,,squeeze,UNGATED_SHADOW,2026-09-09,True,shadow — never published
2026-09-09T21:25:46.260442,XRP,1.4,71.15,51.497575,63.29,BUY,BUY,16.459999084472656,1.4673313,1.3663343,0.0224438,2.0,71.15,BUY,BUY,1.4673313,1.3663343,2.0,squeeze,UNGATED_SHADOW,2026-09-09,True,shadow — never published
2026-09-09T21:25:46.260442,LTC,53.41,45.29,64.02433333333333,52.78,WATCH,WATCH,16.459999084472656,,,1.008445006331944,,45.29,WATCH,WATCH,,,,squeeze,UNGATED_SHADOW,2026-09-09,True,shadow — never published
2026-09-09T21:25:46.260442,VET,0.00758,24.71,61.43605069444444,39.4,AVOID,SELL,16.459999084472656,0.0069934319,0.007873284,0.0001955227,2.0,24.71,AVOID,STRONG_SELL,0.0067981048,0.007873284,2.67,squeeze,UNGATED_SHADOW,2026-09-09,True,shadow — never published
2026-09-09T21:25:46.260442,LINK,11.788,17.65,59.34747499999999,34.33,AVOID,SELL,16.459999084472656,10.968215,12.197892,0.273262,2.0,17.65,AVOID,STRONG_SELL,10.695227,12.197892,2.67,squeeze,UNGATED_SHADOW,2026-09-09,True,shadow — never published
2026-09-09T21:25:46.260442,AVAX,7.859,35.29,59.31424479166666,44.9,AVOID,WATCH,16.459999084472656,,,0.11331641962085447,,35.29,AVOID,SELL,7.5190507,8.0289746,2.0,squeeze,UNGATED_SHADOW,2026-09-09,True,shadow — never published
2026-09-09T21:25:46.260442,SOL,102.47,79.75,50.42436145833333,68.02,BUY,BUY,16.459999084472656,107.30203,100.05399,1.61068,2.0,79.75,STRONG_BUY,STRONG_BUY,108.91109,100.05399,2.67,squeeze,UNGATED_SHADOW,2026-09-09,True,shadow — never published
2026-09-09T21:25:46.260442,XLM,0.18258,48.82,59.60382118055554,53.13,WATCH,WATCH,16.459999084472656,,,0.0034600721704553723,,48.82,WATCH,WATCH,,,,squeeze,UNGATED_SHADOW,2026-09-09,True,shadow — never published
2026-09-09T21:25:46.260442,DOT,1.114,4.71,65.18519444444443,28.9,AVOID,SELL,16.459999084472656,1.0025551,1.1697224,0.0371483,2.0,4.71,AVOID,STRONG_SELL,0.965444,1.1697224,2.67,squeeze,UNGATED_SHADOW,2026-09-09,True,shadow — never published
2026-09-09T21:25:46.260442,ALGO,0.09982,21.76,61.849875,37.8,AVOID,SELL,16.459999084472656,0.093096079,0.10318196,0.002241307,2.0,21.76,AVOID,STRONG_SELL,0.090857014,0.10318196,2.67,squeeze,UNGATED_SHADOW,2026-09-09,True,shadow — never published
2026-09-09T21:25:46.260442,ATOM,1.863,0.59,64.58403194444443,26.19,AVOID,SELL,16.459999084472656,1.7238794,1.9325603,0.0463735,2.0,0.59,AVOID,STRONG_SELL,1.6775522,1.9325603,2.67,squeeze,UNGATED_SHADOW,2026-09-09,True,shadow — never published
2026-09-09T21:25:46.260442,DOGE,0.08676,72.21,48.47633333333332,62.72,BUY,BUY,16.459999084472656,0.092263817,0.084008092,0.001834606,2.0,72.21,BUY,BUY,0.092263817,0.084008092,2.0,squeeze,UNGATED_SHADOW,2026-09-09,True,shadow — never published
2026-09-09T21:25:46.260442,BCH,255.1,77.5,50.117670833333335,66.55,BUY,BUY,16.459999084472656,268.41289,248.44355,4.43763,2.0,77.5,STRONG_BUY,STRONG_BUY,272.84608,248.44355,2.67,squeeze,UNGATED_SHADOW,2026-09-09,True,shadow — never published
2026-09-09T21:25:46.260442,TRX,0.3408,54.12,59.96524062499999,56.46,WATCH,WATCH,16.459999084472656,,,0.002468661710890552,,54.12,WATCH,WATCH,,,,squeeze,UNGATED_SHADOW,2026-09-09,True,shadow — never published
2026-09-09T21:25:46.260442,VTHO,0.000446,22.35,63.28901215277777,38.73,AVOID,SELL,16.459999084472656,0.00042568362,0.00045615819,6.77213e-06,2.0,22.35,AVOID,STRONG_SELL,0.00041891826,0.00045615819,2.67,squeeze,UNGATED_SHADOW,2026-09-09,True,shadow — never published
2026-09-09T21:25:46.260442,NEAR,2.476,21.18,61.944175,37.49,AVOID,SELL,16.459999084472656,2.1851639,2.621418,0.0969454,2.0,21.18,AVOID,STRONG_SELL,2.0883155,2.621418,2.67,squeeze,UNGATED_SHADOW,2026-09-09,True,shadow — never published
2026-09-09T21:25:46.260442,FET,0.1738,48.82,60.70203124999999,53.57,WATCH,WATCH,16.459999084472656,,,0.0043070850548012855,,48.82,WATCH,WATCH,,,,squeeze,UNGATED_SHADOW,2026-09-09,True,shadow — never published
2026-09-09T21:25:46.260442,AAVE,125.92,40.0,55.31420138888888,46.13,WATCH,WATCH,16.459999084472656,,,1.9437226030379222,,40.0,AVOID,SELL,120.08883,128.83558,2.0,squeeze,UNGATED_SHADOW,2026-09-09,True,shadow — never published
2026-09-09T21:25:46.260442,UNI,6.37,52.35,54.38072641050092,53.16,WATCH,WATCH,29.649999618530273,,,0.20265623076845343,,52.35,WATCH,WATCH,,,,squeeze,UNGATED_SHADOW,2026-09-09,True,shadow — never published
2026-09-09T21:25:46.260442,GALA,0.001819,70.18,62.33134965277777,67.04,BUY,BUY,16.459999084472656,0.001876576,0.001790212,1.9192e-05,2.0,70.18,BUY,BUY,0.001876576,0.001790212,2.0,squeeze,UNGATED_SHADOW,2026-09-09,True,shadow — never published
2026-09-09T21:25:46.260442,OP,0.102,51.18,59.39691701388888,54.47,WATCH,WATCH,16.459999084472656,,,0.0019588945520057927,,51.18,WATCH,WATCH,,,,squeeze,UNGATED_SHADOW,2026-09-09,True,shadow — never published
2026-09-09T21:25:46.260442,ETC,7.99,17.65,62.702216666666665,35.67,AVOID,SELL,16.459999084472656,7.4265314,8.2717343,0.1878229,2.0,17.65,AVOID,STRONG_SELL,7.2388963,8.2717343,2.67,squeeze,UNGATED_SHADOW,2026-09-09,True,shadow — never published
2026-09-09T23:43:12.540925,BTC,78225.01,69.97,53.43442256944444,63.36,BUY,BUY,16.459999084472656,80442.67,77116.18,739.22,2.0,69.97,BUY,BUY,80442.67,77116.18,2.0,squeeze,UNGATED_SHADOW,2026-09-09,True,shadow — never published
2026-09-09T23:43:12.540925,ETH,2466.17,76.97,51.313359375,66.71,BUY,BUY,16.459999084472656,2558.003,2420.2535,30.611,2.0,76.97,STRONG_BUY,STRONG_BUY,2588.5833,2420.2535,2.67,squeeze,UNGATED_SHADOW,2026-09-09,True,shadow — never published
2026-09-09T23:43:12.540925,ADA,0.21181,67.56,54.80576562499999,62.46,BUY,BUY,16.459999084472656,0.22913164,0.20314918,0.00577388,2.0,67.56,BUY,BUY,0.22913164,0.20314918,2.0,squeeze,UNGATED_SHADOW,2026-09-09,True,shadow — never published
2026-09-09T23:43:12.540925,BNB,721.46,42.94,57.87674479166665,48.91,WATCH,WATCH,16.459999084472656,,,9.976007205833136,,42.94,AVOID,WATCH,,,,squeeze,UNGATED_SHADOW,2026-09-09,True,shadow — never published
2026-09-09T23:43:12.540925,XRP,1.3937,71.15,49.458976388888885,62.47,BUY,BUY,16.459999084472656,1.4647599,1.3581701,0.0236866,2.0,71.15,BUY,BUY,1.4647599,1.3581701,2.0,squeeze,UNGATED_SHADOW,2026-09-09,True,shadow — never published
2026-09-09T23:43:12.540925,LTC,53.05,44.12,64.6369,52.33,WATCH,WATCH,16.459999084472656,,,1.056302149189087,,44.12,AVOID,WATCH,,,,squeeze,UNGATED_SHADOW,2026-09-09,True,shadow — never published
2026-09-09T23:43:12.540925,VET,0.007466,24.71,63.23097708333333,40.12,AVOID,WATCH,16.459999084472656,,,0.00021030839809210115,,24.71,AVOID,STRONG_SELL,0.0066249767,0.0077814626,2.67,squeeze,UNGATED_SHADOW,2026-09-09,True,shadow — never published
2026-09-09T23:43:12.540925,LINK,11.789,17.65,59.38497777777778,34.34,AVOID,SELL,16.459999084472656,10.938787,12.214107,0.283404,2.0,17.65,AVOID,STRONG_SELL,10.655666,12.214107,2.67,squeeze,UNGATED_SHADOW,2026-09-09,True,shadow — never published
2026-09-09T23:43:12.540925,AVAX,7.75,34.71,58.39427673611111,44.18,AVOID,WATCH,16.459999084472656,,,0.12467356247799731,,34.71,AVOID,SELL,7.3759793,7.9370103,2.0,squeeze,UNGATED_SHADOW,2026-09-09,True,shadow — never published
2026-09-09T23:43:12.540925,SOL,101.72,78.57,50.58061770833333,67.37,BUY,BUY,16.459999084472656,106.89917,99.13042,1.72639,2.0,78.57,STRONG_BUY,STRONG_BUY,108.62383,99.13042,2.67,squeeze,UNGATED_SHADOW,2026-09-09,True,shadow — never published
2026-09-09T23:43:12.540925,XLM,0.18113,44.71,55.876263888888886,49.18,WATCH,WATCH,16.459999084472656,,,0.0036000721704553713,,44.71,AVOID,WATCH,,,,squeeze,UNGATED_SHADOW,2026-09-09,True,shadow — never published
2026-09-09T23:43:12.540925,DOT,1.127,4.71,64.23388888888887,28.52,AVOID,SELL,16.459999084472656,1.0108409,1.1850796,0.0387197,2.0,4.71,AVOID,STRONG_SELL,0.9721599,1.1850796,2.67,squeeze,UNGATED_SHADOW,2026-09-09,True,shadow — never published
2026-09-09T23:43:12.540925,ALGO,0.09877,21.76,62.35906944444443,38.0,AVOID,SELL,16.459999084472656,0.091821079,0.10224446,0.002316307,2.0,21.76,AVOID,STRONG_SELL,0.089507089,0.10224446,2.67,squeeze,UNGATED_SHADOW,2026-09-09,True,shadow — never published
2026-09-09T23:43:12.540925,ATOM,1.837,0.59,64.58403194444443,26.19,AVOID,SELL,16.459999084472656,1.6918794,1.9095603,0.0483735,2.0,0.59,AVOID,STRONG_SELL,1.6435542,1.9095603,2.67,squeeze,UNGATED_SHADOW,2026-09-09,True,shadow — never published
2026-09-09T23:43:12.540925,DOGE,0.0861,68.68,48.666634374999994,60.67,BUY,BUY,16.459999084472656,0.091839531,0.083230234,0.001913177,2.0,68.68,BUY,BUY,0.091839531,0.083230234,2.0,squeeze,UNGATED_SHADOW,2026-09-09,True,shadow — never published
2026-09-09T23:43:12.540925,BCH,251.1,73.97,50.69143298611111,64.66,BUY,BUY,16.459999084472656,265.52718,243.88641,4.80906,2.0,73.97,BUY,BUY,265.52718,243.88641,2.0,squeeze,UNGATED_SHADOW,2026-09-09,True,shadow — never published
2026-09-09T23:43:12.540925,TRX,0.338,60.75,59.517443402777765,60.26,BUY,BUY,16.459999084472656,0.34540599,0.33429701,0.00246866,2.0,60.75,BUY,BUY,0.34540599,0.33429701,2.0,squeeze,UNGATED_SHADOW,2026-09-09,True,shadow — never published
2026-09-09T23:43:12.540925,VTHO,0.000426,23.53,63.71666840277777,39.6,AVOID,SELL,16.459999084472656,0.0004013979,0.00043830105,8.2007e-06,2.0,23.53,AVOID,STRONG_SELL,0.0003932054,0.00043830105,2.67,squeeze,UNGATED_SHADOW,2026-09-09,True,shadow — never published
2026-09-09T23:43:12.540925,NEAR,2.478,21.18,61.944175,37.49,AVOID,SELL,16.459999084472656,2.1783782,2.6278109,0.0998739,2.0,21.18,AVOID,STRONG_SELL,2.0786042,2.6278109,2.67,squeeze,UNGATED_SHADOW,2026-09-09,True,shadow — never published
2026-09-09T23:43:12.540925,FET,0.1691,42.94,62.26902604166666,50.67,WATCH,WATCH,16.459999084472656,,,0.004735656483372715,,42.94,AVOID,WATCH,,,,squeeze,UNGATED_SHADOW,2026-09-09,True,shadow — never published
2026-09-09T23:43:12.540925,AAVE,124.76,37.65,55.34844583333333,44.73,AVOID,WATCH,16.459999084472656,,,2.0144368887522073,,37.65,AVOID,SELL,118.71669,127.78166,2.0,squeeze,UNGATED_SHADOW,2026-09-09,True,shadow — never published
2026-09-09T23:43:12.540925,UNI,6.189,47.65,54.38072641050092,50.34,WATCH,WATCH,29.649999618530273,,,0.21722765933988197,,47.65,WATCH,WATCH,,,,squeeze,UNGATED_SHADOW,2026-09-09,True,shadow — never published
2026-09-09T23:43:12.540925,GALA,0.001777,55.29,61.358130208333336,57.72,WATCH,WATCH,16.459999084472656,,,2.219199507370909e-05,,55.29,WATCH,WATCH,,,,squeeze,UNGATED_SHADOW,2026-09-09,True,shadow — never published
2026-09-09T23:43:12.540925,OP,0.099,48.82,57.206174999999995,52.17,WATCH,WATCH,16.459999084472656,,,0.002173180266291506,,48.82,WATCH,WATCH,,,,squeeze,UNGATED_SHADOW,2026-09-09,True,shadow — never published
2026-09-09T23:43:12.540925,ETC,8.01,17.65,63.33621805555554,35.92,AVOID,SELL,16.459999084472656,7.4293885,8.3003057,0.1935372,2.0,17.65,AVOID,STRONG_SELL,7.2360449,8.3003057,2.67,squeeze,UNGATED_SHADOW,2026-09-09,True,shadow — never published
2026-09-10T02:24:30.877658,BTC,78028.31,55.88,53.462421875,54.91,WATCH,WATCH,16.459999084472656,,,725.4799722909443,,55.88,WATCH,WATCH,,,,squeeze,UNGATED_SHADOW,2026-09-10,True,shadow — never published
2026-09-10T02:24:30.877658,ETH,2460.95,76.54,52.55024826388889,66.94,BUY,BUY,16.459999084472656,2551.3578,2415.7461,30.1359,2.0,76.54,STRONG_BUY,STRONG_BUY,2581.4635,2415.7461,2.67,squeeze,UNGATED_SHADOW,2026-09-10,True,shadow — never published
2026-09-10T02:24:30.877658,ADA,0.20959,48.24,57.21153368055555,51.83,WATCH,WATCH,16.459999084472656,,,0.005572175603849621,,48.24,WATCH,WATCH,,,,squeeze,UNGATED_SHADOW,2026-09-10,True,shadow — never published
2026-09-10T02:24:30.877658,BNB,721.28,33.53,58.97475520833332,43.71,AVOID,WATCH,16.459999084472656,,,9.743435262559343,,33.53,AVOID,SELL,692.04969,735.89515,2.0,squeeze,UNGATED_SHADOW,2026-09-10,True,shadow — never published
2026-09-10T02:24:30.877658,XRP,1.3825,55.88,51.88915,54.28,WATCH,WATCH,16.459999084472656,,,0.023280437823687508,,55.88,WATCH,WATCH,,,,squeeze,UNGATED_SHADOW,2026-09-10,True,shadow — never published
2026-09-10T02:24:30.877658,LTC,52.71,37.06,65.67266666666666,48.51,WATCH,WATCH,16.459999084472656,,,1.0194234242470093,,37.06,AVOID,SELL,49.65173,54.239135,2.0,squeeze,UNGATED_SHADOW,2026-09-10,True,shadow — never published
2026-09-10T02:24:30.877658,VET,0.007651,26.47,58.1371798611111,39.14,AVOID,SELL,16.459999084472656,0.0070055695,0.0079737153,0.0002151435,2.0,26.47,AVOID,SELL,0.0070055695,0.0079737153,2.0,squeeze,UNGATED_SHADOW,2026-09-10,True,shadow — never published
2026-09-10T02:24:30.877658,LINK,11.75,15.29,58.71761840277778,32.66,AVOID,SELL,16.459999084472656,10.927516,12.161242,0.274161,2.0,15.29,AVOID,STRONG_SELL,10.653629,12.161242,2.67,squeeze,UNGATED_SHADOW,2026-09-10,True,shadow — never published
2026-09-10T02:24:30.877658,AVAX,7.757,37.65,60.988644791666665,46.99,WATCH,WATCH,16.459999084472656,,,0.12005402230099747,,37.65,AVOID,SELL,7.3968379,7.937081,2.0,squeeze,UNGATED_SHADOW,2026-09-10,True,shadow — never published
2026-09-10T02:24:30.877658,SOL,101.05,74.62,50.37904826388888,64.92,BUY,BUY,16.459999084472656,106.10351,98.52324,1.6845,2.0,74.62,BUY,BUY,106.10351,98.52324,2.0,squeeze,UNGATED_SHADOW,2026-09-10,True,shadow — never published
2026-09-10T02:24:30.877658,XLM,0.17891,34.71,58.21954861111111,44.11,AVOID,WATCH,16.459999084472656,,,0.0035086384439942746,,34.71,AVOID,SELL,0.16838408,0.18417296,2.0,squeeze,UNGATED_SHADOW,2026-09-10,True,shadow — never published
2026-09-10T02:24:30.877658,DOT,1.097,8.24,65.33724999999998,31.08,AVOID,SELL,16.459999084472656,0.9827094,1.1541453,0.0380969,2.0,8.24,AVOID,STRONG_SELL,0.9446506,1.1541453,2.67,squeeze,UNGATED_SHADOW,2026-09-10,True,shadow — never published
2026-09-10T02:24:30.877658,ALGO,0.09871,24.12,65.07658333333333,40.5,AVOID,WATCH,16.459999084472656,,,0.002200142144364237,,24.12,AVOID,STRONG_SELL,0.089911632,0.102010213,2.67,squeeze,UNGATED_SHADOW,2026-09-10,True,shadow — never published
2026-09-10T02:24:30.877658,ATOM,1.83,1.76,63.08852083333332,26.29,AVOID,SELL,16.459999084472656,1.6881737,1.9009131,0.0472754,2.0,1.76,AVOID,STRONG_SELL,1.6409456,1.9009131,2.67,squeeze,UNGATED_SHADOW,2026-09-10,True,shadow — never published
2026-09-10T02:24:30.877658,DOGE,0.08538,48.24,51.08419791666666,49.38,WATCH,WATCH,16.459999084472656,,,0.0018400929460578152,,48.24,WATCH,WATCH,,,,squeeze,UNGATED_SHADOW,2026-09-10,True,shadow — never published
2026-09-10T02:24:30.877658,BCH,250.1,67.07,50.117998263888886,60.29,BUY,BUY,16.459999084472656,263.94666,243.17667,4.61555,2.0,67.07,BUY,BUY,263.94666,243.17667,2.0,squeeze,UNGATED_SHADOW,2026-09-10,True,shadow — never published
2026-09-10T02:24:30.877658,TRX,0.3402,62.68,59.49053020833333,61.4,BUY,BUY,16.459999084472656,0.34767699,0.33646151,0.00249233,2.0,62.68,BUY,BUY,0.34767699,0.33646151,2.0,squeeze,UNGATED_SHADOW,2026-09-10,True,shadow — never published
2026-09-10T02:24:30.877658,VTHO,0.00067,0.0,61.99439166666666,24.8,AVOID,STRONG_SELL,16.459999084472656,0.00054585702,0.00071656526,3.104351e-05,2.67,0.0,AVOID,STRONG_SELL,0.00054585702,0.00071656526,2.67,squeeze,UNGATED_SHADOW,2026-09-10,True,shadow — never published
2026-09-10T02:24:30.877658,NEAR,2.473,20.59,61.944175,37.13,AVOID,SELL,16.459999084472656,2.1864226,2.6162887,0.0955258,2.0,20.59,AVOID,STRONG_SELL,2.0909924,2.6162887,2.67,squeeze,UNGATED_SHADOW,2026-09-10,True,shadow — never published
2026-09-10T02:24:30.877658,FET,0.1692,42.35,61.31816770833333,49.94,WATCH,WATCH,16.459999084472656,,,0.004454538163131807,,42.35,AVOID,WATCH,,,,squeeze,UNGATED_SHADOW,2026-09-10,True,shadow — never published
2026-09-10T02:24:30.877658,AAVE,124.13,29.41,56.77684166666666,40.36,AVOID,WATCH,16.459999084472656,,,2.005548539555621,,29.41,AVOID,SELL,118.11335,127.13832,2.0,squeeze,UNGATED_SHADOW,2026-09-10,True,shadow — never published
2026-09-10T02:24:30.877658,UNI,5.949,38.24,54.642168025545345,44.8,AVOID,WATCH,29.649999618530273,,,0.21821139795846184,,38.24,AVOID,SELL,5.2943658,6.2763171,2.0,squeeze,UNGATED_SHADOW,2026-09-10,True,shadow — never published
2026-09-10T02:24:30.877658,GALA,0.00174,51.18,60.088418402777776,54.74,WATCH,WATCH,16.459999084472656,,,2.339256685415844e-05,,51.18,WATCH,WATCH,,,,squeeze,UNGATED_SHADOW,2026-09-10,True,shadow — never published
2026-09-10T02:24:30.877658,OP,0.099,44.12,56.848397222222225,49.21,WATCH,WATCH,16.459999084472656,,,0.0020179531044135415,,44.12,AVOID,WATCH,,,,squeeze,UNGATED_SHADOW,2026-09-10,True,shadow — never published
2026-09-10T02:24:30.877658,ETC,7.92,18.82,61.873737500000004,36.04,AVOID,SELL,16.459999084472656,7.3551465,8.2024268,0.1882845,2.0,18.82,AVOID,STRONG_SELL,7.1670503,8.2024268,2.67,squeeze,UNGATED_SHADOW,2026-09-10,True,shadow — never published
2026-09-10T07:42:58.201462,BTC,77984.3,77.94,53.462421875,68.15,BUY,BUY,16.329999923706055,80134.861,76909.02,716.854,2.0,77.94,STRONG_BUY,STRONG_BUY,80850.997,76909.02,2.67,squeeze,UNGATED_SHADOW,2026-09-10,True,shadow — never published
2026-09-10T07:42:58.201462,ETH,2464.74,78.47,52.438203125,68.06,BUY,BUY,16.329999923706055,2553.0058,2420.6071,29.4219,2.0,78.47,STRONG_BUY,STRONG_BUY,2582.3983,2420.6071,2.67,squeeze,UNGATED_SHADOW,2026-09-10,True,shadow — never published
2026-09-10T07:42:58.201462,ADA,0.21262,52.94,55.57674479166666,53.99,WATCH,WATCH,16.329999923706055,,,0.005447428366839954,,52.94,WATCH,WATCH,,,,squeeze,UNGATED_SHADOW,2026-09-10,True,shadow — never published
2026-09-10T07:42:58.201462,BNB,716.21,30.0,58.014201736111104,41.21,AVOID,WATCH,16.329999923706055,,,9.646710294825507,,30.0,AVOID,SELL,687.26987,730.68007,2.0,squeeze,UNGATED_SHADOW,2026-09-10,True,shadow — never published
2026-09-10T07:42:58.201462,XRP,1.3792,55.29,51.7249236111111,53.86,WATCH,WATCH,16.329999923706055,,,0.022624692264852687,,55.29,WATCH,WATCH,,,,squeeze,UNGATED_SHADOW,2026-09-10,True,shadow — never published
2026-09-10T07:42:58.201462,LTC,52.32,32.35,66.051975,45.83,WATCH,WATCH,16.329999923706055,,,0.9894646082293654,,32.35,AVOID,SELL,49.351606,53.804197,2.0,squeeze,UNGATED_SHADOW,2026-09-10,True,shadow — never published
2026-09-10T07:42:58.201462,VET,0.008022,24.12,57.73886458333333,37.57,AVOID,SELL,16.329999923706055,0.0073038349,0.0083810825,0.0002393884,2.0,24.12,AVOID,STRONG_SELL,0.0070646859,0.0083810825,2.67,squeeze,UNGATED_SHADOW,2026-09-10,True,shadow — never published
2026-09-10T07:42:58.201462,LINK,11.78,14.71,58.71761840277778,32.31,AVOID,SELL,16.329999923706055,10.984352,12.177824,0.265216,2.0,14.71,AVOID,STRONG_SELL,10.719401,12.177824,2.67,squeeze,UNGATED_SHADOW,2026-09-10,True,shadow — never published
2026-09-10T07:42:58.201462,AVAX,7.841,37.65,60.83890520833333,46.93,WATCH,WATCH,16.329999923706055,,,0.115050163565212,,37.65,AVOID,SELL,7.4958495,8.0135752,2.0,squeeze,UNGATED_SHADOW,2026-09-10,True,shadow — never published
2026-09-10T07:42:58.201462,SOL,100.96,80.66,50.253394791666665,68.5,BUY,BUY,16.329999923706055,105.97551,98.45225,1.67184,2.0,80.66,STRONG_BUY,STRONG_BUY,107.64567,98.45225,2.67,squeeze,UNGATED_SHADOW,2026-09-10,True,shadow — never published
2026-09-10T07:42:58.201462,XLM,0.18099,31.18,57.677323611111106,41.78,AVOID,WATCH,16.329999923706055,,,0.0033673071265661104,,31.18,AVOID,SELL,0.17088808,0.18604096,2.0,squeeze,UNGATED_SHADOW,2026-09-10,True,shadow — never published
2026-09-10T07:42:58.201462,DOT,1.118,9.41,65.33724999999998,31.78,AVOID,SELL,16.329999923706055,1.0097301,1.1721349,0.03609,2.0,9.41,AVOID,STRONG_SELL,0.9736763,1.1721349,2.67,squeeze,UNGATED_SHADOW,2026-09-10,True,shadow — never published
2026-09-10T07:42:58.201462,ALGO,0.0991,24.12,65.28466944444443,40.59,AVOID,WATCH,16.329999923706055,,,0.0022410503585423027,,24.12,AVOID,STRONG_SELL,0.09013804,0.102461576,2.67,squeeze,UNGATED_SHADOW,2026-09-10,True,shadow — never published
2026-09-10T07:42:58.201462,ATOM,1.824,2.94,63.08852083333332,27.0,AVOID,SELL,16.329999923706055,1.6708297,1.9005852,0.0510568,2.0,2.94,AVOID,STRONG_SELL,1.619824,1.9005852,2.67,squeeze,UNGATED_SHADOW,2026-09-10,True,shadow — never published
2026-09-10T07:42:58.201462,DOGE,0.08505,40.0,52.181968749999996,44.87,AVOID,WATCH,16.329999923706055,,,0.0017843720213394003,,40.0,AVOID,SELL,0.079696884,0.087726558,2.0,squeeze,UNGATED_SHADOW,2026-09-10,True,shadow — never published
2026-09-10T07:42:58.201462,BCH,248.3,54.12,53.39664027777777,53.83,WATCH,WATCH,16.329999923706055,,,4.616994536992396,,54.12,WATCH,WATCH,,,,squeeze,UNGATED_SHADOW,2026-09-10,True,shadow — never published
2026-09-10T07:42:58.201462,TRX,0.3406,61.66,60.148617708333326,61.06,BUY,BUY,16.329999923706055,0.34801434,0.33689283,0.00247145,2.0,61.66,BUY,BUY,0.34801434,0.33689283,2.0,squeeze,UNGATED_SHADOW,2026-09-10,True,shadow — never published
2026-09-10T07:42:58.201462,VTHO,0.00063,0.0,61.99439166666666,24.8,AVOID,STRONG_SELL,16.329999923706055,0.00048130416,0.00068577488,3.718326e-05,2.67,0.0,AVOID,STRONG_SELL,0.00048130416,0.00068577488,2.67,squeeze,UNGATED_SHADOW,2026-09-10,True,shadow — never published
2026-09-10T07:42:58.201462,NEAR,2.399,21.18,61.944175,37.49,AVOID,SELL,16.329999923706055,2.0950098,2.5509951,0.1013301,2.0,21.18,AVOID,STRONG_SELL,1.993781,2.5509951,2.67,squeeze,UNGATED_SHADOW,2026-09-10,True,shadow — never published
2026-09-10T07:42:58.201462,FET,0.1669,34.71,61.61432465277777,45.47,WATCH,WATCH,16.329999923706055,,,0.0044006425800509645,,34.71,AVOID,SELL,0.15369807,0.17350096,2.0,squeeze,UNGATED_SHADOW,2026-09-10,True,shadow — never published
2026-09-10T07:42:58.201462,AAVE,125.07,36.47,55.01128020833334,43.89,AVOID,WATCH,16.329999923706055,,,1.8758665010159339,,36.47,AVOID,SELL,119.4424,127.8838,2.0,squeeze,UNGATED_SHADOW,2026-09-10,True,shadow — never published
2026-09-10T07:42:58.201462,UNI,6.027,37.06,54.642168025545345,44.09,AVOID,WATCH,29.649999618530273,,,0.2095534409614289,,37.06,AVOID,SELL,5.3983397,6.3413302,2.0,squeeze,UNGATED_SHADOW,2026-09-10,True,shadow — never published
2026-09-10T07:42:58.201462,GALA,0.001737,46.47,60.088418402777776,51.92,WATCH,WATCH,16.329999923706055,,,2.3650240650289974e-05,,46.47,WATCH,WATCH,,,,squeeze,UNGATED_SHADOW,2026-09-10,True,shadow — never published
2026-09-10T07:42:58.201462,OP,0.098,34.12,56.7079375,43.16,AVOID,WATCH,16.329999923706055,,,0.001945242168384003,,34.12,AVOID,SELL,0.092164273,0.100917863,2.0,squeeze,UNGATED_SHADOW,2026-09-10,True,shadow — never published
2026-09-10T07:42:58.201462,ETC,7.95,19.41,63.00121666666666,36.85,AVOID,SELL,16.329999923706055,7.4147789,8.2176106,0.178407,2.0,19.41,AVOID,STRONG_SELL,7.2365502,8.2176106,2.67,squeeze,UNGATED_SHADOW,2026-09-10,True,shadow — never published
2026-09-10T12:33:46.261232,BTC,77453.74,75.32,50.54888888888888,65.41,BUY,BUY,17.010000228881836,79521.928,76419.646,689.396,2.0,75.32,STRONG_BUY,STRONG_BUY,80210.634,76419.646,2.67,squeeze,UNGATED_SHADOW,2026-09-10,True,shadow — never published
2026-09-10T12:33:46.261232,ETH,2448.27,77.03,49.96961631944444,66.21,BUY,BUY,17.010000228881836,2531.9003,2406.4549,27.8768,2.0,77.03,STRONG_BUY,STRONG_BUY,2559.7492,2406.4549,2.67,squeeze,UNGATED_SHADOW,2026-09-10,True,shadow — never published
2026-09-10T12:33:46.261232,ADA,0.213,48.24,53.785875347222216,50.46,WATCH,WATCH,17.010000228881836,,,0.005018172564119287,,48.24,WATCH,WATCH,,,,squeeze,UNGATED_SHADOW,2026-09-10,True,shadow — never published
2026-09-10T12:33:46.261232,BNB,715.42,26.47,56.33083333333333,38.41,AVOID,SELL,17.010000228881836,689.04841,728.6058,8.79053,2.0,26.47,AVOID,SELL,689.04841,728.6058,2.0,squeeze,UNGATED_SHADOW,2026-09-10,True,shadow — never published
2026-09-10T12:33:46.261232,XRP,1.3746,50.0,51.214099999999995,50.49,WATCH,WATCH,17.010000228881836,,,0.02104016833040869,,50.0,WATCH,WATCH,,,,squeeze,UNGATED_SHADOW,2026-09-10,True,shadow — never published
2026-09-10T12:33:46.261232,LTC,52.5,21.18,62.59251944444444,37.75,AVOID,SELL,17.010000228881836,49.812558,53.843721,0.895814,2.0,21.18,AVOID,STRONG_SELL,48.91764,53.843721,2.67,squeeze,UNGATED_SHADOW,2026-09-10,True,shadow — never published
2026-09-10T12:33:46.261232,VET,0.007807,27.06,57.45232291666666,39.22,AVOID,SELL,17.010000228881836,0.0071352352,0.0081428824,0.0002239216,2.0,27.06,AVOID,SELL,0.0071352352,0.0081428824,2.0,squeeze,UNGATED_SHADOW,2026-09-10,True,shadow — never published
2026-09-10T12:33:46.261232,LINK,11.769,15.29,56.507909375,31.78,AVOID,SELL,17.010000228881836,11.043161,12.13192,0.241946,2.0,15.29,AVOID,STRONG_SELL,10.801456,12.13192,2.67,squeeze,UNGATED_SHADOW,2026-09-10,True,shadow — never published
2026-09-10T12:33:46.261232,AVAX,7.669,32.35,59.95129687499999,43.39,AVOID,WATCH,17.010000228881836,,,0.11173713082918794,,32.35,AVOID,SELL,7.3337886,7.8366057,2.0,squeeze,UNGATED_SHADOW,2026-09-10,True,shadow — never published
2026-09-10T12:33:46.261232,SOL,100.73,76.28,50.474817708333326,65.96,BUY,BUY,17.010000228881836,105.31679,98.43661,1.52893,2.0,76.28,STRONG_BUY,STRONG_BUY,106.84419,98.43661,2.67,squeeze,UNGATED_SHADOW,2026-09-10,True,shadow — never published
2026-09-10T12:33:46.261232,XLM,0.17844,21.18,54.04583923611111,34.33,AVOID,SELL,17.010000228881836,0.16896758,0.18317621,0.00315747,2.0,21.18,AVOID,STRONG_SELL,0.16581326,0.18317621,2.67,squeeze,UNGATED_SHADOW,2026-09-10,True,shadow — never published
2026-09-10T12:33:46.261232,DOT,1.098,16.47,63.13868159722222,35.14,AVOID,SELL,17.010000228881836,0.9992112,1.1473944,0.0329296,2.0,16.47,AVOID,STRONG_SELL,0.9663145,1.1473944,2.67,squeeze,UNGATED_SHADOW,2026-09-10,True,shadow — never published
2026-09-10T12:33:46.261232,ALGO,0.09751,30.59,61.92326736111111,43.12,AVOID,WATCH,17.010000228881836,,,0.002145242400988006,,30.59,AVOID,SELL,0.091074273,0.100727864,2.0,squeeze,UNGATED_SHADOW,2026-09-10,True,shadow — never published
2026-09-10T12:33:46.261232,ATOM,1.8,4.71,65.26292326388888,28.93,AVOID,SELL,17.010000228881836,1.6631542,1.8684229,0.0456153,2.0,4.71,AVOID,STRONG_SELL,1.6175845,1.8684229,2.67,squeeze,UNGATED_SHADOW,2026-09-10,True,shadow — never published
2026-09-10T12:33:46.261232,DOGE,0.08489,33.53,49.62874513888888,39.97,AVOID,SELL,17.010000228881836,0.079964354,0.087352823,0.001641882,2.0,33.53,AVOID,SELL,0.079964354,0.087352823,2.0,squeeze,UNGATED_SHADOW,2026-09-10,True,shadow — never published
2026-09-10T12:33:46.261232,BCH,244.7,32.94,52.991640624999995,40.96,AVOID,WATCH,17.010000228881836,,,4.235571820161812,,32.94,AVOID,SELL,231.99328,251.05336,2.0,squeeze,UNGATED_SHADOW,2026-09-10,True,shadow — never published
2026-09-10T12:33:46.261232,TRX,0.3418,51.18,63.87677395833334,56.26,WATCH,WATCH,17.010000228881836,,,0.0022411976032055635,,51.18,WATCH,WATCH,,,,squeeze,UNGATED_SHADOW,2026-09-10,True,shadow — never published
2026-09-10T12:33:46.261232,VTHO,0.000639,0.0,63.50248888888889,25.4,AVOID,SELL,17.0,0.00050240862,0.00070729569,4.553046e-05,2.0,0.0,AVOID,STRONG_SELL,0.00045692369,0.00070729569,2.67,squeeze,UNGATED_SHADOW,2026-09-10,True,shadow — never published
2026-09-10T12:33:46.261232,NEAR,2.416,21.76,64.65762395833333,38.92,AVOID,SELL,17.0,2.1493095,2.5493453,0.0888968,2.0,21.76,AVOID,STRONG_SELL,2.0605015,2.5493453,2.67,squeeze,UNGATED_SHADOW,2026-09-10,True,shadow — never published
2026-09-10T12:33:46.261232,FET,0.165,24.71,60.440573958333324,39.0,AVOID,SELL,17.0,0.15302742,0.17098629,0.00399086,2.0,24.71,AVOID,STRONG_SELL,0.14904055,0.17098629,2.67,squeeze,UNGATED_SHADOW,2026-09-10,True,shadow — never published
2026-09-10T12:33:46.261232,AAVE,123.4,27.65,54.635853125000004,38.44,AVOID,SELL,17.0,118.21534,125.99233,1.72822,2.0,27.65,AVOID,SELL,118.21534,125.99233,2.0,squeeze,UNGATED_SHADOW,2026-09-10,True,shadow — never published
2026-09-10T12:33:46.261232,UNI,6.022,31.18,54.642168025545345,40.56,AVOID,WATCH,29.649999618530273,,,0.18108434450245656,,31.18,AVOID,SELL,5.478747,6.2936265,2.0,squeeze,UNGATED_SHADOW,2026-09-10,True,shadow — never published
2026-09-10T12:33:46.261232,GALA,0.001717,34.71,60.088418402777776,44.86,AVOID,WATCH,17.0,,,2.1958625866831656e-05,,34.71,AVOID,SELL,0.0016511241,0.0017499379,2.0,squeeze,UNGATED_SHADOW,2026-09-10,True,shadow — never published
2026-09-10T12:33:46.261232,OP,0.098,17.06,53.03225,31.45,AVOID,SELL,17.0,0.092968175,0.100515913,0.001677275,2.0,17.06,AVOID,STRONG_SELL,0.091292577,0.100515913,2.67,squeeze,UNGATED_SHADOW,2026-09-10,True,shadow — never published
2026-09-10T12:33:46.261232,ETC,7.86,20.0,63.15419062499999,37.26,AVOID,SELL,17.0,7.3764675,8.1017662,0.1611775,2.0,20.0,AVOID,STRONG_SELL,7.2154512,8.1017662,2.67,squeeze,UNGATED_SHADOW,2026-09-10,True,shadow — never published
2026-09-10T16:48:22.316665,BTC,77193.94,51.18,51.369477777777774,51.26,WATCH,WATCH,17.579999923706055,,,720.6343148324042,,51.18,WATCH,WATCH,,,,squeeze,UNGATED_SHADOW,2026-09-10,True,shadow — never published
2026-09-10T16:48:22.316665,ETH,2449.68,76.01,51.32101006944444,66.13,BUY,BUY,17.579999923706055,2538.6614,2405.1893,29.6605,2.0,76.01,STRONG_BUY,STRONG_BUY,2568.2922,2405.1893,2.67,squeeze,UNGATED_SHADOW,2026-09-10,True,shadow — never published
2026-09-10T16:48:22.316665,ADA,0.2076,40.59,53.93169375,45.93,WATCH,WATCH,17.579999923706055,,,0.005341109217702604,,40.59,AVOID,WATCH,,,,squeeze,UNGATED_SHADOW,2026-09-10,True,shadow — never published
2026-09-10T16:48:22.316665,BNB,706.21,22.94,54.4510625,35.54,AVOID,SELL,17.579999923706055,678.84056,719.89472,9.12315,2.0,22.94,AVOID,STRONG_SELL,669.72654,719.89472,2.67,squeeze,UNGATED_SHADOW,2026-09-10,True,shadow — never published
2026-09-10T16:48:22.316665,XRP,1.3532,41.76,52.52018055555555,46.06,WATCH,WATCH,17.579999923706055,,,0.022056686919052968,,41.76,AVOID,WATCH,,,,squeeze,UNGATED_SHADOW,2026-09-10,True,shadow — never published
2026-09-10T16:48:22.316665,LTC,52.06,20.0,62.79,37.12,AVOID,SELL,17.59000015258789,49.393855,53.393072,0.888715,2.0,20.0,AVOID,STRONG_SELL,48.506029,53.393072,2.67,squeeze,UNGATED_SHADOW,2026-09-10,True,shadow — never published
2026-09-10T16:48:22.316665,VET,0.007951,27.65,58.58555208333332,40.02,AVOID,WATCH,17.579999923706055,,,0.0002751618932082064,,27.65,AVOID,SELL,0.0071255143,0.0083637428,2.0,squeeze,UNGATED_SHADOW,2026-09-10,True,shadow — never published
2026-09-10T16:48:22.316665,LINK,11.581,15.29,55.06810937499999,31.2,AVOID,SELL,17.579999923706055,10.845568,11.948716,0.245144,2.0,15.29,AVOID,STRONG_SELL,10.600669,11.948716,2.67,squeeze,UNGATED_SHADOW,2026-09-10,True,shadow — never published
2026-09-10T16:48:22.316665,AVAX,7.535,20.0,61.45728576388888,36.58,AVOID,SELL,17.59000015258789,7.1857272,7.7096364,0.1164243,2.0,20.0,AVOID,STRONG_SELL,7.0694193,7.7096364,2.67,squeeze,UNGATED_SHADOW,2026-09-10,True,shadow — never published
2026-09-10T16:48:22.316665,SOL,99.79,70.56,50.678415625,62.61,BUY,BUY,17.59000015258789,104.699059,97.33547,1.636353,2.0,70.56,BUY,BUY,104.699059,97.33547,2.0,squeeze,UNGATED_SHADOW,2026-09-10,True,shadow — never published
2026-09-10T16:48:22.316665,XLM,0.176,15.88,54.317734375,31.26,AVOID,SELL,17.59000015258789,0.16635071,0.18082464,0.00321643,2.0,15.88,AVOID,STRONG_SELL,0.1631375,0.18082464,2.67,squeeze,UNGATED_SHADOW,2026-09-10,True,shadow — never published
2026-09-10T16:48:22.316665,DOT,1.074,18.82,63.5998954861111,36.73,AVOID,SELL,17.59000015258789,0.9764971,1.1227514,0.032501,2.0,18.82,AVOID,STRONG_SELL,0.9440287,1.1227514,2.67,squeeze,UNGATED_SHADOW,2026-09-10,True,shadow — never published
2026-09-10T16:48:22.316665,ALGO,0.09566,31.18,60.59134374999999,42.94,AVOID,WATCH,17.59000015258789,,,0.0021378781478562105,,31.18,AVOID,SELL,0.089246366,0.098866817,2.0,squeeze,UNGATED_SHADOW,2026-09-10,True,shadow — never published
2026-09-10T16:48:22.316665,ATOM,1.763,5.88,66.95731249999999,30.31,AVOID,SELL,17.59000015258789,1.6236534,1.8326733,0.0464489,2.0,5.88,AVOID,STRONG_SELL,1.5772509,1.8326733,2.67,squeeze,UNGATED_SHADOW,2026-09-10,True,shadow — never published
2026-09-10T16:48:22.316665,DOGE,0.08356,23.53,53.71194791666666,35.6,AVOID,SELL,17.59000015258789,0.078375931,0.086152035,0.001728023,2.0,23.53,AVOID,STRONG_SELL,0.076649636,0.086152035,2.67,squeeze,UNGATED_SHADOW,2026-09-10,True,shadow — never published
2026-09-10T16:48:22.316665,BCH,225.1,11.76,53.000776736111106,28.26,AVOID,SELL,17.59000015258789,208.94632,233.17684,5.38456,2.0,11.76,AVOID,STRONG_SELL,203.56714,233.17684,2.67,squeeze,UNGATED_SHADOW,2026-09-10,True,shadow — never published
2026-09-10T16:48:22.316665,TRX,0.3377,63.91,63.609638541666655,63.79,BUY,BUY,17.59000015258789,0.34508517,0.33400741,0.00246172,2.0,63.91,BUY,BUY,0.34508517,0.33400741,2.0,squeeze,UNGATED_SHADOW,2026-09-10,True,shadow — never published
2026-09-10T16:48:22.316665,VTHO,0.000618,0.0,64.25366249999999,25.7,AVOID,SELL,17.59000015258789,0.00048837943,0.00068281028,4.320686e-05,2.0,0.0,AVOID,STRONG_SELL,0.00044521578,0.00068281028,2.67,squeeze,UNGATED_SHADOW,2026-09-10,True,shadow — never published
2026-09-10T16:48:22.316665,NEAR,2.413,21.76,62.44162187499999,38.03,AVOID,SELL,17.59000015258789,2.1331241,2.552938,0.093292,2.0,21.76,AVOID,STRONG_SELL,2.0399254,2.552938,2.67,squeeze,UNGATED_SHADOW,2026-09-10,True,shadow — never published
2026-09-10T16:48:22.316665,FET,0.1611,17.06,62.01946006944444,35.04,AVOID,SELL,17.59000015258789,0.14903056,0.16713472,0.00402315,2.0,17.06,AVOID,STRONG_SELL,0.14501144,0.16713472,2.67,squeeze,UNGATED_SHADOW,2026-09-10,True,shadow — never published
2026-09-10T16:48:22.316665,AAVE,120.73,22.35,55.058430208333334,35.43,AVOID,SELL,17.59000015258789,115.09419,123.54791,1.8786,2.0,22.35,AVOID,STRONG_SELL,113.21746,123.54791,2.67,squeeze,UNGATED_SHADOW,2026-09-10,True,shadow — never published
2026-09-10T16:48:22.316665,UNI,5.93,27.06,54.642168025545345,38.09,AVOID,SELL,29.649999618530273,5.3709232,6.2095384,0.1863589,2.0,27.06,AVOID,SELL,5.3709232,6.2095384,2.0,squeeze,UNGATED_SHADOW,2026-09-10,True,shadow — never published
2026-09-10T16:48:22.316665,GALA,0.0017,32.35,59.140211458333326,43.07,AVOID,WATCH,17.59000015258789,,,2.337484646818041e-05,,32.35,AVOID,SELL,0.0016298755,0.0017350623,2.0,squeeze,UNGATED_SHADOW,2026-09-10,True,shadow — never published
2026-09-10T16:48:22.316665,OP,0.096,12.35,53.83677083333333,28.94,AVOID,SELL,17.59000015258789,0.090684734,0.098657633,0.001771755,2.0,12.35,AVOID,STRONG_SELL,0.08891475,0.098657633,2.67,squeeze,UNGATED_SHADOW,2026-09-10,True,shadow — never published
2026-09-10T16:48:22.316665,ETC,7.7,17.06,62.747234375,35.33,AVOID,SELL,17.59000015258789,7.217179,7.9414105,0.1609403,2.0,17.06,AVOID,STRONG_SELL,7.0563996,7.9414105,2.67,squeeze,UNGATED_SHADOW,2026-09-10,True,shadow — never published
2026-09-10T19:23:57.370479,BTC,77114.49,50.0,52.01488333333334,50.81,WATCH,WATCH,18.010000228881836,,,737.0893148324038,,50.0,WATCH,WATCH,,,,squeeze,UNGATED_SHADOW,2026-09-10,True,shadow — never published
2026-09-10T19:23:57.370479,ETH,2466.0,76.6,49.348760069444445,65.7,BUY,BUY,18.010000228881836,2560.3685,2418.8157,31.4562,2.0,76.6,STRONG_BUY,STRONG_BUY,2591.7932,2418.8157,2.67,squeeze,UNGATED_SHADOW,2026-09-10,True,shadow — never published
2026-09-10T19:23:57.370479,ADA,0.20983,41.18,56.39036979166666,47.26,WATCH,WATCH,18.010000228881836,,,0.005431109217702605,,41.18,AVOID,WATCH,,,,squeeze,UNGATED_SHADOW,2026-09-10,True,shadow — never published
2026-09-10T19:23:57.370479,BNB,713.83,22.94,56.35035138888888,36.3,AVOID,SELL,18.010000228881836,685.24342,728.12329,9.52886,2.0,22.94,AVOID,STRONG_SELL,675.72409,728.12329,2.67,squeeze,UNGATED_SHADOW,2026-09-10,True,shadow — never published
2026-09-10T19:23:57.370479,XRP,1.3541,42.35,52.11713749999999,46.26,WATCH,WATCH,18.010000228881836,,,0.02242811549048153,,42.35,AVOID,WATCH,,,,squeeze,UNGATED_SHADOW,2026-09-10,True,shadow — never published
2026-09-10T19:23:57.370479,LTC,52.12,20.0,62.59251944444444,37.04,AVOID,SELL,18.010000228881836,49.410998,53.474501,0.903001,2.0,20.0,AVOID,STRONG_SELL,48.5089,53.474501,2.67,squeeze,UNGATED_SHADOW,2026-09-10,True,shadow — never published
2026-09-10T19:23:57.370479,VET,0.007854,27.65,58.420686805555555,39.96,AVOID,SELL,18.010000228881836,0.0070285143,0.0082667428,0.0002751619,2.0,27.65,AVOID,SELL,0.0070285143,0.0082667428,2.0,squeeze,UNGATED_SHADOW,2026-09-10,True,shadow — never published
2026-09-10T19:23:57.370479,LINK,11.635,15.29,55.06810937499999,31.2,AVOID,SELL,18.010000228881836,10.881353,12.011823,0.251216,2.0,15.29,AVOID,STRONG_SELL,10.630389,12.011823,2.67,squeeze,UNGATED_SHADOW,2026-09-10,True,shadow — never published
2026-09-10T19:23:57.370479,AVAX,7.604,21.76,61.41067881944444,37.62,AVOID,SELL,18.010000228881836,7.2536557,7.7791721,0.1167814,2.0,21.76,AVOID,STRONG_SELL,7.1369911,7.7791721,2.67,squeeze,UNGATED_SHADOW,2026-09-10,True,shadow — never published
2026-09-10T19:23:57.370479,SOL,99.85,70.56,50.678415625,62.61,BUY,BUY,18.010000228881836,104.874774,97.337613,1.674925,2.0,70.56,BUY,BUY,104.874774,97.337613,2.0,squeeze,UNGATED_SHADOW,2026-09-10,True,shadow — never published
2026-09-10T19:23:57.370479,XLM,0.17829,17.65,54.21231770833333,32.27,AVOID,SELL,18.010000228881836,0.16829571,0.18328714,0.00333143,2.0,17.65,AVOID,STRONG_SELL,0.16496761,0.18328714,2.67,squeeze,UNGATED_SHADOW,2026-09-10,True,shadow — never published
2026-09-10T19:23:57.370479,DOT,1.102,18.82,65.410203125,37.46,AVOID,SELL,18.010000228881836,1.0008543,1.1525729,0.0337152,2.0,18.82,AVOID,STRONG_SELL,0.9671727,1.1525729,2.67,squeeze,UNGATED_SHADOW,2026-09-10,True,shadow — never published
2026-09-10T19:23:57.370479,ALGO,0.09441,28.24,59.92470312500001,40.91,AVOID,WATCH,18.010000228881836,,,0.002227163862141925,,28.24,AVOID,SELL,0.087728508,0.097750746,2.0,squeeze,UNGATED_SHADOW,2026-09-10,True,shadow — never published
2026-09-10T19:23:57.370479,ATOM,1.79,5.88,65.41256701388888,29.69,AVOID,SELL,18.010000228881836,1.6448676,1.8625662,0.0483775,2.0,5.88,AVOID,STRONG_SELL,1.5965386,1.8625662,2.67,squeeze,UNGATED_SHADOW,2026-09-10,True,shadow — never published
2026-09-10T19:23:57.370479,DOGE,0.08391,24.12,52.850454166666665,35.61,AVOID,SELL,17.940000534057617,0.078653074,0.086538463,0.001752309,2.0,24.12,AVOID,STRONG_SELL,0.076902517,0.086538463,2.67,squeeze,UNGATED_SHADOW,2026-09-10,True,shadow — never published
2026-09-10T19:23:57.370479,BCH,227.2,12.35,53.000776736111106,28.61,AVOID,SELL,17.940000534057617,210.53203,235.53399,5.55599,2.0,12.35,AVOID,STRONG_SELL,204.9816,235.53399,2.67,squeeze,UNGATED_SHADOW,2026-09-10,True,shadow — never published
2026-09-10T19:23:57.370479,TRX,0.3408,52.94,63.75524131944444,57.27,WATCH,WATCH,18.010000228881836,,,0.002554581447874555,,52.94,WATCH,WATCH,,,,squeeze,UNGATED_SHADOW,2026-09-10,True,shadow — never published
2026-09-10T19:23:57.370479,VTHO,0.000587,0.0,64.40198055555554,25.76,AVOID,SELL,17.940000534057617,0.000447308,0.000656846,4.6564e-05,2.0,0.0,AVOID,STRONG_SELL,0.00040079057,0.000656846,2.67,squeeze,UNGATED_SHADOW,2026-09-10,True,shadow — never published
2026-09-10T19:23:57.370479,NEAR,2.502,19.41,61.80535243055555,36.37,AVOID,SELL,17.940000534057617,2.2090527,2.6484737,0.0976491,2.0,19.41,AVOID,STRONG_SELL,2.1115012,2.6484737,2.67,squeeze,UNGATED_SHADOW,2026-09-10,True,shadow — never published
2026-09-10T19:23:57.370479,FET,0.1611,17.06,60.992909374999996,34.63,AVOID,SELL,17.940000534057617,0.14903056,0.16713472,0.00402315,2.0,17.06,AVOID,STRONG_SELL,0.14501144,0.16713472,2.67,squeeze,UNGATED_SHADOW,2026-09-10,True,shadow — never published
2026-09-10T19:23:57.370479,AAVE,122.81,26.47,55.45335937499999,38.06,AVOID,SELL,17.940000534057617,117.1699,125.63005,1.88003,2.0,26.47,AVOID,SELL,117.1699,125.63005,2.0,squeeze,UNGATED_SHADOW,2026-09-10,True,shadow — never published
2026-09-10T19:23:57.370479,UNI,6.077,28.24,54.642168025545345,38.8,AVOID,SELL,29.649999618530273,5.5018518,6.3645741,0.1917161,2.0,28.24,AVOID,SELL,5.5018518,6.3645741,2.0,squeeze,UNGATED_SHADOW,2026-09-10,True,shadow — never published
2026-09-10T19:23:57.370479,GALA,0.0017,32.35,59.91871354166666,43.38,AVOID,WATCH,17.940000534057617,,,2.337484646818041e-05,,32.35,AVOID,SELL,0.0016298755,0.0017350623,2.0,squeeze,UNGATED_SHADOW,2026-09-10,True,shadow — never published
2026-09-10T19:23:57.370479,OP,0.096,12.35,53.83677083333333,28.94,AVOID,SELL,17.940000534057617,0.090684734,0.098657633,0.001771755,2.0,12.35,AVOID,STRONG_SELL,0.08891475,0.098657633,2.67,squeeze,UNGATED_SHADOW,2026-09-10,True,shadow — never published
2026-09-10T19:23:57.370479,ETC,7.7,17.06,62.72875451388889,35.33,AVOID,SELL,17.940000534057617,7.217179,7.9414105,0.1609403,2.0,17.06,AVOID,STRONG_SELL,7.0563996,7.9414105,2.67,squeeze,UNGATED_SHADOW,2026-09-10,True,shadow — never published
2026-09-10T22:09:15.080663,BTC,77172.45,41.18,51.369477777777774,45.26,WATCH,WATCH,17.84000015258789,,,701.4065066300892,,41.18,AVOID,WATCH,,,,squeeze,UNGATED_SHADOW,2026-09-10,True,shadow — never published
2026-09-10T22:09:15.080663,ETH,2458.63,76.18,49.07657743055555,65.34,BUY,BUY,17.84000015258789,2548.5936,2413.6482,29.9879,2.0,76.18,STRONG_BUY,STRONG_BUY,2578.5515,2413.6482,2.67,squeeze,UNGATED_SHADOW,2026-09-10,True,shadow — never published
2026-09-10T22:09:15.080663,ADA,0.20855,38.24,56.52953576388889,45.56,WATCH,WATCH,17.84000015258789,,,0.00519031570215242,,38.24,AVOID,SELL,0.19297905,0.21633547,2.0,squeeze,UNGATED_SHADOW,2026-09-10,True,shadow — never published
2026-09-10T22:09:15.080663,BNB,715.14,22.35,57.484411111111115,36.4,AVOID,SELL,17.84000015258789,688.0596,728.6802,9.0268,2.0,22.35,AVOID,STRONG_SELL,679.04183,728.6802,2.67,squeeze,UNGATED_SHADOW,2026-09-10,True,shadow — never published
2026-09-10T22:09:15.080663,XRP,1.3534,39.41,52.11713749999999,44.49,AVOID,WATCH,17.84000015258789,,,0.021354678669732837,,39.41,AVOID,SELL,1.289336,1.385432,2.0,squeeze,UNGATED_SHADOW,2026-09-10,True,shadow — never published
2026-09-10T22:09:15.080663,LTC,52.44,19.41,61.926861111111116,36.42,AVOID,SELL,17.84000015258789,49.855927,53.732037,0.861358,2.0,19.41,AVOID,STRONG_SELL,48.99543,53.732037,2.67,squeeze,UNGATED_SHADOW,2026-09-10,True,shadow — never published
2026-09-10T22:09:15.080663,VET,0.007677,29.41,62.43869097222221,42.62,AVOID,WATCH,17.84000015258789,,,0.0002706503294076202,,29.41,AVOID,SELL,0.006865049,0.0080829755,2.0,squeeze,UNGATED_SHADOW,2026-09-10,True,shadow — never published
2026-09-10T22:09:15.080663,LINK,11.608,14.71,55.541909375,31.04,AVOID,SELL,17.84000015258789,10.892757,11.965622,0.238414,2.0,14.71,AVOID,STRONG_SELL,10.654581,11.965622,2.67,squeeze,UNGATED_SHADOW,2026-09-10,True,shadow — never published
2026-09-10T22:09:15.080663,AVAX,7.581,15.88,61.57674201388889,34.16,AVOID,SELL,17.84000015258789,7.2456089,7.7486955,0.111797,2.0,15.88,AVOID,STRONG_SELL,7.1339237,7.7486955,2.67,squeeze,UNGATED_SHADOW,2026-09-10,True,shadow — never published
2026-09-10T22:09:15.080663,SOL,100.02,55.88,50.59460937499999,53.77,WATCH,WATCH,17.84000015258789,,,1.5852870989066423,,55.88,WATCH,WATCH,,,,squeeze,UNGATED_SHADOW,2026-09-10,True,shadow — never published
2026-09-10T22:09:15.080663,XLM,0.17724,14.71,54.30693715277777,30.55,AVOID,SELL,17.84000015258789,0.16756316,0.18207842,0.00322561,2.0,14.71,AVOID,STRONG_SELL,0.16434077,0.18207842,2.67,squeeze,UNGATED_SHADOW,2026-09-10,True,shadow — never published
2026-09-10T22:09:15.080663,DOT,1.12,18.82,63.841714930555554,36.83,AVOID,SELL,17.84000015258789,1.0207218,1.1696391,0.0330927,2.0,18.82,AVOID,STRONG_SELL,0.9876622,1.1696391,2.67,squeeze,UNGATED_SHADOW,2026-09-10,True,shadow — never published
2026-09-10T22:09:15.080663,ALGO,0.09332,24.12,61.334331597222224,39.01,AVOID,SELL,17.84000015258789,0.086885707,0.096537147,0.002144764,2.0,24.12,AVOID,STRONG_SELL,0.084743087,0.096537147,2.67,squeeze,UNGATED_SHADOW,2026-09-10,True,shadow — never published
2026-09-10T22:09:15.080663,ATOM,1.794,7.65,65.41256701388888,30.76,AVOID,SELL,17.84000015258789,1.6571985,1.8624007,0.0456005,2.0,7.65,AVOID,STRONG_SELL,1.6116436,1.8624007,2.67,squeeze,UNGATED_SHADOW,2026-09-10,True,shadow — never published
2026-09-10T22:09:15.080663,DOGE,0.084,21.76,52.57616319444444,34.09,AVOID,SELL,17.84000015258789,0.079058568,0.086470716,0.001647144,2.0,21.76,AVOID,STRONG_SELL,0.077413072,0.086470716,2.67,squeeze,UNGATED_SHADOW,2026-09-10,True,shadow — never published
2026-09-10T22:09:15.080663,BCH,226.0,9.41,53.000776736111106,26.85,AVOID,SELL,17.84000015258789,210.00831,233.99584,5.33056,2.0,9.41,AVOID,STRONG_SELL,204.68308,233.99584,2.67,squeeze,UNGATED_SHADOW,2026-09-10,True,shadow — never published
2026-09-10T22:09:15.080663,TRX,0.3408,64.87,63.54704340277778,64.34,BUY,BUY,17.84000015258789,0.34843062,0.33698469,0.00254354,2.0,64.87,BUY,BUY,0.34843062,0.33698469,2.0,squeeze,UNGATED_SHADOW,2026-09-10,True,shadow — never published
2026-09-10T22:09:15.080663,VTHO,0.000605,0.59,64.25366249999999,26.06,AVOID,SELL,17.84000015258789,0.00046486253,0.00067506873,4.671249e-05,2.0,0.59,AVOID,STRONG_SELL,0.00041819676,0.00067506873,2.67,squeeze,UNGATED_SHADOW,2026-09-10,True,shadow — never published
2026-09-10T22:09:15.080663,NEAR,2.533,20.59,61.80535243055555,37.08,AVOID,SELL,17.84000015258789,2.2442632,2.6773684,0.0962456,2.0,20.59,AVOID,STRONG_SELL,2.1481138,2.6773684,2.67,squeeze,UNGATED_SHADOW,2026-09-10,True,shadow — never published
2026-09-10T22:09:15.080663,FET,0.1611,10.59,60.992909374999996,30.75,AVOID,SELL,17.84000015258789,0.14989267,0.16670367,0.00373578,2.0,10.59,AVOID,STRONG_SELL,0.14616062,0.16670367,2.67,squeeze,UNGATED_SHADOW,2026-09-10,True,shadow — never published
2026-09-10T22:09:15.080663,AAVE,122.81,21.76,55.45335937499999,35.24,AVOID,SELL,17.84000015258789,117.57277,125.42862,1.74574,2.0,21.76,AVOID,STRONG_SELL,115.82877,125.42862,2.67,squeeze,UNGATED_SHADOW,2026-09-10,True,shadow — never published
2026-09-10T22:09:15.080663,UNI,6.0,24.12,54.642168025545345,36.33,AVOID,SELL,29.649999618530273,5.4494338,6.2752831,0.1835221,2.0,24.12,AVOID,STRONG_SELL,5.2660952,6.2752831,2.67,squeeze,UNGATED_SHADOW,2026-09-10,True,shadow — never published
2026-09-10T22:09:15.080663,GALA,0.0017,28.24,59.91871354166666,40.91,AVOID,WATCH,17.84000015258789,,,2.1705214577596095e-05,,28.24,AVOID,SELL,0.0016348844,0.0017325578,2.0,squeeze,UNGATED_SHADOW,2026-09-10,True,shadow — never published
2026-09-10T22:09:15.080663,OP,0.096,10.59,54.23639583333333,28.05,AVOID,SELL,17.84000015258789,0.091064395,0.098467802,0.001645202,2.0,10.59,AVOID,STRONG_SELL,0.089420839,0.098467802,2.67,squeeze,UNGATED_SHADOW,2026-09-10,True,shadow — never published
2026-09-10T22:09:15.080663,ETC,7.71,15.29,62.608435763888885,34.22,AVOID,SELL,17.84000015258789,7.2552376,7.9373812,0.1515875,2.0,15.29,AVOID,STRONG_SELL,7.1038018,7.9373812,2.67,squeeze,UNGATED_SHADOW,2026-09-10,True,shadow — never published
2026-09-11T00:43:54.097878,BTC,76760.62,35.88,51.29864895833334,42.05,AVOID,WATCH,17.84000015258789,,,710.699358197328,,35.88,AVOID,SELL,74628.522,77826.669,2.0,squeeze,UNGATED_SHADOW,2026-09-11,True,shadow — never published
2026-09-11T00:43:54.097878,ETH,2451.37,73.99,51.49352604166667,64.99,BUY,BUY,17.84000015258789,2542.287,2405.9115,30.3057,2.0,73.99,BUY,BUY,2542.287,2405.9115,2.0,squeeze,UNGATED_SHADOW,2026-09-11,True,shadow — never published
2026-09-11T00:43:54.097878,ADA,0.20563,26.47,55.78357708333333,38.2,AVOID,SELL,17.84000015258789,0.18994188,0.21347406,0.00522937,2.0,26.47,AVOID,SELL,0.18994188,0.21347406,2.0,squeeze,UNGATED_SHADOW,2026-09-11,True,shadow — never published
2026-09-11T00:43:54.097878,BNB,711.9,18.82,55.15677916666667,33.35,AVOID,SELL,17.84000015258789,685.3404,725.1798,8.8532,2.0,18.82,AVOID,STRONG_SELL,676.49605,725.1798,2.67,squeeze,UNGATED_SHADOW,2026-09-11,True,shadow — never published
2026-09-11T00:43:54.097878,XRP,1.3355,27.06,52.980915277777775,37.43,AVOID,SELL,17.84000015258789,1.2700824,1.3682088,0.0218059,2.0,27.06,AVOID,SELL,1.2700824,1.3682088,2.0,squeeze,UNGATED_SHADOW,2026-09-11,True,shadow — never published
2026-09-11T00:43:54.097878,LTC,52.47,19.41,62.343288888888885,36.58,AVOID,SELL,17.84000015258789,49.882085,53.763957,0.862638,2.0,19.41,AVOID,STRONG_SELL,49.020309,53.763957,2.67,squeeze,UNGATED_SHADOW,2026-09-11,True,shadow — never published
2026-09-11T00:43:54.097878,VET,0.007535,29.41,61.908860416666656,42.41,AVOID,WATCH,17.84000015258789,,,0.00026625693853156576,,29.41,AVOID,SELL,0.0067362292,0.0079343854,2.0,squeeze,UNGATED_SHADOW,2026-09-11,True,shadow — never published
2026-09-11T00:43:54.097878,LINK,11.492,11.76,54.148325,28.72,AVOID,SELL,17.84000015258789,10.784345,11.845827,0.235885,2.0,11.76,AVOID,STRONG_SELL,10.548696,11.845827,2.67,squeeze,UNGATED_SHADOW,2026-09-11,True,shadow — never published
2026-09-11T00:43:54.097878,AVAX,7.458,11.76,61.530111111111104,31.67,AVOID,SELL,17.84000015258789,7.114346,7.629827,0.1145513,2.0,11.76,AVOID,STRONG_SELL,6.9999093,7.629827,2.67,squeeze,UNGATED_SHADOW,2026-09-11,True,shadow — never published
2026-09-11T00:43:54.097878,SOL,98.79,41.76,49.75839166666666,44.96,AVOID,WATCH,17.84000015258789,,,1.598225775515351,,41.76,AVOID,WATCH,,,,squeeze,UNGATED_SHADOW,2026-09-11,True,shadow — never published
2026-09-11T00:43:54.097878,XLM,0.17563,13.53,56.20484444444444,30.6,AVOID,SELL,17.84000015258789,0.16601482,0.18043759,0.00320506,2.0,13.53,AVOID,STRONG_SELL,0.16281297,0.18043759,2.67,squeeze,UNGATED_SHADOW,2026-09-11,True,shadow — never published
2026-09-11T00:43:54.097878,DOT,1.105,18.82,65.10887118055554,37.34,AVOID,SELL,17.84000015258789,1.0128131,1.1510934,0.030729,2.0,18.82,AVOID,STRONG_SELL,0.9821149,1.1510934,2.67,squeeze,UNGATED_SHADOW,2026-09-11,True,shadow — never published
2026-09-11T00:43:54.097878,ALGO,0.09157,10.0,59.434683333333325,29.77,AVOID,SELL,17.84000015258789,0.085144687,0.094782657,0.002141771,2.0,10.0,AVOID,STRONG_SELL,0.083005058,0.094782657,2.67,squeeze,UNGATED_SHADOW,2026-09-11,True,shadow — never published
2026-09-11T00:43:54.097878,ATOM,1.792,9.41,65.41256701388888,31.81,AVOID,SELL,17.84000015258789,1.6562456,1.8598772,0.0452515,2.0,9.41,AVOID,STRONG_SELL,1.6110393,1.8598772,2.67,squeeze,UNGATED_SHADOW,2026-09-11,True,shadow — never published
2026-09-11T00:43:54.097878,DOGE,0.0832,15.88,55.161331249999996,31.59,AVOID,SELL,17.84000015258789,0.078237293,0.085681353,0.001654236,2.0,15.88,AVOID,STRONG_SELL,0.076584712,0.085681353,2.67,squeeze,UNGATED_SHADOW,2026-09-11,True,shadow — never published
2026-09-11T00:43:54.097878,BCH,225.7,8.24,53.000776736111106,26.14,AVOID,SELL,17.84000015258789,209.83731,233.63134,5.28756,2.0,8.24,AVOID,STRONG_SELL,204.55504,233.63134,2.67,squeeze,UNGATED_SHADOW,2026-09-11,True,shadow — never published
2026-09-11T00:43:54.097878,TRX,0.3406,67.97,63.54704340277778,66.2,BUY,BUY,17.84000015258789,0.34814323,0.33682839,0.00251441,2.0,67.97,BUY,BUY,0.34814323,0.33682839,2.0,squeeze,UNGATED_SHADOW,2026-09-11,True,shadow — never published
2026-09-11T00:43:54.097878,VTHO,0.000541,2.35,63.50248888888889,26.81,AVOID,SELL,17.84000015258789,0.00039925501,0.0006118725,4.724833e-05,2.0,2.35,AVOID,STRONG_SELL,0.00035205392,0.0006118725,2.67,squeeze,UNGATED_SHADOW,2026-09-11,True,shadow — never published
2026-09-11T00:43:54.097878,NEAR,2.477,22.94,61.80535243055555,38.49,AVOID,SELL,17.84000015258789,2.1953107,2.6178446,0.0938964,2.0,22.94,AVOID,STRONG_SELL,2.1015082,2.6178446,2.67,squeeze,UNGATED_SHADOW,2026-09-11,True,shadow — never published
2026-09-11T00:43:54.097878,FET,0.1642,12.94,61.779940624999995,32.48,AVOID,SELL,17.84000015258789,0.15284727,0.16987636,0.00378424,2.0,12.94,AVOID,STRONG_SELL,0.14906681,0.16987636,2.67,squeeze,UNGATED_SHADOW,2026-09-11,True,shadow — never published
2026-09-11T00:43:54.097878,AAVE,122.09,20.59,55.818771874999996,34.68,AVOID,SELL,17.84000015258789,117.08359,124.59321,1.6688,2.0,20.59,AVOID,STRONG_SELL,115.41646,124.59321,2.67,squeeze,UNGATED_SHADOW,2026-09-11,True,shadow — never published
2026-09-11T00:43:54.097878,UNI,6.008,19.41,54.77246420806343,33.55,AVOID,SELL,29.649999618530273,5.4917395,6.2661302,0.1720868,2.0,19.41,AVOID,STRONG_SELL,5.3198248,6.2661302,2.67,squeeze,UNGATED_SHADOW,2026-09-11,True,shadow — never published
2026-09-11T00:43:54.097878,GALA,0.001677,26.47,58.96686493055555,39.47,AVOID,SELL,17.84000015258789,0.0016119589,0.0017095205,2.16804e-05,2.0,26.47,AVOID,SELL,0.0016119589,0.0017095205,2.0,squeeze,UNGATED_SHADOW,2026-09-11,True,shadow — never published
2026-09-11T00:43:54.097878,OP,0.096,8.82,55.7298625,27.58,AVOID,SELL,17.84000015258789,0.091416939,0.098291531,0.001527687,2.0,8.82,AVOID,STRONG_SELL,0.089890779,0.098291531,2.67,squeeze,UNGATED_SHADOW,2026-09-11,True,shadow — never published
2026-09-11T00:43:54.097878,ETC,7.66,12.35,60.76268576388888,31.72,AVOID,SELL,17.84000015258789,7.1904248,7.8947876,0.1565251,2.0,12.35,AVOID,STRONG_SELL,7.0340562,7.8947876,2.67,squeeze,UNGATED_SHADOW,2026-09-11,True,shadow — never published
2026-09-11T05:29:29.050137,BTC,77094.1,35.29,52.56742638888888,42.2,AVOID,WATCH,17.84000015258789,,,691.3465979179257,,35.29,AVOID,SELL,75020.06,78131.12,2.0,squeeze,UNGATED_SHADOW,2026-09-11,True,shadow — never published
2026-09-11T05:29:29.050137,ETH,2459.39,72.97,49.374092013888884,63.53,BUY,BUY,17.84000015258789,2549.5673,2414.3013,30.0591,2.0,72.97,BUY,BUY,2549.5673,2414.3013,2.0,squeeze,UNGATED_SHADOW,2026-09-11,True,shadow — never published
2026-09-11T05:29:29.050137,ADA,0.20955,27.65,56.89924479166666,39.35,AVOID,SELL,17.84000015258789,0.19408475,0.21728262,0.00515508,2.0,27.65,AVOID,SELL,0.19408475,0.21728262,2.0,squeeze,UNGATED_SHADOW,2026-09-11,True,shadow — never published
2026-09-11T05:29:29.050137,BNB,716.03,18.24,57.484411111111115,33.94,AVOID,SELL,17.84000015258789,689.71476,729.18762,8.77175,2.0,18.24,AVOID,STRONG_SELL,680.95178,729.18762,2.67,squeeze,UNGATED_SHADOW,2026-09-11,True,shadow — never published
2026-09-11T05:29:29.050137,XRP,1.3478,25.88,52.06401388888889,36.35,AVOID,SELL,17.84000015258789,1.2845357,1.3794322,0.0210881,2.0,25.88,AVOID,SELL,1.2845357,1.3794322,2.0,squeeze,UNGATED_SHADOW,2026-09-11,True,shadow — never published
2026-09-11T05:29:29.050137,LTC,52.88,21.18,63.35128784722222,38.05,AVOID,SELL,17.84000015258789,50.32862,54.15569,0.85046,2.0,21.18,AVOID,STRONG_SELL,49.47901,54.15569,2.67,squeeze,UNGATED_SHADOW,2026-09-11,True,shadow — never published
2026-09-11T05:29:29.050137,VET,0.007535,31.18,61.908860416666656,43.47,AVOID,WATCH,17.84000015258789,,,0.0002702487898609437,,31.18,AVOID,SELL,0.0067242536,0.0079403732,2.0,squeeze,UNGATED_SHADOW,2026-09-11,True,shadow — never published
2026-09-11T05:29:29.050137,LINK,11.53,11.76,53.45375694444444,28.44,AVOID,SELL,17.84000015258789,10.851448,11.869276,0.226184,2.0,11.76,AVOID,STRONG_SELL,10.625491,11.869276,2.67,squeeze,UNGATED_SHADOW,2026-09-11,True,shadow — never published
2026-09-11T05:29:29.050137,AVAX,7.516,10.59,62.417376041666664,31.32,AVOID,SELL,17.84000015258789,7.1832091,7.6823955,0.1109303,2.0,10.59,AVOID,STRONG_SELL,7.0723897,7.6823955,2.67,squeeze,UNGATED_SHADOW,2026-09-11,True,shadow — never published
2026-09-11T05:29:29.050137,SOL,99.69,41.18,51.54003715277777,45.32,WATCH,WATCH,17.84000015258789,,,1.5334545466520089,,41.18,AVOID,WATCH,,,,squeeze,UNGATED_SHADOW,2026-09-11,True,shadow — never published
2026-09-11T05:29:29.050137,XLM,0.17593,13.53,55.42973645833333,30.29,AVOID,SELL,17.84000015258789,0.16669596,0.18054702,0.00307801,2.0,13.53,AVOID,STRONG_SELL,0.16362102,0.18054702,2.67,squeeze,UNGATED_SHADOW,2026-09-11,True,shadow — never published
2026-09-11T05:29:29.050137,DOT,1.144,19.41,63.841714930555554,37.18,AVOID,SELL,17.84000015258789,1.0449438,1.1935281,0.0330187,2.0,19.41,AVOID,STRONG_SELL,1.0119581,1.1935281,2.67,squeeze,UNGATED_SHADOW,2026-09-11,True,shadow — never published
2026-09-11T05:29:29.050137,ALGO,0.09179,7.06,62.94521006944444,29.41,AVOID,SELL,17.84000015258789,0.085137158,0.095116421,0.002217614,2.0,7.06,AVOID,STRONG_SELL,0.082921762,0.095116421,2.67,squeeze,UNGATED_SHADOW,2026-09-11,True,shadow — never published
2026-09-11T05:29:29.050137,ATOM,1.77,11.76,67.5693361111111,34.08,AVOID,SELL,17.84000015258789,1.6413556,1.8343222,0.0428815,2.0,11.76,AVOID,STRONG_SELL,1.598517,1.8343222,2.67,squeeze,UNGATED_SHADOW,2026-09-11,True,shadow — never published
2026-09-11T05:29:29.050137,DOGE,0.08397,15.29,53.291,30.49,AVOID,SELL,17.84000015258789,0.079214833,0.086347583,0.001585056,2.0,15.29,AVOID,STRONG_SELL,0.077631363,0.086347583,2.67,squeeze,UNGATED_SHADOW,2026-09-11,True,shadow — never published
2026-09-11T05:29:29.050137,BCH,228.4,7.65,52.67227604166666,25.66,AVOID,SELL,17.84000015258789,212.80863,236.19569,5.19712,2.0,7.65,AVOID,STRONG_SELL,207.6167,236.19569,2.67,squeeze,UNGATED_SHADOW,2026-09-11,True,shadow — never published
2026-09-11T05:29:29.050137,TRX,0.3407,71.07,63.45719965277777,68.02,BUY,BUY,17.84000015258789,0.34847279,0.3368136,0.00259093,2.0,71.07,BUY,BUY,0.34847279,0.3368136,2.0,squeeze,UNGATED_SHADOW,2026-09-11,True,shadow — never published
2026-09-11T05:29:29.050137,VTHO,0.000505,2.94,64.25366249999999,27.47,AVOID,SELL,17.84000015258789,0.00035983373,0.00057758314,4.838876e-05,2.0,2.94,AVOID,STRONG_SELL,0.00031149336,0.00057758314,2.67,squeeze,UNGATED_SHADOW,2026-09-11,True,shadow — never published
2026-09-11T05:29:29.050137,NEAR,2.463,23.53,62.599092013888885,39.16,AVOID,SELL,17.84000015258789,2.1751048,2.6069476,0.0959651,2.0,23.53,AVOID,STRONG_SELL,2.0792358,2.6069476,2.67,squeeze,UNGATED_SHADOW,2026-09-11,True,shadow — never published
2026-09-11T05:29:29.050137,FET,0.165,11.18,61.01133333333332,31.11,AVOID,SELL,17.84000015258789,0.15392094,0.17053953,0.00369302,2.0,11.18,AVOID,STRONG_SELL,0.15023161,0.17053953,2.67,squeeze,UNGATED_SHADOW,2026-09-11,True,shadow — never published
2026-09-11T05:29:29.050137,AAVE,122.54,20.0,55.13702951388889,34.05,AVOID,SELL,17.84000015258789,117.80165,124.90918,1.57945,2.0,20.0,AVOID,STRONG_SELL,116.22378,124.90918,2.67,squeeze,UNGATED_SHADOW,2026-09-11,True,shadow — never published
2026-09-11T05:29:29.050137,UNI,6.174,19.41,54.77246420806343,33.55,AVOID,SELL,29.649999618530273,5.6453143,6.4383429,0.1762286,2.0,19.41,AVOID,STRONG_SELL,5.4692619,6.4383429,2.67,squeeze,UNGATED_SHADOW,2026-09-11,True,shadow — never published
2026-09-11T05:29:29.050137,GALA,0.001677,24.12,59.400862152777776,38.23,AVOID,SELL,17.84000015258789,0.0016166047,0.0017071976,2.01318e-05,2.0,24.12,AVOID,STRONG_SELL,0.0015964931,0.0017071976,2.67,squeeze,UNGATED_SHADOW,2026-09-11,True,shadow — never published
2026-09-11T05:29:29.050137,OP,0.096,10.0,54.62228472222222,27.85,AVOID,SELL,17.84000015258789,0.0917443,0.09812785,0.001418567,2.0,10.0,AVOID,STRONG_SELL,0.090327152,0.09812785,2.67,squeeze,UNGATED_SHADOW,2026-09-11,True,shadow — never published
2026-09-11T05:29:29.050137,ETC,7.64,8.82,61.10754201388889,29.74,AVOID,SELL,17.84000015258789,7.166772,7.876614,0.1577427,2.0,8.82,AVOID,STRONG_SELL,7.009187,7.876614,2.67,squeeze,UNGATED_SHADOW,2026-09-11,True,shadow — never published
2026-09-11T10:20:44.752608,BTC,77088.45,34.71,53.869521875,42.37,AVOID,WATCH,17.09000015258789,,,698.8453613319515,,34.71,AVOID,SELL,74991.914,78136.718,2.0,squeeze,UNGATED_SHADOW,2026-09-11,True,shadow — never published
2026-09-11T10:20:44.752608,ETH,2466.92,74.9,53.46426666666667,66.33,BUY,BUY,17.09000015258789,2556.7921,2421.9839,29.9574,2.0,74.9,BUY,BUY,2556.7921,2421.9839,2.0,squeeze,UNGATED_SHADOW,2026-09-11,True,shadow — never published
2026-09-11T10:20:44.752608,ADA,0.20422,21.76,55.84395208333332,35.39,AVOID,SELL,17.100000381469727,0.1889764,0.2118418,0.0050812,2.0,21.76,AVOID,STRONG_SELL,0.18390028,0.2118418,2.67,squeeze,UNGATED_SHADOW,2026-09-11,True,shadow — never published
2026-09-11T10:20:44.752608,BNB,714.07,13.53,57.29194583333334,31.03,AVOID,SELL,17.09000015258789,689.04513,726.58243,8.34162,2.0,13.53,AVOID,STRONG_SELL,680.71185,726.58243,2.67,squeeze,UNGATED_SHADOW,2026-09-11,True,shadow — never published
2026-09-11T10:20:44.752608,XRP,1.3421,24.71,53.78558784722222,36.34,AVOID,SELL,17.100000381469727,1.2778229,1.3742385,0.0214257,2.0,24.71,AVOID,STRONG_SELL,1.2564187,1.3742385,2.67,squeeze,UNGATED_SHADOW,2026-09-11,True,shadow — never published
2026-09-11T10:20:44.752608,LTC,52.49,21.18,59.51721979166667,36.51,AVOID,SELL,17.100000381469727,49.910402,53.779799,0.859866,2.0,21.18,AVOID,STRONG_SELL,49.051396,53.779799,2.67,squeeze,UNGATED_SHADOW,2026-09-11,True,shadow — never published
2026-09-11T10:20:44.752608,VET,0.007437,31.76,60.14622986111112,43.11,AVOID,WATCH,17.100000381469727,,,0.00026523101915659053,,31.76,AVOID,SELL,0.0066413069,0.0078348465,2.0,squeeze,UNGATED_SHADOW,2026-09-11,True,shadow — never published
2026-09-11T10:20:44.752608,LINK,11.445,10.59,53.885526041666665,27.91,AVOID,SELL,17.100000381469727,10.778258,11.778371,0.222247,2.0,10.59,AVOID,STRONG_SELL,10.556233,11.778371,2.67,squeeze,UNGATED_SHADOW,2026-09-11,True,shadow — never published
2026-09-11T10:20:44.752608,AVAX,7.397,7.65,52.823309374999994,25.72,AVOID,SELL,17.100000381469727,7.0501737,7.5704131,0.1156088,2.0,7.65,AVOID,STRONG_SELL,6.9346806,7.5704131,2.67,squeeze,UNGATED_SHADOW,2026-09-11,True,shadow — never published
2026-09-11T10:20:44.752608,SOL,99.57,40.59,52.364826736111105,45.3,WATCH,WATCH,17.100000381469727,,,1.5185139157687024,,40.59,AVOID,WATCH,,,,squeeze,UNGATED_SHADOW,2026-09-11,True,shadow — never published
2026-09-11T10:20:44.752608,XLM,0.17527,12.94,51.990134375,28.56,AVOID,SELL,17.100000381469727,0.1662913,0.17975935,0.0029929,2.0,12.94,AVOID,STRONG_SELL,0.16330139,0.17975935,2.67,squeeze,UNGATED_SHADOW,2026-09-11,True,shadow — never published
2026-09-11T10:20:44.752608,DOT,1.096,19.41,63.68125,37.12,AVOID,SELL,17.100000381469727,0.9929223,1.1475388,0.0343592,2.0,19.41,AVOID,STRONG_SELL,0.9585974,1.1475388,2.67,squeeze,UNGATED_SHADOW,2026-09-11,True,shadow — never published
2026-09-11T10:20:44.752608,ALGO,0.09096,5.88,54.01342361111111,25.13,AVOID,SELL,17.100000381469727,0.084604504,0.094137748,0.002118499,2.0,5.88,AVOID,STRONG_SELL,0.082488124,0.094137748,2.67,squeeze,UNGATED_SHADOW,2026-09-11,True,shadow — never published
2026-09-11T10:20:44.752608,ATOM,1.757,14.12,65.10736979166666,34.51,AVOID,SELL,17.100000381469727,1.6339781,1.8185109,0.0410073,2.0,14.12,AVOID,STRONG_SELL,1.5930119,1.8185109,2.67,squeeze,UNGATED_SHADOW,2026-09-11,True,shadow — never published
2026-09-11T10:20:44.752608,DOGE,0.08381,12.35,53.149597916666664,28.67,AVOID,SELL,17.100000381469727,0.079206529,0.086111736,0.00153449,2.0,12.35,AVOID,STRONG_SELL,0.077673573,0.086111736,2.67,squeeze,UNGATED_SHADOW,2026-09-11,True,shadow — never published
2026-09-11T10:20:44.752608,BCH,225.3,7.06,51.95254375,25.02,AVOID,SELL,17.100000381469727,210.3723,232.76385,4.9759,2.0,7.06,AVOID,STRONG_SELL,205.40137,232.76385,2.67,squeeze,UNGATED_SHADOW,2026-09-11,True,shadow — never published
2026-09-11T10:20:44.752608,TRX,0.338,73.0,67.43628749999999,70.77,BUY,BUY,17.100000381469727,0.34559259,0.3342037,0.00253086,2.0,73.0,BUY,BUY,0.34559259,0.3342037,2.0,squeeze,UNGATED_SHADOW,2026-09-11,True,shadow — never published
2026-09-11T10:20:44.752608,VTHO,0.000586,3.53,63.07591874999999,27.35,AVOID,SELL,17.100000381469727,0.00042398846,0.00066700577,5.400385e-05,2.0,3.53,AVOID,STRONG_SELL,0.00037003862,0.00066700577,2.67,squeeze,UNGATED_SHADOW,2026-09-11,True,shadow — never published
2026-09-11T10:20:44.752608,NEAR,2.484,24.71,61.588186111111106,39.46,AVOID,SELL,17.100000381469727,2.1943218,2.6288391,0.0965594,2.0,24.71,AVOID,STRONG_SELL,2.097859,2.6288391,2.67,squeeze,UNGATED_SHADOW,2026-09-11,True,shadow — never published
2026-09-11T10:20:44.752608,FET,0.1642,19.41,58.31653993055555,34.97,AVOID,SELL,17.100000381469727,0.15374087,0.16942957,0.00348638,2.0,19.41,AVOID,STRONG_SELL,0.15025798,0.16942957,2.67,squeeze,UNGATED_SHADOW,2026-09-11,True,shadow — never published
2026-09-11T10:20:44.752608,AAVE,122.76,21.76,52.743120833333336,34.15,AVOID,SELL,17.100000381469727,118.30439,124.98781,1.4852,2.0,21.76,AVOID,STRONG_SELL,116.82067,124.98781,2.67,squeeze,UNGATED_SHADOW,2026-09-11,True,shadow — never published
2026-09-11T10:20:44.752608,UNI,6.03,21.18,54.77246420806343,34.62,AVOID,SELL,29.649999618530273,5.5185214,6.2857393,0.1704929,2.0,21.18,AVOID,STRONG_SELL,5.348199,6.2857393,2.67,squeeze,UNGATED_SHADOW,2026-09-11,True,shadow — never published
2026-09-11T10:20:44.752608,GALA,0.001687,22.94,58.96686493055555,37.35,AVOID,SELL,17.100000381469727,0.0016247962,0.0017181019,2.07346e-05,2.0,22.94,AVOID,STRONG_SELL,0.0016040824,0.0017181019,2.67,squeeze,UNGATED_SHADOW,2026-09-11,True,shadow — never published
2026-09-11T10:20:44.752608,OP,0.095,11.76,50.1213125,27.1,AVOID,SELL,17.100000381469727,0.090833993,0.097083004,0.001388669,2.0,11.76,AVOID,STRONG_SELL,0.089446713,0.097083004,2.67,squeeze,UNGATED_SHADOW,2026-09-11,True,shadow — never published
2026-09-11T10:20:44.752608,ETC,7.6,8.24,57.785703125,28.06,AVOID,SELL,17.100000381469727,7.100574,7.849713,0.1664753,2.0,8.24,AVOID,STRONG_SELL,6.9342651,7.849713,2.67,squeeze,UNGATED_SHADOW,2026-09-11,True,shadow — never published
2026-09-11T14:45:15.115592,BTC,78631.53,34.12,54.892015625,42.43,AVOID,WATCH,15.710000038146973,,,929.5239069510974,,34.12,AVOID,SELL,75842.958,80025.816,2.0,squeeze,UNGATED_SHADOW,2026-09-11,True,shadow — never published
2026-09-11T14:45:15.115592,ETH,2607.94,21.76,46.588057291666665,31.69,AVOID,SELL,15.710000038146973,2473.5623,2675.1289,44.7926,2.0,21.76,AVOID,STRONG_SELL,2428.8145,2675.1289,2.67,squeeze,UNGATED_SHADOW,2026-09-11,True,shadow — never published
2026-09-11T14:45:15.115592,ADA,0.21118,19.41,56.00510381944444,34.05,AVOID,SELL,15.710000038146973,0.19319396,0.22017302,0.00599535,2.0,19.41,AVOID,STRONG_SELL,0.1872046,0.22017302,2.67,squeeze,UNGATED_SHADOW,2026-09-11,True,shadow — never published
2026-09-11T14:45:15.115592,BNB,733.45,18.24,61.40249305555556,35.5,AVOID,SELL,15.710000038146973,702.75502,748.79749,10.23166,2.0,18.24,AVOID,STRONG_SELL,692.53359,748.79749,2.67,squeeze,UNGATED_SHADOW,2026-09-11,True,shadow — never published
2026-09-11T14:45:15.115592,XRP,1.3924,23.53,52.54429861111111,35.14,AVOID,SELL,15.710000038146973,1.3049948,1.4361026,0.0291351,2.0,23.53,AVOID,STRONG_SELL,1.2758888,1.4361026,2.67,squeeze,UNGATED_SHADOW,2026-09-11,True,shadow — never published
2026-09-11T14:45:15.115592,LTC,53.91,21.18,63.73656979166666,38.2,AVOID,SELL,15.710000038146973,50.94221,55.393895,0.989263,2.0,21.18,AVOID,STRONG_SELL,49.953936,55.393895,2.67,squeeze,UNGATED_SHADOW,2026-09-11,True,shadow — never published
2026-09-11T14:45:15.115592,VET,0.007489,30.59,60.64469097222222,42.61,AVOID,WATCH,15.710000038146973,,,0.00028925023207397696,,30.59,AVOID,SELL,0.0066212493,0.0079228753,2.0,squeeze,UNGATED_SHADOW,2026-09-11,True,shadow — never published
2026-09-11T14:45:15.115592,LINK,11.894,15.88,53.74409201388889,31.03,AVOID,SELL,15.710000038146973,11.069964,12.306018,0.274679,2.0,15.88,AVOID,STRONG_SELL,10.79556,12.306018,2.67,squeeze,UNGATED_SHADOW,2026-09-11,True,shadow — never published
2026-09-11T14:45:15.115592,AVAX,7.741,7.65,51.926716666666664,25.36,AVOID,SELL,15.710000038146973,7.2923807,7.9653096,0.1495398,2.0,7.65,AVOID,STRONG_SELL,7.1429905,7.9653096,2.67,squeeze,UNGATED_SHADOW,2026-09-11,True,shadow — never published
2026-09-11T14:45:15.115592,SOL,103.23,39.41,56.35954340277778,46.19,WATCH,WATCH,15.710000038146973,,,1.998875166683182,,39.41,AVOID,SELL,97.23337,106.22831,2.0,squeeze,UNGATED_SHADOW,2026-09-11,True,shadow — never published
2026-09-11T14:45:15.115592,XLM,0.18286,14.12,54.25545868055555,30.17,AVOID,SELL,15.710000038146973,0.17171916,0.18843042,0.00371361,2.0,14.12,AVOID,STRONG_SELL,0.16800926,0.18843042,2.67,squeeze,UNGATED_SHADOW,2026-09-11,True,shadow — never published
2026-09-11T14:45:15.115592,DOT,1.07,19.41,62.88602499999999,36.8,AVOID,SELL,15.710000038146973,0.9617187,1.1241407,0.0360938,2.0,19.41,AVOID,STRONG_SELL,0.925661,1.1241407,2.67,squeeze,UNGATED_SHADOW,2026-09-11,True,shadow — never published
2026-09-11T14:45:15.115592,ALGO,0.0937,4.71,57.26686145833333,25.73,AVOID,SELL,15.710000038146973,0.086112652,0.097493674,0.002529116,2.0,4.71,AVOID,STRONG_SELL,0.083586065,0.097493674,2.67,squeeze,UNGATED_SHADOW,2026-09-11,True,shadow — never published
2026-09-11T14:45:15.115592,ATOM,1.754,14.71,64.75304999999999,34.73,AVOID,SELL,15.760000228881836,1.6204338,1.8207831,0.0445221,2.0,14.71,AVOID,STRONG_SELL,1.5759562,1.8207831,2.67,squeeze,UNGATED_SHADOW,2026-09-11,True,shadow — never published
2026-09-11T14:45:15.115592,DOGE,0.08627,14.12,49.820523611111106,28.4,AVOID,SELL,15.760000228881836,0.080671981,0.08906901,0.001866006,2.0,14.12,AVOID,STRONG_SELL,0.078807841,0.08906901,2.67,squeeze,UNGATED_SHADOW,2026-09-11,True,shadow — never published
2026-09-11T14:45:15.115592,BCH,233.1,6.47,50.11803819444444,23.93,AVOID,STRONG_SELL,15.710000038146973,209.59539,241.91643,5.87762,2.67,6.47,AVOID,STRONG_SELL,209.59539,241.91643,2.67,squeeze,UNGATED_SHADOW,2026-09-11,True,shadow — never published
2026-09-11T14:45:15.115592,TRX,0.336,72.57,64.43299062499999,69.32,BUY,BUY,15.760000228881836,0.34373598,0.33213201,0.00257866,2.0,72.57,BUY,BUY,0.34373598,0.33213201,2.0,squeeze,UNGATED_SHADOW,2026-09-11,True,shadow — never published
2026-09-11T14:45:15.115592,VTHO,0.000592,4.12,64.02855,28.08,AVOID,SELL,15.760000228881836,0.00042741786,0.00067429107,5.486071e-05,2.0,4.12,AVOID,STRONG_SELL,0.00037261201,0.00067429107,2.67,squeeze,UNGATED_SHADOW,2026-09-11,True,shadow — never published
2026-09-11T14:45:15.115592,NEAR,2.677,19.41,61.588186111111106,36.28,AVOID,SELL,15.760000228881836,2.3439417,2.8435291,0.1110194,2.0,19.41,AVOID,STRONG_SELL,2.2330333,2.8435291,2.67,squeeze,UNGATED_SHADOW,2026-09-11,True,shadow — never published
2026-09-11T14:45:15.115592,FET,0.1723,24.71,61.260579861111104,39.33,AVOID,SELL,15.760000228881836,0.16023081,0.1783346,0.00402306,2.0,24.71,AVOID,STRONG_SELL,0.15621177,0.1783346,2.67,squeeze,UNGATED_SHADOW,2026-09-11,True,shadow — never published
2026-09-11T14:45:15.115592,AAVE,128.77,24.12,53.645703125,35.93,AVOID,SELL,15.760000228881836,122.92418,131.69291,1.94861,2.0,24.12,AVOID,STRONG_SELL,120.97752,131.69291,2.67,squeeze,UNGATED_SHADOW,2026-09-11,True,shadow — never published
2026-09-11T14:45:15.115592,UNI,6.349,26.47,54.77246420806343,37.79,AVOID,SELL,29.649999618530273,5.7204587,6.6632707,0.2095138,2.0,26.47,AVOID,SELL,5.7204587,6.6632707,2.0,squeeze,UNGATED_SHADOW,2026-09-11,True,shadow — never published
2026-09-11T14:45:15.115592,GALA,0.001654,17.06,60.8536954861111,34.58,AVOID,SELL,15.760000228881836,0.0015892598,0.0016863701,2.15801e-05,2.0,17.06,AVOID,STRONG_SELL,0.0015677013,0.0016863701,2.67,squeeze,UNGATED_SHADOW,2026-09-11,True,shadow — never published
2026-09-11T14:45:15.115592,OP,0.1,18.24,48.827370833333326,30.47,AVOID,SELL,15.760000228881836,0.09506014,0.10246993,0.00164662,2.0,18.24,AVOID,STRONG_SELL,0.09341516,0.10246993,2.67,squeeze,UNGATED_SHADOW,2026-09-11,True,shadow — never published
2026-09-11T14:45:15.115592,ETC,8.04,7.65,59.86695555555555,28.54,AVOID,SELL,15.770000457763672,7.4299207,8.3450396,0.2033598,2.0,7.65,AVOID,STRONG_SELL,7.2267643,8.3450396,2.67,squeeze,UNGATED_SHADOW,2026-09-11,True,shadow — never published
2026-09-11T18:03:38.949754,BTC,77241.65,32.94,52.689190624999995,40.84,AVOID,WATCH,15.680000305175781,,,926.3164850260187,,32.94,AVOID,SELL,74462.701,78631.125,2.0,squeeze,UNGATED_SHADOW,2026-09-11,True,shadow — never published
2026-09-11T18:03:38.949754,ETH,2554.16,24.71,50.45131458333333,35.01,AVOID,SELL,15.680000305175781,2421.4371,2620.5214,44.241,2.0,24.71,AVOID,STRONG_SELL,2377.2404,2620.5214,2.67,squeeze,UNGATED_SHADOW,2026-09-11,True,shadow — never published
2026-09-11T18:03:38.949754,ADA,0.20629,17.06,54.08097013888889,31.87,AVOID,SELL,15.680000305175781,0.18861796,0.21512602,0.00589068,2.0,17.06,AVOID,STRONG_SELL,0.18273317,0.21512602,2.67,squeeze,UNGATED_SHADOW,2026-09-11,True,shadow — never published
2026-09-11T18:03:38.949754,BNB,725.46,19.41,56.93518229166666,34.42,AVOID,SELL,15.680000305175781,695.13823,740.62088,10.10726,2.0,19.41,AVOID,STRONG_SELL,685.04108,740.62088,2.67,squeeze,UNGATED_SHADOW,2026-09-11,True,shadow — never published
2026-09-11T18:03:38.949754,XRP,1.3603,22.35,51.55423645833333,34.03,AVOID,SELL,15.680000305175781,1.2738237,1.4035381,0.0288254,2.0,22.35,AVOID,STRONG_SELL,1.2450271,1.4035381,2.67,squeeze,UNGATED_SHADOW,2026-09-11,True,shadow — never published
2026-09-11T18:03:38.949754,LTC,53.62,30.59,61.007779513888885,42.76,AVOID,WATCH,15.680000305175781,,,0.9757444927894908,,30.59,AVOID,SELL,50.692767,55.083617,2.0,squeeze,UNGATED_SHADOW,2026-09-11,True,shadow — never published
2026-09-11T18:03:38.949754,VET,0.007343,28.82,58.684547916666666,40.77,AVOID,WATCH,15.680000305175781,,,0.0002809466440686929,,28.82,AVOID,SELL,0.0065001601,0.00776442,2.0,squeeze,UNGATED_SHADOW,2026-09-11,True,shadow — never published
2026-09-11T18:03:38.949754,LINK,11.65,17.06,53.988690625,31.83,AVOID,SELL,15.6899995803833,10.854181,12.04791,0.265273,2.0,17.06,AVOID,STRONG_SELL,10.589173,12.04791,2.67,squeeze,UNGATED_SHADOW,2026-09-11,True,shadow — never published
2026-09-11T18:03:38.949754,AVAX,7.506,7.65,54.06792881944445,26.22,AVOID,SELL,15.6899995803833,7.0617821,7.728109,0.1480726,2.0,7.65,AVOID,STRONG_SELL,6.9138575,7.728109,2.67,squeeze,UNGATED_SHADOW,2026-09-11,True,shadow — never published
2026-09-11T18:03:38.949754,SOL,101.64,40.59,50.96714548611111,44.74,AVOID,WATCH,15.6899995803833,,,1.934669797634384,,40.59,AVOID,WATCH,,,,squeeze,UNGATED_SHADOW,2026-09-11,True,shadow — never published
2026-09-11T18:03:38.949754,XLM,0.17868,14.71,47.89776354166666,27.99,AVOID,SELL,15.680000305175781,0.16744565,0.18429717,0.00374478,2.0,14.71,AVOID,STRONG_SELL,0.16370461,0.18429717,2.67,squeeze,UNGATED_SHADOW,2026-09-11,True,shadow — never published
2026-09-11T18:03:38.949754,DOT,1.053,16.47,63.07551944444444,35.11,AVOID,SELL,15.680000305175781,0.9433,1.10785,0.0365667,2.0,16.47,AVOID,STRONG_SELL,0.9067699,1.10785,2.67,squeeze,UNGATED_SHADOW,2026-09-11,True,shadow — never published
2026-09-11T18:03:38.949754,ALGO,0.09327,4.12,56.460328125000004,25.06,AVOID,SELL,15.680000305175781,0.086040319,0.09688484,0.002409894,2.0,4.12,AVOID,STRONG_SELL,0.083632836,0.09688484,2.67,squeeze,UNGATED_SHADOW,2026-09-11,True,shadow — never published
2026-09-11T18:03:38.949754,ATOM,1.653,12.94,67.1694954861111,34.63,AVOID,SELL,15.6899995803833,1.5179232,1.7205384,0.0450256,2.0,12.94,AVOID,STRONG_SELL,1.4729426,1.7205384,2.67,squeeze,UNGATED_SHADOW,2026-09-11,True,shadow — never published
2026-09-11T18:03:38.949754,DOGE,0.08445,13.53,48.78803125,27.63,AVOID,SELL,15.6899995803833,0.078936839,0.08720658,0.00183772,2.0,13.53,AVOID,STRONG_SELL,0.077100957,0.08720658,2.67,squeeze,UNGATED_SHADOW,2026-09-11,True,shadow — never published
2026-09-11T18:03:38.949754,BCH,230.9,5.88,50.67307291666666,23.8,AVOID,STRONG_SELL,15.6899995803833,208.16023,239.42955,5.68636,2.67,5.88,AVOID,STRONG_SELL,208.16023,239.42955,2.67,squeeze,UNGATED_SHADOW,2026-09-11,True,shadow — never published
2026-09-11T18:03:38.949754,TRX,0.336,72.15,63.8484392361111,68.83,BUY,BUY,15.6899995803833,0.34335484,0.33232258,0.00245161,2.0,72.15,BUY,BUY,0.34335484,0.33232258,2.0,squeeze,UNGATED_SHADOW,2026-09-11,True,shadow — never published
2026-09-11T18:03:38.949754,VTHO,0.000573,4.71,62.95703749999999,28.01,AVOID,SELL,15.6899995803833,0.00041974515,0.00064962742,5.108495e-05,2.0,4.71,AVOID,STRONG_SELL,0.00036871129,0.00064962742,2.67,squeeze,UNGATED_SHADOW,2026-09-11,True,shadow — never published
2026-09-11T18:03:38.949754,NEAR,2.557,25.29,61.588186111111106,39.81,AVOID,SELL,15.6899995803833,2.2310785,2.7199607,0.1086405,2.0,25.29,AVOID,SELL,2.2310785,2.7199607,2.0,squeeze,UNGATED_SHADOW,2026-09-11,True,shadow — never published
2026-09-11T18:03:38.949754,FET,0.1697,28.82,60.838066666666656,41.63,AVOID,WATCH,15.6899995803833,,,0.00382855987153103,,28.82,AVOID,SELL,0.15821432,0.17544284,2.0,squeeze,UNGATED_SHADOW,2026-09-11,True,shadow — never published
2026-09-11T18:03:38.949754,AAVE,126.26,27.65,51.898278125,37.35,AVOID,SELL,15.6899995803833,120.80388,128.98806,1.81871,2.0,27.65,AVOID,SELL,120.80388,128.98806,2.0,squeeze,UNGATED_SHADOW,2026-09-11,True,shadow — never published
2026-09-11T18:03:38.949754,UNI,6.097,31.18,54.77246420806343,40.62,AVOID,WATCH,29.649999618530273,,,0.20204851072377616,,31.18,AVOID,SELL,5.4908545,6.4000728,2.0,squeeze,UNGATED_SHADOW,2026-09-11,True,shadow — never published
2026-09-11T18:03:38.949754,GALA,0.001654,14.71,59.400862152777776,32.59,AVOID,SELL,15.6899995803833,0.0015938841,0.001684058,2.00386e-05,2.0,14.71,AVOID,STRONG_SELL,0.0015738655,0.001684058,2.67,squeeze,UNGATED_SHADOW,2026-09-11,True,shadow — never published
2026-09-11T18:03:38.949754,OP,0.099,31.18,48.50233611111111,38.11,AVOID,SELL,15.6899995803833,0.094412984,0.101293508,0.001529005,2.0,31.18,AVOID,SELL,0.094412984,0.101293508,2.0,squeeze,UNGATED_SHADOW,2026-09-11,True,shadow — never published
2026-09-11T18:03:38.949754,ETC,7.82,7.06,57.94028229166666,27.41,AVOID,SELL,15.6899995803833,7.2534978,8.1032511,0.1888341,2.0,7.06,AVOID,STRONG_SELL,7.0648526,8.1032511,2.67,squeeze,UNGATED_SHADOW,2026-09-11,True,shadow — never published
2026-09-11T21:29:11.281260,BTC,77361.64,34.71,53.289059374999994,42.14,AVOID,WATCH,15.84000015258789,,,897.1956136466092,,34.71,AVOID,SELL,74670.053,78707.433,2.0,squeeze,UNGATED_SHADOW,2026-09-11,True,shadow — never published
2026-09-11T21:29:11.281260,ETH,2536.52,23.53,50.94510381944444,34.5,AVOID,SELL,15.84000015258789,2405.4865,2602.0367,43.6778,2.0,23.53,AVOID,STRONG_SELL,2361.8524,2602.0367,2.67,squeeze,UNGATED_SHADOW,2026-09-11,True,shadow — never published
2026-09-11T21:29:11.281260,ADA,0.20688,27.06,54.728787499999996,38.13,AVOID,SELL,15.84000015258789,0.18967096,0.21548452,0.00573635,2.0,27.06,AVOID,SELL,0.18967096,0.21548452,2.0,squeeze,UNGATED_SHADOW,2026-09-11,True,shadow — never published
2026-09-11T21:29:11.281260,BNB,727.04,22.35,56.33766145833332,35.95,AVOID,SELL,15.84000015258789,697.82168,741.64916,9.73944,2.0,22.35,AVOID,STRONG_SELL,688.09197,741.64916,2.67,squeeze,UNGATED_SHADOW,2026-09-11,True,shadow — never published
2026-09-11T21:29:11.281260,XRP,1.3651,24.71,51.16202256944444,35.29,AVOID,SELL,15.84000015258789,1.2803067,1.4074966,0.0282644,2.0,24.71,AVOID,STRONG_SELL,1.2520705,1.4074966,2.67,squeeze,UNGATED_SHADOW,2026-09-11,True,shadow — never published
2026-09-11T21:29:11.281260,LTC,53.58,34.12,60.84225937499999,44.81,AVOID,WATCH,15.84000015258789,,,0.9483953963657517,,34.12,AVOID,SELL,50.734814,55.002593,2.0,squeeze,UNGATED_SHADOW,2026-09-11,True,shadow — never published
2026-09-11T21:29:11.281260,VET,0.007387,27.06,58.38371111111111,39.59,AVOID,SELL,15.84000015258789,0.0065673833,0.0077968083,0.0002732056,2.0,27.06,AVOID,SELL,0.0065673833,0.0077968083,2.0,squeeze,UNGATED_SHADOW,2026-09-11,True,shadow — never published
2026-09-11T21:29:11.281260,LINK,11.64,18.24,54.141209374999995,32.6,AVOID,SELL,15.84000015258789,10.858336,12.030832,0.260555,2.0,18.24,AVOID,STRONG_SELL,10.598042,12.030832,2.67,squeeze,UNGATED_SHADOW,2026-09-11,True,shadow — never published
2026-09-11T21:29:11.281260,AVAX,7.471,8.24,54.754949999999994,26.85,AVOID,SELL,15.84000015258789,7.0220681,7.695466,0.149644,2.0,8.24,AVOID,STRONG_SELL,6.8725737,7.695466,2.67,squeeze,UNGATED_SHADOW,2026-09-11,True,shadow — never published
2026-09-11T21:29:11.281260,SOL,102.89,43.53,56.73022673611111,48.81,WATCH,WATCH,15.84000015258789,,,1.9222444039258062,,43.53,AVOID,WATCH,,,,squeeze,UNGATED_SHADOW,2026-09-11,True,shadow — never published
2026-09-11T21:29:11.281260,XLM,0.17927,18.82,47.59507395833333,30.33,AVOID,SELL,15.84000015258789,0.16826198,0.18477401,0.00366934,2.0,18.82,AVOID,STRONG_SELL,0.16459631,0.18477401,2.67,squeeze,UNGATED_SHADOW,2026-09-11,True,shadow — never published
2026-09-11T21:29:11.281260,DOT,1.045,15.88,63.801712499999994,35.05,AVOID,SELL,15.84000015258789,0.9396459,1.097677,0.035118,2.0,15.88,AVOID,STRONG_SELL,0.904563,1.097677,2.67,squeeze,UNGATED_SHADOW,2026-09-11,True,shadow — never published
2026-09-11T21:29:11.281260,ALGO,0.09313,4.12,57.23707326388888,25.37,AVOID,SELL,15.84000015258789,0.085674378,0.096857811,0.002485207,2.0,4.12,AVOID,STRONG_SELL,0.083191656,0.096857811,2.67,squeeze,UNGATED_SHADOW,2026-09-11,True,shadow — never published
2026-09-11T21:29:11.281260,ATOM,1.646,9.41,67.44517604166666,32.62,AVOID,SELL,15.84000015258789,1.5160103,1.7109948,0.0433299,2.0,9.41,AVOID,STRONG_SELL,1.4727238,1.7109948,2.67,squeeze,UNGATED_SHADOW,2026-09-11,True,shadow — never published
2026-09-11T21:29:11.281260,DOGE,0.08461,18.24,48.126653472222216,30.19,AVOID,SELL,15.84000015258789,0.079195994,0.087317003,0.001804669,2.0,18.24,AVOID,STRONG_SELL,0.07739313,0.087317003,2.67,squeeze,UNGATED_SHADOW,2026-09-11,True,shadow — never published
2026-09-11T21:29:11.281260,BCH,229.0,5.88,50.777914583333335,23.84,AVOID,STRONG_SELL,15.84000015258789,205.63608,237.76366,5.84244,2.67,5.88,AVOID,STRONG_SELL,205.63608,237.76366,2.67,squeeze,UNGATED_SHADOW,2026-09-11,True,shadow — never published
2026-09-11T21:29:11.281260,TRX,0.3395,74.07,68.2303625,71.73,BUY,BUY,15.84000015258789,0.34690347,0.33579826,0.00246782,2.0,74.07,BUY,BUY,0.34690347,0.33579826,2.0,squeeze,UNGATED_SHADOW,2026-09-11,True,shadow — never published
2026-09-11T21:29:11.281260,VTHO,0.000572,5.29,64.46981458333333,28.96,AVOID,SELL,15.84000015258789,0.00042381438,0.00064609281,4.939521e-05,2.0,5.29,AVOID,STRONG_SELL,0.00037446857,0.00064609281,2.67,squeeze,UNGATED_SHADOW,2026-09-11,True,shadow — never published
2026-09-11T21:29:11.281260,NEAR,2.5,25.29,62.37897083333333,40.13,AVOID,WATCH,15.84000015258789,,,0.10845698498697738,,25.29,AVOID,SELL,2.174629,2.6626855,2.0,squeeze,UNGATED_SHADOW,2026-09-11,True,shadow — never published
2026-09-11T21:29:11.281260,FET,0.1665,40.0,58.86025833333333,47.54,WATCH,WATCH,15.84000015258789,,,0.003839785186829833,,40.0,AVOID,SELL,0.15498064,0.17225968,2.0,squeeze,UNGATED_SHADOW,2026-09-11,True,shadow — never published
2026-09-11T21:29:11.281260,AAVE,125.8,35.88,50.210485416666664,41.61,AVOID,WATCH,15.84000015258789,,,1.9121666426424806,,35.88,AVOID,SELL,120.0635,128.66825,2.0,squeeze,UNGATED_SHADOW,2026-09-11,True,shadow — never published
2026-09-11T21:29:11.281260,UNI,6.046,32.35,54.77246420806343,41.32,AVOID,WATCH,29.649999618530273,,,0.19100933138636358,,32.35,AVOID,SELL,5.472972,6.332514,2.0,squeeze,UNGATED_SHADOW,2026-09-11,True,shadow — never published
2026-09-11T21:29:11.281260,GALA,0.001655,12.35,58.96686493055555,31.0,AVOID,SELL,15.84000015258789,0.0015989791,0.0016830105,1.86736e-05,2.0,12.35,AVOID,STRONG_SELL,0.0015803241,0.0016830105,2.67,squeeze,UNGATED_SHADOW,2026-09-11,True,shadow — never published
2026-09-11T21:29:11.281260,OP,0.099,43.53,49.28047083333333,45.83,WATCH,WATCH,15.84000015258789,,,0.0014197907415407793,,43.53,AVOID,WATCH,,,,squeeze,UNGATED_SHADOW,2026-09-11,True,shadow — never published
2026-09-11T21:29:11.281260,ETC,7.63,8.24,58.14769756944443,28.2,AVOID,SELL,15.84000015258789,7.0652378,7.9123811,0.1882541,2.0,8.24,AVOID,STRONG_SELL,6.8771719,7.9123811,2.67,squeeze,UNGATED_SHADOW,2026-09-11,True,shadow — never published
2026-09-11T23:44:44.781214,BTC,77187.1,34.12,52.889913541666665,41.63,AVOID,WATCH,15.84000015258789,,,914.4363279323231,,34.12,AVOID,SELL,74443.791,78558.754,2.0,squeeze,UNGATED_SHADOW,2026-09-11,True,shadow — never published
2026-09-11T23:44:44.781214,ETH,2512.46,25.29,51.26502743055555,35.68,AVOID,SELL,15.84000015258789,2377.8737,2579.7532,44.8621,2.0,25.29,AVOID,SELL,2377.8737,2579.7532,2.0,squeeze,UNGATED_SHADOW,2026-09-11,True,shadow — never published
2026-09-11T23:44:44.781214,ADA,0.20441,25.29,54.25484375,36.88,AVOID,SELL,15.84000015258789,0.18697168,0.21312916,0.00581277,2.0,25.29,AVOID,SELL,0.18697168,0.21312916,2.0,squeeze,UNGATED_SHADOW,2026-09-11,True,shadow — never published
2026-09-11T23:44:44.781214,BNB,725.94,22.35,56.33766145833332,35.95,AVOID,SELL,15.84000015258789,696.14525,740.83738,9.93158,2.0,22.35,AVOID,STRONG_SELL,686.22359,740.83738,2.67,squeeze,UNGATED_SHADOW,2026-09-11,True,shadow — never published
2026-09-11T23:44:44.781214,XRP,1.3554,24.71,48.534671874999994,34.24,AVOID,SELL,15.84000015258789,1.2682281,1.3989859,0.0290573,2.0,24.71,AVOID,STRONG_SELL,1.2391999,1.3989859,2.67,squeeze,UNGATED_SHADOW,2026-09-11,True,shadow — never published
2026-09-11T23:44:44.781214,LTC,53.27,34.12,60.282640625,44.59,AVOID,WATCH,15.84000015258789,,,0.985538253508609,,34.12,AVOID,SELL,50.313385,54.748307,2.0,squeeze,UNGATED_SHADOW,2026-09-11,True,shadow — never published
2026-09-11T23:44:44.781214,VET,0.007314,26.47,58.684547916666666,39.36,AVOID,SELL,15.84000015258789,0.0064870976,0.0077274512,0.0002756341,2.0,26.47,AVOID,SELL,0.0064870976,0.0077274512,2.0,squeeze,UNGATED_SHADOW,2026-09-11,True,shadow — never published
2026-09-11T23:44:44.781214,LINK,11.525,17.65,52.74632326388888,31.69,AVOID,SELL,15.84000015258789,10.725765,11.924617,0.266412,2.0,17.65,AVOID,STRONG_SELL,10.45962,11.924617,2.67,squeeze,UNGATED_SHADOW,2026-09-11,True,shadow — never published
2026-09-11T23:44:44.781214,AVAX,7.458,8.24,55.177383333333324,27.01,AVOID,SELL,15.84000015258789,7.0041395,7.6849303,0.1512868,2.0,8.24,AVOID,STRONG_SELL,6.8530039,7.6849303,2.67,squeeze,UNGATED_SHADOW,2026-09-11,True,shadow — never published
2026-09-11T23:44:44.781214,SOL,102.35,43.53,53.97979409722222,47.71,WATCH,WATCH,15.84000015258789,,,1.9543872610686635,,43.53,AVOID,WATCH,,,,squeeze,UNGATED_SHADOW,2026-09-11,True,shadow — never published
2026-09-11T23:44:44.781214,XLM,0.17776,18.24,48.21386979166666,30.23,AVOID,SELL,15.84000015258789,0.16653127,0.18337437,0.00374291,2.0,18.24,AVOID,STRONG_SELL,0.1627921,0.18337437,2.67,squeeze,UNGATED_SHADOW,2026-09-11,True,shadow — never published
2026-09-11T23:44:44.781214,DOT,1.037,15.88,64.07841527777776,35.16,AVOID,SELL,15.84000015258789,0.9290745,1.0909628,0.0359752,2.0,15.88,AVOID,STRONG_SELL,0.8931353,1.0909628,2.67,squeeze,UNGATED_SHADOW,2026-09-11,True,shadow — never published
2026-09-11T23:44:44.781214,ALGO,0.09376,4.71,56.759040625,25.53,AVOID,SELL,15.84000015258789,0.086304378,0.097487811,0.002485207,2.0,4.71,AVOID,STRONG_SELL,0.083821656,0.097487811,2.67,squeeze,UNGATED_SHADOW,2026-09-11,True,shadow — never published
2026-09-11T23:44:44.781214,ATOM,1.646,9.41,67.28460729166666,32.56,AVOID,SELL,15.84000015258789,1.5160103,1.7109948,0.0433299,2.0,9.41,AVOID,STRONG_SELL,1.4727238,1.7109948,2.67,squeeze,UNGATED_SHADOW,2026-09-11,True,shadow — never published
2026-09-11T23:44:44.781214,DOGE,0.08425,18.24,49.32982499999999,30.68,AVOID,SELL,15.84000015258789,0.078752422,0.086998789,0.001832526,2.0,18.24,AVOID,STRONG_SELL,0.076921729,0.086998789,2.67,squeeze,UNGATED_SHADOW,2026-09-11,True,shadow — never published
2026-09-11T23:44:44.781214,BCH,225.9,5.29,51.310013194444444,23.7,AVOID,STRONG_SELL,15.84000015258789,202.42182,234.70652,5.87101,2.67,5.29,AVOID,STRONG_SELL,202.42182,234.70652,2.67,squeeze,UNGATED_SHADOW,2026-09-11,True,shadow — never published
2026-09-11T23:44:44.781214,TRX,0.3398,74.07,67.94196805555555,71.62,BUY,BUY,15.84000015258789,0.34726776,0.33606612,0.00248925,2.0,74.07,BUY,BUY,0.34726776,0.33606612,2.0,squeeze,UNGATED_SHADOW,2026-09-11,True,shadow — never published
2026-09-11T23:44:44.781214,VTHO,0.000593,5.29,64.32336527777777,28.9,AVOID,SELL,15.84000015258789,0.00043988581,0.0006695571,5.103806e-05,2.0,5.29,AVOID,STRONG_SELL,0.00038889878,0.0006695571,2.67,squeeze,UNGATED_SHADOW,2026-09-11,True,shadow — never published
2026-09-11T23:44:44.781214,NEAR,2.358,24.71,61.60142708333333,39.47,AVOID,SELL,15.84000015258789,2.0090576,2.5324712,0.1163141,2.0,24.71,AVOID,STRONG_SELL,1.8928598,2.5324712,2.67,squeeze,UNGATED_SHADOW,2026-09-11,True,shadow — never published
2026-09-11T23:44:44.781214,FET,0.1653,39.41,58.232046875,46.94,WATCH,WATCH,15.84000015258789,,,0.003989785186829835,,39.41,AVOID,SELL,0.15333064,0.17128468,2.0,squeeze,UNGATED_SHADOW,2026-09-11,True,shadow — never published
2026-09-11T23:44:44.781214,AAVE,125.8,35.88,50.93893055555555,41.9,AVOID,WATCH,15.84000015258789,,,1.9121666426424806,,35.88,AVOID,SELL,120.0635,128.66825,2.0,squeeze,UNGATED_SHADOW,2026-09-11,True,shadow — never published
2026-09-11T23:44:44.781214,UNI,5.967,32.35,54.77246420806343,41.32,AVOID,WATCH,29.649999618530273,,,0.19665218852922076,,32.35,AVOID,SELL,5.3770434,6.2619783,2.0,squeeze,UNGATED_SHADOW,2026-09-11,True,shadow — never published
2026-09-11T23:44:44.781214,GALA,0.001664,13.53,58.96686493055555,31.7,AVOID,SELL,15.84000015258789,0.0016060505,0.0016929747,1.93165e-05,2.0,13.53,AVOID,STRONG_SELL,0.0015867533,0.0016929747,2.67,squeeze,UNGATED_SHADOW,2026-09-11,True,shadow — never published
2026-09-11T23:44:44.781214,OP,0.099,43.53,48.989712499999996,45.71,WATCH,WATCH,15.84000015258789,,,0.0014197907415407793,,43.53,AVOID,WATCH,,,,squeeze,UNGATED_SHADOW,2026-09-11,True,shadow — never published
2026-09-11T23:44:44.781214,ETC,7.63,8.24,57.27666840277778,27.85,AVOID,SELL,15.84000015258789,7.0652378,7.9123811,0.1882541,2.0,8.24,AVOID,STRONG_SELL,6.8771719,7.9123811,2.67,squeeze,UNGATED_SHADOW,2026-09-11,True,shadow — never published
2026-09-12T02:26:48.298620,BTC,77311.85,34.12,54.35557256944443,42.21,AVOID,WATCH,15.84000015258789,,,861.452304508586,,34.12,AVOID,SELL,74727.493,78604.028,2.0,squeeze,UNGATED_SHADOW,2026-09-12,True,shadow — never published
2026-09-12T02:26:48.298620,ETH,2513.67,23.53,46.69684409722222,32.8,AVOID,SELL,15.84000015258789,2387.1198,2576.9451,42.1834,2.0,23.53,AVOID,STRONG_SELL,2344.9786,2576.9451,2.67,squeeze,UNGATED_SHADOW,2026-09-12,True,shadow — never published
2026-09-12T02:26:48.298620,ADA,0.20823,29.41,54.645731944444435,39.5,AVOID,SELL,15.84000015258789,0.19114798,0.21677101,0.00569401,2.0,29.41,AVOID,SELL,0.19114798,0.21677101,2.0,squeeze,UNGATED_SHADOW,2026-09-12,True,shadow — never published
2026-09-12T02:26:48.298620,BNB,730.39,23.53,56.83648993055556,36.85,AVOID,SELL,15.84000015258789,701.62171,744.77415,9.58943,2.0,23.53,AVOID,STRONG_SELL,692.04187,744.77415,2.67,squeeze,UNGATED_SHADOW,2026-09-12,True,shadow — never published
2026-09-12T02:26:48.298620,XRP,1.3625,25.29,52.64487569444444,36.23,AVOID,SELL,15.84000015258789,1.2797547,1.4038727,0.0275818,2.0,25.29,AVOID,SELL,1.2797547,1.4038727,2.0,squeeze,UNGATED_SHADOW,2026-09-12,True,shadow — never published
2026-09-12T02:26:48.298620,LTC,53.91,36.47,63.10052395833333,47.12,WATCH,WATCH,15.84000015258789,,,0.9672855211151368,,36.47,AVOID,SELL,51.008143,55.360928,2.0,squeeze,UNGATED_SHADOW,2026-09-12,True,shadow — never published
2026-09-12T02:26:48.298620,VET,0.007395,25.88,58.40591249999999,38.89,AVOID,SELL,15.84000015258789,0.0066020906,0.0077914547,0.0002643031,2.0,25.88,AVOID,SELL,0.0066020906,0.0077914547,2.0,squeeze,UNGATED_SHADOW,2026-09-12,True,shadow — never published
2026-09-12T02:26:48.298620,LINK,11.528,24.71,54.58530104166667,36.66,AVOID,SELL,15.84000015258789,10.775139,11.904431,0.250954,2.0,24.71,AVOID,STRONG_SELL,10.524436,11.904431,2.67,squeeze,UNGATED_SHADOW,2026-09-12,True,shadow — never published
2026-09-12T02:26:48.298620,AVAX,7.448,8.24,53.50011631944444,26.34,AVOID,SELL,15.84000015258789,7.0143438,7.6648281,0.1445521,2.0,8.24,AVOID,STRONG_SELL,6.8699363,7.6648281,2.67,squeeze,UNGATED_SHADOW,2026-09-12,True,shadow — never published
2026-09-12T02:26:48.298620,SOL,101.82,44.71,51.58555,47.46,WATCH,WATCH,15.84000015258789,,,1.8669310281351879,,44.71,AVOID,WATCH,,,,squeeze,UNGATED_SHADOW,2026-09-12,True,shadow — never published
2026-09-12T02:26:48.298620,XLM,0.18053,21.18,49.366840624999995,32.45,AVOID,SELL,15.84000015258789,0.16948832,0.18605084,0.00368056,2.0,21.18,AVOID,STRONG_SELL,0.16581144,0.18605084,2.67,squeeze,UNGATED_SHADOW,2026-09-12,True,shadow — never published
2026-09-12T02:26:48.298620,DOT,1.037,17.65,63.6102375,36.03,AVOID,SELL,15.84000015258789,0.9367834,1.0871083,0.0334055,2.0,17.65,AVOID,STRONG_SELL,0.9034113,1.0871083,2.67,squeeze,UNGATED_SHADOW,2026-09-12,True,shadow — never published
2026-09-12T02:26:48.298620,ALGO,0.09355,5.88,56.95355034722222,26.31,AVOID,SELL,15.84000015258789,0.086421208,0.097114396,0.002376264,2.0,5.88,AVOID,STRONG_SELL,0.084047321,0.097114396,2.67,squeeze,UNGATED_SHADOW,2026-09-12,True,shadow — never published
2026-09-12T02:26:48.298620,ATOM,1.652,8.24,67.93474062499999,32.12,AVOID,SELL,15.84000015258789,1.5274382,1.7142809,0.0415206,2.0,8.24,AVOID,STRONG_SELL,1.4859591,1.7142809,2.67,squeeze,UNGATED_SHADOW,2026-09-12,True,shadow — never published
2026-09-12T02:26:48.298620,DOGE,0.08452,19.41,48.76929583333333,31.15,AVOID,SELL,15.84000015258789,0.079331535,0.087114232,0.001729488,2.0,19.41,AVOID,STRONG_SELL,0.077603776,0.087114232,2.67,squeeze,UNGATED_SHADOW,2026-09-12,True,shadow — never published
2026-09-12T02:26:48.298620,BCH,230.3,5.88,51.09109791666666,23.96,AVOID,STRONG_SELL,15.84000015258789,207.75617,238.75605,5.63737,2.67,5.88,AVOID,STRONG_SELL,207.75617,238.75605,2.67,squeeze,UNGATED_SHADOW,2026-09-12,True,shadow — never published
2026-09-12T02:26:48.298620,TRX,0.3397,74.82,67.11259444444444,71.74,BUY,BUY,15.84000015258789,0.3472772,0.3359114,0.00252573,2.0,74.82,BUY,BUY,0.3472772,0.3359114,2.0,squeeze,UNGATED_SHADOW,2026-09-12,True,shadow — never published
2026-09-12T02:26:48.298620,VTHO,0.000611,5.88,64.32336527777777,29.26,AVOID,SELL,15.84000015258789,0.00046110825,0.00068594588,4.996392e-05,2.0,5.88,AVOID,STRONG_SELL,0.0004111943,0.00068594588,2.67,squeeze,UNGATED_SHADOW,2026-09-12,True,shadow — never published
2026-09-12T02:26:48.298620,NEAR,2.36,25.88,62.80403958333333,40.65,AVOID,WATCH,15.84000015258789,,,0.11057740442668307,,25.88,AVOID,SELL,2.0282678,2.5258661,2.0,squeeze,UNGATED_SHADOW,2026-09-12,True,shadow — never published
2026-09-12T02:26:48.298620,FET,0.1653,41.76,59.92336944444443,49.03,WATCH,WATCH,15.84000015258789,,,0.0037048005306277035,,41.76,AVOID,WATCH,,,,squeeze,UNGATED_SHADOW,2026-09-12,True,shadow — never published
2026-09-12T02:26:48.298620,AAVE,124.95,37.65,50.592812499999994,42.83,AVOID,WATCH,15.84000015258789,,,1.836297596739446,,37.65,AVOID,SELL,119.44111,127.70445,2.0,squeeze,UNGATED_SHADOW,2026-09-12,True,shadow — never published
2026-09-12T02:26:48.298620,UNI,6.02,34.12,53.986440862913604,42.07,AVOID,WATCH,29.649999618530273,,,0.18846274649141934,,34.12,AVOID,SELL,5.4546118,6.3026941,2.0,squeeze,UNGATED_SHADOW,2026-09-12,True,shadow — never published
2026-09-12T02:26:48.298620,GALA,0.001695,20.0,59.66036284722222,35.86,AVOID,SELL,15.84000015258789,0.0016345469,0.0017252265,2.0151e-05,2.0,20.0,AVOID,STRONG_SELL,0.001614416,0.0017252265,2.67,squeeze,UNGATED_SHADOW,2026-09-12,True,shadow — never published
2026-09-12T02:26:48.298620,OP,0.099,46.47,47.81460416666666,47.01,WATCH,WATCH,15.84000015258789,,,0.0013183771171450093,,46.47,WATCH,WATCH,,,,squeeze,UNGATED_SHADOW,2026-09-12,True,shadow — never published
2026-09-12T02:26:48.298620,ETC,7.65,10.0,57.96347395833333,29.19,AVOID,SELL,15.84000015258789,7.1148636,7.9175682,0.1783788,2.0,10.0,AVOID,STRONG_SELL,6.9366632,7.9175682,2.67,squeeze,UNGATED_SHADOW,2026-09-12,True,shadow — never published
2026-09-12T07:31:19.305741,BTC,77316.76,34.71,54.35557256944443,42.57,AVOID,WATCH,15.84000015258789,,,811.3949970436877,,34.71,AVOID,SELL,74882.575,78533.852,2.0,squeeze,UNGATED_SHADOW,2026-09-12,True,shadow — never published
2026-09-12T07:31:19.305741,ETH,2524.33,22.35,46.518402430555554,32.02,AVOID,SELL,15.84000015258789,2403.5491,2584.7204,40.2603,2.0,22.35,AVOID,STRONG_SELL,2363.3291,2584.7204,2.67,squeeze,UNGATED_SHADOW,2026-09-12,True,shadow — never published
2026-09-12T07:31:19.305741,ADA,0.20889,35.88,55.85523645833333,43.87,AVOID,WATCH,15.84000015258789,,,0.005452647654643717,,35.88,AVOID,SELL,0.19253206,0.21706897,2.0,squeeze,UNGATED_SHADOW,2026-09-12,True,shadow — never published
2026-09-12T07:31:19.305741,BNB,732.11,25.29,60.63183333333333,39.43,AVOID,SELL,15.84000015258789,704.00541,746.16229,9.3682,2.0,25.29,AVOID,SELL,704.00541,746.16229,2.0,squeeze,UNGATED_SHADOW,2026-09-12,True,shadow — never published
2026-09-12T07:31:19.305741,XRP,1.3671,25.29,51.69642118055555,35.85,AVOID,SELL,15.84000015258789,1.2886671,1.4063164,0.0261443,2.0,25.29,AVOID,SELL,1.2886671,1.4063164,2.0,squeeze,UNGATED_SHADOW,2026-09-12,True,shadow — never published
2026-09-12T07:31:19.305741,LTC,53.97,36.47,62.84742812499999,47.02,WATCH,WATCH,15.84000015258789,,,0.9288569634844641,,36.47,AVOID,SELL,51.183429,55.363285,2.0,squeeze,UNGATED_SHADOW,2026-09-12,True,shadow — never published
2026-09-12T07:31:19.305741,VET,0.007686,27.06,61.41972708333332,40.8,AVOID,WATCH,15.84000015258789,,,0.00028099575380739414,,27.06,AVOID,SELL,0.0068430127,0.0081074936,2.0,squeeze,UNGATED_SHADOW,2026-09-12,True,shadow — never published
2026-09-12T07:31:19.305741,LINK,11.553,29.41,54.741333680555556,39.54,AVOID,SELL,15.84000015258789,10.828966,11.915017,0.241345,2.0,29.41,AVOID,SELL,10.828966,11.915017,2.0,squeeze,UNGATED_SHADOW,2026-09-12,True,shadow — never published
2026-09-12T07:31:19.305741,AVAX,7.451,9.41,53.62599340277777,27.1,AVOID,SELL,15.84000015258789,7.0345437,7.6592281,0.1388188,2.0,9.41,AVOID,STRONG_SELL,6.8958638,7.6592281,2.67,squeeze,UNGATED_SHADOW,2026-09-12,True,shadow — never published
2026-09-12T07:31:19.305741,SOL,101.78,47.06,51.106263541666664,48.68,WATCH,WATCH,15.84000015258789,,,1.7869971791867558,,47.06,WATCH,WATCH,,,,squeeze,UNGATED_SHADOW,2026-09-12,True,shadow — never published
2026-09-12T07:31:19.305741,XLM,0.18033,27.06,49.431687847222214,36.01,AVOID,SELL,15.84000015258789,0.169704,0.185643,0.003542,2.0,27.06,AVOID,SELL,0.169704,0.185643,2.0,squeeze,UNGATED_SHADOW,2026-09-12,True,shadow — never published
2026-09-12T07:31:19.305741,DOT,1.048,21.76,63.84435833333332,38.59,AVOID,SELL,15.84000015258789,0.9525846,1.0957077,0.0318051,2.0,21.76,AVOID,STRONG_SELL,0.9208113,1.0957077,2.67,squeeze,UNGATED_SHADOW,2026-09-12,True,shadow — never published
2026-09-12T07:31:19.305741,ALGO,0.09379,6.47,56.7789579861111,26.59,AVOID,SELL,15.84000015258789,0.087067551,0.097151225,0.002240816,2.0,6.47,AVOID,STRONG_SELL,0.084828975,0.097151225,2.67,squeeze,UNGATED_SHADOW,2026-09-12,True,shadow — never published
2026-09-12T07:31:19.305741,ATOM,1.651,7.65,67.31211145833333,31.51,AVOID,SELL,15.84000015258789,1.5294426,1.7117787,0.0405191,2.0,7.65,AVOID,STRONG_SELL,1.488964,1.7117787,2.67,squeeze,UNGATED_SHADOW,2026-09-12,True,shadow — never published
2026-09-12T07:31:19.305741,DOGE,0.08466,22.94,48.63948958333333,33.22,AVOID,SELL,15.84000015258789,0.079750456,0.087114772,0.001636515,2.0,22.94,AVOID,STRONG_SELL,0.078115578,0.087114772,2.67,squeeze,UNGATED_SHADOW,2026-09-12,True,shadow — never published
2026-09-12T07:31:19.305741,BCH,231.0,6.47,50.88243680555555,24.23,AVOID,STRONG_SELL,15.84000015258789,209.80936,238.94848,5.29898,2.67,6.47,AVOID,STRONG_SELL,209.80936,238.94848,2.67,squeeze,UNGATED_SHADOW,2026-09-12,True,shadow — never published
2026-09-12T07:31:19.305741,TRX,0.3412,73.22,67.1807,70.8,BUY,BUY,15.84000015258789,0.34950026,0.33704987,0.00276675,2.0,73.22,BUY,BUY,0.34950026,0.33704987,2.0,squeeze,UNGATED_SHADOW,2026-09-12,True,shadow — never published
2026-09-12T07:31:19.305741,VTHO,0.000718,5.29,61.65708229166666,27.84,AVOID,SELL,15.84000015258789,0.00053402909,0.00080998546,6.132364e-05,2.0,5.29,AVOID,STRONG_SELL,0.00047276678,0.00080998546,2.67,squeeze,UNGATED_SHADOW,2026-09-12,True,shadow — never published
2026-09-12T07:31:19.305741,NEAR,2.364,27.65,64.32949861111112,42.32,AVOID,WATCH,15.84000015258789,,,0.10552085513089957,,27.65,AVOID,SELL,2.0474374,2.5222813,2.0,squeeze,UNGATED_SHADOW,2026-09-12,True,shadow — never published
2026-09-12T07:31:19.305741,FET,0.1653,47.06,60.96796875,52.62,WATCH,WATCH,15.84000015258789,,,0.0034401719212971533,,47.06,WATCH,WATCH,,,,squeeze,UNGATED_SHADOW,2026-09-12,True,shadow — never published
2026-09-12T07:31:19.305741,AAVE,124.95,40.0,50.664168402777776,44.27,AVOID,WATCH,15.84000015258789,,,1.7051334826866285,,40.0,AVOID,SELL,119.8346,127.5077,2.0,squeeze,UNGATED_SHADOW,2026-09-12,True,shadow — never published
2026-09-12T07:31:19.305741,UNI,6.314,37.06,53.986440862913604,43.83,AVOID,WATCH,29.649999618530273,,,0.19600112174203227,,37.06,AVOID,SELL,5.7259966,6.6080017,2.0,squeeze,UNGATED_SHADOW,2026-09-12,True,shadow — never published
2026-09-12T07:31:19.305741,GALA,0.001695,23.53,59.91871354166666,38.09,AVOID,SELL,15.84000015258789,0.001638865,0.0017230675,1.87117e-05,2.0,23.53,AVOID,STRONG_SELL,0.001620172,0.0017230675,2.67,squeeze,UNGATED_SHADOW,2026-09-12,True,shadow — never published
2026-09-12T07:31:19.305741,OP,0.099,51.18,47.65306111111111,49.77,WATCH,WATCH,15.84000015258789,,,0.001224207323063223,,51.18,WATCH,WATCH,,,,squeeze,UNGATED_SHADOW,2026-09-12,True,shadow — never published
2026-09-12T07:31:19.305741,ETC,7.64,14.71,59.09462673611112,32.46,AVOID,SELL,15.84000015258789,7.138802,7.890599,0.167066,2.0,14.71,AVOID,STRONG_SELL,6.971903,7.890599,2.67,squeeze,UNGATED_SHADOW,2026-09-12,True,shadow — never published
2026-09-12T11:51:07.072786,BTC,77346.2,35.29,54.71324652777777,43.06,AVOID,WATCH,15.84000015258789,,,762.5632115405672,,35.29,AVOID,SELL,75058.51,78490.045,2.0,squeeze,UNGATED_SHADOW,2026-09-12,True,shadow — never published
2026-09-12T11:51:07.072786,ETH,2535.71,20.0,52.13204756944444,32.85,AVOID,SELL,15.84000015258789,2420.7085,2593.2108,38.3338,2.0,20.0,AVOID,STRONG_SELL,2382.413,2593.2108,2.67,squeeze,UNGATED_SHADOW,2026-09-12,True,shadow — never published
2026-09-12T11:51:07.072786,ADA,0.20868,38.24,54.6994704861111,44.82,AVOID,WATCH,15.84000015258789,,,0.005178529965026312,,38.24,AVOID,SELL,0.19314441,0.21644779,2.0,squeeze,UNGATED_SHADOW,2026-09-12,True,shadow — never published
2026-09-12T11:51:07.072786,BNB,736.09,26.47,59.91553506944443,39.85,AVOID,SELL,15.84000015258789,708.53788,749.86606,9.18404,2.0,26.47,AVOID,SELL,708.53788,749.86606,2.0,squeeze,UNGATED_SHADOW,2026-09-12,True,shadow — never published
2026-09-12T11:51:07.072786,XRP,1.3726,26.47,52.496342013888885,36.88,AVOID,SELL,15.84000015258789,1.2977414,1.4100293,0.0249529,2.0,26.47,AVOID,SELL,1.2977414,1.4100293,2.0,squeeze,UNGATED_SHADOW,2026-09-12,True,shadow — never published
2026-09-12T11:51:07.072786,LTC,54.08,35.88,61.77335208333333,46.24,WATCH,WATCH,15.84000015258789,,,0.8861835069090435,,35.88,AVOID,SELL,51.421449,55.409275,2.0,squeeze,UNGATED_SHADOW,2026-09-12,True,shadow — never published
2026-09-12T11:51:07.072786,VET,0.0078,28.82,59.35839999999999,41.04,AVOID,WATCH,15.84000015258789,,,0.0002749246285354374,,28.82,AVOID,SELL,0.0069752261,0.0082123869,2.0,squeeze,UNGATED_SHADOW,2026-09-12,True,shadow — never published
2026-09-12T11:51:07.072786,LINK,11.571,32.35,54.80609305555554,41.33,AVOID,WATCH,15.84000015258789,,,0.22782012750087474,,32.35,AVOID,SELL,10.88754,11.91273,2.0,squeeze,UNGATED_SHADOW,2026-09-12,True,shadow — never published
2026-09-12T11:51:07.072786,AVAX,7.445,11.18,53.605213541666664,28.15,AVOID,SELL,15.84000015258789,7.050362,7.642319,0.131546,2.0,11.18,AVOID,STRONG_SELL,6.9189476,7.642319,2.67,squeeze,UNGATED_SHADOW,2026-09-12,True,shadow — never published
2026-09-12T11:51:07.072786,SOL,102.09,53.53,53.23864305555555,53.41,WATCH,WATCH,15.84000015258789,,,1.705068809244845,,53.53,WATCH,WATCH,,,,squeeze,UNGATED_SHADOW,2026-09-12,True,shadow — never published
2026-09-12T11:51:07.072786,XLM,0.18163,30.0,54.27369895833333,39.71,AVOID,SELL,15.84000015258789,0.17142872,0.18673064,0.00340043,2.0,30.0,AVOID,SELL,0.17142872,0.18673064,2.0,squeeze,UNGATED_SHADOW,2026-09-12,True,shadow — never published
2026-09-12T11:51:07.072786,DOT,1.046,22.94,64.48162604166666,39.56,AVOID,SELL,15.84000015258789,0.9559,1.09105,0.0300333,2.0,22.94,AVOID,STRONG_SELL,0.9258967,1.09105,2.67,squeeze,UNGATED_SHADOW,2026-09-12,True,shadow — never published
2026-09-12T11:51:07.072786,ALGO,0.09379,6.47,52.82081770833333,25.01,AVOID,SELL,15.84000015258789,0.087547726,0.096911137,0.002080758,2.0,6.47,AVOID,STRONG_SELL,0.085469048,0.096911137,2.67,squeeze,UNGATED_SHADOW,2026-09-12,True,shadow — never published
2026-09-12T11:51:07.072786,ATOM,1.644,6.47,63.57962673611111,29.31,AVOID,SELL,15.84000015258789,1.5274824,1.7022588,0.0388392,2.0,6.47,AVOID,STRONG_SELL,1.488682,1.7022588,2.67,squeeze,UNGATED_SHADOW,2026-09-12,True,shadow — never published
2026-09-12T11:51:07.072786,DOGE,0.08509,27.65,52.21619722222221,37.48,AVOID,SELL,15.84000015258789,0.080430423,0.087419788,0.001553192,2.0,27.65,AVOID,SELL,0.080430423,0.087419788,2.0,squeeze,UNGATED_SHADOW,2026-09-12,True,shadow — never published
2026-09-12T11:51:07.072786,BCH,230.7,7.06,51.647817708333335,24.9,AVOID,STRONG_SELL,15.84000015258789,210.54963,238.25828,5.03885,2.67,7.06,AVOID,STRONG_SELL,210.54963,238.25828,2.67,squeeze,UNGATED_SHADOW,2026-09-12,True,shadow — never published
2026-09-12T11:51:07.072786,TRX,0.3408,72.79,65.07155208333332,69.7,BUY,BUY,15.84000015258789,0.34912881,0.33663559,0.00277627,2.0,72.79,BUY,BUY,0.34912881,0.33663559,2.0,squeeze,UNGATED_SHADOW,2026-09-12,True,shadow — never published
2026-09-12T11:51:07.072786,VTHO,0.000703,5.29,62.45266666666665,28.16,AVOID,SELL,15.84000015258789,0.0005212413,0.00079387935,6.058623e-05,2.0,5.29,AVOID,STRONG_SELL,0.00046071565,0.00079387935,2.67,squeeze,UNGATED_SHADOW,2026-09-12,True,shadow — never published
2026-09-12T11:51:07.072786,NEAR,2.364,37.06,61.15061909722222,46.7,WATCH,WATCH,15.84000015258789,,,0.09919793690726388,,37.06,AVOID,SELL,2.0664062,2.5127969,2.0,squeeze,UNGATED_SHADOW,2026-09-12,True,shadow — never published
2026-09-12T11:51:07.072786,FET,0.1699,51.18,60.67462291666666,54.98,WATCH,WATCH,15.84000015258789,,,0.003523016784061642,,51.18,WATCH,WATCH,,,,squeeze,UNGATED_SHADOW,2026-09-12,True,shadow — never published
2026-09-12T11:51:07.072786,AAVE,126.32,40.59,53.568621180555546,45.78,WATCH,WATCH,15.84000015258789,,,1.6811953767804402,,40.59,AVOID,WATCH,,,,squeeze,UNGATED_SHADOW,2026-09-12,True,shadow — never published
2026-09-12T11:51:07.072786,UNI,6.339,40.0,53.986440862913604,45.59,WATCH,WATCH,29.649999618530273,,,0.1895979803931116,,40.0,AVOID,SELL,5.7702061,6.623397,2.0,squeeze,UNGATED_SHADOW,2026-09-12,True,shadow — never published
2026-09-12T11:51:07.072786,GALA,0.001697,27.06,59.400862152777776,40.0,AVOID,SELL,15.84000015258789,0.0016444461,0.001723277,1.7518e-05,2.0,27.06,AVOID,SELL,0.0016444461,0.001723277,2.0,squeeze,UNGATED_SHADOW,2026-09-12,True,shadow — never published
2026-09-12T11:51:07.072786,OP,0.099,51.76,45.961546874999996,49.44,WATCH,WATCH,15.84000015258789,,,0.0011367639428444215,,51.76,WATCH,WATCH,,,,squeeze,UNGATED_SHADOW,2026-09-12,True,shadow — never published
2026-09-12T11:51:07.072786,ETC,7.68,20.59,55.94733229166666,34.73,AVOID,SELL,15.84000015258789,7.2060304,7.9169848,0.1579899,2.0,20.59,AVOID,STRONG_SELL,7.0481985,7.9169848,2.67,squeeze,UNGATED_SHADOW,2026-09-12,True,shadow — never published
2026-09-12T14:44:11.183188,BTC,77481.44,40.59,54.791238888888884,46.27,WATCH,WATCH,15.84000015258789,,,723.6115535733842,,40.59,AVOID,WATCH,,,,squeeze,UNGATED_SHADOW,2026-09-12,True,shadow — never published
2026-09-12T14:44:11.183188,ETH,2541.77,17.06,51.96838020833333,31.02,AVOID,SELL,15.84000015258789,2432.4889,2596.4106,36.427,2.0,17.06,AVOID,STRONG_SELL,2396.0983,2596.4106,2.67,squeeze,UNGATED_SHADOW,2026-09-12,True,shadow — never published
2026-09-12T14:44:11.183188,ADA,0.20845,41.76,54.87871076388888,47.01,WATCH,WATCH,15.84000015258789,,,0.004896492110381573,,41.76,AVOID,WATCH,,,,squeeze,UNGATED_SHADOW,2026-09-12,True,shadow — never published
2026-09-12T14:44:11.183188,BNB,735.49,28.24,56.544853124999996,39.56,AVOID,SELL,15.84000015258789,709.51803,748.47598,8.65732,2.0,28.24,AVOID,SELL,709.51803,748.47598,2.0,squeeze,UNGATED_SHADOW,2026-09-12,True,shadow — never published
2026-09-12T14:44:11.183188,XRP,1.3712,37.65,52.37672604166666,43.54,AVOID,WATCH,15.84000015258789,,,0.02368480476139942,,37.65,AVOID,SELL,1.3001456,1.4067272,2.0,squeeze,UNGATED_SHADOW,2026-09-12,True,shadow — never published
2026-09-12T14:44:11.183188,LTC,54.04,40.0,61.594814583333324,48.64,WATCH,WATCH,15.84000015258789,,,0.8407418278441119,,40.0,AVOID,SELL,51.517775,55.301113,2.0,squeeze,UNGATED_SHADOW,2026-09-12,True,shadow — never published
2026-09-12T14:44:11.183188,VET,0.007771,29.41,59.18046944444444,41.32,AVOID,WATCH,15.84000015258789,,,0.0002672157264971919,,29.41,AVOID,SELL,0.0069693528,0.0081718236,2.0,squeeze,UNGATED_SHADOW,2026-09-12,True,shadow — never published
2026-09-12T14:44:11.183188,LINK,11.552,50.0,54.80609305555554,51.92,WATCH,WATCH,15.84000015258789,,,0.21476154696509797,,50.0,WATCH,WATCH,,,,squeeze,UNGATED_SHADOW,2026-09-12,True,shadow — never published
2026-09-12T14:44:11.183188,AVAX,7.429,12.35,52.853081597222214,28.55,AVOID,SELL,15.84000015258789,7.0526933,7.6171533,0.1254356,2.0,12.35,AVOID,STRONG_SELL,6.9273832,7.6171533,2.67,squeeze,UNGATED_SHADOW,2026-09-12,True,shadow — never published
2026-09-12T14:44:11.183188,SOL,102.09,57.22,53.23864305555555,55.63,WATCH,WATCH,15.84000015258789,,,1.6261353228702138,,57.22,WATCH,WATCH,,,,squeeze,UNGATED_SHADOW,2026-09-12,True,shadow — never published
2026-09-12T14:44:11.183188,XLM,0.18104,47.06,53.44625,49.61,WATCH,WATCH,15.84000015258789,,,0.0032203974800096118,,47.06,WATCH,WATCH,,,,squeeze,UNGATED_SHADOW,2026-09-12,True,shadow — never published
2026-09-12T14:44:11.183188,DOT,1.037,24.12,65.50432743055555,40.67,AVOID,WATCH,15.84000015258789,,,0.02853094779559232,,24.12,AVOID,STRONG_SELL,0.9229047,1.0797964,2.67,squeeze,UNGATED_SHADOW,2026-09-12,True,shadow — never published
2026-09-12T14:44:11.183188,ALGO,0.09379,6.47,53.09154687499999,25.12,AVOID,SELL,15.84000015258789,0.087993602,0.096688199,0.001932133,2.0,6.47,AVOID,STRONG_SELL,0.086063402,0.096688199,2.67,squeeze,UNGATED_SHADOW,2026-09-12,True,shadow — never published
2026-09-12T14:44:11.183188,ATOM,1.636,6.47,63.56485243055555,29.31,AVOID,SELL,15.84000015258789,1.5260908,1.6909546,0.0366364,2.0,6.47,AVOID,STRONG_SELL,1.489491,1.6909546,2.67,squeeze,UNGATED_SHADOW,2026-09-12,True,shadow — never published
2026-09-12T14:44:11.183188,DOGE,0.08507,35.29,52.08797222222221,42.01,AVOID,WATCH,15.84000015258789,,,0.0014651070322570707,,35.29,AVOID,SELL,0.080674679,0.087267661,2.0,squeeze,UNGATED_SHADOW,2026-09-12,True,shadow — never published
2026-09-12T14:44:11.183188,BCH,230.4,7.65,51.54851840277777,25.21,AVOID,SELL,15.84000015258789,216.25605,237.47197,4.71465,2.0,7.65,AVOID,STRONG_SELL,211.54612,237.47197,2.67,squeeze,UNGATED_SHADOW,2026-09-12,True,shadow — never published
2026-09-12T14:44:11.183188,TRX,0.3391,75.9,65.83075972222221,71.87,BUY,BUY,15.84000015258789,0.34732676,0.33498662,0.00274225,2.0,75.9,STRONG_BUY,STRONG_BUY,0.35006627,0.33498662,2.67,squeeze,UNGATED_SHADOW,2026-09-12,True,shadow — never published
2026-09-12T14:44:11.183188,VTHO,0.000705,7.06,62.45266666666665,29.22,AVOID,SELL,15.84000015258789,0.0005280812,0.0007934594,5.897293e-05,2.0,7.06,AVOID,STRONG_SELL,0.00046916724,0.0007934594,2.67,squeeze,UNGATED_SHADOW,2026-09-12,True,shadow — never published
2026-09-12T14:44:11.183188,NEAR,2.389,34.12,61.945181250000005,45.25,WATCH,WATCH,15.84000015258789,,,0.09389808427103073,,34.12,AVOID,SELL,2.1073057,2.5298471,2.0,squeeze,UNGATED_SHADOW,2026-09-12,True,shadow — never published
2026-09-12T14:44:11.183188,FET,0.1705,53.53,60.034647916666664,56.13,WATCH,WATCH,15.84000015258789,,,0.003314229870914383,,53.53,WATCH,WATCH,,,,squeeze,UNGATED_SHADOW,2026-09-12,True,shadow — never published
2026-09-12T14:44:11.183188,AAVE,126.32,53.53,52.98934861111111,53.31,WATCH,WATCH,15.84000015258789,,,1.5611099927246945,,53.53,WATCH,WATCH,,,,squeeze,UNGATED_SHADOW,2026-09-12,True,shadow — never published
2026-09-12T14:44:11.183188,UNI,6.413,43.53,53.986440862913604,47.71,WATCH,WATCH,29.649999618530273,,,0.1841266960793179,,43.53,AVOID,WATCH,,,,squeeze,UNGATED_SHADOW,2026-09-12,True,shadow — never published
2026-09-12T14:44:11.183188,GALA,0.001697,32.94,59.140211458333326,43.42,AVOID,WATCH,15.84000015258789,,,1.6266697138583182e-05,,32.94,AVOID,SELL,0.0016481999,0.0017214,2.0,squeeze,UNGATED_SHADOW,2026-09-12,True,shadow — never published
2026-09-12T14:44:11.183188,OP,0.099,64.28,46.292012152777765,57.08,WATCH,WATCH,15.84000015258789,,,0.0010555665183555342,,64.28,BUY,BUY,0.1021667,0.09741665,2.0,squeeze,UNGATED_SHADOW,2026-09-12,True,shadow — never published
2026-09-12T14:44:11.183188,ETC,7.75,21.18,55.726196875,35.0,AVOID,SELL,15.84000015258789,7.2948854,7.9775573,0.1517049,2.0,21.18,AVOID,STRONG_SELL,7.1433322,7.9775573,2.67,squeeze,UNGATED_SHADOW,2026-09-12,True,shadow — never published
2026-09-12T17:34:54.189929,BTC,77257.91,58.99,54.420443750000004,57.16,WATCH,WATCH,15.84000015258789,,,683.9958303589578,,58.99,WATCH,WATCH,,,,squeeze,UNGATED_SHADOW,2026-09-12,True,shadow — never published
2026-09-12T17:34:54.189929,ETH,2525.75,16.47,52.568680208333326,30.91,AVOID,SELL,15.84000015258789,2421.9276,2577.6612,34.6075,2.0,16.47,AVOID,STRONG_SELL,2387.3548,2577.6612,2.67,squeeze,UNGATED_SHADOW,2026-09-12,True,shadow — never published
2026-09-12T17:34:54.189929,ADA,0.20756,55.29,53.11520173611111,54.42,WATCH,WATCH,15.84000015258789,,,0.004636742673925748,,55.29,WATCH,WATCH,,,,squeeze,UNGATED_SHADOW,2026-09-12,True,shadow — never published
2026-09-12T17:34:54.189929,BNB,731.27,32.35,56.44929131944444,41.99,AVOID,WATCH,15.84000015258789,,,8.447053874839678,,32.35,AVOID,SELL,705.92884,743.94058,2.0,squeeze,UNGATED_SHADOW,2026-09-12,True,shadow — never published
2026-09-12T17:34:54.189929,XRP,1.3675,44.71,52.48770104166666,47.82,WATCH,WATCH,15.84000015258789,,,0.022437930951911718,,44.71,AVOID,WATCH,,,,squeeze,UNGATED_SHADOW,2026-09-12,True,shadow — never published
2026-09-12T17:34:54.189929,LTC,53.88,41.18,61.986197916666654,49.5,WATCH,WATCH,15.84000015258789,,,0.8066582278960629,,41.18,AVOID,WATCH,,,,squeeze,UNGATED_SHADOW,2026-09-12,True,shadow — never published
2026-09-12T17:34:54.189929,VET,0.007607,28.82,55.01232638888889,39.3,AVOID,SELL,15.84000015258789,0.0068227562,0.0079991219,0.0002614146,2.0,28.82,AVOID,SELL,0.0068227562,0.0079991219,2.0,squeeze,UNGATED_SHADOW,2026-09-12,True,shadow — never published
2026-09-12T17:34:54.189929,LINK,11.534,55.29,53.619348958333326,54.62,WATCH,WATCH,15.84000015258789,,,0.2068704160594277,,55.29,WATCH,WATCH,,,,squeeze,UNGATED_SHADOW,2026-09-12,True,shadow — never published
2026-09-12T17:34:54.189929,AVAX,7.402,14.71,53.46048923611111,30.21,AVOID,SELL,15.84000015258789,7.0442152,7.5808924,0.1192616,2.0,14.71,AVOID,STRONG_SELL,6.9250729,7.5808924,2.67,squeeze,UNGATED_SHADOW,2026-09-12,True,shadow — never published
2026-09-12T17:34:54.189929,SOL,102.04,62.68,53.23864305555555,58.9,WATCH,WATCH,15.84000015258789,,,1.522125656950913,,62.68,BUY,BUY,106.60638,99.75681,2.0,squeeze,UNGATED_SHADOW,2026-09-12,True,shadow — never published
2026-09-12T17:34:54.189929,XLM,0.18178,57.22,53.22679166666666,55.62,WATCH,WATCH,15.84000015258789,,,0.0030678690885803527,,57.22,WATCH,WATCH,,,,squeeze,UNGATED_SHADOW,2026-09-12,True,shadow — never published
2026-09-12T17:34:54.189929,DOT,1.039,25.88,65.50432743055555,41.73,AVOID,WATCH,15.84000015258789,,,0.027278737238764308,,25.88,AVOID,SELL,0.9571638,1.0799181,2.0,squeeze,UNGATED_SHADOW,2026-09-12,True,shadow — never published
2026-09-12T17:34:54.189929,ALGO,0.09401,7.06,52.26070381944444,25.14,AVOID,SELL,15.84000015258789,0.088324876,0.096852562,0.001895041,2.0,7.06,AVOID,STRONG_SELL,0.086431729,0.096852562,2.67,squeeze,UNGATED_SHADOW,2026-09-12,True,shadow — never published
2026-09-12T17:34:54.189929,ATOM,1.636,8.24,62.610719791666654,29.99,AVOID,SELL,15.84000015258789,1.5316149,1.6881925,0.034795,2.0,8.24,AVOID,STRONG_SELL,1.4968547,1.6881925,2.67,squeeze,UNGATED_SHADOW,2026-09-12,True,shadow — never published
2026-09-12T17:34:54.189929,DOGE,0.08487,57.81,48.66854305555555,54.15,WATCH,WATCH,15.84000015258789,,,0.0013923953054631988,,57.81,WATCH,WATCH,,,,squeeze,UNGATED_SHADOW,2026-09-12,True,shadow — never published
2026-09-12T17:34:54.189929,BCH,228.6,8.82,51.660371874999996,25.96,AVOID,SELL,15.84000015258789,215.05919,235.3704,4.5136,2.0,8.82,AVOID,STRONG_SELL,210.5501,235.3704,2.67,squeeze,UNGATED_SHADOW,2026-09-12,True,shadow — never published
2026-09-12T17:34:54.189929,TRX,0.3395,76.65,65.83075972222221,72.32,BUY,BUY,15.84000015258789,0.34747587,0.33551207,0.00265862,2.0,76.65,STRONG_BUY,STRONG_BUY,0.35013183,0.33551207,2.67,squeeze,UNGATED_SHADOW,2026-09-12,True,shadow — never published
2026-09-12T17:34:54.189929,VTHO,0.000657,8.82,63.657866666666656,30.76,AVOID,SELL,15.84000015258789,0.00048768255,0.00074165873,5.643915e-05,2.0,8.82,AVOID,STRONG_SELL,0.00043129983,0.00074165873,2.67,squeeze,UNGATED_SHADOW,2026-09-12,True,shadow — never published
2026-09-12T17:34:54.189929,NEAR,2.395,45.88,61.945181250000005,52.31,WATCH,WATCH,15.84000015258789,,,0.09196658845575305,,45.88,WATCH,WATCH,,,,squeeze,UNGATED_SHADOW,2026-09-12,True,shadow — never published
2026-09-12T17:34:54.189929,FET,0.1705,63.1,55.3446125,60.0,WATCH,WATCH,15.84000015258789,,,0.0030774991658490698,,63.1,BUY,BUY,0.1797325,0.16588375,2.0,squeeze,UNGATED_SHADOW,2026-09-12,True,shadow — never published
2026-09-12T17:34:54.189929,AAVE,126.32,69.57,52.895623611111105,62.9,BUY,BUY,15.84000015258789,130.66881,124.1456,1.4496,2.0,69.57,BUY,BUY,130.66881,124.1456,2.0,squeeze,UNGATED_SHADOW,2026-09-12,True,shadow — never published
2026-09-12T17:34:54.189929,UNI,6.392,51.18,53.986440862913604,52.3,WATCH,WATCH,29.649999618530273,,,0.1754747892165095,,51.18,WATCH,WATCH,,,,squeeze,UNGATED_SHADOW,2026-09-12,True,shadow — never published
2026-09-12T17:34:54.189929,GALA,0.001697,37.06,58.96686493055555,45.82,WATCH,WATCH,15.84000015258789,,,1.5104790200112956e-05,,37.06,AVOID,SELL,0.0016516856,0.0017196572,2.0,squeeze,UNGATED_SHADOW,2026-09-12,True,shadow — never published
2026-09-12T17:34:54.189929,OP,0.099,71.5,45.0848875,60.93,BUY,BUY,15.84000015258789,0.101940507,0.097529747,0.000980169,2.0,71.5,BUY,BUY,0.101940507,0.097529747,2.0,squeeze,UNGATED_SHADOW,2026-09-12,True,shadow — never published
2026-09-12T17:34:54.189929,ETC,7.71,21.18,55.392792708333324,34.87,AVOID,SELL,15.84000015258789,7.2788221,7.9255889,0.143726,2.0,21.18,AVOID,STRONG_SELL,7.1352399,7.9255889,2.67,squeeze,UNGATED_SHADOW,2026-09-12,True,shadow — never published
2026-09-12T19:57:15.106130,BTC,77140.02,58.4,54.71746319444444,56.93,WATCH,WATCH,15.84000015258789,,,697.0429732161009,,58.4,WATCH,WATCH,,,,squeeze,UNGATED_SHADOW,2026-09-12,True,shadow — never published
2026-09-12T19:57:15.106130,ETH,2519.25,16.47,52.3551954861111,30.82,AVOID,SELL,15.84000015258789,2413.2934,2572.2283,35.3189,2.0,16.47,AVOID,STRONG_SELL,2378.0098,2572.2283,2.67,squeeze,UNGATED_SHADOW,2026-09-12,True,shadow — never published
2026-09-12T19:57:15.106130,ADA,0.20713,54.12,52.831854513888885,53.6,WATCH,WATCH,15.84000015258789,,,0.004672456959640033,,54.12,WATCH,WATCH,,,,squeeze,UNGATED_SHADOW,2026-09-12,True,shadow — never published
2026-09-12T19:57:15.106130,BNB,726.11,32.35,55.54877743055555,41.63,AVOID,WATCH,15.84000015258789,,,8.856339589125394,,32.35,AVOID,SELL,699.54098,739.39451,2.0,squeeze,UNGATED_SHADOW,2026-09-12,True,shadow — never published
2026-09-12T19:57:15.106130,XRP,1.3623,44.71,51.420525,47.39,WATCH,WATCH,15.84000015258789,,,0.02284507380905458,,44.71,AVOID,WATCH,,,,squeeze,UNGATED_SHADOW,2026-09-12,True,shadow — never published
2026-09-12T19:57:15.106130,LTC,53.66,42.35,62.77605624999999,50.52,WATCH,WATCH,15.84000015258789,,,0.822372513610349,,42.35,AVOID,WATCH,,,,squeeze,UNGATED_SHADOW,2026-09-12,True,shadow — never published
2026-09-12T19:57:15.106130,VET,0.007552,28.82,53.917718055555554,38.86,AVOID,SELL,15.84000015258789,0.0067559705,0.0079500148,0.0002653432,2.0,28.82,AVOID,SELL,0.0067559705,0.0079500148,2.0,squeeze,UNGATED_SHADOW,2026-09-12,True,shadow — never published
2026-09-12T19:57:15.106130,LINK,11.476,54.71,54.168953124999994,54.49,WATCH,WATCH,15.84000015258789,,,0.2110132732022848,,54.71,WATCH,WATCH,,,,squeeze,UNGATED_SHADOW,2026-09-12,True,shadow — never published
2026-09-12T19:57:15.106130,AVAX,7.366,14.71,54.00891145833332,30.43,AVOID,SELL,15.84000015258789,7.0017867,7.5481067,0.1214044,2.0,14.71,AVOID,STRONG_SELL,6.8805036,7.5481067,2.67,squeeze,UNGATED_SHADOW,2026-09-12,True,shadow — never published
2026-09-12T19:57:15.106130,SOL,101.25,63.26,49.947590625,57.94,WATCH,WATCH,15.84000015258789,,,1.5728399426651982,,63.26,BUY,BUY,105.96852,98.89074,2.0,squeeze,UNGATED_SHADOW,2026-09-12,True,shadow — never published
2026-09-12T19:57:15.106130,XLM,0.18023,58.99,48.25186770833333,54.69,WATCH,WATCH,15.84000015258789,,,0.003178583374294638,,58.99,WATCH,WATCH,,,,squeeze,UNGATED_SHADOW,2026-09-12,True,shadow — never published
2026-09-12T19:57:15.106130,DOT,1.026,25.29,63.055218749999995,40.4,AVOID,WATCH,15.84000015258789,,,0.02792159438162144,,25.29,AVOID,SELL,0.9422352,1.0678824,2.0,squeeze,UNGATED_SHADOW,2026-09-12,True,shadow — never published
2026-09-12T19:57:15.106130,ALGO,0.09401,7.06,53.33803020833333,25.57,AVOID,SELL,15.84000015258789,0.088324876,0.096852562,0.001895041,2.0,7.06,AVOID,STRONG_SELL,0.086431729,0.096852562,2.67,squeeze,UNGATED_SHADOW,2026-09-12,True,shadow — never published
2026-09-12T19:57:15.106130,ATOM,1.609,6.47,62.451253124999994,28.86,AVOID,SELL,15.84000015258789,1.4988292,1.6640854,0.0367236,2.0,6.47,AVOID,STRONG_SELL,1.4621423,1.6640854,2.67,squeeze,UNGATED_SHADOW,2026-09-12,True,shadow — never published
2026-09-12T19:57:15.106130,DOGE,0.08465,57.22,48.522780555555556,53.74,WATCH,WATCH,15.84000015258789,,,0.0014123953054631989,,57.22,WATCH,WATCH,,,,squeeze,UNGATED_SHADOW,2026-09-12,True,shadow — never published
2026-09-12T19:57:15.106130,BCH,225.1,8.82,51.67803715277777,25.96,AVOID,SELL,15.84000015258789,210.72348,232.28826,4.79217,2.0,8.82,AVOID,STRONG_SELL,205.9361,232.28826,2.67,squeeze,UNGATED_SHADOW,2026-09-12,True,shadow — never published
2026-09-12T19:57:15.106130,TRX,0.3399,76.65,65.885009375,72.34,BUY,BUY,15.84000015258789,0.34798301,0.3358585,0.00269434,2.0,76.65,STRONG_BUY,STRONG_BUY,0.35067465,0.3358585,2.67,squeeze,UNGATED_SHADOW,2026-09-12,True,shadow — never published
2026-09-12T19:57:15.106130,VTHO,0.000658,8.82,63.060377777777774,30.52,AVOID,SELL,15.84000015258789,0.00048846826,0.00074276587,5.651058e-05,2.0,8.82,AVOID,STRONG_SELL,0.00043201419,0.00074276587,2.67,squeeze,UNGATED_SHADOW,2026-09-12,True,shadow — never published
2026-09-12T19:57:15.106130,NEAR,2.331,37.06,61.86580729166667,46.98,WATCH,WATCH,15.84000015258789,,,0.09546658845575305,,37.06,AVOID,SELL,2.0446002,2.4741999,2.0,squeeze,UNGATED_SHADOW,2026-09-12,True,shadow — never published
2026-09-12T19:57:15.106130,FET,0.1671,63.69,52.61075104166667,59.26,WATCH,WATCH,15.84000015258789,,,0.003320356308706214,,63.69,BUY,BUY,0.17706107,0.16211947,2.0,squeeze,UNGATED_SHADOW,2026-09-12,True,shadow — never published
2026-09-12T19:57:15.106130,AAVE,126.32,69.57,53.6043111111111,63.18,BUY,BUY,15.84000015258789,130.66881,124.1456,1.4496,2.0,69.57,BUY,BUY,130.66881,124.1456,2.0,squeeze,UNGATED_SHADOW,2026-09-12,True,shadow — never published
2026-09-12T19:57:15.106130,UNI,6.305,51.18,53.986440862913604,52.3,WATCH,WATCH,29.649999618530273,,,0.18118907493079522,,51.18,WATCH,WATCH,,,,squeeze,UNGATED_SHADOW,2026-09-12,True,shadow — never published
2026-09-12T19:57:15.106130,GALA,0.001697,37.06,58.96686493055555,45.82,WATCH,WATCH,15.84000015258789,,,1.5104790200112956e-05,,37.06,AVOID,SELL,0.0016516856,0.0017196572,2.0,squeeze,UNGATED_SHADOW,2026-09-12,True,shadow — never published
2026-09-12T19:57:15.106130,OP,0.099,71.5,46.13447013888889,61.35,BUY,BUY,15.84000015258789,0.101940507,0.097529747,0.000980169,2.0,71.5,BUY,BUY,0.101940507,0.097529747,2.0,squeeze,UNGATED_SHADOW,2026-09-12,True,shadow — never published
2026-09-12T19:57:15.106130,ETC,7.71,21.18,53.85884444444444,34.25,AVOID,SELL,15.84000015258789,7.2788221,7.9255889,0.143726,2.0,21.18,AVOID,STRONG_SELL,7.1352399,7.9255889,2.67,squeeze,UNGATED_SHADOW,2026-09-12,True,shadow — never published
2026-09-12T21:55:25.681392,BTC,77257.61,62.68,54.420443750000004,59.38,WATCH,WATCH,15.84000015258789,,,657.0206179863791,,62.68,BUY,BUY,79228.672,76272.079,2.0,squeeze,UNGATED_SHADOW,2026-09-12,True,shadow — never published
2026-09-12T21:55:25.681392,ETH,2524.33,14.12,52.11452604166666,29.32,AVOID,SELL,15.84000015258789,2423.7903,2574.5999,33.5132,2.0,14.12,AVOID,STRONG_SELL,2390.3105,2574.5999,2.67,squeeze,UNGATED_SHADOW,2026-09-12,True,shadow — never published
2026-09-12T21:55:25.681392,ADA,0.20786,60.75,53.11406770833333,57.7,WATCH,WATCH,15.84000015258789,,,0.004413710033951459,,60.75,BUY,BUY,0.22110113,0.20123943,2.0,squeeze,UNGATED_SHADOW,2026-09-12,True,shadow — never published
2026-09-12T21:55:25.681392,BNB,726.89,32.94,55.54877743055555,41.98,AVOID,WATCH,15.84000015258789,,,8.296601047045009,,32.94,AVOID,SELL,702.0002,739.3349,2.0,squeeze,UNGATED_SHADOW,2026-09-12,True,shadow — never published
2026-09-12T21:55:25.681392,XRP,1.3632,49.41,51.420525,50.21,WATCH,WATCH,15.84000015258789,,,0.021541854251264963,,49.41,WATCH,WATCH,,,,squeeze,UNGATED_SHADOW,2026-09-12,True,shadow — never published
2026-09-12T21:55:25.681392,LTC,53.6,42.94,63.165235416666654,51.03,WATCH,WATCH,15.84000015258789,,,0.7822030483524669,,42.94,AVOID,WATCH,,,,squeeze,UNGATED_SHADOW,2026-09-12,True,shadow — never published
2026-09-12T21:55:25.681392,VET,0.007584,29.41,53.945924999999995,39.22,AVOID,SELL,15.84000015258789,0.0068287583,0.0079616209,0.0002517472,2.0,29.41,AVOID,SELL,0.0068287583,0.0079616209,2.0,squeeze,UNGATED_SHADOW,2026-09-12,True,shadow — never published
2026-09-12T21:55:25.681392,LINK,11.525,59.57,53.619348958333326,57.19,WATCH,WATCH,15.84000015258789,,,0.20015518225926443,,59.57,WATCH,WATCH,,,,squeeze,UNGATED_SHADOW,2026-09-12,True,shadow — never published
2026-09-12T21:55:25.681392,AVAX,7.402,15.88,53.46048923611111,30.91,AVOID,SELL,15.84000015258789,7.0535162,7.5762419,0.1161613,2.0,15.88,AVOID,STRONG_SELL,6.9374711,7.5762419,2.67,squeeze,UNGATED_SHADOW,2026-09-12,True,shadow — never published
2026-09-12T21:55:25.681392,SOL,101.47,68.13,49.4849392361111,60.67,BUY,BUY,15.84000015258789,105.92863,99.24069,1.48621,2.0,68.13,BUY,BUY,105.92863,99.24069,2.0,squeeze,UNGATED_SHADOW,2026-09-12,True,shadow — never published
2026-09-12T21:55:25.681392,XLM,0.18013,63.26,48.25186770833333,57.26,WATCH,WATCH,15.84000015258789,,,0.0029729702761307347,,63.26,BUY,BUY,0.18904891,0.17567054,2.0,squeeze,UNGATED_SHADOW,2026-09-12,True,shadow — never published
2026-09-12T21:55:25.681392,DOT,1.023,24.12,63.055218749999995,39.69,AVOID,SELL,15.84000015258789,0.9439327,1.0625336,0.0263558,2.0,24.12,AVOID,STRONG_SELL,0.9176033,1.0625336,2.67,squeeze,UNGATED_SHADOW,2026-09-12,True,shadow — never published
2026-09-12T21:55:25.681392,ALGO,0.09401,7.06,53.270148263888885,25.54,AVOID,SELL,15.84000015258789,0.088730956,0.096649522,0.001759681,2.0,7.06,AVOID,STRONG_SELL,0.086973034,0.096649522,2.67,squeeze,UNGATED_SHADOW,2026-09-12,True,shadow — never published
2026-09-12T21:55:25.681392,ATOM,1.614,8.24,62.40103645833333,29.9,AVOID,SELL,15.84000015258789,1.5106271,1.6656864,0.0344576,2.0,8.24,AVOID,STRONG_SELL,1.476204,1.6656864,2.67,squeeze,UNGATED_SHADOW,2026-09-12,True,shadow — never published
2026-09-12T21:55:25.681392,DOGE,0.08471,66.79,49.13988333333333,59.73,WATCH,WATCH,15.84000015258789,,,0.001332938497930113,,66.79,BUY,BUY,0.088708815,0.082710592,2.0,squeeze,UNGATED_SHADOW,2026-09-12,True,shadow — never published
2026-09-12T21:55:25.681392,BCH,225.5,9.41,51.67803715277777,26.32,AVOID,SELL,15.84000015258789,212.06466,232.21767,4.47845,2.0,9.41,AVOID,STRONG_SELL,207.59069,232.21767,2.67,squeeze,UNGATED_SHADOW,2026-09-12,True,shadow — never published
2026-09-12T21:55:25.681392,TRX,0.3401,77.4,65.52599374999998,72.65,BUY,BUY,15.84000015258789,0.34764851,0.33632575,0.00251617,2.0,77.4,STRONG_BUY,STRONG_BUY,0.35016216,0.33632575,2.67,squeeze,UNGATED_SHADOW,2026-09-12,True,shadow — never published
2026-09-12T21:55:25.681392,VTHO,0.000656,10.0,63.21070833333333,31.28,AVOID,SELL,15.84000015258789,0.00049729196,0.00073535402,5.290268e-05,2.0,10.0,AVOID,STRONG_SELL,0.00044444218,0.00073535402,2.67,squeeze,UNGATED_SHADOW,2026-09-12,True,shadow — never published
2026-09-12T21:55:25.681392,NEAR,2.358,47.65,61.29115868055555,53.11,WATCH,WATCH,15.84000015258789,,,0.0905761178517707,,47.65,WATCH,WATCH,,,,squeeze,UNGATED_SHADOW,2026-09-12,True,shadow — never published
2026-09-12T21:55:25.681392,FET,0.1671,65.62,52.560151041666664,60.4,BUY,BUY,15.84000015258789,0.17634956,0.16247522,0.00308319,2.0,65.62,BUY,BUY,0.17634956,0.16247522,2.0,squeeze,UNGATED_SHADOW,2026-09-12,True,shadow — never published
2026-09-12T21:55:25.681392,AAVE,126.32,71.5,52.822247222222224,64.03,BUY,BUY,15.84000015258789,130.35818,124.30091,1.34606,2.0,71.5,BUY,BUY,130.35818,124.30091,2.0,squeeze,UNGATED_SHADOW,2026-09-12,True,shadow — never published
2026-09-12T21:55:25.681392,UNI,6.351,54.71,53.986440862913604,54.42,WATCH,WATCH,29.649999618530273,,,0.17153271243573845,,54.71,WATCH,WATCH,,,,squeeze,UNGATED_SHADOW,2026-09-12,True,shadow — never published
2026-09-12T21:55:25.681392,GALA,0.001682,50.0,58.96686493055555,53.59,WATCH,WATCH,15.84000015258789,,,1.5097305185819176e-05,,50.0,WATCH,WATCH,,,,squeeze,UNGATED_SHADOW,2026-09-12,True,shadow — never published
2026-09-12T21:55:25.681392,OP,0.099,72.25,46.87241874999999,62.1,BUY,BUY,15.84000015258789,0.101730471,0.097634765,0.000910157,2.0,72.25,BUY,BUY,0.101730471,0.097634765,2.0,squeeze,UNGATED_SHADOW,2026-09-12,True,shadow — never published
2026-09-12T21:55:25.681392,ETC,7.71,29.41,53.744099999999996,39.14,AVOID,SELL,15.84000015258789,7.3096205,7.9101897,0.1334598,2.0,29.41,AVOID,SELL,7.3096205,7.9101897,2.0,squeeze,UNGATED_SHADOW,2026-09-12,True,shadow — never published
2026-09-12T23:38:33.719541,BTC,77252.76,62.68,54.420443750000004,59.38,WATCH,WATCH,15.84000015258789,,,659.4070465578079,,62.68,BUY,BUY,79230.981,76263.649,2.0,squeeze,UNGATED_SHADOW,2026-09-12,True,shadow — never published
2026-09-12T23:38:33.719541,ETH,2524.42,14.12,52.11452604166666,29.32,AVOID,SELL,15.84000015258789,2423.8803,2574.6899,33.5132,2.0,14.12,AVOID,STRONG_SELL,2390.4005,2574.6899,2.67,squeeze,UNGATED_SHADOW,2026-09-12,True,shadow — never published
2026-09-12T23:38:33.719541,ADA,0.2067,60.16,52.831854513888885,57.23,WATCH,WATCH,15.84000015258789,,,0.004444424319665746,,60.16,BUY,BUY,0.22003327,0.20003336,2.0,squeeze,UNGATED_SHADOW,2026-09-12,True,shadow — never published
2026-09-12T23:38:33.719541,BNB,726.68,32.94,55.54877743055555,41.98,AVOID,WATCH,15.84000015258789,,,8.318029618473576,,32.94,AVOID,SELL,701.72591,739.15704,2.0,squeeze,UNGATED_SHADOW,2026-09-12,True,shadow — never published
2026-09-12T23:38:33.719541,XRP,1.3658,49.41,51.32330208333333,50.18,WATCH,WATCH,15.84000015258789,,,0.02157756853697926,,49.41,WATCH,WATCH,,,,squeeze,UNGATED_SHADOW,2026-09-12,True,shadow — never published
2026-09-12T23:38:33.719541,LTC,53.6,42.94,63.04020486111111,50.98,WATCH,WATCH,15.84000015258789,,,0.7850601912096097,,42.94,AVOID,WATCH,,,,squeeze,UNGATED_SHADOW,2026-09-12,True,shadow — never published
2026-09-12T23:38:33.719541,VET,0.007584,29.41,53.917718055555554,39.21,AVOID,SELL,15.84000015258789,0.0068287583,0.0079616209,0.0002517472,2.0,29.41,AVOID,SELL,0.0068287583,0.0079616209,2.0,squeeze,UNGATED_SHADOW,2026-09-12,True,shadow — never published
2026-09-12T23:38:33.719541,LINK,11.51,59.57,53.48078993055555,57.13,WATCH,WATCH,15.84000015258789,,,0.20015518225926443,,59.57,WATCH,WATCH,,,,squeeze,UNGATED_SHADOW,2026-09-12,True,shadow — never published
2026-09-12T23:38:33.719541,AVAX,7.399,15.88,53.49596354166667,30.93,AVOID,SELL,15.84000015258789,7.0505162,7.5732419,0.1161613,2.0,15.88,AVOID,STRONG_SELL,6.9344711,7.5732419,2.67,squeeze,UNGATED_SHADOW,2026-09-12,True,shadow — never published
2026-09-12T23:38:33.719541,SOL,101.81,68.13,51.01863993055555,61.29,BUY,BUY,15.84000015258789,106.31363,99.55819,1.50121,2.0,68.13,BUY,BUY,106.31363,99.55819,2.0,squeeze,UNGATED_SHADOW,2026-09-12,True,shadow — never published
2026-09-12T23:38:33.719541,XLM,0.18,63.26,48.18184548611111,57.23,WATCH,WATCH,15.84000015258789,,,0.0029815417047021637,,63.26,BUY,BUY,0.18894463,0.17552769,2.0,squeeze,UNGATED_SHADOW,2026-09-12,True,shadow — never published
2026-09-12T23:38:33.719541,DOT,1.018,23.53,60.69418888888889,38.4,AVOID,SELL,15.84000015258789,0.9374327,1.0582836,0.0268558,2.0,23.53,AVOID,STRONG_SELL,0.9106038,1.0582836,2.67,squeeze,UNGATED_SHADOW,2026-09-12,True,shadow — never published
2026-09-12T23:38:33.719541,ALGO,0.09401,7.06,52.730111458333326,25.33,AVOID,SELL,15.84000015258789,0.088730956,0.096649522,0.001759681,2.0,7.06,AVOID,STRONG_SELL,0.086973034,0.096649522,2.67,squeeze,UNGATED_SHADOW,2026-09-12,True,shadow — never published
2026-09-12T23:38:33.719541,ATOM,1.61,7.65,62.843690624999994,29.73,AVOID,SELL,15.84000015258789,1.5066271,1.6616864,0.0344576,2.0,7.65,AVOID,STRONG_SELL,1.472204,1.6616864,2.67,squeeze,UNGATED_SHADOW,2026-09-12,True,shadow — never published
2026-09-12T23:38:33.719541,DOGE,0.08466,66.79,48.83197083333333,59.61,WATCH,WATCH,15.84000015258789,,,0.0013365099265015422,,66.79,BUY,BUY,0.08866953,0.082655235,2.0,squeeze,UNGATED_SHADOW,2026-09-12,True,shadow — never published
2026-09-12T23:38:33.719541,BCH,225.5,9.41,51.67803715277777,26.32,AVOID,SELL,15.84000015258789,212.06466,232.21767,4.47845,2.0,9.41,AVOID,STRONG_SELL,207.59069,232.21767,2.67,squeeze,UNGATED_SHADOW,2026-09-12,True,shadow — never published
2026-09-12T23:38:33.719541,TRX,0.3403,77.4,66.13424791666665,72.89,BUY,BUY,15.84000015258789,0.34793422,0.33648289,0.00254474,2.0,77.4,STRONG_BUY,STRONG_BUY,0.35047642,0.33648289,2.67,squeeze,UNGATED_SHADOW,2026-09-12,True,shadow — never published
2026-09-12T23:38:33.719541,VTHO,0.000667,9.41,63.060377777777774,30.87,AVOID,SELL,15.84000015258789,0.00050593481,0.00074753259,5.36884e-05,2.0,9.41,AVOID,STRONG_SELL,0.00045230011,0.00074753259,2.67,squeeze,UNGATED_SHADOW,2026-09-12,True,shadow — never published
2026-09-12T23:38:33.719541,NEAR,2.349,46.47,61.5684125,52.51,WATCH,WATCH,15.84000015258789,,,0.0905761178517707,,46.47,WATCH,WATCH,,,,squeeze,UNGATED_SHADOW,2026-09-12,True,shadow — never published
2026-09-12T23:38:33.719541,FET,0.1671,65.62,52.61075104166667,60.42,BUY,BUY,15.84000015258789,0.17634956,0.16247522,0.00308319,2.0,65.62,BUY,BUY,0.17634956,0.16247522,2.0,squeeze,UNGATED_SHADOW,2026-09-12,True,shadow — never published
2026-09-12T23:38:33.719541,AAVE,126.32,71.5,52.822247222222224,64.03,BUY,BUY,15.84000015258789,130.35818,124.30091,1.34606,2.0,71.5,BUY,BUY,130.35818,124.30091,2.0,squeeze,UNGATED_SHADOW,2026-09-12,True,shadow — never published
2026-09-12T23:38:33.719541,UNI,6.356,54.71,53.986440862913604,54.42,WATCH,WATCH,29.649999618530273,,,0.17188985529288128,,54.71,WATCH,WATCH,,,,squeeze,UNGATED_SHADOW,2026-09-12,True,shadow — never published
2026-09-12T23:38:33.719541,GALA,0.001682,50.0,58.96686493055555,53.59,WATCH,WATCH,15.84000015258789,,,1.5097305185819176e-05,,50.0,WATCH,WATCH,,,,squeeze,UNGATED_SHADOW,2026-09-12,True,shadow — never published
2026-09-12T23:38:33.719541,OP,0.099,72.25,47.09928819444443,62.19,BUY,BUY,15.84000015258789,0.101730471,0.097634765,0.000910157,2.0,72.25,BUY,BUY,0.101730471,0.097634765,2.0,squeeze,UNGATED_SHADOW,2026-09-12,True,shadow — never published
2026-09-12T23:38:33.719541,ETC,7.71,29.41,53.80594444444444,39.17,AVOID,SELL,15.84000015258789,7.3096205,7.9101897,0.1334598,2.0,29.41,AVOID,SELL,7.3096205,7.9101897,2.0,squeeze,UNGATED_SHADOW,2026-09-12,True,shadow — never published
2026-09-13T02:25:04.382439,BTC,77279.04,67.54,54.420443750000004,62.29,BUY,BUY,15.84000015258789,79150.817,76343.151,623.926,2.0,67.54,BUY,BUY,79150.817,76343.151,2.0,squeeze,UNGATED_SHADOW,2026-09-13,True,shadow — never published
2026-09-13T02:25:04.382439,ETH,2522.83,13.53,52.11452604166666,28.96,AVOID,SELL,15.84000015258789,2428.516,2569.987,31.438,2.0,13.53,AVOID,STRONG_SELL,2397.1094,2569.987,2.67,squeeze,UNGATED_SHADOW,2026-09-13,True,shadow — never published
2026-09-13T02:25:04.382439,ADA,0.20737,65.62,52.98373437499999,60.57,BUY,BUY,15.84000015258789,0.22007875,0.20101562,0.00423625,2.0,65.62,BUY,BUY,0.22007875,0.20101562,2.0,squeeze,UNGATED_SHADOW,2026-09-13,True,shadow — never published
2026-09-13T02:25:04.382439,BNB,728.0,38.82,57.521730208333324,46.3,WATCH,WATCH,15.84000015258789,,,7.943170360011181,,38.82,AVOID,SELL,704.17049,739.91476,2.0,squeeze,UNGATED_SHADOW,2026-09-13,True,shadow — never published
2026-09-13T02:25:04.382439,XRP,1.367,53.53,52.611469791666664,53.16,WATCH,WATCH,15.84000015258789,,,0.020336313641480742,,53.53,WATCH,WATCH,,,,squeeze,UNGATED_SHADOW,2026-09-13,True,shadow — never published
2026-09-13T02:25:04.382439,LTC,53.83,41.76,62.25481875,49.96,WATCH,WATCH,15.84000015258789,,,0.7482701775517802,,41.76,AVOID,WATCH,,,,squeeze,UNGATED_SHADOW,2026-09-13,True,shadow — never published
2026-09-13T02:25:04.382439,VET,0.007567,28.24,53.917718055555554,38.51,AVOID,SELL,15.84000015258789,0.0068524184,0.0079242908,0.0002381939,2.0,28.24,AVOID,SELL,0.0068524184,0.0079242908,2.0,squeeze,UNGATED_SHADOW,2026-09-13,True,shadow — never published
2026-09-13T02:25:04.382439,LINK,11.509,63.85,53.619348958333326,59.76,WATCH,WATCH,15.84000015258789,,,0.18835838352645973,,63.85,BUY,BUY,12.074075,11.226462,2.0,squeeze,UNGATED_SHADOW,2026-09-13,True,shadow — never published
2026-09-13T02:25:04.382439,AVAX,7.4,20.59,53.473905902777766,33.74,AVOID,SELL,15.84000015258789,7.0721222,7.5639389,0.1092926,2.0,20.59,AVOID,STRONG_SELL,6.9629389,7.5639389,2.67,squeeze,UNGATED_SHADOW,2026-09-13,True,shadow — never published
2026-09-13T02:25:04.382439,SOL,101.84,69.47,51.864999999999995,62.43,BUY,BUY,15.84000015258789,106.17806,99.67097,1.44602,2.0,69.47,BUY,BUY,106.17806,99.67097,2.0,squeeze,UNGATED_SHADOW,2026-09-13,True,shadow — never published
2026-09-13T02:25:04.382439,XLM,0.18016,65.78,48.18184548611111,58.74,WATCH,WATCH,15.84000015258789,,,0.002810003011509152,,65.78,BUY,BUY,0.18859001,0.175945,2.0,squeeze,UNGATED_SHADOW,2026-09-13,True,shadow — never published
2026-09-13T02:25:04.382439,DOT,1.015,22.35,61.09259999999999,37.85,AVOID,SELL,15.84000015258789,0.9389018,1.0530491,0.0253661,2.0,22.35,AVOID,STRONG_SELL,0.9135611,1.0530491,2.67,squeeze,UNGATED_SHADOW,2026-09-13,True,shadow — never published
2026-09-13T02:25:04.382439,ALGO,0.09261,9.41,52.057984375,26.47,AVOID,SELL,15.84000015258789,0.087408031,0.095210985,0.00173399,2.0,9.41,AVOID,STRONG_SELL,0.085675775,0.095210985,2.67,squeeze,UNGATED_SHADOW,2026-09-13,True,shadow — never published
2026-09-13T02:25:04.382439,ATOM,1.611,9.41,62.726757986111096,30.74,AVOID,SELL,15.84000015258789,1.5115823,1.6607088,0.0331392,2.0,9.41,AVOID,STRONG_SELL,1.4784762,1.6607088,2.67,squeeze,UNGATED_SHADOW,2026-09-13,True,shadow — never published
2026-09-13T02:25:04.382439,DOGE,0.08498,68.13,51.71824722222222,61.57,BUY,BUY,15.84000015258789,0.088778135,0.083080933,0.001266045,2.0,68.13,BUY,BUY,0.088778135,0.083080933,2.0,squeeze,UNGATED_SHADOW,2026-09-13,True,shadow — never published
2026-09-13T02:25:04.382439,BCH,226.7,11.76,51.67803715277777,27.73,AVOID,SELL,15.84000015258789,213.96718,233.06641,4.24427,2.0,11.76,AVOID,STRONG_SELL,209.72715,233.06641,2.67,squeeze,UNGATED_SHADOW,2026-09-13,True,shadow — never published
2026-09-13T02:25:04.382439,TRX,0.339,77.56,65.34967638888888,72.68,BUY,BUY,15.84000015258789,0.34675321,0.3351234,0.0025844,2.0,77.56,STRONG_BUY,STRONG_BUY,0.34933502,0.3351234,2.67,squeeze,UNGATED_SHADOW,2026-09-13,True,shadow — never published
2026-09-13T02:25:04.382439,VTHO,0.000684,10.59,61.443334027777766,30.93,AVOID,SELL,15.84000015258789,0.00051922518,0.00076638741,5.492494e-05,2.0,10.59,AVOID,STRONG_SELL,0.00046435517,0.00076638741,2.67,squeeze,UNGATED_SHADOW,2026-09-13,True,shadow — never published
2026-09-13T02:25:04.382439,NEAR,2.363,51.76,61.15061909722222,55.52,WATCH,WATCH,15.84000015258789,,,0.08588190535215445,,51.76,WATCH,WATCH,,,,squeeze,UNGATED_SHADOW,2026-09-13,True,shadow — never published
2026-09-13T02:25:04.382439,FET,0.1674,72.25,52.83012951388888,64.48,BUY,BUY,15.84000015258789,0.17605317,0.16307342,0.00288439,2.0,72.25,BUY,BUY,0.17605317,0.16307342,2.0,squeeze,UNGATED_SHADOW,2026-09-13,True,shadow — never published
2026-09-13T02:25:04.382439,AAVE,125.79,72.25,52.86013333333333,64.49,BUY,BUY,15.84000015258789,129.65331,123.85835,1.28777,2.0,72.25,BUY,BUY,129.65331,123.85835,2.0,squeeze,UNGATED_SHADOW,2026-09-13,True,shadow — never published
2026-09-13T02:25:04.382439,UNI,6.37,62.51,53.986440862913604,59.1,WATCH,WATCH,29.649999618530273,,,0.16168343705767546,,62.51,BUY,BUY,6.8550503,6.1274748,2.0,squeeze,UNGATED_SHADOW,2026-09-13,True,shadow — never published
2026-09-13T02:25:04.382439,GALA,0.001678,55.29,58.96686493055555,56.76,WATCH,WATCH,15.84000015258789,,,1.4304640529689228e-05,,55.29,WATCH,WATCH,,,,squeeze,UNGATED_SHADOW,2026-09-13,True,shadow — never published
2026-09-13T02:25:04.382439,OP,0.096,73.0,47.19477013888889,62.68,BUY,BUY,15.84000015258789,0.099178294,0.094410853,0.001059431,2.0,73.0,BUY,BUY,0.099178294,0.094410853,2.0,squeeze,UNGATED_SHADOW,2026-09-13,True,shadow — never published
2026-09-13T02:25:04.382439,ETC,7.61,42.35,50.6018767361111,45.65,WATCH,WATCH,15.84000015258789,,,0.13106983326440955,,42.35,AVOID,WATCH,,,,squeeze,UNGATED_SHADOW,2026-09-13,True,shadow — never published
2026-09-13T07:52:20.527771,BTC,77148.32,71.24,50.98424374999999,63.14,BUY,BUY,15.84000015258789,78935.908,76254.526,595.863,2.0,71.24,BUY,BUY,78935.908,76254.526,2.0,squeeze,UNGATED_SHADOW,2026-09-13,True,shadow — never published
2026-09-13T07:52:20.527771,ETH,2519.61,14.12,50.079409375,28.5,AVOID,SELL,15.84000015258789,2428.6688,2565.0806,30.3137,2.0,14.12,AVOID,STRONG_SELL,2398.3854,2565.0806,2.67,squeeze,UNGATED_SHADOW,2026-09-13,True,shadow — never published
2026-09-13T07:52:20.527771,ADA,0.20686,67.54,49.4740861111111,60.31,BUY,BUY,15.84000015258789,0.21908343,0.20074828,0.00407448,2.0,67.54,BUY,BUY,0.21908343,0.20074828,2.0,squeeze,UNGATED_SHADOW,2026-09-13,True,shadow — never published
2026-09-13T07:52:20.527771,BNB,723.0,38.24,51.48432604166666,43.54,AVOID,WATCH,15.84000015258789,,,7.700801048581808,,38.24,AVOID,SELL,699.8976,734.5512,2.0,squeeze,UNGATED_SHADOW,2026-09-13,True,shadow — never published
2026-09-13T07:52:20.527771,XRP,1.3592,59.57,46.220544444444435,54.23,WATCH,WATCH,15.84000015258789,,,0.01980923001402803,,59.57,WATCH,WATCH,,,,squeeze,UNGATED_SHADOW,2026-09-13,True,shadow — never published
2026-09-13T07:52:20.527771,LTC,54.2,38.24,59.22490416666666,46.63,WATCH,WATCH,15.84000015258789,,,0.7748733281348165,,38.24,AVOID,SELL,51.87538,55.36231,2.0,squeeze,UNGATED_SHADOW,2026-09-13,True,shadow — never published
2026-09-13T07:52:20.527771,VET,0.007786,29.41,55.124267708333335,39.7,AVOID,SELL,15.84000015258789,0.0070361487,0.0081609256,0.0002499504,2.0,29.41,AVOID,SELL,0.0070361487,0.0081609256,2.0,squeeze,UNGATED_SHADOW,2026-09-13,True,shadow — never published
2026-09-13T07:52:20.527771,LINK,11.446,66.37,51.456462499999994,60.4,BUY,BUY,15.84000015258789,12.002733,11.167633,0.185578,2.0,66.37,BUY,BUY,12.002733,11.167633,2.0,squeeze,UNGATED_SHADOW,2026-09-13,True,shadow — never published
2026-09-13T07:52:20.527771,AVAX,7.386,26.47,49.42811805555556,35.65,AVOID,SELL,15.84000015258789,7.0631441,7.547428,0.1076186,2.0,26.47,AVOID,SELL,7.0631441,7.547428,2.0,squeeze,UNGATED_SHADOW,2026-09-13,True,shadow — never published
2026-09-13T07:52:20.527771,SOL,100.8,71.4,47.78884895833334,61.96,BUY,BUY,15.84000015258789,105.08305,98.65848,1.42768,2.0,71.4,BUY,BUY,105.08305,98.65848,2.0,squeeze,UNGATED_SHADOW,2026-09-13,True,shadow — never published
2026-09-13T07:52:20.527771,XLM,0.18011,67.12,50.33368715277777,60.41,BUY,BUY,15.84000015258789,0.18815996,0.17608502,0.00268332,2.0,67.12,BUY,BUY,0.18815996,0.17608502,2.0,squeeze,UNGATED_SHADOW,2026-09-13,True,shadow — never published
2026-09-13T07:52:20.527771,DOT,1.017,22.35,58.69318888888888,36.89,AVOID,SELL,15.84000015258789,0.9442404,1.0533798,0.0242532,2.0,22.35,AVOID,STRONG_SELL,0.9200115,1.0533798,2.67,squeeze,UNGATED_SHADOW,2026-09-13,True,shadow — never published
2026-09-13T07:52:20.527771,ALGO,0.09213,11.18,52.402625,27.67,AVOID,SELL,15.84000015258789,0.08720409,0.094592955,0.00164197,2.0,11.18,AVOID,STRONG_SELL,0.085563761,0.094592955,2.67,squeeze,UNGATED_SHADOW,2026-09-13,True,shadow — never published
2026-09-13T07:52:20.527771,ATOM,1.609,10.0,58.63568888888888,29.45,AVOID,SELL,15.84000015258789,1.5149846,1.6560077,0.0313385,2.0,10.0,AVOID,STRONG_SELL,1.4836775,1.6560077,2.67,squeeze,UNGATED_SHADOW,2026-09-13,True,shadow — never published
2026-09-13T07:52:20.527771,DOGE,0.08431,70.06,44.412640624999995,59.8,WATCH,WATCH,15.84000015258789,,,0.0012337253958100043,,70.06,BUY,BUY,0.088011176,0.082459412,2.0,squeeze,UNGATED_SHADOW,2026-09-13,True,shadow — never published
2026-09-13T07:52:20.527771,BCH,225.0,15.88,51.11916909722222,29.98,AVOID,SELL,15.84000015258789,212.90269,231.04866,4.03244,2.0,15.88,AVOID,STRONG_SELL,208.87429,231.04866,2.67,squeeze,UNGATED_SHADOW,2026-09-13,True,shadow — never published
2026-09-13T07:52:20.527771,TRX,0.3388,80.07,64.50393125,73.84,BUY,BUY,15.84000015258789,0.34651369,0.33494315,0.00257123,2.0,80.07,STRONG_BUY,STRONG_BUY,0.34908235,0.33494315,2.67,squeeze,UNGATED_SHADOW,2026-09-13,True,shadow — never published
2026-09-13T07:52:20.527771,VTHO,0.000894,9.41,63.85694444444444,31.19,AVOID,SELL,15.84000015258789,0.00063287236,0.00102456382,8.704255e-05,2.0,9.41,AVOID,STRONG_SELL,0.00054591686,0.00102456382,2.67,squeeze,UNGATED_SHADOW,2026-09-13,True,shadow — never published
2026-09-13T07:52:20.527771,NEAR,2.302,41.76,59.611807291666665,48.9,WATCH,WATCH,15.84000015258789,,,0.08435972843924545,,41.76,AVOID,WATCH,,,,squeeze,UNGATED_SHADOW,2026-09-13,True,shadow — never published
2026-09-13T07:52:20.527771,FET,0.1685,73.0,52.174733333333336,64.67,BUY,BUY,15.84000015258789,0.17704172,0.16422914,0.00284724,2.0,73.0,BUY,BUY,0.17704172,0.16422914,2.0,squeeze,UNGATED_SHADOW,2026-09-13,True,shadow — never published
2026-09-13T07:52:20.527771,AAVE,127.12,71.82,50.742025,63.39,BUY,BUY,15.84000015258789,130.99236,125.18382,1.29079,2.0,71.82,BUY,BUY,130.99236,125.18382,2.0,squeeze,UNGATED_SHADOW,2026-09-13,True,shadow — never published
2026-09-13T07:52:20.527771,UNI,6.37,59.74,53.986440862913604,57.44,WATCH,WATCH,29.649999618530273,,,0.15013462012498435,,59.74,WATCH,WATCH,,,,squeeze,UNGATED_SHADOW,2026-09-13,True,shadow — never published
2026-09-13T07:52:20.527771,GALA,0.001678,61.93,59.91871354166666,61.13,BUY,BUY,15.84000015258789,0.0017178486,0.0016580757,1.32829e-05,2.0,61.93,BUY,BUY,0.0017178486,0.0016580757,2.0,squeeze,UNGATED_SHADOW,2026-09-13,True,shadow — never published
2026-09-13T07:52:20.527771,OP,0.095,73.16,44.70541944444444,61.78,BUY,BUY,15.84000015258789,0.098150253,0.093424874,0.001050084,2.0,73.16,BUY,BUY,0.098150253,0.093424874,2.0,squeeze,UNGATED_SHADOW,2026-09-13,True,shadow — never published
2026-09-13T07:52:20.527771,ETC,7.57,48.82,48.26506076388889,48.6,WATCH,WATCH,15.84000015258789,,,0.12436076354144153,,48.82,WATCH,WATCH,,,,squeeze,UNGATED_SHADOW,2026-09-13,True,shadow — never published
2026-09-13T13:00:36.466567,BTC,76767.57,74.5,49.53787916666666,64.52,BUY,BUY,15.84000015258789,78465.789,75918.461,566.073,2.0,74.5,BUY,BUY,78465.789,75918.461,2.0,squeeze,UNGATED_SHADOW,2026-09-13,True,shadow — never published
2026-09-13T13:00:36.466567,ETH,2477.51,14.12,50.99943333333333,28.87,AVOID,SELL,15.84000015258789,2387.1701,2522.68,30.1133,2.0,14.12,AVOID,STRONG_SELL,2357.0869,2522.68,2.67,squeeze,UNGATED_SHADOW,2026-09-13,True,shadow — never published
2026-09-13T13:00:36.466567,ADA,0.20518,73.75,51.28290833333333,64.76,BUY,BUY,15.84000015258789,0.21656778,0.19948611,0.00379593,2.0,73.75,BUY,BUY,0.21656778,0.19948611,2.0,squeeze,UNGATED_SHADOW,2026-09-13,True,shadow — never published
2026-09-13T13:00:36.466567,BNB,715.33,35.29,50.554575,41.4,AVOID,WATCH,15.84000015258789,,,7.306813149032278,,35.29,AVOID,SELL,693.40956,726.29022,2.0,squeeze,UNGATED_SHADOW,2026-09-13,True,shadow — never published
2026-09-13T13:00:36.466567,XRP,1.3372,64.01,49.86923888888887,58.35,WATCH,WATCH,15.84000015258789,,,0.01890919759955918,,64.01,BUY,BUY,1.3939276,1.3088362,2.0,squeeze,UNGATED_SHADOW,2026-09-13,True,shadow — never published
2026-09-13T13:00:36.466567,LTC,53.63,41.18,58.13706805555555,47.96,WATCH,WATCH,15.84000015258789,,,0.7265489410958362,,41.18,AVOID,WATCH,,,,squeeze,UNGATED_SHADOW,2026-09-13,True,shadow — never published
2026-09-13T13:00:36.466567,VET,0.007757,34.71,55.124267708333335,42.88,AVOID,WATCH,15.84000015258789,,,0.00023852940800046424,,34.71,AVOID,SELL,0.0070414118,0.0081147941,2.0,squeeze,UNGATED_SHADOW,2026-09-13,True,shadow — never published
2026-09-13T13:00:36.466567,LINK,11.265,63.75,52.08091249999999,59.08,WATCH,WATCH,15.84000015258789,,,0.17643687943843317,,63.75,BUY,BUY,11.794311,11.000345,2.0,squeeze,UNGATED_SHADOW,2026-09-13,True,shadow — never published
2026-09-13T13:00:36.466567,AVAX,7.302,38.82,51.31335138888888,43.82,AVOID,WATCH,15.84000015258789,,,0.09989056873130263,,38.82,AVOID,SELL,7.0023283,7.4518359,2.0,squeeze,UNGATED_SHADOW,2026-09-13,True,shadow — never published
2026-09-13T13:00:36.466567,SOL,99.7,68.19,47.45738541666666,59.9,WATCH,WATCH,15.84000015258789,,,1.3437447396025266,,68.19,BUY,BUY,103.731234,97.684383,2.0,squeeze,UNGATED_SHADOW,2026-09-13,True,shadow — never published
2026-09-13T13:00:36.466567,XLM,0.17825,69.21,46.70341666666666,60.21,BUY,BUY,15.84000015258789,0.18569583,0.17452708,0.00248194,2.0,69.21,BUY,BUY,0.18569583,0.17452708,2.0,squeeze,UNGATED_SHADOW,2026-09-13,True,shadow — never published
2026-09-13T13:00:36.466567,DOT,1.012,21.18,58.48082222222222,36.1,AVOID,SELL,15.84000015258789,0.9437379,1.046131,0.022754,2.0,21.18,AVOID,STRONG_SELL,0.9210067,1.046131,2.67,squeeze,UNGATED_SHADOW,2026-09-13,True,shadow — never published
2026-09-13T13:00:36.466567,ALGO,0.09306,40.59,52.23827083333333,45.25,WATCH,WATCH,15.84000015258789,,,0.0014835354723941518,,40.59,AVOID,WATCH,,,,squeeze,UNGATED_SHADOW,2026-09-13,True,shadow — never published
2026-09-13T13:00:36.466567,ATOM,1.576,13.53,58.471111111111114,31.51,AVOID,SELL,15.84000015258789,1.4883694,1.6198153,0.0292102,2.0,13.53,AVOID,STRONG_SELL,1.4591884,1.6198153,2.67,squeeze,UNGATED_SHADOW,2026-09-13,True,shadow — never published
2026-09-13T13:00:36.466567,DOGE,0.08335,72.74,46.2347517361111,62.14,BUY,BUY,15.84000015258789,0.086816459,0.081616771,0.001155486,2.0,72.74,BUY,BUY,0.086816459,0.081616771,2.0,squeeze,UNGATED_SHADOW,2026-09-13,True,shadow — never published
2026-09-13T13:00:36.466567,BCH,223.0,28.24,51.439428125,37.52,AVOID,SELL,15.84000015258789,211.89263,228.55369,3.70246,2.0,28.24,AVOID,SELL,211.89263,228.55369,2.0,squeeze,UNGATED_SHADOW,2026-09-13,True,shadow — never published
2026-09-13T13:00:36.466567,TRX,0.3415,75.1,64.41844791666665,70.83,BUY,BUY,15.84000015258789,0.34869293,0.33790354,0.00239764,2.0,75.1,STRONG_BUY,STRONG_BUY,0.35108817,0.33790354,2.67,squeeze,UNGATED_SHADOW,2026-09-13,True,shadow — never published
2026-09-13T13:00:36.466567,VTHO,0.000835,4.12,64.29250694444443,28.19,AVOID,SELL,15.84000015258789,0.00057280321,0.00096609839,8.739893e-05,2.0,4.12,AVOID,STRONG_SELL,0.00048549168,0.00096609839,2.67,squeeze,UNGATED_SHADOW,2026-09-13,True,shadow — never published
2026-09-13T13:00:36.466567,NEAR,2.313,33.53,59.78323715277778,44.03,AVOID,WATCH,15.84000015258789,,,0.07734588829710454,,33.53,AVOID,SELL,2.0809623,2.4290188,2.0,squeeze,UNGATED_SHADOW,2026-09-13,True,shadow — never published
2026-09-13T13:00:36.466567,FET,0.1685,73.32,51.10679062499999,64.43,BUY,BUY,15.84000015258789,0.17586505,0.16481747,0.00245502,2.0,73.32,BUY,BUY,0.17586505,0.16481747,2.0,squeeze,UNGATED_SHADOW,2026-09-13,True,shadow — never published
2026-09-13T13:00:36.466567,AAVE,125.65,72.15,51.541282986111106,63.91,BUY,BUY,15.84000015258789,129.80014,123.57493,1.38338,2.0,72.15,BUY,BUY,129.80014,123.57493,2.0,squeeze,UNGATED_SHADOW,2026-09-13,True,shadow — never published
2026-09-13T13:00:36.466567,UNI,6.298,61.82,53.986440862913604,58.69,WATCH,WATCH,29.649999618530273,,,0.14185587143429776,,61.82,BUY,BUY,6.7235676,6.0852162,2.0,squeeze,UNGATED_SHADOW,2026-09-13,True,shadow — never published
2026-09-13T13:00:36.466567,GALA,0.001678,68.72,58.96686493055555,64.82,BUY,BUY,15.84000015258789,0.0017123593,0.0016608204,1.14531e-05,2.0,68.72,BUY,BUY,0.0017123593,0.0016608204,2.0,squeeze,UNGATED_SHADOW,2026-09-13,True,shadow — never published
2026-09-13T13:00:36.466567,OP,0.095,71.72,45.13884166666666,61.09,BUY,BUY,15.84000015258789,0.097716289,0.093641855,0.00090543,2.0,71.72,BUY,BUY,0.097716289,0.093641855,2.0,squeeze,UNGATED_SHADOW,2026-09-13,True,shadow — never published
2026-09-13T13:00:36.466567,ETC,7.55,63.1,48.43050104166666,57.23,WATCH,WATCH,15.84000015258789,,,0.11126004611481442,,63.1,BUY,BUY,7.8837801,7.3831099,2.0,squeeze,UNGATED_SHADOW,2026-09-13,True,shadow — never published
2026-09-13T16:55:13.989369,BTC,77288.98,75.25,50.63790208333333,65.41,BUY,BUY,15.84000015258789,79021.267,76422.836,577.429,2.0,75.25,STRONG_BUY,STRONG_BUY,79598.119,76422.836,2.67,squeeze,UNGATED_SHADOW,2026-09-13,True,shadow — never published
2026-09-13T16:55:13.989369,ETH,2504.12,17.65,54.672253819444435,32.46,AVOID,SELL,15.84000015258789,2412.8532,2549.7534,30.4223,2.0,17.65,AVOID,STRONG_SELL,2382.4614,2549.7534,2.67,squeeze,UNGATED_SHADOW,2026-09-13,True,shadow — never published
2026-09-13T16:55:13.989369,ADA,0.20704,74.5,49.46635555555555,64.49,BUY,BUY,15.84000015258789,0.21837631,0.20137185,0.00377877,2.0,74.5,BUY,BUY,0.21837631,0.20137185,2.0,squeeze,UNGATED_SHADOW,2026-09-13,True,shadow — never published
2026-09-13T16:55:13.989369,BNB,721.45,37.06,50.16402222222222,42.3,AVOID,WATCH,15.84000015258789,,,7.278469352672829,,37.06,AVOID,SELL,699.61459,732.3677,2.0,squeeze,UNGATED_SHADOW,2026-09-13,True,shadow — never published
2026-09-13T16:55:13.989369,XRP,1.3508,69.47,47.26666111111111,60.59,BUY,BUY,15.84000015258789,1.407518,1.322441,0.018906,2.0,69.47,BUY,BUY,1.407518,1.322441,2.0,squeeze,UNGATED_SHADOW,2026-09-13,True,shadow — never published
2026-09-13T16:55:13.989369,LTC,54.69,32.35,59.565847222222224,43.24,AVOID,WATCH,15.84000015258789,,,0.7525607514257259,,32.35,AVOID,SELL,52.432318,55.818841,2.0,squeeze,UNGATED_SHADOW,2026-09-13,True,shadow — never published
2026-09-13T16:55:13.989369,VET,0.007757,34.71,55.094846875,42.86,AVOID,WATCH,15.84000015258789,,,0.00022149159314328824,,34.71,AVOID,SELL,0.0070925252,0.0080892374,2.0,squeeze,UNGATED_SHADOW,2026-09-13,True,shadow — never published
2026-09-13T16:55:13.989369,LINK,11.32,70.97,51.796575,63.3,BUY,BUY,15.84000015258789,11.835135,11.062432,0.171712,2.0,70.97,BUY,BUY,11.835135,11.062432,2.0,squeeze,UNGATED_SHADOW,2026-09-13,True,shadow — never published
2026-09-13T16:55:13.989369,AVAX,7.385,67.22,50.04822361111111,60.35,BUY,BUY,15.84000015258789,7.7009809,7.2270096,0.105327,2.0,67.22,BUY,BUY,7.7009809,7.2270096,2.0,squeeze,UNGATED_SHADOW,2026-09-13,True,shadow — never published
2026-09-13T16:55:13.989369,SOL,100.7,70.71,48.728015625,61.92,BUY,BUY,15.84000015258789,104.77558,98.66221,1.35853,2.0,70.71,BUY,BUY,104.77558,98.66221,2.0,squeeze,UNGATED_SHADOW,2026-09-13,True,shadow — never published
2026-09-13T16:55:13.989369,XLM,0.17842,69.37,50.731571180555555,61.91,BUY,BUY,15.84000015258789,0.18578552,0.17473724,0.00245517,2.0,69.37,BUY,BUY,0.18578552,0.17473724,2.0,squeeze,UNGATED_SHADOW,2026-09-13,True,shadow — never published
2026-09-13T16:55:13.989369,DOT,1.024,23.53,58.69318888888888,37.6,AVOID,SELL,15.84000015258789,0.9560679,1.0579661,0.022644,2.0,23.53,AVOID,STRONG_SELL,0.9334465,1.0579661,2.67,squeeze,UNGATED_SHADOW,2026-09-13,True,shadow — never published
2026-09-13T16:55:13.989369,ALGO,0.094,48.24,52.71338854166667,50.03,WATCH,WATCH,15.84000015258789,,,0.001443589061100692,,48.24,WATCH,WATCH,,,,squeeze,UNGATED_SHADOW,2026-09-13,True,shadow — never published
2026-09-13T16:55:13.989369,ATOM,1.595,14.71,58.471111111111114,32.21,AVOID,SELL,15.84000015258789,1.5060675,1.6394663,0.0296442,2.0,14.71,AVOID,STRONG_SELL,1.476453,1.6394663,2.67,squeeze,UNGATED_SHADOW,2026-09-13,True,shadow — never published
2026-09-13T16:55:13.989369,DOGE,0.08379,74.66,45.11289479166667,62.84,BUY,BUY,15.84000015258789,0.087199569,0.082085216,0.001136523,2.0,74.66,BUY,BUY,0.087199569,0.082085216,2.0,squeeze,UNGATED_SHADOW,2026-09-13,True,shadow — never published
2026-09-13T16:55:13.989369,BCH,223.7,55.29,51.11916909722222,53.62,WATCH,WATCH,15.84000015258789,,,3.6385072058934615,,55.29,WATCH,WATCH,,,,squeeze,UNGATED_SHADOW,2026-09-13,True,shadow — never published
2026-09-13T16:55:13.989369,TRX,0.342,74.09,63.19034374999998,69.73,BUY,BUY,15.84000015258789,0.34927149,0.33836425,0.00242383,2.0,74.09,BUY,BUY,0.34927149,0.33836425,2.0,squeeze,UNGATED_SHADOW,2026-09-13,True,shadow — never published
2026-09-13T16:55:13.989369,VTHO,0.000788,4.12,64.29250694444443,28.19,AVOID,SELL,15.84000015258789,0.00053498053,0.00091450973,8.433982e-05,2.0,4.12,AVOID,STRONG_SELL,0.00045072505,0.00091450973,2.67,squeeze,UNGATED_SHADOW,2026-09-13,True,shadow — never published
2026-09-13T16:55:13.989369,NEAR,2.297,26.47,59.78323715277778,39.8,AVOID,SELL,15.84000015258789,2.0795007,2.4057496,0.0724998,2.0,26.47,AVOID,SELL,2.0795007,2.4057496,2.0,squeeze,UNGATED_SHADOW,2026-09-13,True,shadow — never published
2026-09-13T16:55:13.989369,FET,0.1674,74.07,52.174733333333336,65.31,BUY,BUY,15.84000015258789,0.17495377,0.16362311,0.00251792,2.0,74.07,BUY,BUY,0.17495377,0.16362311,2.0,squeeze,UNGATED_SHADOW,2026-09-13,True,shadow — never published
2026-09-13T16:55:13.989369,AAVE,126.02,72.9,51.23754722222222,64.24,BUY,BUY,15.84000015258789,130.2986,123.8807,1.4262,2.0,72.9,BUY,BUY,130.2986,123.8807,2.0,squeeze,UNGATED_SHADOW,2026-09-13,True,shadow — never published
2026-09-13T16:55:13.989369,UNI,6.263,64.93,53.986440862913604,60.55,BUY,BUY,29.649999618530273,6.6762771,6.0563615,0.137759,2.0,64.93,BUY,BUY,6.6762771,6.0563615,2.0,squeeze,UNGATED_SHADOW,2026-09-13,True,shadow — never published
2026-09-13T16:55:13.989369,GALA,0.001678,73.0,58.96686493055555,67.39,BUY,BUY,15.84000015258789,0.0017099051,0.0016620475,1.0635e-05,2.0,73.0,BUY,BUY,0.0017099051,0.0016620475,2.0,squeeze,UNGATED_SHADOW,2026-09-13,True,shadow — never published
2026-09-13T16:55:13.989369,OP,0.095,71.88,46.585134375,61.76,BUY,BUY,15.84000015258789,0.097522269,0.093738866,0.000840756,2.0,71.88,BUY,BUY,0.097522269,0.093738866,2.0,squeeze,UNGATED_SHADOW,2026-09-13,True,shadow — never published
2026-09-13T16:55:13.989369,ETC,7.65,67.38,51.55182465277778,61.05,BUY,BUY,15.84000015258789,7.985653,7.4821735,0.1118843,2.0,67.38,BUY,BUY,7.985653,7.4821735,2.0,squeeze,UNGATED_SHADOW,2026-09-13,True,shadow — never published
2026-09-13T19:09:47.180027,BTC,77348.78,75.25,50.53283680555555,65.36,BUY,BUY,15.84000015258789,79088.726,76478.807,579.982,2.0,75.25,STRONG_BUY,STRONG_BUY,79668.128,76478.807,2.67,squeeze,UNGATED_SHADOW,2026-09-13,True,shadow — never published
2026-09-13T19:09:47.180027,ETH,2512.84,17.06,53.89884687499999,31.8,AVOID,SELL,15.84000015258789,2419.3275,2559.5962,31.1708,2.0,17.06,AVOID,STRONG_SELL,2388.1879,2559.5962,2.67,squeeze,UNGATED_SHADOW,2026-09-13,True,shadow — never published
2026-09-13T19:09:47.180027,ADA,0.20918,74.5,51.928321874999995,65.47,BUY,BUY,15.84000015258789,0.22102417,0.20325792,0.00394806,2.0,74.5,BUY,BUY,0.22102417,0.20325792,2.0,squeeze,UNGATED_SHADOW,2026-09-13,True,shadow — never published
2026-09-13T19:09:47.180027,BNB,722.28,37.06,51.48432604166666,42.83,AVOID,WATCH,15.84000015258789,,,7.364897924101395,,37.06,AVOID,SELL,700.18531,733.32735,2.0,squeeze,UNGATED_SHADOW,2026-09-13,True,shadow — never published
2026-09-13T19:09:47.180027,XRP,1.3591,70.06,47.93214375,61.21,BUY,BUY,15.84000015258789,1.4177894,1.3297553,0.0195631,2.0,70.06,BUY,BUY,1.4177894,1.3297553,2.0,squeeze,UNGATED_SHADOW,2026-09-13,True,shadow — never published
2026-09-13T19:09:47.180027,LTC,55.25,27.65,59.82750416666667,40.52,AVOID,WATCH,15.84000015258789,,,0.792560751425726,,27.65,AVOID,SELL,52.872318,56.438841,2.0,squeeze,UNGATED_SHADOW,2026-09-13,True,shadow — never published
2026-09-13T19:09:47.180027,VET,0.007821,34.12,55.73447048611111,42.77,AVOID,WATCH,15.84000015258789,,,0.00022677730742900248,,34.12,AVOID,SELL,0.0071406681,0.008161166,2.0,squeeze,UNGATED_SHADOW,2026-09-13,True,shadow — never published
2026-09-13T19:09:47.180027,LINK,11.458,74.5,51.61775,65.35,BUY,BUY,15.84000015258789,12.009993,11.182004,0.183998,2.0,74.5,BUY,BUY,12.009993,11.182004,2.0,squeeze,UNGATED_SHADOW,2026-09-13,True,shadow — never published
2026-09-13T19:09:47.180027,AVAX,7.445,67.22,48.851105555555556,59.87,WATCH,WATCH,15.84000015258789,,,0.1065412423933525,,67.22,BUY,BUY,7.7646237,7.2851881,2.0,squeeze,UNGATED_SHADOW,2026-09-13,True,shadow — never published
2026-09-13T19:09:47.180027,SOL,101.29,70.12,48.52789965277777,61.48,BUY,BUY,15.84000015258789,105.44058,99.21471,1.38353,2.0,70.12,BUY,BUY,105.44058,99.21471,2.0,squeeze,UNGATED_SHADOW,2026-09-13,True,shadow — never published
2026-09-13T19:09:47.180027,XLM,0.18016,68.78,50.468013541666664,61.46,BUY,BUY,15.84000015258789,0.18785123,0.17631438,0.00256374,2.0,68.78,BUY,BUY,0.18785123,0.17631438,2.0,squeeze,UNGATED_SHADOW,2026-09-13,True,shadow — never published
2026-09-13T19:09:47.180027,DOT,1.024,23.53,58.828888888888876,37.65,AVOID,SELL,15.84000015258789,0.9560679,1.0579661,0.022644,2.0,23.53,AVOID,STRONG_SELL,0.9334465,1.0579661,2.67,squeeze,UNGATED_SHADOW,2026-09-13,True,shadow — never published
2026-09-13T19:09:47.180027,ALGO,0.0963,41.76,56.38717534722221,47.61,WATCH,WATCH,15.84000015258789,,,0.001607874775386406,,41.76,AVOID,WATCH,,,,squeeze,UNGATED_SHADOW,2026-09-13,True,shadow — never published
2026-09-13T19:09:47.180027,ATOM,1.611,14.71,58.7397,32.32,AVOID,SELL,15.84000015258789,1.5186389,1.6571805,0.030787,2.0,14.71,AVOID,STRONG_SELL,1.4878827,1.6571805,2.67,squeeze,UNGATED_SHADOW,2026-09-13,True,shadow — never published
2026-09-13T19:09:47.180027,DOGE,0.0846,74.66,44.84476909722222,62.73,BUY,BUY,15.84000015258789,0.088191712,0.082804144,0.001197237,2.0,74.66,BUY,BUY,0.088191712,0.082804144,2.0,squeeze,UNGATED_SHADOW,2026-09-13,True,shadow — never published
2026-09-13T19:09:47.180027,BCH,224.2,57.22,51.439428125,54.91,WATCH,WATCH,15.84000015258789,,,3.71707863446489,,57.22,WATCH,WATCH,,,,squeeze,UNGATED_SHADOW,2026-09-13,True,shadow — never published
2026-09-13T19:09:47.180027,TRX,0.3398,75.85,63.53828263888888,70.93,BUY,BUY,15.84000015258789,0.34754292,0.33592854,0.00258097,2.0,75.85,STRONG_BUY,STRONG_BUY,0.35012132,0.33592854,2.67,squeeze,UNGATED_SHADOW,2026-09-13,True,shadow — never published
2026-09-13T19:09:47.180027,VTHO,0.000824,3.53,64.43641666666666,27.89,AVOID,SELL,15.84000015258789,0.00056240911,0.00095479545,8.719696e-05,2.0,3.53,AVOID,STRONG_SELL,0.00047529934,0.00095479545,2.67,squeeze,UNGATED_SHADOW,2026-09-13,True,shadow — never published
2026-09-13T19:09:47.180027,NEAR,2.36,29.41,60.24363645833333,41.74,AVOID,WATCH,15.84000015258789,,,0.07828546770445423,,29.41,AVOID,SELL,2.1251436,2.4774282,2.0,squeeze,UNGATED_SHADOW,2026-09-13,True,shadow — never published
2026-09-13T19:09:47.180027,FET,0.1723,72.9,54.87357569444444,65.69,BUY,BUY,15.84000015258789,0.18113949,0.16788026,0.0029465,2.0,72.9,BUY,BUY,0.18113949,0.16788026,2.0,squeeze,UNGATED_SHADOW,2026-09-13,True,shadow — never published
2026-09-13T19:09:47.180027,AAVE,127.15,71.13,51.51795555555555,63.29,BUY,BUY,15.84000015258789,131.5936,124.9282,1.4812,2.0,71.13,BUY,BUY,131.5936,124.9282,2.0,squeeze,UNGATED_SHADOW,2026-09-13,True,shadow — never published
2026-09-13T19:09:47.180027,UNI,6.383,61.4,53.986440862913604,58.43,WATCH,WATCH,29.649999618530273,,,0.14633045204613365,,61.4,BUY,BUY,6.8219914,6.1635043,2.0,squeeze,UNGATED_SHADOW,2026-09-13,True,shadow — never published
2026-09-13T19:09:47.180027,GALA,0.001678,73.0,59.91871354166666,67.77,BUY,BUY,15.84000015258789,0.0017099051,0.0016620475,1.0635e-05,2.0,73.0,BUY,BUY,0.0017099051,0.0016620475,2.0,squeeze,UNGATED_SHADOW,2026-09-13,True,shadow — never published
2026-09-13T19:09:47.180027,OP,0.095,71.88,49.7559,63.03,BUY,BUY,15.84000015258789,0.097522269,0.093738866,0.000840756,2.0,71.88,BUY,BUY,0.097522269,0.093738866,2.0,squeeze,UNGATED_SHADOW,2026-09-13,True,shadow — never published
2026-09-13T19:09:47.180027,ETC,7.66,67.38,51.41724270833333,60.99,BUY,BUY,15.84000015258789,7.9977958,7.4911021,0.1125986,2.0,67.38,BUY,BUY,7.9977958,7.4911021,2.0,squeeze,UNGATED_SHADOW,2026-09-13,True,shadow — never published
2026-09-13T21:59:33.855417,BTC,77316.44,75.41,50.53283680555555,65.46,BUY,BUY,15.84000015258789,78973.95,76487.685,552.503,2.0,75.41,STRONG_BUY,STRONG_BUY,79525.9,76487.685,2.67,squeeze,UNGATED_SHADOW,2026-09-13,True,shadow — never published
2026-09-13T21:59:33.855417,ETH,2509.22,21.18,54.03136840277777,34.32,AVOID,SELL,15.84000015258789,2420.2806,2553.6897,29.6465,2.0,21.18,AVOID,STRONG_SELL,2390.6637,2553.6897,2.67,squeeze,UNGATED_SHADOW,2026-09-13,True,shadow — never published
2026-09-13T21:59:33.855417,ADA,0.20775,75.25,51.51946493055555,65.76,BUY,BUY,15.84000015258789,0.21905887,0.20209557,0.00376962,2.0,75.25,STRONG_BUY,STRONG_BUY,0.22282472,0.20209557,2.67,squeeze,UNGATED_SHADOW,2026-09-13,True,shadow — never published
2026-09-13T21:59:33.855417,BNB,722.28,41.76,51.48432604166666,45.65,WATCH,WATCH,15.84000015258789,,,6.9459766438084385,,41.76,AVOID,WATCH,,,,squeeze,UNGATED_SHADOW,2026-09-13,True,shadow — never published
2026-09-13T21:59:33.855417,XRP,1.3578,70.22,46.60566666666666,60.77,BUY,BUY,15.84000015258789,1.4139687,1.3297156,0.0187229,2.0,70.22,BUY,BUY,1.4139687,1.3297156,2.0,squeeze,UNGATED_SHADOW,2026-09-13,True,shadow — never published
2026-09-13T21:59:33.855417,LTC,54.68,32.35,59.44311666666666,43.19,AVOID,WATCH,15.84000015258789,,,0.7588064120381742,,32.35,AVOID,SELL,52.403581,55.81821,2.0,squeeze,UNGATED_SHADOW,2026-09-13,True,shadow — never published
2026-09-13T21:59:33.855417,VET,0.007883,39.41,55.921089930555546,46.01,WATCH,WATCH,15.84000015258789,,,0.00021726260179631856,,39.41,AVOID,SELL,0.0072312122,0.0082088939,2.0,squeeze,UNGATED_SHADOW,2026-09-13,True,shadow — never published
2026-09-13T21:59:33.855417,LINK,11.453,75.25,51.61775,65.8,BUY,BUY,15.84000015258789,11.972207,11.193396,0.173069,2.0,75.25,STRONG_BUY,STRONG_BUY,12.145103,11.193396,2.67,squeeze,UNGATED_SHADOW,2026-09-13,True,shadow — never published
2026-09-13T21:59:33.855417,AVAX,7.45,69.74,49.1213875,61.49,BUY,BUY,15.84000015258789,7.7478649,7.3010676,0.0992883,2.0,69.74,BUY,BUY,7.7478649,7.3010676,2.0,squeeze,UNGATED_SHADOW,2026-09-13,True,shadow — never published
2026-09-13T21:59:33.855417,SOL,101.36,75.57,49.87173055555555,65.29,BUY,BUY,15.84000015258789,105.37269,99.35366,1.33756,2.0,75.57,STRONG_BUY,STRONG_BUY,106.70891,99.35366,2.67,squeeze,UNGATED_SHADOW,2026-09-13,True,shadow — never published
2026-09-13T21:59:33.855417,XLM,0.18034,70.71,51.26502743055555,62.93,BUY,BUY,15.84000015258789,0.18780757,0.17660621,0.00248919,2.0,70.71,BUY,BUY,0.18780757,0.17660621,2.0,squeeze,UNGATED_SHADOW,2026-09-13,True,shadow — never published
2026-09-13T21:59:33.855417,DOT,1.018,24.12,58.52407499999999,37.88,AVOID,SELL,15.84000015258789,0.9542926,1.0498537,0.0212358,2.0,24.12,AVOID,STRONG_SELL,0.9330781,1.0498537,2.67,squeeze,UNGATED_SHADOW,2026-09-13,True,shadow — never published
2026-09-13T21:59:33.855417,ALGO,0.0988,28.82,54.68190104166666,39.16,AVOID,SELL,15.84000015258789,0.093401022,0.101499489,0.001799659,2.0,28.82,AVOID,SELL,0.093401022,0.101499489,2.0,squeeze,UNGATED_SHADOW,2026-09-13,True,shadow — never published
2026-09-13T21:59:33.855417,ATOM,1.602,15.29,58.471111111111114,32.56,AVOID,SELL,15.84000015258789,1.5155933,1.6452034,0.0288022,2.0,15.29,AVOID,STRONG_SELL,1.4868198,1.6452034,2.67,squeeze,UNGATED_SHADOW,2026-09-13,True,shadow — never published
2026-09-13T21:59:33.855417,DOGE,0.08403,76.0,44.983487847222214,63.59,BUY,BUY,15.84000015258789,0.087461589,0.082314205,0.001143863,2.0,76.0,STRONG_BUY,STRONG_BUY,0.088604309,0.082314205,2.67,squeeze,UNGATED_SHADOW,2026-09-13,True,shadow — never published
2026-09-13T21:59:33.855417,BCH,224.6,54.12,51.11916909722222,52.92,WATCH,WATCH,15.84000015258789,,,3.5158587320031125,,54.12,WATCH,WATCH,,,,squeeze,UNGATED_SHADOW,2026-09-13,True,shadow — never published
2026-09-13T21:59:33.855417,TRX,0.3429,73.07,63.19034374999998,69.12,BUY,BUY,15.84000015258789,0.35036843,0.33916579,0.00248948,2.0,73.07,BUY,BUY,0.35036843,0.33916579,2.0,squeeze,UNGATED_SHADOW,2026-09-13,True,shadow — never published
2026-09-13T21:59:33.855417,VTHO,0.000807,3.53,63.85694444444444,27.66,AVOID,SELL,15.84000015258789,0.00056173703,0.00092963149,8.175432e-05,2.0,3.53,AVOID,STRONG_SELL,0.00048006446,0.00092963149,2.67,squeeze,UNGATED_SHADOW,2026-09-13,True,shadow — never published
2026-09-13T21:59:33.855417,NEAR,2.334,29.41,59.42948437499999,41.42,AVOID,WATCH,15.84000015258789,,,0.07455079143985036,,29.41,AVOID,SELL,2.1103476,2.4458262,2.0,squeeze,UNGATED_SHADOW,2026-09-13,True,shadow — never published
2026-09-13T21:59:33.855417,FET,0.1719,73.06,54.99790347222223,65.84,BUY,BUY,15.84000015258789,0.18034381,0.1676781,0.0028146,2.0,73.06,BUY,BUY,0.18034381,0.1676781,2.0,squeeze,UNGATED_SHADOW,2026-09-13,True,shadow — never published
2026-09-13T21:59:33.855417,AAVE,127.15,71.88,51.35641249999999,63.67,BUY,BUY,15.84000015258789,131.2762,125.0869,1.3754,2.0,71.88,BUY,BUY,131.2762,125.0869,2.0,squeeze,UNGATED_SHADOW,2026-09-13,True,shadow — never published
2026-09-13T21:59:33.855417,UNI,6.275,66.26,53.986440862913604,61.35,BUY,BUY,29.649999618530273,6.698645,6.0631775,0.141215,2.0,66.26,BUY,BUY,6.698645,6.0631775,2.0,squeeze,UNGATED_SHADOW,2026-09-13,True,shadow — never published
2026-09-13T21:59:33.855417,GALA,0.001678,73.75,59.91871354166666,68.22,BUY,BUY,15.84000015258789,0.0017076261,0.0016631869,9.8754e-06,2.0,73.75,BUY,BUY,0.0017076261,0.0016631869,2.0,squeeze,UNGATED_SHADOW,2026-09-13,True,shadow — never published
2026-09-13T21:59:33.855417,OP,0.095,71.46,48.25541354166666,62.18,BUY,BUY,15.84000015258789,0.097342107,0.093828947,0.000780702,2.0,71.46,BUY,BUY,0.097342107,0.093828947,2.0,squeeze,UNGATED_SHADOW,2026-09-13,True,shadow — never published
2026-09-13T21:59:33.855417,ETC,7.66,69.31,49.07790312499999,61.22,BUY,BUY,15.84000015258789,7.9736676,7.5031662,0.1045559,2.0,69.31,BUY,BUY,7.9736676,7.5031662,2.0,squeeze,UNGATED_SHADOW,2026-09-13,True,shadow — never published
2026-09-13T23:56:59.613379,BTC,76827.78,75.41,49.208595833333334,64.93,BUY,BUY,15.84000015258789,78618.01,75932.665,596.743,2.0,75.41,STRONG_BUY,STRONG_BUY,79214.156,75932.665,2.67,squeeze,UNGATED_SHADOW,2026-09-13,True,shadow — never published
2026-09-13T23:56:59.613379,ETH,2475.01,20.59,51.586859722222215,32.99,AVOID,SELL,15.84000015258789,2378.5384,2523.2458,32.1572,2.0,20.59,AVOID,STRONG_SELL,2346.4134,2523.2458,2.67,squeeze,UNGATED_SHADOW,2026-09-13,True,shadow — never published
2026-09-13T23:56:59.613379,ADA,0.20428,74.66,51.62925,65.45,BUY,BUY,15.84000015258789,0.21670744,0.19806628,0.00414248,2.0,74.66,BUY,BUY,0.21670744,0.19806628,2.0,squeeze,UNGATED_SHADOW,2026-09-13,True,shadow — never published
2026-09-13T23:56:59.613379,BNB,716.97,41.18,50.45075555555555,44.89,AVOID,WATCH,15.84000015258789,,,7.31097664380844,,41.18,AVOID,WATCH,,,,squeeze,UNGATED_SHADOW,2026-09-13,True,shadow — never published
2026-09-13T23:56:59.613379,XRP,1.3414,67.87,49.86923888888887,60.67,BUY,BUY,15.84000015258789,1.4017473,1.3112264,0.0201158,2.0,67.87,BUY,BUY,1.4017473,1.3112264,2.0,squeeze,UNGATED_SHADOW,2026-09-13,True,shadow — never published
2026-09-13T23:56:59.613379,LTC,53.82,38.82,59.848875,47.23,WATCH,WATCH,15.84000015258789,,,0.8416635548953169,,38.82,AVOID,SELL,51.295009,55.082495,2.0,squeeze,UNGATED_SHADOW,2026-09-13,True,shadow — never published
2026-09-13T23:56:59.613379,VET,0.007658,40.59,55.124267708333335,46.4,WATCH,WATCH,15.84000015258789,,,0.00022890545893917568,,40.59,AVOID,WATCH,,,,squeeze,UNGATED_SHADOW,2026-09-13,True,shadow — never published
2026-09-13T23:56:59.613379,LINK,11.216,68.78,52.08091249999999,62.1,BUY,BUY,15.84000015258789,11.790064,10.928968,0.191355,2.0,68.78,BUY,BUY,11.790064,10.928968,2.0,squeeze,UNGATED_SHADOW,2026-09-13,True,shadow — never published
2026-09-13T23:56:59.613379,AVAX,7.299,68.56,52.11177083333334,61.98,BUY,BUY,15.84000015258789,7.629222,7.133889,0.110074,2.0,68.56,BUY,BUY,7.629222,7.133889,2.0,squeeze,UNGATED_SHADOW,2026-09-13,True,shadow — never published
2026-09-13T23:56:59.613379,SOL,99.24,68.51,47.06480416666666,59.93,WATCH,WATCH,15.84000015258789,,,1.4532762587097587,,68.51,BUY,BUY,103.599829,97.060086,2.0,squeeze,UNGATED_SHADOW,2026-09-13,True,shadow — never published
2026-09-13T23:56:59.613379,XLM,0.17729,69.53,46.99973333333333,60.52,BUY,BUY,15.84000015258789,0.18540257,0.17323371,0.00270419,2.0,69.53,BUY,BUY,0.18540257,0.17323371,2.0,squeeze,UNGATED_SHADOW,2026-09-13,True,shadow — never published
2026-09-13T23:56:59.613379,DOT,1.003,21.18,59.043299999999995,36.33,AVOID,SELL,15.84000015258789,0.9360783,1.0364608,0.0223072,2.0,21.18,AVOID,STRONG_SELL,0.9137934,1.0364608,2.67,squeeze,UNGATED_SHADOW,2026-09-13,True,shadow — never published
2026-09-13T23:56:59.613379,ALGO,0.09437,55.88,51.513076041666665,54.13,WATCH,WATCH,15.84000015258789,,,0.0019675163730628873,,55.88,WATCH,WATCH,,,,squeeze,UNGATED_SHADOW,2026-09-13,True,shadow — never published
2026-09-13T23:56:59.613379,ATOM,1.602,15.29,57.365673611111106,32.12,AVOID,SELL,15.84000015258789,1.5155933,1.6452034,0.0288022,2.0,15.29,AVOID,STRONG_SELL,1.4868198,1.6452034,2.67,squeeze,UNGATED_SHADOW,2026-09-13,True,shadow — never published
2026-09-13T23:56:59.613379,DOGE,0.08261,71.29,50.33745659722222,62.91,BUY,BUY,15.84000015258789,0.086435875,0.080697062,0.001275292,2.0,71.29,BUY,BUY,0.086435875,0.080697062,2.0,squeeze,UNGATED_SHADOW,2026-09-13,True,shadow — never published
2026-09-13T23:56:59.613379,BCH,221.1,48.24,52.19708645833334,49.82,WATCH,WATCH,15.84000015258789,,,3.7944301605745396,,48.24,WATCH,WATCH,,,,squeeze,UNGATED_SHADOW,2026-09-13,True,shadow — never published
2026-09-13T23:56:59.613379,TRX,0.3397,74.84,62.60463437499999,69.95,BUY,BUY,15.84000015258789,0.34763986,0.33573007,0.00264662,2.0,74.84,BUY,BUY,0.34763986,0.33573007,2.0,squeeze,UNGATED_SHADOW,2026-09-13,True,shadow — never published
2026-09-13T23:56:59.613379,VTHO,0.000774,3.53,64.72231944444444,28.01,AVOID,SELL,15.84000015258789,0.00052359417,0.00089920292,8.346861e-05,2.0,3.53,AVOID,STRONG_SELL,0.00044020903,0.00089920292,2.67,squeeze,UNGATED_SHADOW,2026-09-13,True,shadow — never published
2026-09-13T23:56:59.613379,NEAR,2.3,27.06,59.611807291666665,40.08,AVOID,WATCH,15.84000015258789,,,0.07747936286842178,,27.06,AVOID,SELL,2.0675619,2.416219,2.0,squeeze,UNGATED_SHADOW,2026-09-13,True,shadow — never published
2026-09-13T23:56:59.613379,FET,0.1657,73.65,51.161543402777774,64.65,BUY,BUY,15.84000015258789,0.17547238,0.16081381,0.00325746,2.0,73.65,BUY,BUY,0.17547238,0.16081381,2.0,squeeze,UNGATED_SHADOW,2026-09-13,True,shadow — never published
2026-09-13T23:56:59.613379,AAVE,124.73,73.65,51.1451,64.65,BUY,BUY,15.84000015258789,129.57835,122.30583,1.61612,2.0,73.65,BUY,BUY,129.57835,122.30583,2.0,squeeze,UNGATED_SHADOW,2026-09-13,True,shadow — never published
2026-09-13T23:56:59.613379,UNI,6.13,66.26,53.986440862913604,61.35,BUY,BUY,29.649999618530273,6.5780736,5.9059632,0.1493579,2.0,66.26,BUY,BUY,6.5780736,5.9059632,2.0,squeeze,UNGATED_SHADOW,2026-09-13,True,shadow — never published
2026-09-13T23:56:59.613379,GALA,0.001655,73.16,58.96686493055555,67.48,BUY,BUY,15.84000015258789,0.0016895547,0.0016377227,1.15182e-05,2.0,73.16,BUY,BUY,0.0016895547,0.0016377227,2.0,squeeze,UNGATED_SHADOW,2026-09-13,True,shadow — never published
2026-09-13T23:56:59.613379,OP,0.095,71.46,45.13168611111111,60.93,BUY,BUY,15.84000015258789,0.097342107,0.093828947,0.000780702,2.0,71.46,BUY,BUY,0.097342107,0.093828947,2.0,squeeze,UNGATED_SHADOW,2026-09-13,True,shadow — never published
2026-09-13T23:56:59.613379,ETC,7.4,63.43,49.29524513888889,57.78,WATCH,WATCH,15.84000015258789,,,0.12312728466022262,,63.43,BUY,BUY,7.7693819,7.2153091,2.0,squeeze,UNGATED_SHADOW,2026-09-13,True,shadow — never published
2026-09-14T03:08:52.218628,BTC,77763.7,75.57,51.7946423611111,66.06,BUY,BUY,15.84000015258789,79718.507,76786.297,651.602,2.0,75.57,STRONG_BUY,STRONG_BUY,80369.457,76786.297,2.67,squeeze,UNGATED_SHADOW,2026-09-14,True,shadow — never published
2026-09-14T03:08:52.218628,ETH,2516.6,22.35,53.85653645833333,34.95,AVOID,SELL,15.84000015258789,2416.0392,2566.8804,33.5203,2.0,22.35,AVOID,STRONG_SELL,2382.5525,2566.8804,2.67,squeeze,UNGATED_SHADOW,2026-09-14,True,shadow — never published
2026-09-14T03:08:52.218628,ADA,0.20804,76.0,51.78131354166666,66.31,BUY,BUY,15.84000015258789,0.22082048,0.20164976,0.00426016,2.0,76.0,STRONG_BUY,STRONG_BUY,0.22507638,0.20164976,2.67,squeeze,UNGATED_SHADOW,2026-09-14,True,shadow — never published
2026-09-14T03:08:52.218628,BNB,723.52,42.35,51.275856597222216,45.92,WATCH,WATCH,15.84000015258789,,,7.54876402639355,,42.35,AVOID,WATCH,,,,squeeze,UNGATED_SHADOW,2026-09-14,True,shadow — never published
2026-09-14T03:08:52.218628,XRP,1.3711,65.09,50.554575,59.28,WATCH,WATCH,15.84000015258789,,,0.021343211155956922,,65.09,BUY,BUY,1.4351296,1.3390852,2.0,squeeze,UNGATED_SHADOW,2026-09-14,True,shadow — never published
2026-09-14T03:08:52.218628,LTC,54.32,43.53,59.72176805555555,50.01,WATCH,WATCH,15.84000015258789,,,0.8422590152599372,,43.53,AVOID,WATCH,,,,squeeze,UNGATED_SHADOW,2026-09-14,True,shadow — never published
2026-09-14T03:08:52.218628,VET,0.007903,38.82,55.951021874999995,45.67,WATCH,WATCH,15.84000015258789,,,0.00023005506901494887,,38.82,AVOID,SELL,0.0072128348,0.0082480826,2.0,squeeze,UNGATED_SHADOW,2026-09-14,True,shadow — never published
2026-09-14T03:08:52.218628,LINK,11.435,71.29,51.94224166666666,63.55,BUY,BUY,15.84000015258789,12.033846,11.135577,0.199615,2.0,71.29,BUY,BUY,12.033846,11.135577,2.0,squeeze,UNGATED_SHADOW,2026-09-14,True,shadow — never published
2026-09-14T03:08:52.218628,AVAX,7.428,70.49,49.6294,62.15,BUY,BUY,15.84000015258789,7.7652776,7.2593612,0.1124259,2.0,70.49,BUY,BUY,7.7652776,7.2593612,2.0,squeeze,UNGATED_SHADOW,2026-09-14,True,shadow — never published
2026-09-14T03:08:52.218628,SOL,101.18,72.79,49.87831111111111,63.63,BUY,BUY,15.84000015258789,105.68698,98.92651,1.50233,2.0,72.79,BUY,BUY,105.68698,98.92651,2.0,squeeze,UNGATED_SHADOW,2026-09-14,True,shadow — never published
2026-09-14T03:08:52.218628,XLM,0.17976,69.1,51.69345833333333,62.14,BUY,BUY,15.84000015258789,0.18791882,0.17568059,0.00271961,2.0,69.1,BUY,BUY,0.18791882,0.17568059,2.0,squeeze,UNGATED_SHADOW,2026-09-14,True,shadow — never published
2026-09-14T03:08:52.218628,DOT,1.004,24.71,58.71963888888888,38.31,AVOID,SELL,15.84000015258789,0.9395013,1.0362493,0.0214996,2.0,24.71,AVOID,STRONG_SELL,0.9180232,1.0362493,2.67,squeeze,UNGATED_SHADOW,2026-09-14,True,shadow — never published
2026-09-14T03:08:52.218628,ALGO,0.09774,32.94,54.777191319444434,41.67,AVOID,WATCH,15.84000015258789,,,0.0021076937749869673,,32.94,AVOID,SELL,0.091416919,0.100901541,2.0,squeeze,UNGATED_SHADOW,2026-09-14,True,shadow — never published
2026-09-14T03:08:52.218628,ATOM,1.607,17.06,58.76474444444444,33.74,AVOID,SELL,15.84000015258789,1.5186223,1.6511888,0.0294592,2.0,17.06,AVOID,STRONG_SELL,1.4891926,1.6511888,2.67,squeeze,UNGATED_SHADOW,2026-09-14,True,shadow — never published
2026-09-14T03:08:52.218628,DOGE,0.08416,72.04,46.14493993055555,61.68,BUY,BUY,15.84000015258789,0.088175456,0.082152272,0.001338485,2.0,72.04,BUY,BUY,0.088175456,0.082152272,2.0,squeeze,UNGATED_SHADOW,2026-09-14,True,shadow — never published
2026-09-14T03:08:52.218628,BCH,224.2,47.06,51.11916909722222,48.68,WATCH,WATCH,15.84000015258789,,,3.8233994348192146,,47.06,WATCH,WATCH,,,,squeeze,UNGATED_SHADOW,2026-09-14,True,shadow — never published
2026-09-14T03:08:52.218628,TRX,0.3389,74.41,64.17991076388888,70.32,BUY,BUY,15.84000015258789,0.34702272,0.33483864,0.00270757,2.0,74.41,BUY,BUY,0.34702272,0.33483864,2.0,squeeze,UNGATED_SHADOW,2026-09-14,True,shadow — never published
2026-09-14T03:08:52.218628,VTHO,0.00075,5.29,63.11822916666666,28.42,AVOID,SELL,15.84000015258789,0.00047483744,0.00088758128,9.172085e-05,2.0,5.29,AVOID,STRONG_SELL,0.00038320831,0.00088758128,2.67,squeeze,UNGATED_SHADOW,2026-09-14,True,shadow — never published
2026-09-14T03:08:52.218628,NEAR,2.375,28.82,59.98408784722222,41.29,AVOID,WATCH,15.84000015258789,,,0.07730226552067737,,28.82,AVOID,SELL,2.1430932,2.4909534,2.0,squeeze,UNGATED_SHADOW,2026-09-14,True,shadow — never published
2026-09-14T03:08:52.218628,FET,0.1715,74.99,54.58786458333333,66.83,BUY,BUY,15.84000015258789,0.18181721,0.1663414,0.00343907,2.0,74.99,BUY,BUY,0.18181721,0.1663414,2.0,squeeze,UNGATED_SHADOW,2026-09-14,True,shadow — never published
2026-09-14T03:08:52.218628,AAVE,126.36,75.57,51.16651076388888,65.81,BUY,BUY,15.84000015258789,131.23918,123.92041,1.62639,2.0,75.57,STRONG_BUY,STRONG_BUY,132.86395,123.92041,2.67,squeeze,UNGATED_SHADOW,2026-09-14,True,shadow — never published
2026-09-14T03:08:52.218628,UNI,6.325,66.43,53.72216841450829,61.35,BUY,BUY,29.649999618530273,6.7914255,6.0917873,0.1554752,2.0,66.43,BUY,BUY,6.7914255,6.0917873,2.0,squeeze,UNGATED_SHADOW,2026-09-14,True,shadow — never published
2026-09-14T03:08:52.218628,GALA,0.001655,73.32,59.66036284722222,67.86,BUY,BUY,15.84000015258789,0.0016870865,0.0016389568,1.06955e-05,2.0,73.32,BUY,BUY,0.0016870865,0.0016389568,2.0,squeeze,UNGATED_SHADOW,2026-09-14,True,shadow — never published
2026-09-14T03:08:52.218628,OP,0.095,71.62,46.851790625,61.71,BUY,BUY,15.84000015258789,0.097174813,0.093912593,0.000724938,2.0,71.62,BUY,BUY,0.097174813,0.093912593,2.0,squeeze,UNGATED_SHADOW,2026-09-14,True,shadow — never published
2026-09-14T03:08:52.218628,ETC,7.61,64.18,51.55182465277778,59.13,WATCH,WATCH,15.84000015258789,,,0.12933247861306385,,64.18,BUY,BUY,7.9979974,7.4160013,2.0,squeeze,UNGATED_SHADOW,2026-09-14,True,shadow — never published
2026-09-14T09:26:17.789263,BTC,77680.52,75.9,52.557715277777774,66.56,BUY,BUY,17.8700008392334,79543.312,76749.124,620.931,2.0,75.9,STRONG_BUY,STRONG_BUY,80163.622,76749.124,2.67,squeeze,UNGATED_SHADOW,2026-09-14,True,shadow — never published
2026-09-14T09:26:17.789263,ETH,2514.07,40.59,56.54559583333334,46.97,WATCH,WATCH,17.8700008392334,,,31.624482242920305,,40.59,AVOID,WATCH,,,,squeeze,UNGATED_SHADOW,2026-09-14,True,shadow — never published
2026-09-14T09:26:17.789263,ADA,0.20927,75.15,53.72595555555555,66.58,BUY,BUY,17.8700008392334,0.22161128,0.20309936,0.00411376,2.0,75.15,STRONG_BUY,STRONG_BUY,0.22572093,0.20309936,2.67,squeeze,UNGATED_SHADOW,2026-09-14,True,shadow — never published
2026-09-14T09:26:17.789263,BNB,722.19,48.24,52.12171354166666,49.79,WATCH,WATCH,17.8700008392334,,,7.002476562116295,,48.24,WATCH,WATCH,,,,squeeze,UNGATED_SHADOW,2026-09-14,True,shadow — never published
2026-09-14T09:26:17.789263,XRP,1.382,63.06,52.85550138888888,58.98,WATCH,WATCH,17.8700008392334,,,0.020966085129371034,,63.06,BUY,BUY,1.4448983,1.3505509,2.0,squeeze,UNGATED_SHADOW,2026-09-14,True,shadow — never published
2026-09-14T09:26:17.789263,LTC,53.76,60.75,57.700052083333325,59.53,WATCH,WATCH,17.8700008392334,,,0.7851621100965788,,60.75,BUY,BUY,56.115486,52.582257,2.0,squeeze,UNGATED_SHADOW,2026-09-14,True,shadow — never published
2026-09-14T09:26:17.789263,VET,0.007923,34.12,53.75278888888888,41.97,AVOID,WATCH,17.8700008392334,,,0.0002297530223357758,,34.12,AVOID,SELL,0.0072337409,0.0082676295,2.0,squeeze,UNGATED_SHADOW,2026-09-14,True,shadow — never published
2026-09-14T09:26:17.789263,LINK,11.325,67.5,52.71433888888888,61.59,BUY,BUY,17.8700008392334,11.884056,11.045472,0.186352,2.0,67.5,BUY,BUY,11.884056,11.045472,2.0,squeeze,UNGATED_SHADOW,2026-09-14,True,shadow — never published
2026-09-14T09:26:17.789263,AVAX,7.352,70.81,52.278840277777775,63.4,BUY,BUY,17.8700008392334,7.6689358,7.1935321,0.1056453,2.0,70.81,BUY,BUY,7.6689358,7.1935321,2.0,squeeze,UNGATED_SHADOW,2026-09-14,True,shadow — never published
2026-09-14T09:26:17.789263,SOL,101.38,79.0,51.247122569444436,67.9,BUY,BUY,17.8700008392334,105.60177,99.26912,1.40726,2.0,79.0,STRONG_BUY,STRONG_BUY,107.00761,99.26912,2.67,squeeze,UNGATED_SHADOW,2026-09-14,True,shadow — never published
2026-09-14T09:26:17.789263,XLM,0.18339,65.31,54.5283361111111,61.0,BUY,BUY,17.8700008392334,0.19197667,0.17909667,0.00286222,2.0,65.31,BUY,BUY,0.19197667,0.17909667,2.0,squeeze,UNGATED_SHADOW,2026-09-14,True,shadow — never published
2026-09-14T09:26:17.789263,DOT,1.009,31.18,55.115978125,40.75,AVOID,WATCH,17.8700008392334,,,0.019916168841406647,,31.18,AVOID,SELL,0.9492515,1.0388743,2.0,squeeze,UNGATED_SHADOW,2026-09-14,True,shadow — never published
2026-09-14T09:26:17.789263,ALGO,0.09536,39.41,52.18505138888889,44.52,AVOID,WATCH,17.8799991607666,,,0.001980205346799987,,39.41,AVOID,SELL,0.089419384,0.098330308,2.0,squeeze,UNGATED_SHADOW,2026-09-14,True,shadow — never published
2026-09-14T09:26:17.789263,ATOM,1.607,21.18,55.98540208333333,35.1,AVOID,SELL,17.8799991607666,1.5307968,1.6451016,0.0254011,2.0,21.18,AVOID,STRONG_SELL,1.5054211,1.6451016,2.67,squeeze,UNGATED_SHADOW,2026-09-14,True,shadow — never published
2026-09-14T09:26:17.789263,DOGE,0.0839,76.49,50.83469583333333,66.23,BUY,BUY,17.8799991607666,0.087677284,0.082011358,0.001259095,2.0,76.49,STRONG_BUY,STRONG_BUY,0.08893512,0.082011358,2.67,squeeze,UNGATED_SHADOW,2026-09-14,True,shadow — never published
2026-09-14T09:26:17.789263,BCH,220.4,40.59,53.0894625,45.59,WATCH,WATCH,17.8799991607666,,,3.6120127779818736,,40.59,AVOID,WATCH,,,,squeeze,UNGATED_SHADOW,2026-09-14,True,shadow — never published
2026-09-14T09:26:17.789263,TRX,0.341,75.91,66.22797291666666,72.04,BUY,BUY,17.8799991607666,0.34872163,0.33713918,0.00257388,2.0,75.91,STRONG_BUY,STRONG_BUY,0.35129294,0.33713918,2.67,squeeze,UNGATED_SHADOW,2026-09-14,True,shadow — never published
2026-09-14T09:26:17.789263,VTHO,0.000752,12.35,64.78094548611111,33.32,AVOID,SELL,17.8799991607666,0.00050085984,0.00087757008,8.371339e-05,2.0,12.35,AVOID,STRONG_SELL,0.00041723016,0.00087757008,2.67,squeeze,UNGATED_SHADOW,2026-09-14,True,shadow — never published
2026-09-14T09:26:17.789263,NEAR,2.398,30.0,60.36621527777777,42.15,AVOID,WATCH,17.8799991607666,,,0.0737664578068231,,30.0,AVOID,SELL,2.1767006,2.5086497,2.0,squeeze,UNGATED_SHADOW,2026-09-14,True,shadow — never published
2026-09-14T09:26:17.789263,FET,0.1677,75.9,52.20846666666666,66.42,BUY,BUY,17.8799991607666,0.17741025,0.16284488,0.00323675,2.0,75.9,STRONG_BUY,STRONG_BUY,0.18064376,0.16284488,2.67,squeeze,UNGATED_SHADOW,2026-09-14,True,shadow — never published
2026-09-14T09:26:17.789263,AAVE,125.82,78.25,52.50213194444444,67.95,BUY,BUY,17.8799991607666,130.14276,123.65862,1.44092,2.0,78.25,STRONG_BUY,STRONG_BUY,131.58224,123.65862,2.67,squeeze,UNGATED_SHADOW,2026-09-14,True,shadow — never published
2026-09-14T09:26:17.789263,UNI,6.248,69.69,53.72216841450829,63.3,BUY,BUY,29.649999618530273,6.7078126,6.0180937,0.1532709,2.0,69.69,BUY,BUY,6.7078126,6.0180937,2.0,squeeze,UNGATED_SHADOW,2026-09-14,True,shadow — never published
2026-09-14T09:26:17.789263,GALA,0.001697,73.65,59.66036284722222,68.05,BUY,BUY,17.8799991607666,0.0017342634,0.0016783683,1.24211e-05,2.0,73.65,BUY,BUY,0.0017342634,0.0016783683,2.0,squeeze,UNGATED_SHADOW,2026-09-14,True,shadow — never published
2026-09-14T09:26:17.789263,OP,0.095,70.76,50.482508333333335,62.65,BUY,BUY,17.8799991607666,0.096875222,0.094062389,0.000625074,2.0,70.76,BUY,BUY,0.096875222,0.094062389,2.0,squeeze,UNGATED_SHADOW,2026-09-14,True,shadow — never published
2026-09-14T09:26:17.789263,ETC,7.59,65.68,51.89359826388888,60.17,BUY,BUY,17.8799991607666,7.9409264,7.4145368,0.1169755,2.0,65.68,BUY,BUY,7.9409264,7.4145368,2.0,squeeze,UNGATED_SHADOW,2026-09-14,True,shadow — never published
2026-09-14T16:05:17.008616,BTC,78497.33,68.57,50.621083333333324,61.39,BUY,BUY,16.829999923706055,80455.56,77518.215,652.743,2.0,68.57,BUY,BUY,80455.56,77518.215,2.0,squeeze,UNGATED_SHADOW,2026-09-14,True,shadow — never published
2026-09-14T16:05:17.008616,ETH,2504.94,57.81,57.3206,57.61,WATCH,WATCH,16.829999923706055,,,30.04890852286786,,57.81,WATCH,WATCH,,,,squeeze,UNGATED_SHADOW,2026-09-14,True,shadow — never published
2026-09-14T16:05:17.008616,ADA,0.20898,79.0,53.47959999999999,68.79,BUY,BUY,16.829999923706055,0.22065962,0.20314019,0.00389321,2.0,79.0,STRONG_BUY,STRONG_BUY,0.22454893,0.20314019,2.67,squeeze,UNGATED_SHADOW,2026-09-14,True,shadow — never published
2026-09-14T16:05:17.008616,BNB,722.63,55.88,52.17474131944444,54.4,WATCH,WATCH,16.829999923706055,,,6.6383234496964905,,55.88,WATCH,WATCH,,,,squeeze,UNGATED_SHADOW,2026-09-14,True,shadow — never published
2026-09-14T16:05:17.008616,XRP,1.4029,44.71,53.690625,48.3,WATCH,WATCH,16.829999923706055,,,0.02064728768808013,,44.71,AVOID,WATCH,,,,squeeze,UNGATED_SHADOW,2026-09-14,True,shadow — never published
2026-09-14T16:05:17.008616,LTC,53.71,72.25,57.48703055555555,66.34,BUY,BUY,16.829999923706055,55.873185,52.628407,0.721062,2.0,72.25,BUY,BUY,55.873185,52.628407,2.0,squeeze,UNGATED_SHADOW,2026-09-14,True,shadow — never published
2026-09-14T16:05:17.008616,VET,0.007708,42.35,54.127625,47.06,WATCH,WATCH,16.829999923706055,,,0.00021466678237844225,,42.35,AVOID,WATCH,,,,squeeze,UNGATED_SHADOW,2026-09-14,True,shadow — never published
2026-09-14T16:05:17.008616,LINK,11.448,73.71,52.06727222222222,65.05,BUY,BUY,16.829999923706055,11.974358,11.184821,0.175453,2.0,73.71,BUY,BUY,11.974358,11.184821,2.0,squeeze,UNGATED_SHADOW,2026-09-14,True,shadow — never published
2026-09-14T16:05:17.008616,AVAX,7.464,75.25,53.71430381944444,66.64,BUY,BUY,16.829999923706055,7.7668105,7.3125947,0.1009368,2.0,75.25,STRONG_BUY,STRONG_BUY,7.8676464,7.3125947,2.67,squeeze,UNGATED_SHADOW,2026-09-14,True,shadow — never published
2026-09-14T16:05:17.008616,SOL,101.95,80.5,52.62368055555555,69.35,BUY,BUY,16.829999923706055,106.03497,99.90752,1.36166,2.0,80.5,STRONG_BUY,STRONG_BUY,107.39526,99.90752,2.67,squeeze,UNGATED_SHADOW,2026-09-14,True,shadow — never published
2026-09-14T16:05:17.008616,XLM,0.19304,12.94,57.06977222222222,30.59,AVOID,SELL,16.850000381469727,0.18343547,0.19784227,0.00320151,2.0,12.94,AVOID,STRONG_SELL,0.18023716,0.19784227,2.67,squeeze,UNGATED_SHADOW,2026-09-14,True,shadow — never published
2026-09-14T16:05:17.008616,DOT,1.009,70.91,55.046227430555554,64.56,BUY,BUY,16.850000381469727,1.0621097,0.9824452,0.0177032,2.0,70.91,BUY,BUY,1.0621097,0.9824452,2.0,squeeze,UNGATED_SHADOW,2026-09-14,True,shadow — never published
2026-09-14T16:05:17.008616,ALGO,0.09504,63.1,52.81710416666667,58.99,WATCH,WATCH,16.850000381469727,,,0.0018051588376562565,,63.1,BUY,BUY,0.100455477,0.092332262,2.0,squeeze,UNGATED_SHADOW,2026-09-14,True,shadow — never published
2026-09-14T16:05:17.008616,ATOM,1.541,30.0,54.4648625,39.79,AVOID,SELL,16.850000381469727,1.4621615,1.5804192,0.0262795,2.0,30.0,AVOID,SELL,1.4621615,1.5804192,2.0,squeeze,UNGATED_SHADOW,2026-09-14,True,shadow — never published
2026-09-14T16:05:17.008616,DOGE,0.08408,79.75,50.598722222222214,68.09,BUY,BUY,16.850000381469727,0.087635556,0.082302222,0.001185185,2.0,79.75,STRONG_BUY,STRONG_BUY,0.088819555,0.082302222,2.67,squeeze,UNGATED_SHADOW,2026-09-14,True,shadow — never published
2026-09-14T16:05:17.008616,BCH,223.0,41.18,50.9496,45.09,WATCH,WATCH,16.850000381469727,,,3.420015390927522,,41.18,AVOID,WATCH,,,,squeeze,UNGATED_SHADOW,2026-09-14,True,shadow — never published
2026-09-14T16:05:17.008616,TRX,0.3412,75.06,65.9574673611111,71.42,BUY,BUY,16.850000381469727,0.34836676,0.33761662,0.00238892,2.0,75.06,STRONG_BUY,STRONG_BUY,0.35075329,0.33761662,2.67,squeeze,UNGATED_SHADOW,2026-09-14,True,shadow — never published
2026-09-14T16:05:17.008616,VTHO,0.000683,16.47,64.951640625,35.86,AVOID,SELL,16.850000381469727,0.00045460218,0.00079719891,7.613261e-05,2.0,16.47,AVOID,STRONG_SELL,0.0003785457,0.00079719891,2.67,squeeze,UNGATED_SHADOW,2026-09-14,True,shadow — never published
2026-09-14T16:05:17.008616,NEAR,2.391,35.29,60.07628749999999,45.2,WATCH,WATCH,16.860000610351562,,,0.06692107841506685,,35.29,AVOID,SELL,2.1902368,2.4913816,2.0,squeeze,UNGATED_SHADOW,2026-09-14,True,shadow — never published
2026-09-14T16:05:17.008616,FET,0.1674,79.75,53.538745138888885,69.27,BUY,BUY,16.850000381469727,0.17652873,0.16283563,0.00304291,2.0,79.75,STRONG_BUY,STRONG_BUY,0.1795686,0.16283563,2.67,squeeze,UNGATED_SHADOW,2026-09-14,True,shadow — never published
2026-09-14T16:05:17.008616,AAVE,125.87,79.75,52.47245555555555,68.84,BUY,BUY,16.860000610351562,129.60723,124.00139,1.24574,2.0,79.75,STRONG_BUY,STRONG_BUY,130.85172,124.00139,2.67,squeeze,UNGATED_SHADOW,2026-09-14,True,shadow — never published
2026-09-14T16:05:17.008616,UNI,6.333,72.96,53.72216841450829,65.26,BUY,BUY,29.649999618530273,6.7529506,6.1230247,0.1399835,2.0,72.96,BUY,BUY,6.7529506,6.1230247,2.0,squeeze,UNGATED_SHADOW,2026-09-14,True,shadow — never published
2026-09-14T16:05:17.008616,GALA,0.001718,71.03,59.91871354166666,66.59,BUY,BUY,16.850000381469727,0.0017545077,0.0016997462,1.21692e-05,2.0,71.03,BUY,BUY,0.0017545077,0.0016997462,2.0,squeeze,UNGATED_SHADOW,2026-09-14,True,shadow — never published
2026-09-14T16:05:17.008616,OP,0.095,71.68,52.729296874999996,64.1,BUY,BUY,16.860000610351562,0.0966169,0.09419155,0.000538967,2.0,71.68,BUY,BUY,0.0966169,0.09419155,2.0,squeeze,UNGATED_SHADOW,2026-09-14,True,shadow — never published
2026-09-14T16:05:17.008616,ETC,7.57,70.12,51.63540729166666,62.73,BUY,BUY,16.860000610351562,7.8805436,7.4147282,0.1035145,2.0,70.12,BUY,BUY,7.8805436,7.4147282,2.0,squeeze,UNGATED_SHADOW,2026-09-14,True,shadow — never published
2026-09-14T20:42:18.445126,BTC,79443.72,32.94,52.83528854166667,40.9,AVOID,WATCH,17.100000381469727,,,697.4387616550298,,32.94,AVOID,SELL,77351.404,80489.878,2.0,squeeze,UNGATED_SHADOW,2026-09-14,True,shadow — never published
2026-09-14T20:42:18.445126,ETH,2597.43,38.24,51.58165277777778,43.58,AVOID,WATCH,17.100000381469727,,,36.022761995724245,,38.24,AVOID,SELL,2489.3617,2651.4641,2.0,squeeze,UNGATED_SHADOW,2026-09-14,True,shadow — never published
2026-09-14T20:42:18.445126,ADA,0.21485,74.46,55.37277951388888,66.83,BUY,BUY,17.100000381469727,0.22746873,0.20854064,0.00420624,2.0,74.46,BUY,BUY,0.22746873,0.20854064,2.0,squeeze,UNGATED_SHADOW,2026-09-14,True,shadow — never published
2026-09-14T20:42:18.445126,BNB,731.05,54.71,53.59027951388889,54.26,WATCH,WATCH,17.100000381469727,,,7.090739121656954,,54.71,WATCH,WATCH,,,,squeeze,UNGATED_SHADOW,2026-09-14,True,shadow — never published
2026-09-14T20:42:18.445126,XRP,1.4825,11.76,50.98595277777777,27.45,AVOID,SELL,17.100000381469727,1.4037178,1.5218911,0.0262607,2.0,11.76,AVOID,STRONG_SELL,1.3774833,1.5218911,2.67,squeeze,UNGATED_SHADOW,2026-09-14,True,shadow — never published
2026-09-14T20:42:18.445126,LTC,54.34,73.0,60.13536874999999,67.85,BUY,BUY,17.100000381469727,56.613009,53.203496,0.75767,2.0,73.0,BUY,BUY,56.613009,53.203496,2.0,squeeze,UNGATED_SHADOW,2026-09-14,True,shadow — never published
2026-09-14T20:42:18.445126,VET,0.007882,42.94,53.299497222222215,47.08,WATCH,WATCH,17.100000381469727,,,0.000213409971392227,,42.94,AVOID,WATCH,,,,squeeze,UNGATED_SHADOW,2026-09-14,True,shadow — never published
2026-09-14T20:42:18.445126,LINK,11.905,49.41,54.4291486111111,51.42,WATCH,WATCH,17.100000381469727,,,0.20117558270808714,,49.41,WATCH,WATCH,,,,squeeze,UNGATED_SHADOW,2026-09-14,True,shadow — never published
2026-09-14T20:42:18.445126,AVAX,7.796,40.0,51.96897916666666,44.79,AVOID,WATCH,17.100000381469727,,,0.1171709443936177,,40.0,AVOID,SELL,7.4444872,7.9717564,2.0,squeeze,UNGATED_SHADOW,2026-09-14,True,shadow — never published
2026-09-14T20:42:18.445126,SOL,104.73,70.66,52.82942673611111,63.53,BUY,BUY,17.100000381469727,109.21319,102.48841,1.4944,2.0,70.66,BUY,BUY,109.21319,102.48841,2.0,squeeze,UNGATED_SHADOW,2026-09-14,True,shadow — never published
2026-09-14T20:42:18.445126,XLM,0.19551,5.88,58.87258888888889,27.08,AVOID,SELL,17.100000381469727,0.18540084,0.20056458,0.00336972,2.0,5.88,AVOID,STRONG_SELL,0.18203449,0.20056458,2.67,squeeze,UNGATED_SHADOW,2026-09-14,True,shadow — never published
2026-09-14T20:42:18.445126,DOT,1.025,72.25,56.58747499999999,65.98,BUY,BUY,17.100000381469727,1.0777447,0.9986276,0.0175816,2.0,72.25,BUY,BUY,1.0777447,0.9986276,2.0,squeeze,UNGATED_SHADOW,2026-09-14,True,shadow — never published
2026-09-14T20:42:18.445126,ALGO,0.09753,44.71,56.028359374999994,49.24,WATCH,WATCH,17.100000381469727,,,0.0018413719819053,,44.71,AVOID,WATCH,,,,squeeze,UNGATED_SHADOW,2026-09-14,True,shadow — never published
2026-09-14T20:42:18.445126,ATOM,1.601,51.18,56.78492361111111,53.42,WATCH,WATCH,17.100000381469727,,,0.02977483203863897,,51.18,WATCH,WATCH,,,,squeeze,UNGATED_SHADOW,2026-09-14,True,shadow — never published
2026-09-14T20:42:18.445126,DOGE,0.08587,73.44,52.188221874999996,64.94,BUY,BUY,17.100000381469727,0.089748016,0.083930992,0.001292672,2.0,73.44,BUY,BUY,0.089748016,0.083930992,2.0,squeeze,UNGATED_SHADOW,2026-09-14,True,shadow — never published
2026-09-14T20:42:18.445126,BCH,229.7,44.71,50.713274999999996,47.11,WATCH,WATCH,17.100000381469727,,,3.731340822187801,,44.71,AVOID,WATCH,,,,squeeze,UNGATED_SHADOW,2026-09-14,True,shadow — never published
2026-09-14T20:42:18.445126,TRX,0.3394,87.57,64.20419652777777,78.22,STRONG_BUY,STRONG_BUY,17.100000381469727,0.34978074,0.33550625,0.00259583,2.67,87.57,STRONG_BUY,STRONG_BUY,0.34978074,0.33550625,2.67,squeeze,UNGATED_SHADOW,2026-09-14,True,shadow — never published
2026-09-14T20:42:18.445126,VTHO,0.000668,17.06,65.84366527777777,36.57,AVOID,SELL,17.100000381469727,0.0004463959,0.00077880205,7.386803e-05,2.0,17.06,AVOID,STRONG_SELL,0.00037260173,0.00077880205,2.67,squeeze,UNGATED_SHADOW,2026-09-14,True,shadow — never published
2026-09-14T20:42:18.445126,NEAR,2.558,33.53,57.38897708333333,43.07,AVOID,WATCH,17.100000381469727,,,0.08062059322215392,,33.53,AVOID,SELL,2.3161382,2.6789309,2.0,squeeze,UNGATED_SHADOW,2026-09-14,True,shadow — never published
2026-09-14T20:42:18.445126,FET,0.1706,79.91,54.35700208333332,69.69,BUY,BUY,17.100000381469727,0.18014658,0.16582671,0.00318219,2.0,79.91,STRONG_BUY,STRONG_BUY,0.18332559,0.16582671,2.67,squeeze,UNGATED_SHADOW,2026-09-14,True,shadow — never published
2026-09-14T20:42:18.445126,AAVE,133.18,50.59,54.99276041666666,52.35,WATCH,WATCH,17.100000381469727,,,1.6889038283739042,,50.59,WATCH,WATCH,,,,squeeze,UNGATED_SHADOW,2026-09-14,True,shadow — never published
2026-09-14T20:42:18.445126,UNI,6.723,50.59,53.72216841450829,51.84,WATCH,WATCH,29.649999618530273,,,0.1578418650284957,,50.59,WATCH,WATCH,,,,squeeze,UNGATED_SHADOW,2026-09-14,True,shadow — never published
2026-09-14T20:42:18.445126,GALA,0.001749,66.49,60.8536954861111,64.24,BUY,BUY,17.100000381469727,0.0017892673,0.0017288663,1.34224e-05,2.0,66.49,BUY,BUY,0.0017892673,0.0017288663,2.0,squeeze,UNGATED_SHADOW,2026-09-14,True,shadow — never published
2026-09-14T20:42:18.445126,OP,0.104,45.88,52.28992499999999,48.44,WATCH,WATCH,17.100000381469727,,,0.001163734440018399,,45.88,WATCH,WATCH,,,,squeeze,UNGATED_SHADOW,2026-09-14,True,shadow — never published
2026-09-14T20:42:18.445126,ETC,7.71,74.99,54.1049125,66.64,BUY,BUY,17.100000381469727,8.0272905,7.5513547,0.1057635,2.0,74.99,BUY,BUY,8.0272905,7.5513547,2.0,squeeze,UNGATED_SHADOW,2026-09-14,True,shadow — never published
2026-09-14T23:38:34.160865,BTC,78268.36,46.47,51.58951111111111,48.52,WATCH,WATCH,17.100000381469727,,,749.2866187978876,,46.47,WATCH,WATCH,,,,squeeze,UNGATED_SHADOW,2026-09-14,True,shadow — never published
2026-09-14T23:38:34.160865,ETH,2515.77,61.34,53.09709722222221,58.04,WATCH,WATCH,17.100000381469727,,,37.76704771000996,,61.34,BUY,BUY,2629.0711,2459.1194,2.0,squeeze,UNGATED_SHADOW,2026-09-14,True,shadow — never published
2026-09-14T23:38:34.160865,ADA,0.20936,75.63,51.80270833333333,66.1,BUY,BUY,17.100000381469727,0.22265373,0.20271314,0.00443124,2.0,75.63,STRONG_BUY,STRONG_BUY,0.22708054,0.20271314,2.67,squeeze,UNGATED_SHADOW,2026-09-14,True,shadow — never published
2026-09-14T23:38:34.160865,BNB,722.2,55.29,51.47201145833333,53.76,WATCH,WATCH,17.100000381469727,,,7.597881978799804,,55.29,WATCH,WATCH,,,,squeeze,UNGATED_SHADOW,2026-09-14,True,shadow — never published
2026-09-14T23:38:34.160865,XRP,1.4219,21.76,51.04386805555555,33.47,AVOID,SELL,17.100000381469727,1.334182,1.465759,0.0292393,2.0,21.76,AVOID,STRONG_SELL,1.304972,1.465759,2.67,squeeze,UNGATED_SHADOW,2026-09-14,True,shadow — never published
2026-09-14T23:38:34.160865,LTC,53.24,72.41,57.70846145833333,66.53,BUY,BUY,17.100000381469727,55.637295,52.041353,0.799098,2.0,72.41,BUY,BUY,55.637295,52.041353,2.0,squeeze,UNGATED_SHADOW,2026-09-14,True,shadow — never published
2026-09-14T23:38:34.160865,VET,0.007641,43.53,55.005522222222226,48.12,WATCH,WATCH,17.100000381469727,,,0.0002276242571065127,,43.53,AVOID,WATCH,,,,squeeze,UNGATED_SHADOW,2026-09-14,True,shadow — never published
2026-09-14T23:38:34.160865,LINK,11.535,61.34,53.31657152777777,58.13,WATCH,WATCH,17.100000381469727,,,0.2138898684223728,,61.34,BUY,BUY,12.17667,11.214165,2.0,squeeze,UNGATED_SHADOW,2026-09-14,True,shadow — never published
2026-09-14T23:38:34.160865,AVAX,7.603,71.29,52.33403229166667,63.71,BUY,BUY,17.100000381469727,7.95837,7.425315,0.1184567,2.0,71.29,BUY,BUY,7.95837,7.425315,2.0,squeeze,UNGATED_SHADOW,2026-09-14,True,shadow — never published
2026-09-14T23:38:34.160865,SOL,102.78,79.49,53.198880208333335,68.97,BUY,BUY,17.100000381469727,107.37247,100.48376,1.53082,2.0,79.49,STRONG_BUY,STRONG_BUY,108.90176,100.48376,2.67,squeeze,UNGATED_SHADOW,2026-09-14,True,shadow — never published
2026-09-14T23:38:34.160865,XLM,0.19136,8.82,56.06914444444443,27.72,AVOID,SELL,17.100000381469727,0.18070656,0.19668672,0.00355115,2.0,8.82,AVOID,STRONG_SELL,0.17715896,0.19668672,2.67,squeeze,UNGATED_SHADOW,2026-09-14,True,shadow — never published
2026-09-14T23:38:34.160865,DOT,1.01,72.25,54.85101493055556,65.29,BUY,BUY,17.100000381469727,1.0657447,0.9821276,0.0185816,2.0,72.25,BUY,BUY,1.0657447,0.9821276,2.0,squeeze,UNGATED_SHADOW,2026-09-14,True,shadow — never published
2026-09-14T23:38:34.160865,ALGO,0.09659,48.24,56.857317708333326,51.69,WATCH,WATCH,17.100000381469727,,,0.001934943410476729,,48.24,WATCH,WATCH,,,,squeeze,UNGATED_SHADOW,2026-09-14,True,shadow — never published
2026-09-14T23:38:34.160865,ATOM,1.573,46.47,53.46739722222222,49.27,WATCH,WATCH,17.100000381469727,,,0.032489117752924686,,46.47,WATCH,WATCH,,,,squeeze,UNGATED_SHADOW,2026-09-14,True,shadow — never published
2026-09-14T23:38:34.160865,DOGE,0.08374,80.5,49.88628125,68.25,BUY,BUY,17.100000381469727,0.087830159,0.081694921,0.001363386,2.0,80.5,STRONG_BUY,STRONG_BUY,0.089192182,0.081694921,2.67,squeeze,UNGATED_SHADOW,2026-09-14,True,shadow — never published
2026-09-14T23:38:34.160865,BCH,223.4,47.06,50.323520833333326,48.37,WATCH,WATCH,17.100000381469727,,,3.9384836793306586,,47.06,WATCH,WATCH,,,,squeeze,UNGATED_SHADOW,2026-09-14,True,shadow — never published
2026-09-14T23:38:34.160865,TRX,0.3398,88.16,60.71642222222222,77.18,STRONG_BUY,STRONG_BUY,17.100000381469727,0.35038069,0.33583125,0.00264583,2.67,88.16,STRONG_BUY,STRONG_BUY,0.35038069,0.33583125,2.67,squeeze,UNGATED_SHADOW,2026-09-14,True,shadow — never published
2026-09-14T23:38:34.160865,VTHO,0.000643,17.06,62.371288194444446,35.18,AVOID,SELL,17.100000381469727,0.0004168959,0.00075605205,7.536803e-05,2.0,17.06,AVOID,STRONG_SELL,0.00034160323,0.00075605205,2.67,squeeze,UNGATED_SHADOW,2026-09-14,True,shadow — never published
2026-09-14T23:38:34.160865,NEAR,2.479,51.18,59.083038888888886,54.34,WATCH,WATCH,17.100000381469727,,,0.0831920217935825,,51.18,WATCH,WATCH,,,,squeeze,UNGATED_SHADOW,2026-09-14,True,shadow — never published
2026-09-14T23:38:34.160865,FET,0.1631,75.21,52.33522222222222,66.06,BUY,BUY,17.100000381469727,0.17403944,0.15763028,0.00364648,2.0,75.21,STRONG_BUY,STRONG_BUY,0.17768227,0.15763028,2.67,squeeze,UNGATED_SHADOW,2026-09-14,True,shadow — never published
2026-09-14T23:38:34.160865,AAVE,129.52,78.74,55.48373055555555,69.44,BUY,BUY,17.100000381469727,134.76457,126.89772,1.74819,2.0,78.74,STRONG_BUY,STRONG_BUY,136.51101,126.89772,2.67,squeeze,UNGATED_SHADOW,2026-09-14,True,shadow — never published
2026-09-14T23:38:34.160865,UNI,6.567,66.65,53.72216841450829,61.48,BUY,BUY,29.649999618530273,7.0653827,6.3178086,0.1661276,2.0,66.65,BUY,BUY,7.0653827,6.3178086,2.0,squeeze,UNGATED_SHADOW,2026-09-14,True,shadow — never published
2026-09-14T23:38:34.160865,GALA,0.001749,66.49,59.66036284722222,63.76,BUY,BUY,17.100000381469727,0.0017892673,0.0017288663,1.34224e-05,2.0,66.49,BUY,BUY,0.0017892673,0.0017288663,2.0,squeeze,UNGATED_SHADOW,2026-09-14,True,shadow — never published
2026-09-14T23:38:34.160865,OP,0.104,45.88,52.586169791666656,48.56,WATCH,WATCH,17.100000381469727,,,0.001163734440018399,,45.88,WATCH,WATCH,,,,squeeze,UNGATED_SHADOW,2026-09-14,True,shadow — never published
2026-09-14T23:38:34.160865,ETC,7.58,74.99,51.730042708333336,65.69,BUY,BUY,17.100000381469727,7.9122905,7.4138547,0.1107635,2.0,74.99,BUY,BUY,7.9122905,7.4138547,2.0,squeeze,UNGATED_SHADOW,2026-09-14,True,shadow — never published
2026-09-15T02:45:29.870107,BTC,77875.76,45.88,50.62277638888889,47.78,WATCH,WATCH,17.100000381469727,,,737.8046664347729,,45.88,WATCH,WATCH,,,,squeeze,UNGATED_SHADOW,2026-09-15,True,shadow — never published
2026-09-15T02:45:29.870107,ETH,2514.06,62.68,55.080112500000006,59.64,WATCH,WATCH,17.100000381469727,,,35.93031981235621,,62.68,BUY,BUY,2621.851,2460.1645,2.0,squeeze,UNGATED_SHADOW,2026-09-15,True,shadow — never published
2026-09-15T02:45:29.870107,ADA,0.20768,78.15,52.982440625,68.08,BUY,BUY,17.100000381469727,0.22035586,0.20134207,0.00422529,2.0,78.15,STRONG_BUY,STRONG_BUY,0.22457692,0.20134207,2.67,squeeze,UNGATED_SHADOW,2026-09-15,True,shadow — never published
2026-09-15T02:45:29.870107,BNB,720.54,54.12,51.907046875,53.23,WATCH,WATCH,17.100000381469727,,,7.238747551742679,,54.12,WATCH,WATCH,,,,squeeze,UNGATED_SHADOW,2026-09-15,True,shadow — never published
2026-09-15T02:45:29.870107,XRP,1.4272,18.82,50.20660416666666,31.37,AVOID,SELL,17.100000381469727,1.3422838,1.4696581,0.0283054,2.0,18.82,AVOID,STRONG_SELL,1.3140068,1.4696581,2.67,squeeze,UNGATED_SHADOW,2026-09-15,True,shadow — never published
2026-09-15T02:45:29.870107,LTC,52.93,72.57,56.03703229166666,65.96,BUY,BUY,17.100000381469727,55.293814,51.748093,0.787938,2.0,72.57,BUY,BUY,55.293814,51.748093,2.0,squeeze,UNGATED_SHADOW,2026-09-15,True,shadow — never published
2026-09-15T02:45:29.870107,VET,0.007552,53.53,57.1928861111111,55.0,WATCH,WATCH,17.100000381469727,,,0.0002184878305784966,,53.53,WATCH,WATCH,,,,squeeze,UNGATED_SHADOW,2026-09-15,True,shadow — never published
2026-09-15T02:45:29.870107,LINK,11.597,65.62,54.36433333333333,61.12,BUY,BUY,17.100000381469727,12.218902,11.286049,0.207301,2.0,65.62,BUY,BUY,12.218902,11.286049,2.0,squeeze,UNGATED_SHADOW,2026-09-15,True,shadow — never published
2026-09-15T02:45:29.870107,AVAX,7.561,69.69,51.79774895833334,62.53,BUY,BUY,17.100000381469727,7.9044864,7.3892568,0.1144955,2.0,69.69,BUY,BUY,7.9044864,7.3892568,2.0,squeeze,UNGATED_SHADOW,2026-09-15,True,shadow — never published
2026-09-15T02:45:29.870107,SOL,102.11,80.24,51.636916666666664,68.8,BUY,BUY,17.100000381469727,106.55214,99.88893,1.48071,2.0,80.24,STRONG_BUY,STRONG_BUY,108.03138,99.88893,2.67,squeeze,UNGATED_SHADOW,2026-09-15,True,shadow — never published
2026-09-15T02:45:29.870107,XLM,0.19599,3.53,58.87258888888889,25.67,AVOID,SELL,17.100000381469727,0.18500894,0.20148053,0.00366035,2.0,3.53,AVOID,STRONG_SELL,0.18135225,0.20148053,2.67,squeeze,UNGATED_SHADOW,2026-09-15,True,shadow — never published
2026-09-15T02:45:29.870107,DOT,0.99,71.82,55.714409374999995,65.38,BUY,BUY,17.100000381469727,1.04669151,0.96165424,0.01889717,2.0,71.82,BUY,BUY,1.04669151,0.96165424,2.0,squeeze,UNGATED_SHADOW,2026-09-15,True,shadow — never published
2026-09-15T02:45:29.870107,ALGO,0.09568,57.81,57.03561562499999,57.5,WATCH,WATCH,17.100000381469727,,,0.001861733166871248,,57.81,WATCH,WATCH,,,,squeeze,UNGATED_SHADOW,2026-09-15,True,shadow — never published
2026-09-15T02:45:29.870107,ATOM,1.584,47.65,55.17714375,50.66,WATCH,WATCH,17.100000381469727,,,0.030954180770572933,,47.65,WATCH,WATCH,,,,squeeze,UNGATED_SHADOW,2026-09-15,True,shadow — never published
2026-09-15T02:45:29.870107,DOGE,0.08377,80.07,50.33393472222222,68.18,BUY,BUY,17.100000381469727,0.087676372,0.081816814,0.001302124,2.0,80.07,STRONG_BUY,STRONG_BUY,0.088977194,0.081816814,2.67,squeeze,UNGATED_SHADOW,2026-09-15,True,shadow — never published
2026-09-15T02:45:29.870107,BCH,222.4,44.71,51.58079027777778,47.46,WATCH,WATCH,17.100000381469727,,,3.805122600194797,,44.71,AVOID,WATCH,,,,squeeze,UNGATED_SHADOW,2026-09-15,True,shadow — never published
2026-09-15T02:45:29.870107,TRX,0.3381,88.91,62.903402777777764,78.51,STRONG_BUY,STRONG_BUY,17.100000381469727,0.34889611,0.33405045,0.0026997,2.67,88.91,STRONG_BUY,STRONG_BUY,0.34889611,0.33405045,2.67,squeeze,UNGATED_SHADOW,2026-09-15,True,shadow — never published
2026-09-15T02:45:29.870107,VTHO,0.000602,17.65,63.28953125,35.91,AVOID,SELL,17.100000381469727,0.00038283191,0.00071158405,7.305603e-05,2.0,17.65,AVOID,STRONG_SELL,0.00030984893,0.00071158405,2.67,squeeze,UNGATED_SHADOW,2026-09-15,True,shadow — never published
2026-09-15T02:45:29.870107,NEAR,2.445,63.1,58.34703888888888,61.2,BUY,BUY,17.100000381469727,2.690739,2.3221305,0.081913,2.0,63.1,BUY,BUY,2.690739,2.3221305,2.0,squeeze,UNGATED_SHADOW,2026-09-15,True,shadow — never published
2026-09-15T02:45:29.870107,FET,0.1643,74.19,53.528666666666666,65.93,BUY,BUY,17.100000381469727,0.17492182,0.15898909,0.00354061,2.0,74.19,BUY,BUY,0.17492182,0.15898909,2.0,squeeze,UNGATED_SHADOW,2026-09-15,True,shadow — never published
2026-09-15T02:45:29.870107,AAVE,127.67,80.07,53.065480208333334,69.27,BUY,BUY,17.100000381469727,132.80827,125.10086,1.71276,2.0,80.07,STRONG_BUY,STRONG_BUY,134.51932,125.10086,2.67,squeeze,UNGATED_SHADOW,2026-09-15,True,shadow — never published
2026-09-15T02:45:29.870107,UNI,6.676,53.53,53.986440862913604,53.71,WATCH,WATCH,29.649999618530273,,,0.16554703793462358,,53.53,WATCH,WATCH,,,,squeeze,UNGATED_SHADOW,2026-09-15,True,shadow — never published
2026-09-15T02:45:29.870107,GALA,0.001749,54.71,59.400862152777776,56.59,WATCH,WATCH,17.100000381469727,,,1.2463702710341063e-05,,54.71,WATCH,WATCH,,,,squeeze,UNGATED_SHADOW,2026-09-15,True,shadow — never published
2026-09-15T02:45:29.870107,OP,0.103,44.12,50.369169444444445,46.62,WATCH,WATCH,17.100000381469727,,,0.0011520391228742276,,44.12,AVOID,WATCH,,,,squeeze,UNGATED_SHADOW,2026-09-15,True,shadow — never published
2026-09-15T02:45:29.870107,ETC,7.53,75.15,47.55573437499999,64.11,BUY,BUY,17.100000381469727,7.8492698,7.3703651,0.1064233,2.0,75.15,STRONG_BUY,STRONG_BUY,7.9555866,7.3703651,2.67,squeeze,UNGATED_SHADOW,2026-09-15,True,shadow — never published
2026-09-15T08:15:18.267318,BTC,76786.33,42.35,48.87124652777778,44.96,AVOID,WATCH,17.709999084472656,,,711.8559150089914,,42.35,AVOID,WATCH,,,,squeeze,UNGATED_SHADOW,2026-09-15,True,shadow — never published
2026-09-15T08:15:18.267318,ETH,2466.39,44.12,52.35055555555556,47.41,WATCH,WATCH,17.709999084472656,,,34.03854106269487,,44.12,AVOID,WATCH,,,,squeeze,UNGATED_SHADOW,2026-09-15,True,shadow — never published
2026-09-15T08:15:18.267318,ADA,0.20434,76.12,51.04619999999999,66.09,BUY,BUY,17.709999084472656,0.21618031,0.19841985,0.00394677,2.0,76.12,STRONG_BUY,STRONG_BUY,0.22012313,0.19841985,2.67,squeeze,UNGATED_SHADOW,2026-09-15,True,shadow — never published
2026-09-15T08:15:18.267318,BNB,715.25,50.0,48.68860416666667,49.48,WATCH,WATCH,17.709999084472656,,,6.887385826320406,,50.0,WATCH,WATCH,,,,squeeze,UNGATED_SHADOW,2026-09-15,True,shadow — never published
2026-09-15T08:15:18.267318,XRP,1.3881,21.18,56.553605902777775,35.33,AVOID,SELL,17.709999084472656,1.3083489,1.4279755,0.0265837,2.0,21.18,AVOID,STRONG_SELL,1.2817918,1.4279755,2.67,squeeze,UNGATED_SHADOW,2026-09-15,True,shadow — never published
2026-09-15T08:15:18.267318,LTC,52.49,61.72,52.135609374999994,57.89,WATCH,WATCH,17.709999084472656,,,0.7109772547986283,,61.72,BUY,BUY,54.622932,51.423534,2.0,squeeze,UNGATED_SHADOW,2026-09-15,True,shadow — never published
2026-09-15T08:15:18.267318,VET,0.007437,63.26,52.71257395833333,59.04,WATCH,WATCH,17.709999084472656,,,0.00020677194138072995,,63.26,BUY,BUY,0.0080573158,0.0071268421,2.0,squeeze,UNGATED_SHADOW,2026-09-15,True,shadow — never published
2026-09-15T08:15:18.267318,LINK,11.329,64.76,50.03957465277777,58.87,WATCH,WATCH,17.709999084472656,,,0.19446052615929138,,64.76,BUY,BUY,11.912382,11.037309,2.0,squeeze,UNGATED_SHADOW,2026-09-15,True,shadow — never published
2026-09-15T08:15:18.267318,AVAX,7.444,72.37,50.61286562499999,63.67,BUY,BUY,17.709999084472656,7.7665725,7.2827138,0.1075242,2.0,72.37,BUY,BUY,7.7665725,7.2827138,2.0,squeeze,UNGATED_SHADOW,2026-09-15,True,shadow — never published
2026-09-15T08:15:18.267318,SOL,100.32,80.56,49.643463541666655,68.19,BUY,BUY,17.709999084472656,104.62867,98.16566,1.43622,2.0,80.56,STRONG_BUY,STRONG_BUY,106.06346,98.16566,2.67,squeeze,UNGATED_SHADOW,2026-09-15,True,shadow — never published
2026-09-15T08:15:18.267318,XLM,0.19084,3.53,59.310171874999995,25.84,AVOID,SELL,17.709999084472656,0.18064506,0.19593747,0.00339831,2.0,3.53,AVOID,STRONG_SELL,0.17725014,0.19593747,2.67,squeeze,UNGATED_SHADOW,2026-09-15,True,shadow — never published
2026-09-15T08:15:18.267318,DOT,0.983,66.26,51.94981249999999,60.54,BUY,BUY,17.709999084472656,1.03368809,0.95765596,0.01689603,2.0,66.26,BUY,BUY,1.03368809,0.95765596,2.0,squeeze,UNGATED_SHADOW,2026-09-15,True,shadow — never published
2026-09-15T08:15:18.267318,ALGO,0.09475,61.07,52.575444444444436,57.67,WATCH,WATCH,17.709999084472656,,,0.0016682801285777594,,61.07,BUY,BUY,0.09975484,0.09224758,2.0,squeeze,UNGATED_SHADOW,2026-09-15,True,shadow — never published
2026-09-15T08:15:18.267318,ATOM,1.579,52.35,52.093163194444436,52.25,WATCH,WATCH,17.709999084472656,,,0.026955390562381762,,52.35,WATCH,WATCH,,,,squeeze,UNGATED_SHADOW,2026-09-15,True,shadow — never published
2026-09-15T08:15:18.267318,DOGE,0.08231,70.4,48.64212499999999,61.7,BUY,BUY,17.739999771118164,0.085931292,0.080499354,0.001207097,2.0,70.4,BUY,BUY,0.085931292,0.080499354,2.0,squeeze,UNGATED_SHADOW,2026-09-15,True,shadow — never published
2026-09-15T08:15:18.267318,BCH,220.4,43.53,51.137593055555556,46.57,WATCH,WATCH,17.739999771118164,,,3.4075510466694188,,43.53,AVOID,WATCH,,,,squeeze,UNGATED_SHADOW,2026-09-15,True,shadow — never published
2026-09-15T08:15:18.267318,TRX,0.337,54.71,61.02089270833333,57.23,WATCH,WATCH,17.739999771118164,,,0.0024737232100422767,,54.71,WATCH,WATCH,,,,squeeze,UNGATED_SHADOW,2026-09-15,True,shadow — never published
2026-09-15T08:15:18.267318,VTHO,0.000715,18.82,66.52366666666667,37.9,AVOID,SELL,17.739999771118164,0.00048874318,0.00082812841,7.541894e-05,2.0,18.82,AVOID,STRONG_SELL,0.00041339966,0.00082812841,2.67,squeeze,UNGATED_SHADOW,2026-09-15,True,shadow — never published
2026-09-15T08:15:18.267318,NEAR,2.361,63.43,56.673788888888886,60.73,BUY,BUY,17.739999771118164,2.5997101,2.241645,0.07957,2.0,63.43,BUY,BUY,2.5997101,2.241645,2.0,squeeze,UNGATED_SHADOW,2026-09-15,True,shadow — never published
2026-09-15T08:15:18.267318,FET,0.1592,45.29,48.512390625,46.58,WATCH,WATCH,17.739999771118164,,,0.003391136368671579,,45.29,WATCH,WATCH,,,,squeeze,UNGATED_SHADOW,2026-09-15,True,shadow — never published
2026-09-15T08:15:18.267318,AAVE,127.91,80.99,52.026894444444444,69.4,BUY,BUY,17.739999771118164,132.60211,125.56395,1.56404,2.0,80.99,STRONG_BUY,STRONG_BUY,134.16458,125.56395,2.67,squeeze,UNGATED_SHADOW,2026-09-15,True,shadow — never published
2026-09-15T08:15:18.267318,UNI,6.561,66.21,53.986440862913604,61.32,BUY,BUY,29.649999618530273,7.0280273,6.3274864,0.1556758,2.0,66.21,BUY,BUY,7.0280273,6.3274864,2.0,squeeze,UNGATED_SHADOW,2026-09-15,True,shadow — never published
2026-09-15T08:15:18.267318,GALA,0.001749,48.24,58.96686493055555,52.53,WATCH,WATCH,17.739999771118164,,,1.0746764071671632e-05,,48.24,WATCH,WATCH,,,,squeeze,UNGATED_SHADOW,2026-09-15,True,shadow — never published
2026-09-15T08:15:18.267318,OP,0.102,40.59,49.96989583333333,44.34,AVOID,WATCH,17.739999771118164,,,0.0010549287772304748,,40.59,AVOID,WATCH,,,,squeeze,UNGATED_SHADOW,2026-09-15,True,shadow — never published
2026-09-15T08:15:18.267318,ETC,7.41,68.41,48.704336805555556,60.53,BUY,BUY,17.739999771118164,7.7091663,7.2604169,0.0997221,2.0,68.41,BUY,BUY,7.7091663,7.2604169,2.0,squeeze,UNGATED_SHADOW,2026-09-15,True,shadow — never published
2026-09-15T14:03:33.291079,BTC,76539.33,37.65,51.40805069444444,43.15,AVOID,WATCH,17.059999465942383,,,749.4879925083494,,37.65,AVOID,SELL,74290.866,77663.562,2.0,squeeze,UNGATED_SHADOW,2026-09-15,True,shadow — never published
2026-09-15T14:03:33.291079,ETH,2454.13,40.0,52.010187499999994,44.8,AVOID,WATCH,17.059999465942383,,,36.2379309867881,,40.0,AVOID,SELL,2345.4162,2508.4869,2.0,squeeze,UNGATED_SHADOW,2026-09-15,True,shadow — never published
2026-09-15T14:03:33.291079,ADA,0.20458,76.28,50.43075833333332,65.94,BUY,BUY,17.059999465942383,0.21682738,0.19845631,0.00408246,2.0,76.28,STRONG_BUY,STRONG_BUY,0.22090576,0.19845631,2.67,squeeze,UNGATED_SHADOW,2026-09-15,True,shadow — never published
2026-09-15T14:03:33.291079,BNB,719.78,57.22,48.62529027777778,53.78,WATCH,WATCH,17.059999465942383,,,7.197827655052626,,57.22,WATCH,WATCH,,,,squeeze,UNGATED_SHADOW,2026-09-15,True,shadow — never published
2026-09-15T14:03:33.291079,XRP,1.4113,19.41,54.102109375,33.29,AVOID,SELL,17.059999465942383,1.3209046,1.4564977,0.0301318,2.0,19.41,AVOID,STRONG_SELL,1.290803,1.4564977,2.67,squeeze,UNGATED_SHADOW,2026-09-15,True,shadow — never published
2026-09-15T14:03:33.291079,LTC,52.49,45.88,51.99765729166666,48.33,WATCH,WATCH,17.059999465942383,,,0.7059074508844405,,45.88,WATCH,WATCH,,,,squeeze,UNGATED_SHADOW,2026-09-15,True,shadow — never published
2026-09-15T14:03:33.291079,VET,0.007374,48.82,52.830273263888884,50.42,WATCH,WATCH,17.059999465942383,,,0.00021439537413924927,,48.82,WATCH,WATCH,,,,squeeze,UNGATED_SHADOW,2026-09-15,True,shadow — never published
2026-09-15T14:03:33.291079,LINK,11.393,69.04,50.03957465277777,61.44,BUY,BUY,17.059999465942383,11.994023,11.092489,0.200341,2.0,69.04,BUY,BUY,11.994023,11.092489,2.0,squeeze,UNGATED_SHADOW,2026-09-15,True,shadow — never published
2026-09-15T14:03:33.291079,AVAX,7.495,71.94,50.843512499999996,63.5,BUY,BUY,17.059999465942383,7.835904,7.324548,0.1136347,2.0,71.94,BUY,BUY,7.835904,7.324548,2.0,squeeze,UNGATED_SHADOW,2026-09-15,True,shadow — never published
2026-09-15T14:03:33.291079,SOL,100.57,81.31,49.89493020833333,68.74,BUY,BUY,17.059999465942383,105.01571,98.34715,1.4819,2.0,81.31,STRONG_BUY,STRONG_BUY,106.49613,98.34715,2.67,squeeze,UNGATED_SHADOW,2026-09-15,True,shadow — never published
2026-09-15T14:03:33.291079,XLM,0.19599,0.0,59.13671354166665,23.65,AVOID,STRONG_SELL,17.06999969482422,0.18048463,0.20180597,0.00387731,2.67,0.0,AVOID,STRONG_SELL,0.18048463,0.20180597,2.67,squeeze,UNGATED_SHADOW,2026-09-15,True,shadow — never published
2026-09-15T14:03:33.291079,DOT,0.984,69.37,52.369562499999994,62.57,BUY,BUY,17.06999969482422,1.03520016,0.95839992,0.01706672,2.0,69.37,BUY,BUY,1.03520016,0.95839992,2.0,squeeze,UNGATED_SHADOW,2026-09-15,True,shadow — never published
2026-09-15T14:03:33.291079,ALGO,0.09569,62.41,54.71805416666666,59.33,WATCH,WATCH,17.06999969482422,,,0.001840749915312001,,62.41,BUY,BUY,0.10121225,0.092928875,2.0,squeeze,UNGATED_SHADOW,2026-09-15,True,shadow — never published
2026-09-15T14:03:33.291079,ATOM,1.581,58.99,50.09120486111111,55.43,WATCH,WATCH,17.06999969482422,,,0.027382046338538177,,58.99,WATCH,WATCH,,,,squeeze,UNGATED_SHADOW,2026-09-15,True,shadow — never published
2026-09-15T14:03:33.291079,DOGE,0.08272,70.56,48.643945833333326,61.79,BUY,BUY,17.06999969482422,0.086442782,0.080858609,0.001240927,2.0,70.56,BUY,BUY,0.086442782,0.080858609,2.0,squeeze,UNGATED_SHADOW,2026-09-15,True,shadow — never published
2026-09-15T14:03:33.291079,BCH,223.8,58.4,49.36200902777777,54.78,WATCH,WATCH,17.06999969482422,,,3.420276992315482,,58.4,WATCH,WATCH,,,,squeeze,UNGATED_SHADOW,2026-09-15,True,shadow — never published
2026-09-15T14:03:33.291079,TRX,0.3398,89.4,60.188180902777766,77.72,STRONG_BUY,STRONG_BUY,17.06999969482422,0.3500937,0.3359389,0.00257407,2.67,89.4,STRONG_BUY,STRONG_BUY,0.3500937,0.3359389,2.67,squeeze,UNGATED_SHADOW,2026-09-15,True,shadow — never published
2026-09-15T14:03:33.291079,VTHO,0.000805,18.82,64.32172013888888,37.02,AVOID,SELL,17.06999969482422,0.00055210846,0.00093144577,8.429718e-05,2.0,18.82,AVOID,STRONG_SELL,0.00046789558,0.00093144577,2.67,squeeze,UNGATED_SHADOW,2026-09-15,True,shadow — never published
2026-09-15T14:03:33.291079,NEAR,2.382,64.76,57.638638888888885,61.91,BUY,BUY,17.06999969482422,2.6186594,2.2636703,0.0788865,2.0,64.76,BUY,BUY,2.6186594,2.2636703,2.0,squeeze,UNGATED_SHADOW,2026-09-15,True,shadow — never published
2026-09-15T14:03:33.291079,FET,0.1591,41.18,48.512390625,44.11,AVOID,WATCH,17.09000015258789,,,0.0033484021382562614,,41.18,AVOID,WATCH,,,,squeeze,UNGATED_SHADOW,2026-09-15,True,shadow — never published
2026-09-15T14:03:33.291079,AAVE,127.33,82.32,52.299252777777774,70.31,BUY,BUY,17.06999969482422,131.9366,125.0267,1.53553,2.0,82.32,STRONG_BUY,STRONG_BUY,133.4706,125.0267,2.67,squeeze,UNGATED_SHADOW,2026-09-15,True,shadow — never published
2026-09-15T14:03:33.291079,UNI,6.513,64.6,53.986440862913604,60.35,BUY,BUY,29.649999618530273,7.0535968,6.2427016,0.1801989,2.0,64.6,BUY,BUY,7.0535968,6.2427016,2.0,squeeze,UNGATED_SHADOW,2026-09-15,True,shadow — never published
2026-09-15T14:03:33.291079,GALA,0.001701,52.35,58.96686493055555,55.0,WATCH,WATCH,17.09000015258789,,,1.3428117658388961e-05,,52.35,WATCH,WATCH,,,,squeeze,UNGATED_SHADOW,2026-09-15,True,shadow — never published
2026-09-15T14:03:33.291079,OP,0.099,42.35,51.36743333333334,45.96,WATCH,WATCH,17.09000015258789,,,0.0011785563135507462,,42.35,AVOID,WATCH,,,,squeeze,UNGATED_SHADOW,2026-09-15,True,shadow — never published
2026-09-15T14:03:33.291079,ETC,7.42,66.81,48.62655208333333,59.54,WATCH,WATCH,17.09000015258789,,,0.10106847688510466,,66.81,BUY,BUY,7.7232054,7.2683973,2.0,squeeze,UNGATED_SHADOW,2026-09-15,True,shadow — never published
2026-09-15T18:38:31.831120,BTC,76431.77,33.53,51.37350277777777,40.67,AVOID,WATCH,17.510000228881836,,,833.5512991659167,,33.53,AVOID,SELL,73931.116,77682.097,2.0,squeeze,UNGATED_SHADOW,2026-09-15,True,shadow — never published
2026-09-15T18:38:31.831120,ETH,2410.57,19.41,52.39827256944444,32.61,AVOID,SELL,17.510000228881836,2286.2614,2472.7243,41.4362,2.0,19.41,AVOID,STRONG_SELL,2244.8667,2472.7243,2.67,squeeze,UNGATED_SHADOW,2026-09-15,True,shadow — never published
2026-09-15T18:38:31.831120,ADA,0.19946,52.94,53.56262361111111,53.19,WATCH,WATCH,17.510000228881836,,,0.00449177397204479,,52.94,WATCH,WATCH,,,,squeeze,UNGATED_SHADOW,2026-09-15,True,shadow — never published
2026-09-15T18:38:31.831120,BNB,717.84,68.56,49.53629791666667,60.95,BUY,BUY,17.510000228881836,740.34803,706.58598,7.50268,2.0,68.56,BUY,BUY,740.34803,706.58598,2.0,squeeze,UNGATED_SHADOW,2026-09-15,True,shadow — never published
2026-09-15T18:38:31.831120,XRP,1.3603,19.41,47.93084201388889,30.82,AVOID,SELL,17.510000228881836,1.2569364,1.4119818,0.0344545,2.0,19.41,AVOID,STRONG_SELL,1.2225164,1.4119818,2.67,squeeze,UNGATED_SHADOW,2026-09-15,True,shadow — never published
2026-09-15T18:38:31.831120,LTC,51.62,30.0,48.479974999999996,37.39,AVOID,SELL,17.510000228881836,49.311605,52.774198,0.769465,2.0,30.0,AVOID,SELL,49.311605,52.774198,2.0,squeeze,UNGATED_SHADOW,2026-09-15,True,shadow — never published
2026-09-15T18:38:31.831120,VET,0.007306,38.82,53.19768229166666,44.57,AVOID,WATCH,17.510000228881836,,,0.000219071214761956,,38.82,AVOID,SELL,0.0066487864,0.0076346068,2.0,squeeze,UNGATED_SHADOW,2026-09-15,True,shadow — never published
2026-09-15T18:38:31.831120,LINK,11.163,55.29,51.53391979166666,53.79,WATCH,WATCH,17.510000228881836,,,0.2214849143195639,,55.29,WATCH,WATCH,,,,squeeze,UNGATED_SHADOW,2026-09-15,True,shadow — never published
2026-09-15T18:38:31.831120,AVAX,7.432,72.69,45.935472222222224,61.99,BUY,BUY,17.510000228881836,7.8023394,7.2468303,0.1234465,2.0,72.69,BUY,BUY,7.8023394,7.2468303,2.0,squeeze,UNGATED_SHADOW,2026-09-15,True,shadow — never published
2026-09-15T18:38:31.831120,SOL,99.02,78.53,48.85636041666667,66.66,BUY,BUY,17.510000228881836,103.946829,96.556585,1.642276,2.0,78.53,STRONG_BUY,STRONG_BUY,105.587464,96.556585,2.67,squeeze,UNGATED_SHADOW,2026-09-15,True,shadow — never published
2026-09-15T18:38:31.831120,XLM,0.18587,2.35,58.292134375,24.73,AVOID,STRONG_SELL,17.510000228881836,0.16818196,0.19250467,0.00442312,2.67,2.35,AVOID,STRONG_SELL,0.16818196,0.19250467,2.67,squeeze,UNGATED_SHADOW,2026-09-15,True,shadow — never published
2026-09-15T18:38:31.831120,DOT,0.96,62.47,50.78399999999999,57.8,WATCH,WATCH,17.510000228881836,,,0.018597669823456384,,62.47,BUY,BUY,1.01579301,0.9321035,2.0,squeeze,UNGATED_SHADOW,2026-09-15,True,shadow — never published
2026-09-15T18:38:31.831120,ALGO,0.09201,50.59,48.8221,49.88,WATCH,WATCH,17.5,,,0.001972277982585634,,50.59,WATCH,WATCH,,,,squeeze,UNGATED_SHADOW,2026-09-15,True,shadow — never published
2026-09-15T18:38:31.831120,ATOM,1.555,52.94,51.03003611111111,52.18,WATCH,WATCH,17.5,,,0.02881904302864258,,52.94,WATCH,WATCH,,,,squeeze,UNGATED_SHADOW,2026-09-15,True,shadow — never published
2026-09-15T18:38:31.831120,DOGE,0.08142,54.71,51.099643055555546,53.27,WATCH,WATCH,17.510000228881836,,,0.0013682078876063744,,54.71,WATCH,WATCH,,,,squeeze,UNGATED_SHADOW,2026-09-15,True,shadow — never published
2026-09-15T18:38:31.831120,BCH,220.4,55.29,51.137593055555556,53.63,WATCH,WATCH,17.5,,,4.0300531255174405,,55.29,WATCH,WATCH,,,,squeeze,UNGATED_SHADOW,2026-09-15,True,shadow — never published
2026-09-15T18:38:31.831120,TRX,0.3322,37.65,53.83316909722222,44.12,AVOID,WATCH,17.5,,,0.003027962505451904,,37.65,AVOID,SELL,0.32311611,0.33674194,2.0,squeeze,UNGATED_SHADOW,2026-09-15,True,shadow — never published
2026-09-15T18:38:31.831120,VTHO,0.000757,20.0,64.7734625,37.91,AVOID,SELL,17.5,0.00050888643,0.00088105678,8.270452e-05,2.0,20.0,AVOID,STRONG_SELL,0.00042626461,0.00088105678,2.67,squeeze,UNGATED_SHADOW,2026-09-15,True,shadow — never published
2026-09-15T18:38:31.831120,NEAR,2.346,63.75,56.3622986111111,60.79,BUY,BUY,17.510000228881836,2.5897551,2.2241224,0.0812517,2.0,63.75,BUY,BUY,2.5897551,2.2241224,2.0,squeeze,UNGATED_SHADOW,2026-09-15,True,shadow — never published
2026-09-15T18:38:31.831120,FET,0.1543,29.41,47.50750625,36.65,AVOID,SELL,17.5,0.14404323,0.15942839,0.00341892,2.0,29.41,AVOID,SELL,0.14404323,0.15942839,2.0,squeeze,UNGATED_SHADOW,2026-09-15,True,shadow — never published
2026-09-15T18:38:31.831120,AAVE,124.71,80.13,49.79363437499999,68.0,BUY,BUY,17.5,129.73251,122.19875,1.67417,2.0,80.13,STRONG_BUY,STRONG_BUY,131.405,122.19875,2.67,squeeze,UNGATED_SHADOW,2026-09-15,True,shadow — never published
2026-09-15T18:38:31.831120,OP,0.097,43.53,47.089648958333335,44.95,AVOID,WATCH,17.5,,,0.0015127410666644688,,43.53,AVOID,WATCH,,,,squeeze,UNGATED_SHADOW,2026-09-15,True,shadow — never published
2026-09-15T18:38:31.831120,ETC,7.3,41.18,48.82884027777778,44.24,AVOID,WATCH,17.5,,,0.11124725914841357,,41.18,AVOID,WATCH,,,,squeeze,UNGATED_SHADOW,2026-09-15,True,shadow — never published
2026-09-15T21:52:39.332484,BTC,75547.44,21.18,51.46507152777777,33.29,AVOID,SELL,17.200000762939453,72876.343,76882.989,890.366,2.0,21.18,AVOID,STRONG_SELL,71986.867,76882.989,2.67,squeeze,UNGATED_SHADOW,2026-09-15,True,shadow — never published
2026-09-15T21:52:39.332484,ETH,2396.14,10.0,52.29004479166666,26.92,AVOID,SELL,17.200000762939453,2271.4397,2458.4902,41.5668,2.0,10.0,AVOID,STRONG_SELL,2229.9145,2458.4902,2.67,squeeze,UNGATED_SHADOW,2026-09-15,True,shadow — never published
2026-09-15T21:52:39.332484,ADA,0.19605,36.47,53.18628611111111,43.16,AVOID,WATCH,17.200000762939453,,,0.004748075831184449,,36.47,AVOID,SELL,0.18180577,0.20317211,2.0,squeeze,UNGATED_SHADOW,2026-09-15,True,shadow — never published
2026-09-15T21:52:39.332484,BNB,712.85,72.25,49.65585,63.21,BUY,BUY,17.200000762939453,737.2669,700.64155,8.13897,2.0,72.25,BUY,BUY,737.2669,700.64155,2.0,squeeze,UNGATED_SHADOW,2026-09-15,True,shadow — never published
2026-09-15T21:52:39.332484,XRP,1.2824,5.88,49.944715625,23.51,AVOID,STRONG_SELL,17.200000762939453,1.1295888,1.3397185,0.0382124,2.67,5.88,AVOID,STRONG_SELL,1.1295888,1.3397185,2.67,squeeze,UNGATED_SHADOW,2026-09-15,True,shadow — never published
2026-09-15T21:52:39.332484,LTC,51.08,22.35,48.11472222222222,32.66,AVOID,SELL,17.200000762939453,48.706286,52.266857,0.791238,2.0,22.35,AVOID,STRONG_SELL,47.915839,52.266857,2.67,squeeze,UNGATED_SHADOW,2026-09-15,True,shadow — never published
2026-09-15T21:52:39.332484,VET,0.007046,29.41,51.669140625,38.31,AVOID,SELL,17.200000762939453,0.0063505822,0.0073937089,0.0002318059,2.0,29.41,AVOID,SELL,0.0063505822,0.0073937089,2.0,squeeze,UNGATED_SHADOW,2026-09-15,True,shadow — never published
2026-09-15T21:52:39.332484,LINK,10.955,47.06,52.71722187499999,49.32,WATCH,WATCH,17.200000762939453,,,0.2388686449293909,,47.06,WATCH,WATCH,,,,squeeze,UNGATED_SHADOW,2026-09-15,True,shadow — never published
2026-09-15T21:52:39.332484,AVAX,7.259,48.82,49.92533333333333,49.26,WATCH,WATCH,17.200000762939453,,,0.1320268360790529,,48.82,WATCH,WATCH,,,,squeeze,UNGATED_SHADOW,2026-09-15,True,shadow — never published
2026-09-15T21:52:39.332484,SOL,96.73,44.12,50.160125,46.54,WATCH,WATCH,17.200000762939453,,,1.7997669353622954,,44.12,AVOID,WATCH,,,,squeeze,UNGATED_SHADOW,2026-09-15,True,shadow — never published
2026-09-15T21:52:39.332484,XLM,0.176,0.0,46.444834375,18.58,AVOID,STRONG_SELL,17.200000762939453,0.15546703,0.18370179,0.00513453,2.67,0.0,AVOID,STRONG_SELL,0.15546703,0.18370179,2.67,squeeze,UNGATED_SHADOW,2026-09-15,True,shadow — never published
2026-09-15T21:52:39.332484,DOT,0.946,45.88,49.17879166666666,47.2,WATCH,WATCH,17.200000762939453,,,0.020167224019740117,,45.88,WATCH,WATCH,,,,squeeze,UNGATED_SHADOW,2026-09-15,True,shadow — never published
2026-09-15T21:52:39.332484,ALGO,0.08877,21.18,49.02833333333333,32.32,AVOID,SELL,17.200000762939453,0.082355746,0.091977127,0.002138085,2.0,21.18,AVOID,STRONG_SELL,0.080219799,0.091977127,2.67,squeeze,UNGATED_SHADOW,2026-09-15,True,shadow — never published
2026-09-15T21:52:39.332484,ATOM,1.516,42.94,50.28600208333332,45.88,WATCH,WATCH,17.200000762939453,,,0.029903397098025256,,42.94,AVOID,WATCH,,,,squeeze,UNGATED_SHADOW,2026-09-15,True,shadow — never published
2026-09-15T21:52:39.332484,DOGE,0.07979,44.71,53.24452083333333,48.12,WATCH,WATCH,17.200000762939453,,,0.0015346624262467354,,44.71,AVOID,WATCH,,,,squeeze,UNGATED_SHADOW,2026-09-15,True,shadow — never published
2026-09-15T21:52:39.332484,BCH,217.0,55.88,53.563494097222225,54.95,WATCH,WATCH,17.200000762939453,,,4.109028922674359,,55.88,WATCH,WATCH,,,,squeeze,UNGATED_SHADOW,2026-09-15,True,shadow — never published
2026-09-15T21:52:39.332484,TRX,0.333,32.94,53.40164756944444,41.12,AVOID,WATCH,17.200000762939453,,,0.0030075978366951367,,32.94,AVOID,SELL,0.32397721,0.3375114,2.0,squeeze,UNGATED_SHADOW,2026-09-15,True,shadow — never published
2026-09-15T21:52:39.332484,VTHO,0.000771,20.59,64.46296249999999,38.14,AVOID,SELL,17.200000762939453,0.00052593026,0.00089353487,8.168991e-05,2.0,20.59,AVOID,STRONG_SELL,0.00044432203,0.00089353487,2.67,squeeze,UNGATED_SHADOW,2026-09-15,True,shadow — never published
2026-09-15T21:52:39.332484,NEAR,2.338,64.5,55.975451388888885,61.09,BUY,BUY,17.200000762939453,2.5816706,2.2161647,0.0812235,2.0,64.5,BUY,BUY,2.5816706,2.2161647,2.0,squeeze,UNGATED_SHADOW,2026-09-15,True,shadow — never published
2026-09-15T21:52:39.332484,FET,0.1518,20.59,48.010104166666665,31.56,AVOID,SELL,17.200000762939453,0.14112789,0.15713605,0.00355737,2.0,20.59,AVOID,STRONG_SELL,0.13757408,0.15713605,2.67,squeeze,UNGATED_SHADOW,2026-09-15,True,shadow — never published
2026-09-15T21:52:39.332484,AAVE,121.31,75.0,50.841619791666666,65.34,BUY,BUY,17.200000762939453,127.21921,118.35539,1.96974,2.0,75.0,STRONG_BUY,STRONG_BUY,129.18698,118.35539,2.67,squeeze,UNGATED_SHADOW,2026-09-15,True,shadow — never published
2026-09-15T21:52:39.332484,OP,0.095,40.59,44.51003125,42.16,AVOID,WATCH,17.200000762939453,,,0.0016036677251680272,,40.59,AVOID,WATCH,,,,squeeze,UNGATED_SHADOW,2026-09-15,True,shadow — never published
2026-09-15T21:52:39.332484,ETC,7.17,27.06,50.209559027777765,36.32,AVOID,SELL,17.200000762939453,6.8150969,7.3474515,0.118301,2.0,27.06,AVOID,SELL,6.8150969,7.3474515,2.0,squeeze,UNGATED_SHADOW,2026-09-15,True,shadow — never published
2026-09-15T23:52:28.628921,BTC,75670.24,24.12,51.46507152777777,35.06,AVOID,SELL,17.200000762939453,72944.086,77033.317,908.718,2.0,24.12,AVOID,STRONG_SELL,72036.277,77033.317,2.67,squeeze,UNGATED_SHADOW,2026-09-15,True,shadow — never published
2026-09-15T23:52:28.628921,ETH,2400.52,10.0,52.51344826388888,27.01,AVOID,SELL,17.200000762939453,2273.4561,2464.0519,42.3546,2.0,10.0,AVOID,STRONG_SELL,2231.1438,2464.0519,2.67,squeeze,UNGATED_SHADOW,2026-09-15,True,shadow — never published
2026-09-15T23:52:28.628921,ADA,0.19574,35.88,53.928131944444445,43.1,AVOID,WATCH,17.200000762939453,,,0.004880218688327306,,35.88,AVOID,SELL,0.18109934,0.20306033,2.0,squeeze,UNGATED_SHADOW,2026-09-15,True,shadow — never published
2026-09-15T23:52:28.628921,BNB,712.51,71.66,49.49871527777778,62.8,BUY,BUY,17.200000762939453,737.58475,699.97262,8.35825,2.0,71.66,BUY,BUY,737.58475,699.97262,2.0,squeeze,UNGATED_SHADOW,2026-09-15,True,shadow — never published
2026-09-15T23:52:28.628921,XRP,1.2878,5.88,50.05353437499999,23.55,AVOID,STRONG_SELL,17.200000762939453,1.1349888,1.3451185,0.0382124,2.67,5.88,AVOID,STRONG_SELL,1.1349888,1.3451185,2.67,squeeze,UNGATED_SHADOW,2026-09-15,True,shadow — never published
2026-09-15T23:52:28.628921,LTC,51.52,25.29,48.41768333333333,34.54,AVOID,SELL,17.200000762939453,49.127,52.7165,0.797667,2.0,25.29,AVOID,SELL,49.127,52.7165,2.0,squeeze,UNGATED_SHADOW,2026-09-15,True,shadow — never published
2026-09-15T23:52:28.628921,VET,0.007058,29.41,51.669140625,38.31,AVOID,SELL,17.200000762939453,0.0063533679,0.007410316,0.0002348774,2.0,29.41,AVOID,SELL,0.0063533679,0.007410316,2.0,squeeze,UNGATED_SHADOW,2026-09-15,True,shadow — never published
2026-09-15T23:52:28.628921,LINK,10.914,46.47,52.97019791666666,49.07,WATCH,WATCH,17.200000762939453,,,0.24436864492939087,,46.47,WATCH,WATCH,,,,squeeze,UNGATED_SHADOW,2026-09-15,True,shadow — never published
2026-09-15T23:52:28.628921,AVAX,7.313,66.97,49.29257777777777,59.9,WATCH,WATCH,17.200000762939453,,,0.1343125503647672,,66.97,BUY,BUY,7.7159377,7.1115312,2.0,squeeze,UNGATED_SHADOW,2026-09-15,True,shadow — never published
2026-09-15T23:52:28.628921,SOL,96.98,44.12,50.380334027777785,46.62,WATCH,WATCH,17.200000762939453,,,1.8204812210765817,,44.12,AVOID,WATCH,,,,squeeze,UNGATED_SHADOW,2026-09-15,True,shadow — never published
2026-09-15T23:52:28.628921,XLM,0.17636,0.0,47.331771874999994,18.93,AVOID,STRONG_SELL,17.200000762939453,0.15582703,0.18406179,0.00513453,2.67,0.0,AVOID,STRONG_SELL,0.15582703,0.18406179,2.67,squeeze,UNGATED_SHADOW,2026-09-15,True,shadow — never published
2026-09-15T23:52:28.628921,DOT,0.947,47.06,49.306888888888885,47.96,WATCH,WATCH,17.200000762939453,,,0.0204529383054544,,47.06,WATCH,WATCH,,,,squeeze,UNGATED_SHADOW,2026-09-15,True,shadow — never published
2026-09-15T23:52:28.628921,ALGO,0.08877,21.18,49.02833333333333,32.32,AVOID,SELL,17.200000762939453,0.08226146,0.09202427,0.002169513,2.0,21.18,AVOID,STRONG_SELL,0.080094117,0.09202427,2.67,squeeze,UNGATED_SHADOW,2026-09-15,True,shadow — never published
2026-09-15T23:52:28.628921,ATOM,1.515,42.94,50.48499999999999,45.96,WATCH,WATCH,17.200000762939453,,,0.029903397098025256,,42.94,AVOID,WATCH,,,,squeeze,UNGATED_SHADOW,2026-09-15,True,shadow — never published
2026-09-15T23:52:28.628921,DOGE,0.08027,48.82,52.91130833333333,50.46,WATCH,WATCH,17.200000762939453,,,0.0015375195691038782,,48.82,WATCH,WATCH,,,,squeeze,UNGATED_SHADOW,2026-09-15,True,shadow — never published
2026-09-15T23:52:28.628921,BCH,217.1,57.22,52.74687430555556,55.43,WATCH,WATCH,17.200000762939453,,,4.266171779817215,,57.22,WATCH,WATCH,,,,squeeze,UNGATED_SHADOW,2026-09-15,True,shadow — never published
2026-09-15T23:52:28.628921,TRX,0.3336,33.53,53.80109687499999,41.64,AVOID,WATCH,17.200000762939453,,,0.00302902640812371,,33.53,AVOID,SELL,0.32451292,0.33814354,2.0,squeeze,UNGATED_SHADOW,2026-09-15,True,shadow — never published
2026-09-15T23:52:28.628921,VTHO,0.000768,20.59,64.7734625,38.26,AVOID,SELL,17.200000762939453,0.00052164454,0.00089117773,8.211849e-05,2.0,20.59,AVOID,STRONG_SELL,0.00043960818,0.00089117773,2.67,squeeze,UNGATED_SHADOW,2026-09-15,True,shadow — never published
2026-09-15T23:52:28.628921,NEAR,2.33,64.5,56.051511111111104,61.12,BUY,BUY,17.200000762939453,2.5745277,2.2077361,0.0815092,2.0,64.5,BUY,BUY,2.5745277,2.2077361,2.0,squeeze,UNGATED_SHADOW,2026-09-15,True,shadow — never published
2026-09-15T23:52:28.628921,FET,0.1503,18.82,47.733385416666664,30.39,AVOID,SELL,17.200000762939453,0.13930647,0.15579677,0.00366451,2.0,18.82,AVOID,STRONG_SELL,0.13564562,0.15579677,2.67,squeeze,UNGATED_SHADOW,2026-09-15,True,shadow — never published
2026-09-15T23:52:28.628921,AAVE,122.9,79.12,50.21662673611111,67.56,BUY,BUY,17.200000762939453,128.9335,119.88325,2.01117,2.0,79.12,STRONG_BUY,STRONG_BUY,130.94266,119.88325,2.67,squeeze,UNGATED_SHADOW,2026-09-15,True,shadow — never published
2026-09-15T23:52:28.628921,OP,0.095,40.59,44.931538194444435,42.33,AVOID,WATCH,17.200000762939453,,,0.0016036677251680272,,40.59,AVOID,WATCH,,,,squeeze,UNGATED_SHADOW,2026-09-15,True,shadow — never published
2026-09-15T23:52:28.628921,ETC,7.17,27.06,49.92341666666667,36.21,AVOID,SELL,17.200000762939453,6.8150969,7.3474515,0.118301,2.0,27.06,AVOID,SELL,6.8150969,7.3474515,2.0,squeeze,UNGATED_SHADOW,2026-09-15,True,shadow — never published
2026-09-16T02:40:16.736188,BTC,76053.9,19.41,51.35023124999999,32.19,AVOID,SELL,17.200000762939453,73384.945,77388.377,889.652,2.0,19.41,AVOID,STRONG_SELL,72496.183,77388.377,2.67,squeeze,UNGATED_SHADOW,2026-09-16,True,shadow — never published
2026-09-16T02:40:16.736188,ETH,2410.01,8.82,52.73608506944445,26.39,AVOID,SELL,17.200000762939453,2287.6143,2471.2079,40.7986,2.0,8.82,AVOID,STRONG_SELL,2246.8565,2471.2079,2.67,squeeze,UNGATED_SHADOW,2026-09-16,True,shadow — never published
2026-09-16T02:40:16.736188,ADA,0.19526,29.41,53.56438055555555,39.07,AVOID,SELL,17.200000762939453,0.18093225,0.20242388,0.00477592,2.0,29.41,AVOID,SELL,0.18093225,0.20242388,2.0,squeeze,UNGATED_SHADOW,2026-09-16,True,shadow — never published
2026-09-16T02:40:16.736188,BNB,713.12,70.06,49.327013888888885,61.77,BUY,BUY,17.200000762939453,737.95727,700.70136,8.27909,2.0,70.06,BUY,BUY,737.95727,700.70136,2.0,squeeze,UNGATED_SHADOW,2026-09-16,True,shadow — never published
2026-09-16T02:40:16.736188,XRP,1.298,4.12,50.45964409722222,22.66,AVOID,STRONG_SELL,17.200000762939453,1.1491913,1.3538172,0.0372115,2.67,4.12,AVOID,STRONG_SELL,1.1491913,1.3538172,2.67,squeeze,UNGATED_SHADOW,2026-09-16,True,shadow — never published
2026-09-16T02:40:16.736188,LTC,51.14,17.06,48.41557499999999,29.6,AVOID,SELL,17.200000762939453,48.7165,52.35175,0.807833,2.0,17.06,AVOID,STRONG_SELL,47.909475,52.35175,2.67,squeeze,UNGATED_SHADOW,2026-09-16,True,shadow — never published
2026-09-16T02:40:16.736188,VET,0.007092,24.71,52.30766215277778,35.75,AVOID,SELL,17.200000762939453,0.0064031988,0.0074364006,0.0002296004,2.0,24.71,AVOID,STRONG_SELL,0.006173828,0.0074364006,2.67,squeeze,UNGATED_SHADOW,2026-09-16,True,shadow — never published
2026-09-16T02:40:16.736188,LINK,10.908,41.18,52.97019791666666,45.9,WATCH,WATCH,17.200000762939453,,,0.23841374172014865,,41.18,AVOID,WATCH,,,,squeeze,UNGATED_SHADOW,2026-09-16,True,shadow — never published
2026-09-16T02:40:16.736188,AVAX,7.292,46.47,49.97237152777777,47.87,WATCH,WATCH,17.200000762939453,,,0.1309330824815695,,46.47,WATCH,WATCH,,,,squeeze,UNGATED_SHADOW,2026-09-16,True,shadow — never published
2026-09-16T02:40:16.736188,SOL,97.49,32.35,50.380334027777785,39.56,AVOID,SELL,17.200000762939453,92.185088,100.142456,1.768304,2.0,32.35,AVOID,SELL,92.185088,100.142456,2.0,squeeze,UNGATED_SHADOW,2026-09-16,True,shadow — never published
2026-09-16T02:40:16.736188,XLM,0.17427,0.0,48.46198229166666,19.38,AVOID,STRONG_SELL,17.200000762939453,0.15436103,0.18173773,0.00497849,2.67,0.0,AVOID,STRONG_SELL,0.15436103,0.18173773,2.67,squeeze,UNGATED_SHADOW,2026-09-16,True,shadow — never published
2026-09-16T02:40:16.736188,DOT,0.942,34.12,49.16058333333333,40.14,AVOID,WATCH,17.200000762939453,,,0.01956344271220766,,34.12,AVOID,SELL,0.88330967,0.97134516,2.0,squeeze,UNGATED_SHADOW,2026-09-16,True,shadow — never published
2026-09-16T02:40:16.736188,ALGO,0.08924,14.12,50.359969444444445,28.62,AVOID,SELL,17.200000762939453,0.082864213,0.092427893,0.002125262,2.0,14.12,AVOID,STRONG_SELL,0.080741076,0.092427893,2.67,squeeze,UNGATED_SHADOW,2026-09-16,True,shadow — never published
2026-09-16T02:40:16.736188,ATOM,1.492,34.71,50.84573263888888,41.16,AVOID,WATCH,17.200000762939453,,,0.02948172587673774,,34.71,AVOID,SELL,1.4035548,1.5362226,2.0,squeeze,UNGATED_SHADOW,2026-09-16,True,shadow — never published
2026-09-16T02:40:16.736188,DOGE,0.08034,38.24,52.91130833333333,44.11,AVOID,WATCH,17.200000762939453,,,0.0014884110284536015,,38.24,AVOID,SELL,0.075874767,0.082572617,2.0,squeeze,UNGATED_SHADOW,2026-09-16,True,shadow — never published
2026-09-16T02:40:16.736188,BCH,219.0,54.71,51.77747222222222,53.54,WATCH,WATCH,17.200000762939453,,,4.154302366973128,,54.71,WATCH,WATCH,,,,squeeze,UNGATED_SHADOW,2026-09-16,True,shadow — never published
2026-09-16T02:40:16.736188,TRX,0.334,30.59,55.40973923611111,40.52,AVOID,WATCH,17.200000762939453,,,0.0030514428891760953,,30.59,AVOID,SELL,0.32484567,0.33857716,2.0,squeeze,UNGATED_SHADOW,2026-09-16,True,shadow — never published
2026-09-16T02:40:16.736188,VTHO,0.000716,21.18,66.52366666666667,39.32,AVOID,SELL,17.200000762939453,0.00047288422,0.00083755789,8.103859e-05,2.0,21.18,AVOID,STRONG_SELL,0.00039192666,0.00083755789,2.67,squeeze,UNGATED_SHADOW,2026-09-16,True,shadow — never published
2026-09-16T02:40:16.736188,NEAR,2.318,64.07,56.563293055555555,61.07,BUY,BUY,17.200000762939453,2.5577043,2.1981478,0.0799014,2.0,64.07,BUY,BUY,2.5577043,2.1981478,2.0,squeeze,UNGATED_SHADOW,2026-09-16,True,shadow — never published
2026-09-16T02:40:16.736188,FET,0.1509,14.12,49.534333333333336,28.29,AVOID,SELL,17.200000762939453,0.14034886,0.15617557,0.00351705,2.0,14.12,AVOID,STRONG_SELL,0.13683533,0.15617557,2.67,squeeze,UNGATED_SHADOW,2026-09-16,True,shadow — never published
2026-09-16T02:40:16.736188,AAVE,120.66,45.29,51.678364583333334,47.85,WATCH,WATCH,17.200000762939453,,,2.027512102993392,,45.29,WATCH,WATCH,,,,squeeze,UNGATED_SHADOW,2026-09-16,True,shadow — never published
2026-09-16T02:40:16.736188,OP,0.095,39.41,46.97518402777777,42.44,AVOID,WATCH,17.200000762939453,,,0.0014891200305131682,,39.41,AVOID,SELL,0.09053264,0.09723368,2.0,squeeze,UNGATED_SHADOW,2026-09-16,True,shadow — never published
2026-09-16T02:40:16.736188,ETC,7.15,20.0,51.51500868055555,32.61,AVOID,SELL,17.200000762939453,6.8011614,7.3244193,0.1162795,2.0,20.0,AVOID,STRONG_SELL,6.6849982,7.3244193,2.67,squeeze,UNGATED_SHADOW,2026-09-16,True,shadow — never published
2026-09-16T08:09:07.363955,BTC,75522.64,10.0,50.106969444444445,26.04,AVOID,SELL,16.969999313354492,73080.808,76743.556,813.944,2.0,10.0,AVOID,STRONG_SELL,72267.678,76743.556,2.67,squeeze,UNGATED_SHADOW,2026-09-16,True,shadow — never published
2026-09-16T08:09:07.363955,ETH,2386.0,4.71,52.38377777777777,23.78,AVOID,STRONG_SELL,16.969999313354492,2237.0633,2441.8652,37.2435,2.67,4.71,AVOID,STRONG_SELL,2237.0633,2441.8652,2.67,squeeze,UNGATED_SHADOW,2026-09-16,True,shadow — never published
2026-09-16T08:09:07.363955,ADA,0.19354,11.18,52.613338541666664,27.75,AVOID,SELL,16.969999313354492,0.18053735,0.20004132,0.00433422,2.0,11.18,AVOID,STRONG_SELL,0.17620747,0.20004132,2.67,squeeze,UNGATED_SHADOW,2026-09-16,True,shadow — never published
2026-09-16T08:09:07.363955,BNB,707.97,69.79,50.517199999999995,62.08,BUY,BUY,16.969999313354492,730.9279,696.49105,7.65263,2.0,69.79,BUY,BUY,730.9279,696.49105,2.0,squeeze,UNGATED_SHADOW,2026-09-16,True,shadow — never published
2026-09-16T08:09:07.363955,XRP,1.2813,0.0,49.87195416666666,19.95,AVOID,STRONG_SELL,16.969999313354492,1.1447566,1.3325166,0.0341444,2.67,0.0,AVOID,STRONG_SELL,1.1447566,1.3325166,2.67,squeeze,UNGATED_SHADOW,2026-09-16,True,shadow — never published
2026-09-16T08:09:07.363955,LTC,50.94,10.0,49.16841770833334,25.67,AVOID,SELL,16.969999313354492,48.755758,52.032121,0.728081,2.0,10.0,AVOID,STRONG_SELL,48.028405,52.032121,2.67,squeeze,UNGATED_SHADOW,2026-09-16,True,shadow — never published
2026-09-16T08:09:07.363955,VET,0.007106,18.24,51.33040173611111,31.48,AVOID,SELL,16.969999313354492,0.0064760388,0.0074209806,0.0002099871,2.0,18.24,AVOID,STRONG_SELL,0.0062662617,0.0074209806,2.67,squeeze,UNGATED_SHADOW,2026-09-16,True,shadow — never published
2026-09-16T08:09:07.363955,LINK,10.705,28.24,52.955918749999995,38.13,AVOID,SELL,16.969999313354492,10.050389,11.032306,0.218204,2.0,28.24,AVOID,SELL,10.050389,11.032306,2.0,squeeze,UNGATED_SHADOW,2026-09-16,True,shadow — never published
2026-09-16T08:09:07.363955,AVAX,7.243,32.35,51.39877083333334,39.97,AVOID,SELL,16.969999313354492,6.8847496,7.4221252,0.1194168,2.0,32.35,AVOID,SELL,6.8847496,7.4221252,2.0,squeeze,UNGATED_SHADOW,2026-09-16,True,shadow — never published
2026-09-16T08:09:07.363955,SOL,96.58,21.76,50.111968749999996,33.1,AVOID,SELL,16.969999313354492,91.74411,98.997945,1.611963,2.0,21.76,AVOID,STRONG_SELL,90.133759,98.997945,2.67,squeeze,UNGATED_SHADOW,2026-09-16,True,shadow — never published
2026-09-16T08:09:07.363955,XLM,0.17427,0.0,46.829709027777774,18.73,AVOID,STRONG_SELL,16.969999313354492,0.15594649,0.18114304,0.00458202,2.67,0.0,AVOID,STRONG_SELL,0.15594649,0.18114304,2.67,squeeze,UNGATED_SHADOW,2026-09-16,True,shadow — never published
2026-09-16T08:09:07.363955,DOT,0.955,30.59,48.27077083333333,37.66,AVOID,SELL,16.979999542236328,0.90209209,0.98145396,0.01763597,2.0,30.59,AVOID,SELL,0.90209209,0.98145396,2.0,squeeze,UNGATED_SHADOW,2026-09-16,True,shadow — never published
2026-09-16T08:09:07.363955,ALGO,0.08781,6.47,49.75839166666666,23.79,AVOID,STRONG_SELL,16.979999542236328,0.079958304,0.090755122,0.001963415,2.67,6.47,AVOID,STRONG_SELL,0.079958304,0.090755122,2.67,squeeze,UNGATED_SHADOW,2026-09-16,True,shadow — never published
2026-09-16T08:09:07.363955,ATOM,1.489,25.29,49.664906249999994,35.04,AVOID,SELL,16.979999542236328,1.4082233,1.5293884,0.0269256,2.0,25.29,AVOID,SELL,1.4082233,1.5293884,2.0,squeeze,UNGATED_SHADOW,2026-09-16,True,shadow — never published
2026-09-16T08:09:07.363955,DOGE,0.0794,28.24,53.69177499999999,38.42,AVOID,SELL,16.979999542236328,0.075263443,0.081468278,0.001378852,2.0,28.24,AVOID,SELL,0.075263443,0.081468278,2.0,squeeze,UNGATED_SHADOW,2026-09-16,True,shadow — never published
2026-09-16T08:09:07.363955,BCH,218.0,54.12,50.898424999999996,52.83,WATCH,WATCH,16.979999542236328,,,3.881370043825955,,54.12,WATCH,WATCH,,,,squeeze,UNGATED_SHADOW,2026-09-16,True,shadow — never published
2026-09-16T08:09:07.363955,TRX,0.3334,21.76,54.45489583333333,34.84,AVOID,SELL,16.979999542236328,0.32494958,0.33762521,0.00281681,2.0,21.76,AVOID,STRONG_SELL,0.3221356,0.33762521,2.67,squeeze,UNGATED_SHADOW,2026-09-16,True,shadow — never published
2026-09-16T08:09:07.363955,VTHO,0.000709,21.76,64.59811944444444,38.9,AVOID,SELL,16.979999542236328,0.00048617422,0.00082041289,7.427526e-05,2.0,21.76,AVOID,STRONG_SELL,0.00041197324,0.00082041289,2.67,squeeze,UNGATED_SHADOW,2026-09-16,True,shadow — never published
2026-09-16T08:09:07.363955,NEAR,2.342,64.99,48.99511111111111,58.59,WATCH,WATCH,16.979999542236328,,,0.07094599064569514,,64.99,BUY,BUY,2.554838,2.235581,2.0,squeeze,UNGATED_SHADOW,2026-09-16,True,shadow — never published
2026-09-16T08:09:07.363955,FET,0.1493,1.18,48.28522569444444,20.02,AVOID,STRONG_SELL,16.979999542236328,0.13638525,0.15414424,0.00322949,2.67,1.18,AVOID,STRONG_SELL,0.13638525,0.15414424,2.67,squeeze,UNGATED_SHADOW,2026-09-16,True,shadow — never published
2026-09-16T08:09:07.363955,AAVE,119.4,11.76,52.58336666666667,28.09,AVOID,SELL,16.979999542236328,113.80914,122.19543,1.86362,2.0,11.76,AVOID,STRONG_SELL,111.94738,122.19543,2.67,squeeze,UNGATED_SHADOW,2026-09-16,True,shadow — never published
2026-09-16T08:09:07.363955,OP,0.093,36.47,46.46119791666666,40.47,AVOID,WATCH,16.979999542236328,,,0.001416639209983293,,36.47,AVOID,SELL,0.088750082,0.095124959,2.0,squeeze,UNGATED_SHADOW,2026-09-16,True,shadow — never published
2026-09-16T08:09:07.363955,ETC,7.25,20.0,50.932829166666664,32.37,AVOID,SELL,16.979999542236328,6.9412565,7.4043717,0.1029145,2.0,20.0,AVOID,STRONG_SELL,6.838445,7.4043717,2.67,squeeze,UNGATED_SHADOW,2026-09-16,True,shadow — never published
2026-09-16T13:56:56.543383,BTC,75725.34,10.0,50.41532916666666,26.17,AVOID,SELL,16.8799991607666,73185.882,76995.069,846.486,2.0,10.0,AVOID,STRONG_SELL,72340.242,76995.069,2.67,squeeze,UNGATED_SHADOW,2026-09-16,True,shadow — never published
2026-09-16T13:56:56.543383,ETH,2400.08,5.29,52.18815000000001,24.05,AVOID,STRONG_SELL,16.8799991607666,2244.1699,2458.5609,38.9873,2.67,5.29,AVOID,STRONG_SELL,2244.1699,2458.5609,2.67,squeeze,UNGATED_SHADOW,2026-09-16,True,shadow — never published
2026-09-16T13:56:56.543383,ADA,0.1927,10.59,52.613338541666664,27.4,AVOID,SELL,16.8799991607666,0.17941677,0.19934161,0.00442774,2.0,10.59,AVOID,STRONG_SELL,0.17499346,0.19934161,2.67,squeeze,UNGATED_SHADOW,2026-09-16,True,shadow — never published
2026-09-16T13:56:56.543383,BNB,711.81,71.13,50.55939062499999,62.9,BUY,BUY,16.8799991607666,735.70606,699.86197,7.96535,2.0,71.13,BUY,BUY,735.70606,699.86197,2.0,squeeze,UNGATED_SHADOW,2026-09-16,True,shadow — never published
2026-09-16T13:56:56.543383,XRP,1.2773,0.0,49.665353472222215,19.87,AVOID,STRONG_SELL,16.90999984741211,1.1391044,1.3291363,0.0345575,2.67,0.0,AVOID,STRONG_SELL,1.1391044,1.3291363,2.67,squeeze,UNGATED_SHADOW,2026-09-16,True,shadow — never published
2026-09-16T13:56:56.543383,LTC,50.59,9.41,49.630478125,25.5,AVOID,SELL,16.90999984741211,48.385755,51.692123,0.734748,2.0,9.41,AVOID,STRONG_SELL,47.651741,51.692123,2.67,squeeze,UNGATED_SHADOW,2026-09-16,True,shadow — never published
2026-09-16T13:56:56.543383,VET,0.006985,17.06,48.14254583333333,29.49,AVOID,SELL,16.90999984741211,0.0062976686,0.0073286657,0.0002291105,2.0,17.06,AVOID,STRONG_SELL,0.0060687873,0.0073286657,2.67,squeeze,UNGATED_SHADOW,2026-09-16,True,shadow — never published
2026-09-16T13:56:56.543383,LINK,10.727,27.06,52.955918749999995,37.42,AVOID,SELL,16.90999984741211,10.054892,11.063054,0.224036,2.0,27.06,AVOID,SELL,10.054892,11.063054,2.0,squeeze,UNGATED_SHADOW,2026-09-16,True,shadow — never published
2026-09-16T13:56:56.543383,AVAX,7.295,33.53,50.0873875,40.15,AVOID,WATCH,16.90999984741211,,,0.12248395853207308,,33.53,AVOID,SELL,6.9275481,7.4787259,2.0,squeeze,UNGATED_SHADOW,2026-09-16,True,shadow — never published
2026-09-16T13:56:56.543383,SOL,97.33,21.18,49.45055902777778,32.49,AVOID,SELL,16.90999984741211,92.357541,99.816229,1.657486,2.0,21.18,AVOID,STRONG_SELL,90.701712,99.816229,2.67,squeeze,UNGATED_SHADOW,2026-09-16,True,shadow — never published
2026-09-16T13:56:56.543383,XLM,0.17458,0.0,47.125514583333334,18.85,AVOID,STRONG_SELL,16.90999984741211,0.15616709,0.18148657,0.00460438,2.67,0.0,AVOID,STRONG_SELL,0.15616709,0.18148657,2.67,squeeze,UNGATED_SHADOW,2026-09-16,True,shadow — never published
2026-09-16T13:56:56.543383,DOT,0.983,31.18,50.27584375,38.82,AVOID,SELL,16.90999984741211,0.92594265,1.01152867,0.01901912,2.0,31.18,AVOID,SELL,0.92594265,1.01152867,2.0,squeeze,UNGATED_SHADOW,2026-09-16,True,shadow — never published
2026-09-16T13:56:56.543383,ALGO,0.08663,3.53,50.977774999999994,22.51,AVOID,STRONG_SELL,16.90999984741211,0.078243291,0.089775802,0.002097202,2.67,3.53,AVOID,STRONG_SELL,0.078243291,0.089775802,2.67,squeeze,UNGATED_SHADOW,2026-09-16,True,shadow — never published
2026-09-16T13:56:56.543383,ATOM,1.497,24.12,50.07452986111111,34.5,AVOID,SELL,16.90999984741211,1.4187329,1.5361336,0.026089,2.0,24.12,AVOID,STRONG_SELL,1.3926699,1.5361336,2.67,squeeze,UNGATED_SHADOW,2026-09-16,True,shadow — never published
2026-09-16T13:56:56.543383,DOGE,0.07952,26.47,53.69177499999999,37.36,AVOID,SELL,16.90999984741211,0.075222636,0.081668682,0.001432455,2.0,26.47,AVOID,SELL,0.075222636,0.081668682,2.0,squeeze,UNGATED_SHADOW,2026-09-16,True,shadow — never published
2026-09-16T13:56:56.543383,BCH,218.8,59.9,50.898424999999996,56.3,WATCH,WATCH,16.90999984741211,,,3.657190550899612,,59.9,WATCH,WATCH,,,,squeeze,UNGATED_SHADOW,2026-09-16,True,shadow — never published
2026-09-16T13:56:56.543383,TRX,0.3356,22.35,54.686429166666656,35.28,AVOID,SELL,16.90999984741211,0.32709043,0.33985479,0.00283652,2.0,22.35,AVOID,STRONG_SELL,0.32425674,0.33985479,2.67,squeeze,UNGATED_SHADOW,2026-09-16,True,shadow — never published
2026-09-16T13:56:56.543383,VTHO,0.000683,22.94,65.65196666666667,40.02,AVOID,WATCH,16.90999984741211,,,7.052600658268123e-05,,22.94,AVOID,STRONG_SELL,0.0004009665,0.00078878901,2.67,squeeze,UNGATED_SHADOW,2026-09-16,True,shadow — never published
2026-09-16T13:56:56.543383,NEAR,2.475,48.24,56.85611180555555,51.69,WATCH,WATCH,16.90999984741211,,,0.08130188927304347,,48.24,WATCH,WATCH,,,,squeeze,UNGATED_SHADOW,2026-09-16,True,shadow — never published
2026-09-16T13:56:56.543383,FET,0.1515,1.18,47.15838541666666,19.57,AVOID,STRONG_SELL,16.90999984741211,0.13950774,0.15599822,0.00299882,2.67,1.18,AVOID,STRONG_SELL,0.13950774,0.15599822,2.67,squeeze,UNGATED_SHADOW,2026-09-16,True,shadow — never published
2026-09-16T13:56:56.543383,AAVE,117.52,4.12,52.37127152777778,23.42,AVOID,STRONG_SELL,16.90999984741211,109.25372,120.62063,2.06709,2.67,4.12,AVOID,STRONG_SELL,109.25372,120.62063,2.67,squeeze,UNGATED_SHADOW,2026-09-16,True,shadow — never published
2026-09-16T13:56:56.543383,OP,0.093,34.71,45.00443541666666,38.83,AVOID,SELL,16.90999984741211,0.089053648,0.094973176,0.001315451,2.0,34.71,AVOID,SELL,0.089053648,0.094973176,2.0,squeeze,UNGATED_SHADOW,2026-09-16,True,shadow — never published
2026-09-16T13:56:56.543383,ETC,7.19,17.65,51.13720972222222,31.04,AVOID,SELL,16.90999984741211,6.8904525,7.3397738,0.0998492,2.0,17.65,AVOID,STRONG_SELL,6.7907032,7.3397738,2.67,squeeze,UNGATED_SHADOW,2026-09-16,True,shadow — never published
2026-09-16T17:55:01.436146,BTC,75498.28,9.41,50.106969444444445,25.69,AVOID,SELL,16.809999465942383,73009.422,76742.709,829.619,2.0,9.41,AVOID,STRONG_SELL,72180.633,76742.709,2.67,squeeze,UNGATED_SHADOW,2026-09-16,True,shadow — never published
2026-09-16T17:55:01.436146,ETH,2379.26,0.0,52.38377777777777,20.95,AVOID,STRONG_SELL,16.809999465942383,2224.3328,2437.3722,38.7415,2.67,0.0,AVOID,STRONG_SELL,2224.3328,2437.3722,2.67,squeeze,UNGATED_SHADOW,2026-09-16,True,shadow — never published
2026-09-16T17:55:01.436146,ADA,0.19093,8.24,52.95091145833333,26.12,AVOID,SELL,16.809999465942383,0.17795287,0.19741856,0.00432571,2.0,8.24,AVOID,STRONG_SELL,0.17363149,0.19741856,2.67,squeeze,UNGATED_SHADOW,2026-09-16,True,shadow — never published
2026-09-16T17:55:01.436146,BNB,710.45,70.12,49.32234999999999,61.8,BUY,BUY,16.809999465942383,733.55053,698.89974,7.70018,2.0,70.12,BUY,BUY,733.55053,698.89974,2.0,squeeze,UNGATED_SHADOW,2026-09-16,True,shadow — never published
2026-09-16T17:55:01.436146,XRP,1.2539,0.0,51.40646944444445,20.56,AVOID,STRONG_SELL,16.809999465942383,1.1178856,1.3049181,0.0340121,2.67,0.0,AVOID,STRONG_SELL,1.1178856,1.3049181,2.67,squeeze,UNGATED_SHADOW,2026-09-16,True,shadow — never published
2026-09-16T17:55:01.436146,LTC,50.38,7.65,50.08419305555555,24.62,AVOID,STRONG_SELL,16.809999465942383,47.475946,51.469292,0.726195,2.67,7.65,AVOID,STRONG_SELL,47.475946,51.469292,2.67,squeeze,UNGATED_SHADOW,2026-09-16,True,shadow — never published
2026-09-16T17:55:01.436146,VET,0.006806,14.71,49.859208333333335,28.77,AVOID,SELL,16.809999465942383,0.0061150188,0.0071514906,0.0002303271,2.0,14.71,AVOID,STRONG_SELL,0.0058849221,0.0071514906,2.67,squeeze,UNGATED_SHADOW,2026-09-16,True,shadow — never published
2026-09-16T17:55:01.436146,LINK,10.678,23.53,52.955918749999995,35.3,AVOID,SELL,16.809999465942383,10.022017,11.005992,0.218661,2.0,23.53,AVOID,STRONG_SELL,9.803574,11.005992,2.67,squeeze,UNGATED_SHADOW,2026-09-16,True,shadow — never published
2026-09-16T17:55:01.436146,AVAX,7.177,29.41,51.06900833333333,38.07,AVOID,SELL,16.809999465942383,6.810509,7.3602455,0.1221637,2.0,29.41,AVOID,SELL,6.810509,7.3602455,2.0,squeeze,UNGATED_SHADOW,2026-09-16,True,shadow — never published
2026-09-16T17:55:01.436146,SOL,96.5,12.94,49.780625,27.68,AVOID,SELL,16.809999465942383,91.543992,98.978004,1.652003,2.0,12.94,AVOID,STRONG_SELL,89.893642,98.978004,2.67,squeeze,UNGATED_SHADOW,2026-09-16,True,shadow — never published
2026-09-16T17:55:01.436146,XLM,0.17272,0.0,47.39633958333333,18.96,AVOID,STRONG_SELL,16.809999465942383,0.15499633,0.17936804,0.00443203,2.67,0.0,AVOID,STRONG_SELL,0.15499633,0.17936804,2.67,squeeze,UNGATED_SHADOW,2026-09-16,True,shadow — never published
2026-09-16T17:55:01.436146,DOT,0.972,30.0,51.03529097222222,38.41,AVOID,SELL,16.809999465942383,0.91730389,0.99934805,0.01823204,2.0,30.0,AVOID,SELL,0.91730389,0.99934805,2.0,squeeze,UNGATED_SHADOW,2026-09-16,True,shadow — never published
2026-09-16T17:55:01.436146,ALGO,0.08684,0.59,51.12925555555555,20.81,AVOID,STRONG_SELL,16.809999465942383,0.078568177,0.089942709,0.002068473,2.67,0.59,AVOID,STRONG_SELL,0.078568177,0.089942709,2.67,squeeze,UNGATED_SHADOW,2026-09-16,True,shadow — never published
2026-09-16T17:55:01.436146,ATOM,1.48,21.18,49.664906249999994,32.57,AVOID,SELL,16.809999465942383,1.4039407,1.5180296,0.0253531,2.0,21.18,AVOID,STRONG_SELL,1.378613,1.5180296,2.67,squeeze,UNGATED_SHADOW,2026-09-16,True,shadow — never published
2026-09-16T17:55:01.436146,DOGE,0.07866,22.94,53.47845,35.16,AVOID,SELL,16.829999923706055,0.074445968,0.080767016,0.001404677,2.0,22.94,AVOID,STRONG_SELL,0.073042696,0.080767016,2.67,squeeze,UNGATED_SHADOW,2026-09-16,True,shadow — never published
2026-09-16T17:55:01.436146,BCH,214.7,45.88,53.63800451388889,48.98,WATCH,WATCH,16.829999923706055,,,3.729125919712906,,45.88,WATCH,WATCH,,,,squeeze,UNGATED_SHADOW,2026-09-16,True,shadow — never published
2026-09-16T17:55:01.436146,TRX,0.3362,21.76,53.88420833333333,34.61,AVOID,SELL,16.829999923706055,0.3272253,0.34068735,0.00299157,2.0,21.76,AVOID,STRONG_SELL,0.32423672,0.34068735,2.67,squeeze,UNGATED_SHADOW,2026-09-16,True,shadow — never published
2026-09-16T17:55:01.436146,VTHO,0.000684,23.53,65.90982222222222,40.48,AVOID,WATCH,16.829999923706055,,,6.656496529616317e-05,,23.53,AVOID,STRONG_SELL,0.0004178067,0.00078384745,2.67,squeeze,UNGATED_SHADOW,2026-09-16,True,shadow — never published
2026-09-16T17:55:01.436146,NEAR,2.463,50.0,56.59935833333333,52.64,WATCH,WATCH,16.829999923706055,,,0.07575991759027506,,50.0,WATCH,WATCH,,,,squeeze,UNGATED_SHADOW,2026-09-16,True,shadow — never published
2026-09-16T17:55:01.436146,FET,0.1498,0.0,47.562083333333334,19.02,AVOID,STRONG_SELL,16.829999923706055,0.13817873,0.15415907,0.00290604,2.67,0.0,AVOID,STRONG_SELL,0.13817873,0.15415907,2.67,squeeze,UNGATED_SHADOW,2026-09-16,True,shadow — never published
2026-09-16T17:55:01.436146,AAVE,114.2,0.0,52.93689583333333,21.17,AVOID,STRONG_SELL,16.829999923706055,105.59522,117.4276,2.15173,2.67,0.0,AVOID,STRONG_SELL,105.59522,117.4276,2.67,squeeze,UNGATED_SHADOW,2026-09-16,True,shadow — never published
2026-09-16T17:55:01.436146,OP,0.092,30.0,46.46119791666666,36.58,AVOID,SELL,16.829999923706055,0.088121244,0.093939378,0.001292919,2.0,30.0,AVOID,SELL,0.088121244,0.093939378,2.0,squeeze,UNGATED_SHADOW,2026-09-16,True,shadow — never published
2026-09-16T17:55:01.436146,ETC,7.11,14.71,50.932829166666664,29.2,AVOID,SELL,16.829999923706055,6.7987875,7.2656062,0.1037375,2.0,14.71,AVOID,STRONG_SELL,6.6951538,7.2656062,2.67,squeeze,UNGATED_SHADOW,2026-09-16,True,shadow — never published
2026-09-16T20:43:32.769356,BTC,76105.36,9.41,50.341252880871174,25.78,AVOID,SELL,17.709999084472656,73531.865,77392.108,857.832,2.0,9.41,AVOID,STRONG_SELL,72674.891,77392.108,2.67,squeeze,UNGATED_SHADOW,2026-09-16,True,shadow — never published
2026-09-16T20:43:32.769356,ETH,2407.44,1.76,51.31552425759757,21.58,AVOID,STRONG_SELL,17.709999084472656,2250.476,2466.3162,39.2508,2.67,1.76,AVOID,STRONG_SELL,2250.476,2466.3162,2.67,squeeze,UNGATED_SHADOW,2026-09-16,True,shadow — never published
2026-09-16T20:43:32.769356,ADA,0.1946,8.24,52.201582071667666,25.82,AVOID,SELL,17.709999084472656,0.18131721,0.2012414,0.0044276,2.0,8.24,AVOID,STRONG_SELL,0.17689404,0.2012414,2.67,squeeze,UNGATED_SHADOW,2026-09-16,True,shadow — never published
2026-09-16T20:43:32.769356,BNB,719.21,72.04,49.64275404651691,63.08,BUY,BUY,17.709999084472656,742.36789,707.63106,7.7193,2.0,72.04,BUY,BUY,742.36789,707.63106,2.0,squeeze,UNGATED_SHADOW,2026-09-16,True,shadow — never published
2026-09-16T20:43:32.769356,XRP,1.2997,0.0,49.10021985421925,19.64,AVOID,STRONG_SELL,17.709999084472656,1.1571193,1.3531811,0.0356541,2.67,0.0,AVOID,STRONG_SELL,1.1571193,1.3531811,2.67,squeeze,UNGATED_SHADOW,2026-09-16,True,shadow — never published
2026-09-16T20:43:32.769356,LTC,51.26,8.82,48.90666193351328,24.85,AVOID,STRONG_SELL,17.709999084472656,48.217139,52.401358,0.760906,2.67,8.82,AVOID,STRONG_SELL,48.217139,52.401358,2.67,squeeze,UNGATED_SHADOW,2026-09-16,True,shadow — never published
2026-09-16T20:43:32.769356,VET,0.007028,14.71,50.656423635262605,29.09,AVOID,SELL,17.709999084472656,0.0063615175,0.0073612412,0.0002221608,2.0,14.71,AVOID,STRONG_SELL,0.0061395788,0.0073612412,2.67,squeeze,UNGATED_SHADOW,2026-09-16,True,shadow — never published
2026-09-16T20:43:32.769356,LINK,10.939,24.12,51.852210858295415,35.21,AVOID,SELL,17.709999084472656,10.249301,11.283849,0.2299,2.0,24.12,AVOID,STRONG_SELL,10.019632,11.283849,2.67,squeeze,UNGATED_SHADOW,2026-09-16,True,shadow — never published
2026-09-16T20:43:32.769356,AVAX,7.338,32.94,46.445249450894806,38.34,AVOID,SELL,17.709999084472656,6.9769471,7.5185264,0.120351,2.0,32.94,AVOID,SELL,6.9769471,7.5185264,2.0,squeeze,UNGATED_SHADOW,2026-09-16,True,shadow — never published
2026-09-16T20:43:32.769356,SOL,98.37,17.65,47.11948162182188,29.44,AVOID,SELL,17.709999084472656,93.311411,100.899294,1.686196,2.0,17.65,AVOID,STRONG_SELL,91.626901,100.899294,2.67,squeeze,UNGATED_SHADOW,2026-09-16,True,shadow — never published
2026-09-16T20:43:32.769356,XLM,0.1824,1.18,57.31272136258324,23.63,AVOID,STRONG_SELL,17.709999084472656,0.1633705,0.18953785,0.00475856,2.67,1.18,AVOID,STRONG_SELL,0.1633705,0.18953785,2.67,squeeze,UNGATED_SHADOW,2026-09-16,True,shadow — never published
2026-09-16T20:43:32.769356,DOT,1.009,31.76,50.32834727750263,39.19,AVOID,SELL,17.709999084472656,0.9410526,1.0429737,0.0226491,2.0,31.76,AVOID,SELL,0.9410526,1.0429737,2.0,squeeze,UNGATED_SHADOW,2026-09-16,True,shadow — never published
2026-09-16T20:43:32.769356,ALGO,0.08774,0.0,49.950065175257606,19.98,AVOID,STRONG_SELL,17.709999084472656,0.079386332,0.090873409,0.002088939,2.67,0.0,AVOID,STRONG_SELL,0.079386332,0.090873409,2.67,squeeze,UNGATED_SHADOW,2026-09-16,True,shadow — never published
2026-09-16T20:43:32.769356,ATOM,1.493,21.18,49.679585284018174,32.58,AVOID,SELL,17.709999084472656,1.4173072,1.5308464,0.0252309,2.0,21.18,AVOID,STRONG_SELL,1.3921015,1.5308464,2.67,squeeze,UNGATED_SHADOW,2026-09-16,True,shadow — never published
2026-09-16T20:43:32.769356,DOGE,0.08037,23.53,51.500303211374785,34.72,AVOID,SELL,17.709999084472656,0.076113807,0.082498096,0.001418731,2.0,23.53,AVOID,STRONG_SELL,0.074696495,0.082498096,2.67,squeeze,UNGATED_SHADOW,2026-09-16,True,shadow — never published
2026-09-16T20:43:32.769356,BCH,216.3,45.88,50.49698225072052,47.73,WATCH,WATCH,17.709999084472656,,,3.5622495785089225,,45.88,WATCH,WATCH,,,,squeeze,UNGATED_SHADOW,2026-09-16,True,shadow — never published
2026-09-16T20:43:32.769356,TRX,0.3366,22.35,53.80617781227961,34.93,AVOID,SELL,17.709999084472656,0.32752859,0.3411357,0.0030238,2.0,22.35,AVOID,STRONG_SELL,0.32450781,0.3411357,2.67,squeeze,UNGATED_SHADOW,2026-09-16,True,shadow — never published
2026-09-16T20:43:32.769356,VTHO,0.000695,24.12,64.36492052091347,40.22,AVOID,WATCH,17.709999084472656,,,6.462665144847806e-05,,24.12,AVOID,STRONG_SELL,0.00043655802,0.00079193998,2.67,squeeze,UNGATED_SHADOW,2026-09-16,True,shadow — never published
2026-09-16T20:43:32.769356,NEAR,2.566,30.0,55.68498410087784,40.27,AVOID,WATCH,17.709999084472656,,,0.08176176021137788,,30.0,AVOID,SELL,2.3207147,2.6886426,2.0,squeeze,UNGATED_SHADOW,2026-09-16,True,shadow — never published
2026-09-16T20:43:32.769356,FET,0.1506,0.0,44.16219927308797,17.66,AVOID,STRONG_SELL,17.709999084472656,0.13980882,0.1546477,0.00269847,2.67,0.0,AVOID,STRONG_SELL,0.13980882,0.1546477,2.67,squeeze,UNGATED_SHADOW,2026-09-16,True,shadow — never published
2026-09-16T20:43:32.769356,AAVE,117.12,0.0,51.74702930334021,20.7,AVOID,STRONG_SELL,17.709999084472656,108.32352,120.41951,2.19967,2.67,0.0,AVOID,STRONG_SELL,108.32352,120.41951,2.67,squeeze,UNGATED_SHADOW,2026-09-16,True,shadow — never published
2026-09-16T20:43:32.769356,OP,0.094,29.41,45.86872303961253,35.99,AVOID,SELL,17.709999084472656,0.089969727,0.096015136,0.001343424,2.0,29.41,AVOID,SELL,0.089969727,0.096015136,2.0,squeeze,UNGATED_SHADOW,2026-09-16,True,shadow — never published
2026-09-16T20:43:32.769356,ETC,7.28,15.29,49.677669465486495,29.05,AVOID,SELL,17.709999084472656,6.9596394,7.4401803,0.1067869,2.0,15.29,AVOID,STRONG_SELL,6.8529594,7.4401803,2.67,squeeze,UNGATED_SHADOW,2026-09-16,True,shadow — never published
2026-09-16T23:27:37.814819,BTC,76079.73,9.41,50.19695409073457,25.72,AVOID,SELL,17.709999084472656,73419.723,77409.733,886.669,2.0,9.41,AVOID,STRONG_SELL,72533.941,77409.733,2.67,squeeze,UNGATED_SHADOW,2026-09-16,True,shadow — never published
2026-09-16T23:27:37.814819,ETH,2411.34,2.35,51.12903455933266,21.86,AVOID,STRONG_SELL,17.709999084472656,2249.8314,2471.9209,40.3873,2.67,2.35,AVOID,STRONG_SELL,2249.8314,2471.9209,2.67,squeeze,UNGATED_SHADOW,2026-09-16,True,shadow — never published
2026-09-16T23:27:37.814819,ADA,0.19556,8.24,52.08592539253704,25.78,AVOID,SELL,17.709999084472656,0.18192364,0.20237818,0.00454545,2.0,8.24,AVOID,STRONG_SELL,0.17738273,0.20237818,2.67,squeeze,UNGATED_SHADOW,2026-09-16,True,shadow — never published
2026-09-16T23:27:37.814819,BNB,723.35,70.87,52.832502624011696,63.66,BUY,BUY,17.709999084472656,747.24503,711.40249,7.96501,2.0,70.87,BUY,BUY,747.24503,711.40249,2.0,squeeze,UNGATED_SHADOW,2026-09-16,True,shadow — never published
2026-09-16T23:27:37.814819,XRP,1.2974,0.0,49.40435367253574,19.76,AVOID,STRONG_SELL,17.709999084472656,1.1502776,1.3525847,0.0367898,2.67,0.0,AVOID,STRONG_SELL,1.1502776,1.3525847,2.67,squeeze,UNGATED_SHADOW,2026-09-16,True,shadow — never published
2026-09-16T23:27:37.814819,LTC,51.34,8.82,48.119880446222304,24.54,AVOID,STRONG_SELL,17.709999084472656,48.282857,52.486715,0.764477,2.67,8.82,AVOID,STRONG_SELL,48.282857,52.486715,2.67,squeeze,UNGATED_SHADOW,2026-09-16,True,shadow — never published
2026-09-16T23:27:37.814819,VET,0.007117,15.29,51.66937117770984,29.84,AVOID,SELL,17.709999084472656,0.0064400175,0.0074554912,0.0002256608,2.0,15.29,AVOID,STRONG_SELL,0.0062145823,0.0074554912,2.67,squeeze,UNGATED_SHADOW,2026-09-16,True,shadow — never published
2026-09-16T23:27:37.814819,LINK,10.998,24.12,51.86180800443102,35.22,AVOID,SELL,17.709999084472656,10.308301,11.342849,0.2299,2.0,24.12,AVOID,STRONG_SELL,10.078632,11.342849,2.67,squeeze,UNGATED_SHADOW,2026-09-16,True,shadow — never published
2026-09-16T23:27:37.814819,AVAX,7.37,34.12,49.62455655405745,40.32,AVOID,WATCH,17.709999084472656,,,0.12199382138734877,,34.12,AVOID,SELL,7.0040185,7.5529907,2.0,squeeze,UNGATED_SHADOW,2026-09-16,True,shadow — never published
2026-09-16T23:27:37.814819,SOL,98.42,17.65,46.8095746460933,29.31,AVOID,SELL,17.709999084472656,93.23284,101.01358,1.729053,2.0,17.65,AVOID,STRONG_SELL,91.505515,101.01358,2.67,squeeze,UNGATED_SHADOW,2026-09-16,True,shadow — never published
2026-09-16T23:27:37.814819,XLM,0.18106,1.18,57.46542417988792,23.69,AVOID,STRONG_SELL,17.709999084472656,0.16126212,0.18848606,0.00495071,2.67,1.18,AVOID,STRONG_SELL,0.16126212,0.18848606,2.67,squeeze,UNGATED_SHADOW,2026-09-16,True,shadow — never published
2026-09-16T23:27:37.814819,DOT,1.003,32.35,51.84552397400434,40.15,AVOID,WATCH,17.709999084472656,,,0.023006278831685257,,32.35,AVOID,SELL,0.9339812,1.0375094,2.0,squeeze,UNGATED_SHADOW,2026-09-16,True,shadow — never published
2026-09-16T23:27:37.814819,ALGO,0.08841,0.59,50.26416632726942,20.46,AVOID,STRONG_SELL,17.709999084472656,0.079936362,0.091588409,0.002118939,2.67,0.59,AVOID,STRONG_SELL,0.079936362,0.091588409,2.67,squeeze,UNGATED_SHADOW,2026-09-16,True,shadow — never published
2026-09-16T23:27:37.814819,ATOM,1.491,21.18,49.68572270046309,32.58,AVOID,SELL,17.709999084472656,1.4125215,1.5302393,0.0261595,2.0,21.18,AVOID,STRONG_SELL,1.3863881,1.5302393,2.67,squeeze,UNGATED_SHADOW,2026-09-16,True,shadow — never published
2026-09-16T23:27:37.814819,DOGE,0.08063,23.53,51.18494702584881,34.59,AVOID,SELL,17.709999084472656,0.076288093,0.082800954,0.001447302,2.0,23.53,AVOID,STRONG_SELL,0.074842238,0.082800954,2.67,squeeze,UNGATED_SHADOW,2026-09-16,True,shadow — never published
2026-09-16T23:27:37.814819,BCH,220.4,51.18,49.15685225825496,50.37,WATCH,WATCH,17.709999084472656,,,3.8693924356517786,,51.18,WATCH,WATCH,,,,squeeze,UNGATED_SHADOW,2026-09-16,True,shadow — never published
2026-09-16T23:27:37.814819,TRX,0.3366,22.35,53.46582065992013,34.8,AVOID,SELL,17.709999084472656,0.32740002,0.34119999,0.00306666,2.0,22.35,AVOID,STRONG_SELL,0.32433643,0.34119999,2.67,squeeze,UNGATED_SHADOW,2026-09-16,True,shadow — never published
2026-09-16T23:27:37.814819,VTHO,0.000704,24.12,66.16993180191001,40.94,AVOID,WATCH,17.709999084472656,,,6.541236573419235e-05,,24.12,AVOID,STRONG_SELL,0.00044241595,0.00080211855,2.67,squeeze,UNGATED_SHADOW,2026-09-16,True,shadow — never published
2026-09-16T23:27:37.814819,NEAR,2.614,24.71,55.5658583531801,37.05,AVOID,SELL,17.709999084472656,2.3580004,2.7419998,0.0853332,2.0,24.71,AVOID,STRONG_SELL,2.2727526,2.7419998,2.67,squeeze,UNGATED_SHADOW,2026-09-16,True,shadow — never published
2026-09-16T23:27:37.814819,FET,0.1561,0.59,44.94176069769192,18.33,AVOID,STRONG_SELL,17.709999084472656,0.14365209,0.16076913,0.00311275,2.67,0.59,AVOID,STRONG_SELL,0.14365209,0.16076913,2.67,squeeze,UNGATED_SHADOW,2026-09-16,True,shadow — never published
2026-09-16T23:27:37.814819,AAVE,118.15,0.0,50.85398104101606,20.34,AVOID,STRONG_SELL,17.709999084472656,109.05931,121.55986,2.27324,2.67,0.0,AVOID,STRONG_SELL,109.05931,121.55986,2.67,squeeze,UNGATED_SHADOW,2026-09-16,True,shadow — never published
2026-09-16T23:27:37.814819,OP,0.094,29.41,43.19907625024809,34.93,AVOID,SELL,17.709999084472656,0.089969727,0.096015136,0.001343424,2.0,29.41,AVOID,SELL,0.089969727,0.096015136,2.0,squeeze,UNGATED_SHADOW,2026-09-16,True,shadow — never published
2026-09-16T23:27:37.814819,ETC,7.25,14.71,47.36166270832585,27.77,AVOID,SELL,17.709999084472656,6.9296394,7.4101803,0.1067869,2.0,14.71,AVOID,STRONG_SELL,6.8229594,7.4101803,2.67,squeeze,UNGATED_SHADOW,2026-09-16,True,shadow — never published
2026-09-17T02:44:07.374926,BTC,76436.61,9.41,49.12073978342078,25.29,AVOID,SELL,17.709999084472656,73817.651,77746.089,872.986,2.0,9.41,AVOID,STRONG_SELL,72945.538,77746.089,2.67,squeeze,UNGATED_SHADOW,2026-09-17,True,shadow — never published
2026-09-17T02:44:07.374926,ETH,2432.41,4.12,49.914230106672285,22.44,AVOID,STRONG_SELL,17.709999084472656,2273.147,2492.1486,39.8257,2.67,4.12,AVOID,STRONG_SELL,2273.147,2492.1486,2.67,squeeze,UNGATED_SHADOW,2026-09-17,True,shadow — never published
2026-09-17T02:44:07.374926,ADA,0.19624,8.82,52.053853742138195,26.11,AVOID,SELL,17.709999084472656,0.18291001,0.202905,0.00444333,2.0,8.82,AVOID,STRONG_SELL,0.17847112,0.202905,2.67,squeeze,UNGATED_SHADOW,2026-09-17,True,shadow — never published
2026-09-17T02:44:07.374926,BNB,723.49,70.44,51.488835056007716,62.86,BUY,BUY,17.709999084472656,747.60176,711.43412,8.03725,2.0,70.44,BUY,BUY,747.60176,711.43412,2.0,squeeze,UNGATED_SHADOW,2026-09-17,True,shadow — never published
2026-09-17T02:44:07.374926,XRP,1.3044,0.0,48.98780770327846,19.6,AVOID,STRONG_SELL,17.709999084472656,1.1626733,1.3575608,0.0354405,2.67,0.0,AVOID,STRONG_SELL,1.1626733,1.3575608,2.67,squeeze,UNGATED_SHADOW,2026-09-17,True,shadow — never published
2026-09-17T02:44:07.374926,LTC,51.89,11.76,49.7378135721,26.95,AVOID,SELL,17.709999084472656,49.56508,53.05246,0.774973,2.0,11.76,AVOID,STRONG_SELL,48.790881,53.05246,2.67,squeeze,UNGATED_SHADOW,2026-09-17,True,shadow — never published
2026-09-17T02:44:07.374926,VET,0.007091,15.88,50.59319497055414,29.77,AVOID,SELL,17.709999084472656,0.0064160111,0.0074284944,0.0002249963,2.0,15.88,AVOID,STRONG_SELL,0.0061912399,0.0074284944,2.67,squeeze,UNGATED_SHADOW,2026-09-17,True,shadow — never published
2026-09-17T02:44:07.374926,LINK,11.133,26.47,50.495109353272824,36.08,AVOID,SELL,17.709999084472656,10.449969,11.474516,0.227677,2.0,26.47,AVOID,SELL,10.449969,11.474516,2.0,squeeze,UNGATED_SHADOW,2026-09-17,True,shadow — never published
2026-09-17T02:44:07.374926,AVAX,7.535,31.76,47.87807262431541,38.21,AVOID,SELL,17.709999084472656,7.1623131,7.7213434,0.124229,2.0,31.76,AVOID,SELL,7.1623131,7.7213434,2.0,squeeze,UNGATED_SHADOW,2026-09-17,True,shadow — never published
2026-09-17T02:44:07.374926,SOL,99.67,20.0,48.4030839412513,31.36,AVOID,SELL,17.709999084472656,94.598351,102.205824,1.69055,2.0,20.0,AVOID,STRONG_SELL,92.909492,102.205824,2.67,squeeze,UNGATED_SHADOW,2026-09-17,True,shadow — never published
2026-09-17T02:44:07.374926,XLM,0.18435,1.76,54.810266902207026,22.98,AVOID,STRONG_SELL,17.709999084472656,0.16490081,0.19164527,0.00486351,2.67,1.76,AVOID,STRONG_SELL,0.16490081,0.19164527,2.67,squeeze,UNGATED_SHADOW,2026-09-17,True,shadow — never published
2026-09-17T02:44:07.374926,DOT,1.016,33.53,51.41030002855379,40.68,AVOID,WATCH,17.709999084472656,,,0.02443440177227918,,33.53,AVOID,SELL,0.9426968,1.0526516,2.0,squeeze,UNGATED_SHADOW,2026-09-17,True,shadow — never published
2026-09-17T02:44:07.374926,ALGO,0.08958,1.18,48.32087949015572,20.04,AVOID,STRONG_SELL,17.709999084472656,0.081062805,0.092774747,0.002129831,2.67,1.18,AVOID,STRONG_SELL,0.081062805,0.092774747,2.67,squeeze,UNGATED_SHADOW,2026-09-17,True,shadow — never published
2026-09-17T02:44:07.374926,ATOM,1.499,21.18,49.66124304323609,32.57,AVOID,SELL,17.709999084472656,1.4198057,1.5385972,0.0263981,2.0,21.18,AVOID,STRONG_SELL,1.3934339,1.5385972,2.67,squeeze,UNGATED_SHADOW,2026-09-17,True,shadow — never published
2026-09-17T02:44:07.374926,DOGE,0.08118,26.47,51.03775766245064,36.3,AVOID,SELL,17.709999084472656,0.076931035,0.083304482,0.001416322,2.0,26.47,AVOID,SELL,0.076931035,0.083304482,2.0,squeeze,UNGATED_SHADOW,2026-09-17,True,shadow — never published
2026-09-17T02:44:07.374926,BCH,219.9,52.35,48.82559876399185,50.94,WATCH,WATCH,17.709999084472656,,,3.826170526982773,,52.35,WATCH,WATCH,,,,squeeze,UNGATED_SHADOW,2026-09-17,True,shadow — never published
2026-09-17T02:44:07.374926,TRX,0.3374,23.53,52.81881224878577,35.25,AVOID,SELL,17.709999084472656,0.32817145,0.34201428,0.00307618,2.0,23.53,AVOID,STRONG_SELL,0.32509834,0.34201428,2.67,squeeze,UNGATED_SHADOW,2026-09-17,True,shadow — never published
2026-09-17T02:44:07.374926,VTHO,0.000679,24.71,65.2286620328865,40.92,AVOID,WATCH,17.709999084472656,,,6.309719675317862e-05,,24.71,AVOID,STRONG_SELL,0.00042667431,0.0007736458,2.67,squeeze,UNGATED_SHADOW,2026-09-17,True,shadow — never published
2026-09-17T02:44:07.374926,NEAR,2.649,17.06,54.90523986689255,32.2,AVOID,SELL,17.709999084472656,2.3861075,2.7804462,0.0876308,2.0,17.06,AVOID,STRONG_SELL,2.2985644,2.7804462,2.67,squeeze,UNGATED_SHADOW,2026-09-17,True,shadow — never published
2026-09-17T02:44:07.374926,FET,0.1582,3.53,45.48951162995212,20.31,AVOID,STRONG_SELL,17.709999084472656,0.14604138,0.16276062,0.00304041,2.67,3.53,AVOID,STRONG_SELL,0.14604138,0.16276062,2.67,squeeze,UNGATED_SHADOW,2026-09-17,True,shadow — never published
2026-09-17T02:44:07.374926,AAVE,120.73,0.0,50.21342342633831,20.09,AVOID,STRONG_SELL,17.709999084472656,111.37173,124.24023,2.34015,2.67,0.0,AVOID,STRONG_SELL,111.37173,124.24023,2.67,squeeze,UNGATED_SHADOW,2026-09-17,True,shadow — never published
2026-09-17T02:44:07.374926,OP,0.095,29.41,48.56810118002679,37.07,AVOID,SELL,17.709999084472656,0.091043318,0.096978341,0.001318894,2.0,29.41,AVOID,SELL,0.091043318,0.096978341,2.0,squeeze,UNGATED_SHADOW,2026-09-17,True,shadow — never published
2026-09-17T02:44:07.374926,ETC,7.36,17.65,45.84904273755966,28.93,AVOID,SELL,17.709999084472656,7.0332876,7.5233562,0.1089041,2.0,17.65,AVOID,STRONG_SELL,6.9244924,7.5233562,2.67,squeeze,UNGATED_SHADOW,2026-09-17,True,shadow — never published
2026-09-17T08:15:41.103002,BTC,76391.11,10.59,49.6956802627404,26.23,AVOID,SELL,16.09000015258789,74014.304,77579.513,792.269,2.0,10.59,AVOID,STRONG_SELL,73222.827,77579.513,2.67,squeeze,UNGATED_SHADOW,2026-09-17,True,shadow — never published
2026-09-17T08:15:41.103002,ETH,2438.71,7.65,51.12342368371088,25.04,AVOID,SELL,16.09000015258789,2328.5957,2493.7672,36.7048,2.0,7.65,AVOID,STRONG_SELL,2291.9276,2493.7672,2.67,squeeze,UNGATED_SHADOW,2026-09-17,True,shadow — never published
2026-09-17T08:15:41.103002,ADA,0.1986,10.0,52.216305507628064,26.89,AVOID,SELL,16.09000015258789,0.18624669,0.20477665,0.00411777,2.0,10.0,AVOID,STRONG_SELL,0.18213304,0.20477665,2.67,squeeze,UNGATED_SHADOW,2026-09-17,True,shadow — never published
2026-09-17T08:15:41.103002,BNB,724.57,66.06,57.47834835651208,62.63,BUY,BUY,16.09000015258789,746.30907,713.70046,7.24636,2.0,66.06,BUY,BUY,746.30907,713.70046,2.0,squeeze,UNGATED_SHADOW,2026-09-17,True,shadow — never published
2026-09-17T08:15:41.103002,XRP,1.2992,0.0,49.95302515038583,19.98,AVOID,STRONG_SELL,16.09000015258789,1.1725143,1.346719,0.0316793,2.67,0.0,AVOID,STRONG_SELL,1.1725143,1.346719,2.67,squeeze,UNGATED_SHADOW,2026-09-17,True,shadow — never published
2026-09-17T08:15:41.103002,LTC,52.75,18.24,51.984594516216745,31.74,AVOID,SELL,16.09000015258789,50.560014,53.844993,0.729995,2.0,18.24,AVOID,STRONG_SELL,49.830749,53.844993,2.67,squeeze,UNGATED_SHADOW,2026-09-17,True,shadow — never published
2026-09-17T08:15:41.103002,VET,0.007108,17.06,49.49727266651784,30.03,AVOID,SELL,16.09000015258789,0.0064978103,0.0074130949,0.0002033966,2.0,17.06,AVOID,STRONG_SELL,0.0062946171,0.0074130949,2.67,squeeze,UNGATED_SHADOW,2026-09-17,True,shadow — never published
2026-09-17T08:15:41.103002,LINK,11.173,28.24,49.589765219157975,36.78,AVOID,SELL,16.09000015258789,10.545332,11.486834,0.209223,2.0,28.24,AVOID,SELL,10.545332,11.486834,2.0,squeeze,UNGATED_SHADOW,2026-09-17,True,shadow — never published
2026-09-17T08:15:41.103002,AVAX,7.555,30.0,50.37610548594484,38.15,AVOID,SELL,16.09000015258789,7.2250495,7.7199752,0.1099835,2.0,30.0,AVOID,SELL,7.2250495,7.7199752,2.0,squeeze,UNGATED_SHADOW,2026-09-17,True,shadow — never published
2026-09-17T08:15:41.103002,SOL,99.98,20.0,50.788215905700035,32.32,AVOID,SELL,16.09000015258789,95.284901,102.327549,1.565033,2.0,20.0,AVOID,STRONG_SELL,93.721433,102.327549,2.67,squeeze,UNGATED_SHADOW,2026-09-17,True,shadow — never published
2026-09-17T08:15:41.103002,XLM,0.18274,4.12,52.59971685189625,23.51,AVOID,STRONG_SELL,16.09000015258789,0.16546408,0.18922009,0.00432006,2.67,4.12,AVOID,STRONG_SELL,0.16546408,0.18922009,2.67,squeeze,UNGATED_SHADOW,2026-09-17,True,shadow — never published
2026-09-17T08:15:41.103002,DOT,1.012,32.35,47.59884493949521,38.45,AVOID,SELL,16.09000015258789,0.9477998,1.0441001,0.0214001,2.0,32.35,AVOID,SELL,0.9477998,1.0441001,2.0,squeeze,UNGATED_SHADOW,2026-09-17,True,shadow — never published
2026-09-17T08:15:41.103002,ALGO,0.09004,4.71,46.916172716962805,21.59,AVOID,STRONG_SELL,16.09000015258789,0.081605854,0.093203596,0.002109064,2.67,4.71,AVOID,STRONG_SELL,0.081605854,0.093203596,2.67,squeeze,UNGATED_SHADOW,2026-09-17,True,shadow — never published
2026-09-17T08:15:41.103002,ATOM,1.533,27.06,48.36435065107651,35.58,AVOID,SELL,16.09000015258789,1.4607497,1.5691251,0.0240834,2.0,27.06,AVOID,SELL,1.4607497,1.5691251,2.0,squeeze,UNGATED_SHADOW,2026-09-17,True,shadow — never published
2026-09-17T08:15:41.103002,DOGE,0.08128,26.47,49.959921278340566,35.87,AVOID,SELL,16.09000015258789,0.077463903,0.083188049,0.001272032,2.0,26.47,AVOID,SELL,0.077463903,0.083188049,2.0,squeeze,UNGATED_SHADOW,2026-09-17,True,shadow — never published
2026-09-17T08:15:41.103002,BCH,222.2,58.4,53.21226693115281,56.32,WATCH,WATCH,16.09000015258789,,,3.37868785234739,,58.4,WATCH,WATCH,,,,squeeze,UNGATED_SHADOW,2026-09-17,True,shadow — never published
2026-09-17T08:15:41.103002,TRX,0.3368,24.12,54.959314652730846,36.46,AVOID,SELL,16.09000015258789,0.32852436,0.34093782,0.00275855,2.0,24.12,AVOID,STRONG_SELL,0.32576857,0.34093782,2.67,squeeze,UNGATED_SHADOW,2026-09-17,True,shadow — never published
2026-09-17T08:15:41.103002,VTHO,0.000734,25.88,67.61873268417176,42.58,AVOID,WATCH,16.09000015258789,,,5.898176658819993e-05,,25.88,AVOID,SELL,0.0005570547,0.00082247265,2.0,squeeze,UNGATED_SHADOW,2026-09-17,True,shadow — never published
2026-09-17T08:15:41.103002,NEAR,2.719,9.41,55.43710414972508,27.82,AVOID,SELL,16.09000015258789,2.4642946,2.8463527,0.0849018,2.0,9.41,AVOID,STRONG_SELL,2.3794777,2.8463527,2.67,squeeze,UNGATED_SHADOW,2026-09-17,True,shadow — never published
2026-09-17T08:15:41.103002,FET,0.1562,15.88,43.16768979688467,26.8,AVOID,SELL,16.09000015258789,0.14793729,0.16033135,0.00275424,2.0,15.88,AVOID,STRONG_SELL,0.14518581,0.16033135,2.67,squeeze,UNGATED_SHADOW,2026-09-17,True,shadow — never published
2026-09-17T08:15:41.103002,AAVE,123.37,1.76,45.90127660190667,19.42,AVOID,STRONG_SELL,16.09000015258789,114.77191,126.59509,2.15006,2.67,1.76,AVOID,STRONG_SELL,114.77191,126.59509,2.67,squeeze,UNGATED_SHADOW,2026-09-17,True,shadow — never published
2026-09-17T08:15:41.103002,OP,0.096,30.59,47.79167253201613,37.47,AVOID,SELL,16.09000015258789,0.092389392,0.097805304,0.001203536,2.0,30.59,AVOID,SELL,0.092389392,0.097805304,2.0,squeeze,UNGATED_SHADOW,2026-09-17,True,shadow — never published
2026-09-17T08:15:41.103002,ETC,7.42,21.18,49.90814440285229,32.67,AVOID,SELL,16.09000015258789,7.1343143,7.5628428,0.0952286,2.0,21.18,AVOID,STRONG_SELL,7.039181,7.5628428,2.67,squeeze,UNGATED_SHADOW,2026-09-17,True,shadow — never published
2026-09-17T14:00:18.527679,BTC,76729.19,12.94,51.70220312499999,28.44,AVOID,SELL,15.770000457763672,74186.713,78000.428,847.492,2.0,12.94,AVOID,STRONG_SELL,73340.068,78000.428,2.67,squeeze,UNGATED_SHADOW,2026-09-17,True,shadow — never published
2026-09-17T14:00:18.527679,ETH,2463.47,10.59,55.431221875000006,28.53,AVOID,SELL,15.770000457763672,2348.9447,2520.7326,38.1751,2.0,10.59,AVOID,STRONG_SELL,2310.8078,2520.7326,2.67,squeeze,UNGATED_SHADOW,2026-09-17,True,shadow — never published
2026-09-17T14:00:18.527679,ADA,0.20082,14.12,49.409893749999995,28.24,AVOID,SELL,15.770000457763672,0.18814616,0.20715692,0.00422461,2.0,14.12,AVOID,STRONG_SELL,0.18392577,0.20715692,2.67,squeeze,UNGATED_SHADOW,2026-09-17,True,shadow — never published
2026-09-17T14:00:18.527679,BNB,725.55,66.22,57.193213541666665,62.61,BUY,BUY,15.770000457763672,748.39342,714.12829,7.61447,2.0,66.22,BUY,BUY,748.39342,714.12829,2.0,squeeze,UNGATED_SHADOW,2026-09-17,True,shadow — never published
2026-09-17T14:00:18.527679,XRP,1.3045,0.59,48.912055555555554,19.92,AVOID,STRONG_SELL,15.770000457763672,1.1770821,1.3522937,0.0318624,2.67,0.59,AVOID,STRONG_SELL,1.1770821,1.3522937,2.67,squeeze,UNGATED_SHADOW,2026-09-17,True,shadow — never published
2026-09-17T14:00:18.527679,LTC,52.62,20.0,52.570461111111115,33.03,AVOID,SELL,15.770000457763672,50.463839,53.69808,0.71872,2.0,20.0,AVOID,STRONG_SELL,49.745838,53.69808,2.67,squeeze,UNGATED_SHADOW,2026-09-17,True,shadow — never published
2026-09-17T14:00:18.527679,VET,0.007127,20.59,50.37743506944444,32.5,AVOID,SELL,15.770000457763672,0.006502584,0.007439208,0.0002081387,2.0,20.59,AVOID,STRONG_SELL,0.0062946535,0.007439208,2.67,squeeze,UNGATED_SHADOW,2026-09-17,True,shadow — never published
2026-09-17T14:00:18.527679,LINK,11.257,29.41,50.217625,37.73,AVOID,SELL,15.770000457763672,10.613783,11.578609,0.214406,2.0,29.41,AVOID,SELL,10.613783,11.578609,2.0,squeeze,UNGATED_SHADOW,2026-09-17,True,shadow — never published
2026-09-17T14:00:18.527679,AVAX,7.572,29.41,49.04488055555555,37.26,AVOID,SELL,15.770000457763672,7.2359388,7.7400306,0.1120204,2.0,29.41,AVOID,SELL,7.2359388,7.7400306,2.0,squeeze,UNGATED_SHADOW,2026-09-17,True,shadow — never published
2026-09-17T14:00:18.527679,SOL,100.78,21.18,53.737583333333326,34.2,AVOID,SELL,15.770000457763672,95.85348,103.24326,1.64217,2.0,21.18,AVOID,STRONG_SELL,94.21295,103.24326,2.67,squeeze,UNGATED_SHADOW,2026-09-17,True,shadow — never published
2026-09-17T14:00:18.527679,XLM,0.18361,2.94,53.71700952926136,23.25,AVOID,STRONG_SELL,15.779999732971191,0.16610946,0.19017434,0.00437623,2.67,2.94,AVOID,STRONG_SELL,0.16610946,0.19017434,2.67,squeeze,UNGATED_SHADOW,2026-09-17,True,shadow — never published
2026-09-17T14:00:18.527679,DOT,1.035,28.82,48.37077111316856,36.64,AVOID,SELL,15.779999732971191,0.9699212,1.0675394,0.0216929,2.0,28.82,AVOID,SELL,0.9699212,1.0675394,2.0,squeeze,UNGATED_SHADOW,2026-09-17,True,shadow — never published
2026-09-17T14:00:18.527679,ALGO,0.08957,6.47,47.525077244280524,22.89,AVOID,STRONG_SELL,15.779999732971191,0.08135696,0.09265066,0.002053773,2.67,6.47,AVOID,STRONG_SELL,0.08135696,0.09265066,2.67,squeeze,UNGATED_SHADOW,2026-09-17,True,shadow — never published
2026-09-17T14:00:18.527679,ATOM,1.531,31.18,49.20456862420645,38.39,AVOID,SELL,15.779999732971191,1.4614615,1.5657693,0.0231795,2.0,31.18,AVOID,SELL,1.4614615,1.5657693,2.0,squeeze,UNGATED_SHADOW,2026-09-17,True,shadow — never published
2026-09-17T14:00:18.527679,DOGE,0.08153,29.41,50.06863425953659,37.67,AVOID,SELL,15.779999732971191,0.07760643,0.083491785,0.001307857,2.0,29.41,AVOID,SELL,0.07760643,0.083491785,2.0,squeeze,UNGATED_SHADOW,2026-09-17,True,shadow — never published
2026-09-17T14:00:18.527679,BCH,227.8,42.94,50.46493061987369,45.95,WATCH,WATCH,15.779999732971191,,,3.7434754547307403,,42.94,AVOID,WATCH,,,,squeeze,UNGATED_SHADOW,2026-09-17,True,shadow — never published
2026-09-17T14:00:18.527679,TRX,0.3363,25.29,55.28770891011557,37.29,AVOID,SELL,15.779999732971191,0.32782568,0.34053716,0.00282477,2.0,25.29,AVOID,SELL,0.32782568,0.34053716,2.0,squeeze,UNGATED_SHADOW,2026-09-17,True,shadow — never published
2026-09-17T14:00:18.527679,VTHO,0.00069,26.47,65.40391646961635,42.04,AVOID,WATCH,15.779999732971191,,,5.950347713802238e-05,,26.47,AVOID,SELL,0.00051148957,0.00077925522,2.0,squeeze,UNGATED_SHADOW,2026-09-17,True,shadow — never published
2026-09-17T14:00:18.527679,NEAR,2.856,6.47,59.802454406379425,27.8,AVOID,SELL,15.779999732971191,2.5804726,2.9937637,0.0918425,2.0,6.47,AVOID,STRONG_SELL,2.4887219,2.9937637,2.67,squeeze,UNGATED_SHADOW,2026-09-17,True,shadow — never published
2026-09-17T14:00:18.527679,FET,0.1579,23.53,48.276505604666156,33.43,AVOID,SELL,15.789999961853027,0.14988922,0.16190539,0.00267026,2.0,23.53,AVOID,STRONG_SELL,0.14722163,0.16190539,2.67,squeeze,UNGATED_SHADOW,2026-09-17,True,shadow — never published
2026-09-17T14:00:18.527679,AAVE,123.88,2.35,54.77382792983747,23.32,AVOID,STRONG_SELL,15.789999961853027,115.42169,127.05266,2.11511,2.67,2.35,AVOID,STRONG_SELL,115.42169,127.05266,2.67,squeeze,UNGATED_SHADOW,2026-09-17,True,shadow — never published
2026-09-17T14:00:18.527679,OP,0.096,30.59,49.477330967912295,38.14,AVOID,SELL,15.779999732971191,0.092647292,0.097676354,0.001117569,2.0,30.59,AVOID,SELL,0.092647292,0.097676354,2.0,squeeze,UNGATED_SHADOW,2026-09-17,True,shadow — never published
2026-09-17T14:00:18.527679,ETC,7.31,28.24,47.37763145780021,35.9,AVOID,SELL,15.789999961853027,7.0119654,7.4590173,0.0993449,2.0,28.24,AVOID,SELL,7.0119654,7.4590173,2.0,squeeze,UNGATED_SHADOW,2026-09-17,True,shadow — never published
2026-09-17T18:04:15.873920,BTC,76669.12,17.06,49.1325009978267,29.89,AVOID,SELL,15.5600004196167,74221.726,77892.817,815.798,2.0,17.06,AVOID,STRONG_SELL,73406.744,77892.817,2.67,squeeze,UNGATED_SHADOW,2026-09-17,True,shadow — never published
2026-09-17T18:04:15.873920,ETH,2461.59,12.94,53.71347560723706,29.25,AVOID,SELL,15.5600004196167,2349.8679,2517.4511,37.2407,2.0,12.94,AVOID,STRONG_SELL,2312.6644,2517.4511,2.67,squeeze,UNGATED_SHADOW,2026-09-17,True,shadow — never published
2026-09-17T18:04:15.873920,ADA,0.202,15.29,53.06127241726779,30.4,AVOID,SELL,15.5600004196167,0.18948373,0.20825813,0.00417209,2.0,15.29,AVOID,STRONG_SELL,0.18531582,0.20825813,2.67,squeeze,UNGATED_SHADOW,2026-09-17,True,shadow — never published
2026-09-17T18:04:15.873920,BNB,729.35,53.53,56.948580966874275,54.9,WATCH,WATCH,15.5600004196167,,,7.2841546049835015,,53.53,WATCH,WATCH,,,,squeeze,UNGATED_SHADOW,2026-09-17,True,shadow — never published
2026-09-17T18:04:15.873920,XRP,1.3005,1.76,50.16616196255718,21.12,AVOID,STRONG_SELL,15.5600004196167,1.1782211,1.3463661,0.0305774,2.67,1.76,AVOID,STRONG_SELL,1.1782211,1.3463661,2.67,squeeze,UNGATED_SHADOW,2026-09-17,True,shadow — never published
2026-09-17T18:04:15.873920,LTC,53.86,18.24,52.94653312846399,32.12,AVOID,SELL,15.5600004196167,51.622902,54.978549,0.745699,2.0,18.24,AVOID,STRONG_SELL,50.877948,54.978549,2.67,squeeze,UNGATED_SHADOW,2026-09-17,True,shadow — never published
2026-09-17T18:04:15.873920,VET,0.007388,27.65,52.85800805046022,37.73,AVOID,SELL,15.5600004196167,0.0067511852,0.0077064074,0.0002122716,2.0,27.65,AVOID,SELL,0.0067511852,0.0077064074,2.0,squeeze,UNGATED_SHADOW,2026-09-17,True,shadow — never published
2026-09-17T18:04:15.873920,LINK,11.362,30.0,49.26634412510194,37.71,AVOID,SELL,15.5600004196167,10.725359,11.68032,0.212214,2.0,30.0,AVOID,SELL,10.725359,11.68032,2.0,squeeze,UNGATED_SHADOW,2026-09-17,True,shadow — never published
2026-09-17T18:04:15.873920,AVAX,7.618,27.06,48.672752842684055,35.71,AVOID,SELL,15.5600004196167,7.2920606,7.7809697,0.1086465,2.0,27.06,AVOID,SELL,7.2920606,7.7809697,2.0,squeeze,UNGATED_SHADOW,2026-09-17,True,shadow — never published
2026-09-17T18:04:15.873920,SOL,101.51,19.41,54.0569518426311,33.27,AVOID,SELL,15.5600004196167,96.59588,103.96706,1.63804,2.0,19.41,AVOID,STRONG_SELL,94.95948,103.96706,2.67,squeeze,UNGATED_SHADOW,2026-09-17,True,shadow — never published
2026-09-17T18:04:15.873920,XLM,0.18598,5.29,55.41063219698532,25.34,AVOID,SELL,15.5600004196167,0.17307122,0.19243439,0.00430293,2.0,5.29,AVOID,STRONG_SELL,0.16877259,0.19243439,2.67,squeeze,UNGATED_SHADOW,2026-09-17,True,shadow — never published
2026-09-17T18:04:15.873920,DOT,1.057,27.65,50.245020361574184,36.69,AVOID,SELL,15.5600004196167,0.9876462,1.0916769,0.0231179,2.0,27.65,AVOID,SELL,0.9876462,1.0916769,2.0,squeeze,UNGATED_SHADOW,2026-09-17,True,shadow — never published
2026-09-17T18:04:15.873920,ALGO,0.09095,7.65,48.302879678155655,23.91,AVOID,STRONG_SELL,15.5600004196167,0.083020824,0.093924184,0.00198279,2.67,7.65,AVOID,STRONG_SELL,0.083020824,0.093924184,2.67,squeeze,UNGATED_SHADOW,2026-09-17,True,shadow — never published
2026-09-17T18:04:15.873920,ATOM,1.561,37.65,51.17035547805072,43.06,AVOID,WATCH,15.5600004196167,,,0.023666691803489563,,37.65,AVOID,SELL,1.4899999,1.5965,2.0,squeeze,UNGATED_SHADOW,2026-09-17,True,shadow — never published
2026-09-17T18:04:15.873920,DOGE,0.08176,31.18,47.878565269040664,37.86,AVOID,SELL,15.5600004196167,0.077837195,0.083721402,0.001307602,2.0,31.18,AVOID,SELL,0.077837195,0.083721402,2.0,squeeze,UNGATED_SHADOW,2026-09-17,True,shadow — never published
2026-09-17T18:04:15.873920,BCH,232.4,26.47,46.83634446296086,34.62,AVOID,SELL,15.5600004196167,218.68858,239.25571,4.57047,2.0,26.47,AVOID,SELL,218.68858,239.25571,2.0,squeeze,UNGATED_SHADOW,2026-09-17,True,shadow — never published
2026-09-17T18:04:15.873920,TRX,0.3354,28.24,54.48948537069641,38.74,AVOID,SELL,15.5600004196167,0.32681466,0.33969267,0.00286178,2.0,28.24,AVOID,SELL,0.32681466,0.33969267,2.0,squeeze,UNGATED_SHADOW,2026-09-17,True,shadow — never published
2026-09-17T18:04:15.873920,VTHO,0.000669,25.88,65.42210256002504,41.7,AVOID,WATCH,15.5600004196167,,,5.68909838730616e-05,,25.88,AVOID,SELL,0.00049832705,0.00075433648,2.0,squeeze,UNGATED_SHADOW,2026-09-17,True,shadow — never published
2026-09-17T18:04:15.873920,NEAR,3.06,0.0,60.80954218784969,24.32,AVOID,STRONG_SELL,15.5600004196167,2.6471169,3.2148699,0.1032466,2.67,0.0,AVOID,STRONG_SELL,2.6471169,3.2148699,2.67,squeeze,UNGATED_SHADOW,2026-09-17,True,shadow — never published
2026-09-17T18:04:15.873920,FET,0.1693,24.12,49.11373121601974,34.12,AVOID,SELL,15.5600004196167,0.15950428,0.17419786,0.00326524,2.0,24.12,AVOID,STRONG_SELL,0.1562423,0.17419786,2.67,squeeze,UNGATED_SHADOW,2026-09-17,True,shadow — never published
2026-09-17T18:04:15.873920,AAVE,128.58,0.0,54.90106293146713,21.96,AVOID,STRONG_SELL,15.5600004196167,118.92712,132.20073,2.41382,2.67,0.0,AVOID,STRONG_SELL,118.92712,132.20073,2.67,squeeze,UNGATED_SHADOW,2026-09-17,True,shadow — never published
2026-09-17T18:04:15.873920,OP,0.096,31.76,49.78342991488873,38.97,AVOID,SELL,15.5600004196167,0.092886771,0.097556614,0.001037743,2.0,31.76,AVOID,SELL,0.092886771,0.097556614,2.0,squeeze,UNGATED_SHADOW,2026-09-17,True,shadow — never published
2026-09-17T18:04:15.873920,ETC,7.39,32.35,46.34100438990074,37.95,AVOID,SELL,15.5600004196167,7.1072842,7.5313579,0.0942386,2.0,32.35,AVOID,SELL,7.1072842,7.5313579,2.0,squeeze,UNGATED_SHADOW,2026-09-17,True,shadow — never published
2026-09-17T21:51:26.725472,BTC,76474.35,24.12,49.77177582490451,34.38,AVOID,SELL,15.4399995803833,74138.218,77642.416,778.711,2.0,24.12,AVOID,STRONG_SELL,73360.286,77642.416,2.67,squeeze,UNGATED_SHADOW,2026-09-17,True,shadow — never published
2026-09-17T21:51:26.725472,ETH,2449.26,15.29,51.46937407298021,29.76,AVOID,SELL,15.4399995803833,2341.6136,2503.0832,35.8821,2.0,15.29,AVOID,STRONG_SELL,2305.7674,2503.0832,2.67,squeeze,UNGATED_SHADOW,2026-09-17,True,shadow — never published
2026-09-17T21:51:26.725472,ADA,0.2008,19.41,49.877836285131224,31.6,AVOID,SELL,15.4399995803833,0.18872255,0.20683873,0.00402582,2.0,19.41,AVOID,STRONG_SELL,0.18470076,0.20683873,2.67,squeeze,UNGATED_SHADOW,2026-09-17,True,shadow — never published
2026-09-17T21:51:26.725472,BNB,734.52,46.47,55.77436184473797,50.19,WATCH,WATCH,15.4399995803833,,,7.235847643403049,,46.47,WATCH,WATCH,,,,squeeze,UNGATED_SHADOW,2026-09-17,True,shadow — never published
2026-09-17T21:51:26.725472,XRP,1.294,2.94,50.65059786139039,22.02,AVOID,STRONG_SELL,15.4399995803833,1.1768195,1.3379537,0.0293025,2.67,2.94,AVOID,STRONG_SELL,1.1768195,1.3379537,2.67,squeeze,UNGATED_SHADOW,2026-09-17,True,shadow — never published
2026-09-17T21:51:26.725472,LTC,53.92,16.47,53.03625104166666,31.1,AVOID,SELL,15.4399995803833,51.803205,54.978398,0.705598,2.0,16.47,AVOID,STRONG_SELL,51.098312,54.978398,2.67,squeeze,UNGATED_SHADOW,2026-09-17,True,shadow — never published
2026-09-17T21:51:26.725472,VET,0.007374,31.76,52.03720201996914,39.87,AVOID,SELL,15.4399995803833,0.0067601719,0.007680914,0.0002046094,2.0,31.76,AVOID,SELL,0.0067601719,0.007680914,2.0,squeeze,UNGATED_SHADOW,2026-09-17,True,shadow — never published
2026-09-17T21:51:26.725472,LINK,11.347,31.18,49.75935,38.61,AVOID,SELL,15.4399995803833,10.737635,11.651683,0.203122,2.0,31.18,AVOID,SELL,10.737635,11.651683,2.0,squeeze,UNGATED_SHADOW,2026-09-17,True,shadow — never published
2026-09-17T21:51:26.725472,AVAX,7.625,25.88,49.26156599556753,35.23,AVOID,SELL,15.4399995803833,7.3142603,7.7803698,0.1035799,2.0,25.88,AVOID,SELL,7.3142603,7.7803698,2.0,squeeze,UNGATED_SHADOW,2026-09-17,True,shadow — never published
2026-09-17T21:51:26.725472,SOL,101.2,22.35,54.28577002426964,35.12,AVOID,SELL,15.4399995803833,96.53189,103.53405,1.55604,2.0,22.35,AVOID,STRONG_SELL,94.97741,103.53405,2.67,squeeze,UNGATED_SHADOW,2026-09-17,True,shadow — never published
2026-09-17T21:51:26.725472,XLM,0.18406,6.47,53.56480485980405,25.31,AVOID,SELL,15.4399995803833,0.17123083,0.19047459,0.00427639,2.0,6.47,AVOID,STRONG_SELL,0.16695871,0.19047459,2.67,squeeze,UNGATED_SHADOW,2026-09-17,True,shadow — never published
2026-09-17T21:51:26.725472,DOT,1.084,19.41,50.91141667254952,32.01,AVOID,SELL,15.4399995803833,1.0143348,1.1188326,0.0232217,2.0,19.41,AVOID,STRONG_SELL,0.9911363,1.1188326,2.67,squeeze,UNGATED_SHADOW,2026-09-17,True,shadow — never published
2026-09-17T21:51:26.725472,ALGO,0.09075,8.82,47.39921592119857,24.25,AVOID,STRONG_SELL,15.4399995803833,0.082954241,0.093674141,0.001949427,2.67,8.82,AVOID,STRONG_SELL,0.082954241,0.093674141,2.67,squeeze,UNGATED_SHADOW,2026-09-17,True,shadow — never published
2026-09-17T21:51:26.725472,ATOM,1.559,37.65,50.84658755739794,42.93,AVOID,WATCH,15.4399995803833,,,0.022333356674668875,,37.65,AVOID,SELL,1.4919999,1.5925,2.0,squeeze,UNGATED_SHADOW,2026-09-17,True,shadow — never published
2026-09-17T21:51:26.725472,DOGE,0.08166,38.82,49.30868177940893,43.02,AVOID,WATCH,15.4399995803833,,,0.001248640187823875,,38.82,AVOID,SELL,0.077914079,0.08353296,2.0,squeeze,UNGATED_SHADOW,2026-09-17,True,shadow — never published
2026-09-17T21:51:26.725472,BCH,232.9,20.59,47.684901144280424,31.43,AVOID,SELL,15.4399995803833,219.5894,239.5553,4.43687,2.0,20.59,AVOID,STRONG_SELL,215.15697,239.5553,2.67,squeeze,UNGATED_SHADOW,2026-09-17,True,shadow — never published
2026-09-17T21:51:26.725472,TRX,0.3351,32.94,55.18765182067774,41.84,AVOID,WATCH,15.4399995803833,,,0.002790529220308723,,32.94,AVOID,SELL,0.32672841,0.33928579,2.0,squeeze,UNGATED_SHADOW,2026-09-17,True,shadow — never published
2026-09-17T21:51:26.725472,VTHO,0.000665,25.29,65.1708475174618,41.24,AVOID,WATCH,15.4399995803833,,,5.360795441274087e-05,,25.29,AVOID,SELL,0.00050417614,0.00074541193,2.0,squeeze,UNGATED_SHADOW,2026-09-17,True,shadow — never published
2026-09-17T21:51:26.725472,NEAR,3.025,0.0,61.0428413779814,24.42,AVOID,STRONG_SELL,15.4399995803833,2.6190836,3.1772567,0.1015045,2.67,0.0,AVOID,STRONG_SELL,2.6190836,3.1772567,2.67,squeeze,UNGATED_SHADOW,2026-09-17,True,shadow — never published
2026-09-17T21:51:26.725472,FET,0.17,22.35,49.28996378162025,33.13,AVOID,SELL,15.4399995803833,0.16051826,0.17474087,0.00316058,2.0,22.35,AVOID,STRONG_SELL,0.15736084,0.17474087,2.67,squeeze,UNGATED_SHADOW,2026-09-17,True,shadow — never published
2026-09-17T21:51:26.725472,AAVE,128.28,0.0,55.42457028231727,22.17,AVOID,STRONG_SELL,15.4399995803833,118.96527,131.7739,2.32926,2.67,0.0,AVOID,STRONG_SELL,118.96527,131.7739,2.67,squeeze,UNGATED_SHADOW,2026-09-17,True,shadow — never published
2026-09-17T21:51:26.725472,OP,0.101,26.47,49.764136340670575,35.79,AVOID,SELL,15.4399995803833,0.09711425,0.10294288,0.00129525,2.0,26.47,AVOID,SELL,0.09711425,0.10294288,2.0,squeeze,UNGATED_SHADOW,2026-09-17,True,shadow — never published
2026-09-17T21:51:26.725472,ETC,7.44,37.65,50.75121993795515,42.89,AVOID,WATCH,15.4399995803833,,,0.09225218209286373,,37.65,AVOID,SELL,7.1632435,7.5783783,2.0,squeeze,UNGATED_SHADOW,2026-09-17,True,shadow — never published
2026-09-17T23:50:09.907004,BTC,76458.21,24.12,49.72885843590569,34.36,AVOID,SELL,15.4399995803833,74077.069,77648.78,793.714,2.0,24.12,AVOID,STRONG_SELL,73284.15,77648.78,2.67,squeeze,UNGATED_SHADOW,2026-09-17,True,shadow — never published
2026-09-17T23:50:09.907004,ETH,2449.31,15.29,51.283637032774415,29.69,AVOID,SELL,15.4399995803833,2339.45,2504.24,36.62,2.0,15.29,AVOID,STRONG_SELL,2302.8667,2504.24,2.67,squeeze,UNGATED_SHADOW,2026-09-17,True,shadow — never published
2026-09-17T23:50:09.907004,ADA,0.2025,18.82,52.756407539595365,32.39,AVOID,SELL,15.4399995803833,0.1902104,0.2086448,0.00409653,2.0,18.82,AVOID,STRONG_SELL,0.18611797,0.2086448,2.67,squeeze,UNGATED_SHADOW,2026-09-17,True,shadow — never published
2026-09-17T23:50:09.907004,BNB,737.08,44.71,55.10606139805661,48.87,WATCH,WATCH,15.4399995803833,,,7.329419071974473,,44.71,AVOID,WATCH,,,,squeeze,UNGATED_SHADOW,2026-09-17,True,shadow — never published
2026-09-17T23:50:09.907004,XRP,1.2976,2.94,50.606922678509896,22.01,AVOID,STRONG_SELL,15.4399995803833,1.1787627,1.3421751,0.0297167,2.67,2.94,AVOID,STRONG_SELL,1.1787627,1.3421751,2.67,squeeze,UNGATED_SHADOW,2026-09-17,True,shadow — never published
2026-09-17T23:50:09.907004,LTC,53.96,15.88,52.904433817720104,30.69,AVOID,SELL,15.4399995803833,51.819633,55.030183,0.713456,2.0,15.88,AVOID,STRONG_SELL,51.106891,55.030183,2.67,squeeze,UNGATED_SHADOW,2026-09-17,True,shadow — never published
2026-09-17T23:50:09.907004,VET,0.007396,31.18,52.292149831925684,39.62,AVOID,SELL,15.4399995803833,0.0067806719,0.007703664,0.0002051094,2.0,31.18,AVOID,SELL,0.0067806719,0.007703664,2.0,squeeze,UNGATED_SHADOW,2026-09-17,True,shadow — never published
2026-09-17T23:50:09.907004,LINK,11.398,30.59,48.81075560643055,37.88,AVOID,SELL,15.4399995803833,10.773206,11.710397,0.208265,2.0,30.59,AVOID,SELL,10.773206,11.710397,2.0,squeeze,UNGATED_SHADOW,2026-09-17,True,shadow — never published
2026-09-17T23:50:09.907004,AVAX,7.615,25.88,49.08810540308945,35.16,AVOID,SELL,15.4399995803833,7.2978317,7.7735841,0.1057228,2.0,25.88,AVOID,SELL,7.2978317,7.7735841,2.0,squeeze,UNGATED_SHADOW,2026-09-17,True,shadow — never published
2026-09-17T23:50:09.907004,SOL,101.59,21.18,54.207491143443974,34.39,AVOID,SELL,15.4399995803833,96.84475,103.96263,1.58175,2.0,21.18,AVOID,STRONG_SELL,95.26458,103.96263,2.67,squeeze,UNGATED_SHADOW,2026-09-17,True,shadow — never published
2026-09-17T23:50:09.907004,XLM,0.18388,6.47,53.62802475585605,25.33,AVOID,SELL,15.4399995803833,0.17081511,0.19041244,0.00435496,2.0,6.47,AVOID,STRONG_SELL,0.1664645,0.19041244,2.67,squeeze,UNGATED_SHADOW,2026-09-17,True,shadow — never published
2026-09-17T23:50:09.907004,DOT,1.089,19.41,50.83777090396833,31.98,AVOID,SELL,15.4399995803833,1.0163348,1.1253326,0.0242217,2.0,19.41,AVOID,STRONG_SELL,0.9921373,1.1253326,2.67,squeeze,UNGATED_SHADOW,2026-09-17,True,shadow — never published
2026-09-17T23:50:09.907004,ALGO,0.08986,8.82,47.41130406628102,24.26,AVOID,STRONG_SELL,15.4399995803833,0.081958553,0.092823783,0.001975856,2.67,8.82,AVOID,STRONG_SELL,0.081958553,0.092823783,2.67,squeeze,UNGATED_SHADOW,2026-09-17,True,shadow — never published
2026-09-17T23:50:09.907004,ATOM,1.573,36.47,51.18299001508007,42.36,AVOID,WATCH,15.4399995803833,,,0.023333356674668876,,36.47,AVOID,SELL,1.5029999,1.608,2.0,squeeze,UNGATED_SHADOW,2026-09-17,True,shadow — never published
2026-09-17T23:50:09.907004,DOGE,0.08179,38.82,48.01189882733132,42.5,AVOID,WATCH,15.4399995803833,,,0.001281497330681018,,38.82,AVOID,SELL,0.077945508,0.083712246,2.0,squeeze,UNGATED_SHADOW,2026-09-17,True,shadow — never published
2026-09-17T23:50:09.907004,BCH,234.3,20.0,47.360430006916886,30.94,AVOID,SELL,15.4399995803833,220.92511,240.98744,4.4583,2.0,20.0,AVOID,STRONG_SELL,216.47128,240.98744,2.67,squeeze,UNGATED_SHADOW,2026-09-17,True,shadow — never published
2026-09-17T23:50:09.907004,TRX,0.3362,32.94,55.12861801126589,41.82,AVOID,WATCH,15.4399995803833,,,0.002869100648880151,,32.94,AVOID,SELL,0.3275927,0.34050365,2.0,squeeze,UNGATED_SHADOW,2026-09-17,True,shadow — never published
2026-09-17T23:50:09.907004,VTHO,0.00068,25.88,65.37089226990167,41.68,AVOID,WATCH,15.4399995803833,,,5.396509726988373e-05,,25.88,AVOID,SELL,0.00051810471,0.00076094765,2.0,squeeze,UNGATED_SHADOW,2026-09-17,True,shadow — never published
2026-09-17T23:50:09.907004,NEAR,3.166,0.0,60.99395980713367,24.4,AVOID,STRONG_SELL,15.4399995803833,2.7212361,3.3328282,0.1112188,2.67,0.0,AVOID,STRONG_SELL,2.7212361,3.3328282,2.67,squeeze,UNGATED_SHADOW,2026-09-17,True,shadow — never published
2026-09-17T23:50:09.907004,FET,0.1741,17.65,47.433756952581305,29.56,AVOID,SELL,15.4399995803833,0.1635254,0.1793873,0.00352487,2.0,17.65,AVOID,STRONG_SELL,0.16000406,0.1793873,2.67,squeeze,UNGATED_SHADOW,2026-09-17,True,shadow — never published
2026-09-17T23:50:09.907004,AAVE,128.65,0.0,55.21420866917038,22.09,AVOID,STRONG_SELL,15.4399995803833,119.27814,132.16532,2.34355,2.67,0.0,AVOID,STRONG_SELL,119.27814,132.16532,2.67,squeeze,UNGATED_SHADOW,2026-09-17,True,shadow — never published
2026-09-17T23:50:09.907004,OP,0.101,26.47,49.55554672896588,35.7,AVOID,SELL,15.4399995803833,0.09711425,0.10294288,0.00129525,2.0,26.47,AVOID,SELL,0.09711425,0.10294288,2.0,squeeze,UNGATED_SHADOW,2026-09-17,True,shadow — never published
2026-09-17T23:50:09.907004,ETC,7.51,34.12,50.296954758469475,40.59,AVOID,WATCH,15.4399995803833,,,0.0972521820928637,,34.12,AVOID,SELL,7.2182435,7.6558783,2.0,squeeze,UNGATED_SHADOW,2026-09-17,True,shadow — never published
2026-09-18T02:31:21.754821,BTC,76971.39,37.65,52.40991729795825,43.55,AVOID,WATCH,15.4399995803833,,,786.4118424155225,,37.65,AVOID,SELL,74612.154,78151.008,2.0,squeeze,UNGATED_SHADOW,2026-09-18,True,shadow — never published
2026-09-18T02:31:21.754821,ETH,2462.46,25.88,54.97041263985015,37.52,AVOID,SELL,15.4399995803833,2355.5057,2515.9371,35.6514,2.0,25.88,AVOID,SELL,2355.5057,2515.9371,2.0,squeeze,UNGATED_SHADOW,2026-09-18,True,shadow — never published
2026-09-18T02:31:21.754821,ADA,0.2158,15.29,53.852832522691635,30.72,AVOID,SELL,15.4399995803833,0.20125354,0.22307323,0.00484882,2.0,15.29,AVOID,STRONG_SELL,0.19640957,0.22307323,2.67,squeeze,UNGATED_SHADOW,2026-09-18,True,shadow — never published
2026-09-18T02:31:21.754821,BNB,750.1,28.24,53.83684872944729,38.48,AVOID,SELL,15.4399995803833,726.14279,762.0786,7.98574,2.0,28.24,AVOID,SELL,726.14279,762.0786,2.0,squeeze,UNGATED_SHADOW,2026-09-18,True,shadow — never published
2026-09-18T02:31:21.754821,XRP,1.308,5.88,48.63620782962743,22.98,AVOID,STRONG_SELL,15.4399995803833,1.1930523,1.3511162,0.0287441,2.67,5.88,AVOID,STRONG_SELL,1.1930523,1.3511162,2.67,squeeze,UNGATED_SHADOW,2026-09-18,True,shadow — never published
2026-09-18T02:31:21.754821,LTC,54.55,12.94,51.5222804993219,28.37,AVOID,SELL,15.4399995803833,52.423231,55.613384,0.708923,2.0,12.94,AVOID,STRONG_SELL,51.715017,55.613384,2.67,squeeze,UNGATED_SHADOW,2026-09-18,True,shadow — never published
2026-09-18T02:31:21.754821,VET,0.007425,41.76,52.59642499812367,46.09,WATCH,WATCH,15.4399995803833,,,0.00019845868517067507,,41.76,AVOID,WATCH,,,,squeeze,UNGATED_SHADOW,2026-09-18,True,shadow — never published
2026-09-18T02:31:21.754821,LINK,11.548,33.53,51.229606227218255,40.61,AVOID,WATCH,15.4399995803833,,,0.20995998392699597,,33.53,AVOID,SELL,10.91812,11.86294,2.0,squeeze,UNGATED_SHADOW,2026-09-18,True,shadow — never published
2026-09-18T02:31:21.754821,AVAX,7.698,23.53,46.16448426172889,32.58,AVOID,SELL,15.4399995803833,7.3818438,7.8560781,0.1053854,2.0,23.53,AVOID,STRONG_SELL,7.2765637,7.8560781,2.67,squeeze,UNGATED_SHADOW,2026-09-18,True,shadow — never published
2026-09-18T02:31:21.754821,SOL,102.69,22.35,55.11974438918296,35.46,AVOID,SELL,15.4399995803833,97.89186,105.08907,1.59938,2.0,22.35,AVOID,STRONG_SELL,96.29408,105.08907,2.67,squeeze,UNGATED_SHADOW,2026-09-18,True,shadow — never published
2026-09-18T02:31:21.754821,XLM,0.18536,7.65,54.44935483428305,26.37,AVOID,SELL,15.4399995803833,0.17264546,0.19171727,0.00423818,2.0,7.65,AVOID,STRONG_SELL,0.16841152,0.19171727,2.67,squeeze,UNGATED_SHADOW,2026-09-18,True,shadow — never published
2026-09-18T02:31:21.754821,DOT,1.101,17.06,51.66457612919335,30.9,AVOID,SELL,15.4399995803833,1.0275252,1.1377374,0.0244916,2.0,17.06,AVOID,STRONG_SELL,1.003058,1.1377374,2.67,squeeze,UNGATED_SHADOW,2026-09-18,True,shadow — never published
2026-09-18T02:31:21.754821,ALGO,0.09317,12.35,52.5132497233837,28.42,AVOID,SELL,15.4399995803833,0.086954402,0.096277799,0.002071866,2.0,12.35,AVOID,STRONG_SELL,0.084884608,0.096277799,2.67,squeeze,UNGATED_SHADOW,2026-09-18,True,shadow — never published
2026-09-18T02:31:21.754821,ATOM,1.588,40.0,50.188927013944905,44.08,AVOID,WATCH,15.4399995803833,,,0.022738116912192536,,40.0,AVOID,SELL,1.5197856,1.6221072,2.0,squeeze,UNGATED_SHADOW,2026-09-18,True,shadow — never published
2026-09-18T02:31:21.754821,DOGE,0.08261,48.82,48.22366090838695,48.58,WATCH,WATCH,15.4399995803833,,,0.0012813903784895172,,48.82,WATCH,WATCH,,,,squeeze,UNGATED_SHADOW,2026-09-18,True,shadow — never published
2026-09-18T02:31:21.754821,BCH,237.2,18.24,46.769132271069125,29.65,AVOID,SELL,15.4399995803833,223.92332,243.83834,4.42556,2.0,18.24,AVOID,STRONG_SELL,219.50219,243.83834,2.67,squeeze,UNGATED_SHADOW,2026-09-18,True,shadow — never published
2026-09-18T02:31:21.754821,TRX,0.3363,46.47,55.01018456895113,49.89,WATCH,WATCH,15.4399995803833,,,0.0028213077453887103,,46.47,WATCH,WATCH,,,,squeeze,UNGATED_SHADOW,2026-09-18,True,shadow — never published
2026-09-18T02:31:21.754821,VTHO,0.000664,27.65,64.11025009500747,42.23,AVOID,WATCH,15.4399995803833,,,5.1253304607749186e-05,,27.65,AVOID,SELL,0.00051024009,0.00074087996,2.0,squeeze,UNGATED_SHADOW,2026-09-18,True,shadow — never published
2026-09-18T02:31:21.754821,NEAR,3.295,0.0,61.03908346379066,24.42,AVOID,STRONG_SELL,15.4399995803833,2.8205918,3.4729476,0.1186317,2.67,0.0,AVOID,STRONG_SELL,2.8205918,3.4729476,2.67,squeeze,UNGATED_SHADOW,2026-09-18,True,shadow — never published
2026-09-18T02:31:21.754821,FET,0.1789,2.94,46.09801774038572,20.2,AVOID,STRONG_SELL,15.4399995803833,0.16443983,0.18432392,0.00361595,2.67,2.94,AVOID,STRONG_SELL,0.16443983,0.18432392,2.67,squeeze,UNGATED_SHADOW,2026-09-18,True,shadow — never published
2026-09-18T02:31:21.754821,AAVE,131.35,0.0,54.12993669330068,21.65,AVOID,STRONG_SELL,15.4399995803833,121.58497,135.0128,2.44187,2.67,0.0,AVOID,STRONG_SELL,121.58497,135.0128,2.67,squeeze,UNGATED_SHADOW,2026-09-18,True,shadow — never published
2026-09-18T02:31:21.754821,OP,0.105,24.71,50.7592419938527,35.13,AVOID,SELL,15.4399995803833,0.10053466,0.10723267,0.00148845,2.0,24.71,AVOID,STRONG_SELL,0.0990477,0.10723267,2.67,squeeze,UNGATED_SHADOW,2026-09-18,True,shadow — never published
2026-09-18T02:31:21.754821,ETC,7.6,40.59,51.6406294263864,45.01,WATCH,WATCH,15.4399995803833,,,0.1010198833719449,,40.59,AVOID,WATCH,,,,squeeze,UNGATED_SHADOW,2026-09-18,True,shadow — never published
2026-09-18T07:49:47.554758,BTC,77815.6,39.41,53.56489166666666,45.07,WATCH,WATCH,15.039999961853027,,,813.3777312225768,,39.41,AVOID,SELL,75375.467,79035.667,2.0,squeeze,UNGATED_SHADOW,2026-09-18,True,shadow — never published
2026-09-18T07:49:47.554758,ETH,2490.55,28.24,59.06835243055556,40.57,AVOID,WATCH,15.039999961853027,,,36.525500602902625,,28.24,AVOID,SELL,2380.9735,2545.3383,2.0,squeeze,UNGATED_SHADOW,2026-09-18,True,shadow — never published
2026-09-18T07:49:47.554758,ADA,0.21455,10.0,54.71382951388888,27.89,AVOID,SELL,15.039999961853027,0.1999589,0.22184555,0.0048637,2.0,10.0,AVOID,STRONG_SELL,0.19510006,0.22184555,2.67,squeeze,UNGATED_SHADOW,2026-09-18,True,shadow — never published
2026-09-18T07:49:47.554758,BNB,755.24,22.94,50.09807291666665,33.8,AVOID,SELL,15.039999961853027,730.29662,767.71169,8.31446,2.0,22.94,AVOID,STRONG_SELL,721.99048,767.71169,2.67,squeeze,UNGATED_SHADOW,2026-09-18,True,shadow — never published
2026-09-18T07:49:47.554758,XRP,1.326,11.76,52.40902986111111,28.02,AVOID,SELL,15.039999961853027,1.2386643,1.3696678,0.0291119,2.0,11.76,AVOID,STRONG_SELL,1.2095816,1.3696678,2.67,squeeze,UNGATED_SHADOW,2026-09-18,True,shadow — never published
2026-09-18T07:49:47.554758,LTC,55.1,8.82,53.00184687499999,26.49,AVOID,SELL,15.039999961853027,52.904888,56.197556,0.731704,2.0,8.82,AVOID,STRONG_SELL,52.173916,56.197556,2.67,squeeze,UNGATED_SHADOW,2026-09-18,True,shadow — never published
2026-09-18T07:49:47.554758,VET,0.007538,40.0,53.28294999999999,45.31,WATCH,WATCH,15.039999961853027,,,0.0002041912280666473,,40.0,AVOID,SELL,0.0069254263,0.0078442868,2.0,squeeze,UNGATED_SHADOW,2026-09-18,True,shadow — never published
2026-09-18T07:49:47.554758,LINK,11.837,21.76,54.22978333333333,34.75,AVOID,SELL,15.039999961853027,11.170147,12.170426,0.222284,2.0,21.76,AVOID,STRONG_SELL,10.948085,12.170426,2.67,squeeze,UNGATED_SHADOW,2026-09-18,True,shadow — never published
2026-09-18T07:49:47.554758,AVAX,7.914,8.82,47.196279513888875,24.17,AVOID,STRONG_SELL,15.039999961853027,7.4345251,8.0938481,0.1198987,2.67,8.82,AVOID,STRONG_SELL,7.4345251,8.0938481,2.67,squeeze,UNGATED_SHADOW,2026-09-18,True,shadow — never published
2026-09-18T07:49:47.554758,SOL,106.07,3.53,49.387836111111106,21.87,AVOID,STRONG_SELL,15.039999961853027,99.0763,108.69329,1.74886,2.67,3.53,AVOID,STRONG_SELL,99.0763,108.69329,2.67,squeeze,UNGATED_SHADOW,2026-09-18,True,shadow — never published
2026-09-18T07:49:47.554758,XLM,0.18754,9.41,59.67453020833333,29.52,AVOID,SELL,15.039999961853027,0.17461813,0.19400093,0.00430729,2.0,9.41,AVOID,STRONG_SELL,0.17031515,0.19400093,2.67,squeeze,UNGATED_SHADOW,2026-09-18,True,shadow — never published
2026-09-18T07:49:47.554758,DOT,1.146,10.59,49.202749999999995,26.04,AVOID,SELL,15.039999961853027,1.0671662,1.1854169,0.0262779,2.0,10.59,AVOID,STRONG_SELL,1.0409146,1.1854169,2.67,squeeze,UNGATED_SHADOW,2026-09-18,True,shadow — never published
2026-09-18T07:49:47.554758,ALGO,0.09555,12.94,50.873124999999995,28.11,AVOID,SELL,15.039999961853027,0.088880516,0.098884742,0.002223161,2.0,12.94,AVOID,STRONG_SELL,0.086659578,0.098884742,2.67,squeeze,UNGATED_SHADOW,2026-09-18,True,shadow — never published
2026-09-18T07:49:47.554758,ATOM,1.659,21.18,49.232362499999994,32.4,AVOID,SELL,15.039999961853027,1.5802908,1.6983546,0.0262364,2.0,21.18,AVOID,STRONG_SELL,1.5540806,1.6983546,2.67,squeeze,UNGATED_SHADOW,2026-09-18,True,shadow — never published
2026-09-18T07:49:47.554758,DOGE,0.08436,38.82,50.19825868055555,43.37,AVOID,WATCH,15.039999961853027,,,0.0013623114739035312,,38.82,AVOID,SELL,0.080273066,0.086403467,2.0,squeeze,UNGATED_SHADOW,2026-09-18,True,shadow — never published
2026-09-18T07:49:47.554758,BCH,247.1,7.65,50.277640625000004,24.7,AVOID,STRONG_SELL,15.039999961853027,225.88996,255.05575,5.30384,2.67,7.65,AVOID,STRONG_SELL,225.88996,255.05575,2.67,squeeze,UNGATED_SHADOW,2026-09-18,True,shadow — never published
2026-09-18T07:49:47.554758,TRX,0.3347,49.41,55.672003124999996,51.91,WATCH,WATCH,15.039999961853027,,,0.0028539694370446206,,49.41,WATCH,WATCH,,,,squeeze,UNGATED_SHADOW,2026-09-18,True,shadow — never published
2026-09-18T07:49:47.554758,VTHO,0.000646,25.88,64.02169791666667,41.14,AVOID,WATCH,15.039999961853027,,,5.0036231829644654e-05,,25.88,AVOID,SELL,0.0004958913,0.00072105435,2.0,squeeze,UNGATED_SHADOW,2026-09-18,True,shadow — never published
2026-09-18T07:49:47.554758,NEAR,3.504,0.0,61.0445236111111,24.42,AVOID,STRONG_SELL,15.039999961853027,2.9664003,3.7056503,0.1344335,2.67,0.0,AVOID,STRONG_SELL,2.9664003,3.7056503,2.67,squeeze,UNGATED_SHADOW,2026-09-18,True,shadow — never published
2026-09-18T07:49:47.554758,FET,0.1805,0.0,50.72649999999999,20.29,AVOID,STRONG_SELL,15.039999961853027,0.16423463,0.18660104,0.00406736,2.67,0.0,AVOID,STRONG_SELL,0.16423463,0.18660104,2.67,squeeze,UNGATED_SHADOW,2026-09-18,True,shadow — never published
2026-09-18T07:49:47.554758,AAVE,134.61,0.0,55.621155555555546,22.25,AVOID,STRONG_SELL,15.039999961853027,124.56231,138.37883,2.51255,2.67,0.0,AVOID,STRONG_SELL,124.56231,138.37883,2.67,squeeze,UNGATED_SHADOW,2026-09-18,True,shadow — never published
2026-09-18T07:49:47.554758,OP,0.11,0.0,56.11221354166667,22.44,AVOID,STRONG_SELL,15.039999961853027,0.10149402,0.11319054,0.00212703,2.67,0.0,AVOID,STRONG_SELL,0.10149402,0.11319054,2.67,squeeze,UNGATED_SHADOW,2026-09-18,True,shadow — never published
2026-09-18T07:49:47.554758,ETC,7.8,14.71,48.301086111111104,28.15,AVOID,SELL,15.039999961853027,7.4703732,7.9648134,0.1098756,2.0,14.71,AVOID,STRONG_SELL,7.3606075,7.9648134,2.67,squeeze,UNGATED_SHADOW,2026-09-18,True,shadow — never published
2026-09-18T12:33:43.076333,BTC,77990.69,30.59,55.07791080349301,40.39,AVOID,WATCH,15.550000190734863,,,765.6995743704869,,30.59,AVOID,SELL,75693.591,79139.239,2.0,squeeze,UNGATED_SHADOW,2026-09-18,True,shadow — never published
2026-09-18T12:33:43.076333,ETH,2504.91,22.94,57.44733330301305,36.74,AVOID,SELL,15.550000190734863,2402.3386,2556.1957,34.1905,2.0,22.94,AVOID,STRONG_SELL,2368.1824,2556.1957,2.67,squeeze,UNGATED_SHADOW,2026-09-18,True,shadow — never published
2026-09-18T12:33:43.076333,ADA,0.21388,7.06,53.67455952367838,25.71,AVOID,SELL,15.550000190734863,0.20040655,0.22061672,0.00449115,2.0,7.06,AVOID,STRONG_SELL,0.19591989,0.22061672,2.67,squeeze,UNGATED_SHADOW,2026-09-18,True,shadow — never published
2026-09-18T12:33:43.076333,BNB,746.42,21.18,50.38624207149419,32.86,AVOID,SELL,15.550000190734863,723.20438,758.02781,7.73854,2.0,21.18,AVOID,STRONG_SELL,715.47358,758.02781,2.67,squeeze,UNGATED_SHADOW,2026-09-18,True,shadow — never published
2026-09-18T12:33:43.076333,XRP,1.3242,20.0,51.512719152901646,32.61,AVOID,SELL,15.520000457763672,1.2429366,1.3648317,0.0270878,2.0,20.0,AVOID,STRONG_SELL,1.2158759,1.3648317,2.67,squeeze,UNGATED_SHADOW,2026-09-18,True,shadow — never published
2026-09-18T12:33:43.076333,LTC,55.08,4.71,52.455125981980196,23.81,AVOID,STRONG_SELL,15.520000457763672,52.222185,56.151949,0.714633,2.67,4.71,AVOID,STRONG_SELL,52.222185,56.151949,2.67,squeeze,UNGATED_SHADOW,2026-09-18,True,shadow — never published
2026-09-18T12:33:43.076333,VET,0.007522,38.82,52.19041625178908,44.17,AVOID,WATCH,15.520000457763672,,,0.0001919046813431806,,38.82,AVOID,SELL,0.006946286,0.007809857,2.0,squeeze,UNGATED_SHADOW,2026-09-18,True,shadow — never published
2026-09-18T12:33:43.076333,LINK,11.849,12.94,53.298997876344245,29.08,AVOID,SELL,15.520000457763672,11.220836,12.163082,0.209388,2.0,12.94,AVOID,STRONG_SELL,11.011658,12.163082,2.67,squeeze,UNGATED_SHADOW,2026-09-18,True,shadow — never published
2026-09-18T12:33:43.076333,AVAX,8.004,0.0,45.370737877405986,18.15,AVOID,STRONG_SELL,15.520000457763672,7.5391799,8.1783511,0.1162341,2.67,0.0,AVOID,STRONG_SELL,7.5391799,8.1783511,2.67,squeeze,UNGATED_SHADOW,2026-09-18,True,shadow — never published
2026-09-18T12:33:43.076333,SOL,105.63,1.76,47.281044718718235,19.97,AVOID,STRONG_SELL,15.520000457763672,99.12942,108.06833,1.62555,2.67,1.76,AVOID,STRONG_SELL,99.12942,108.06833,2.67,squeeze,UNGATED_SHADOW,2026-09-18,True,shadow — never published
2026-09-18T12:33:43.076333,XLM,0.18582,13.53,57.742127293515715,31.21,AVOID,SELL,15.520000457763672,0.17389512,0.19178244,0.00397496,2.0,13.53,AVOID,STRONG_SELL,0.16992414,0.19178244,2.67,squeeze,UNGATED_SHADOW,2026-09-18,True,shadow — never published
2026-09-18T12:33:43.076333,DOT,1.133,7.06,48.280761475576014,23.55,AVOID,STRONG_SELL,15.520000457763672,1.0311485,1.1712039,0.0254692,2.67,7.06,AVOID,STRONG_SELL,1.0311485,1.1712039,2.67,squeeze,UNGATED_SHADOW,2026-09-18,True,shadow — never published
2026-09-18T12:33:43.076333,ALGO,0.09477,14.12,49.99995232640604,28.47,AVOID,SELL,15.520000457763672,0.088801772,0.097754114,0.001989409,2.0,14.12,AVOID,STRONG_SELL,0.086814352,0.097754114,2.67,squeeze,UNGATED_SHADOW,2026-09-18,True,shadow — never published
2026-09-18T12:33:43.076333,ATOM,1.639,20.0,48.387351433912116,31.35,AVOID,SELL,15.520000457763672,1.5659599,1.6755201,0.0243467,2.0,20.0,AVOID,STRONG_SELL,1.5416375,1.6755201,2.67,squeeze,UNGATED_SHADOW,2026-09-18,True,shadow — never published
2026-09-18T12:33:43.076333,DOGE,0.08542,22.94,48.94151265696409,33.34,AVOID,SELL,15.529999732971191,0.081302643,0.087478678,0.001372452,2.0,22.94,AVOID,STRONG_SELL,0.079931563,0.087478678,2.67,squeeze,UNGATED_SHADOW,2026-09-18,True,shadow — never published
2026-09-18T12:33:43.076333,BCH,250.0,4.71,49.95300722030823,22.81,AVOID,STRONG_SELL,15.520000457763672,229.97749,257.51032,5.00688,2.67,4.71,AVOID,STRONG_SELL,229.97749,257.51032,2.67,squeeze,UNGATED_SHADOW,2026-09-18,True,shadow — never published
2026-09-18T12:33:43.076333,TRX,0.3389,46.47,56.18748394115537,50.36,WATCH,WATCH,15.529999732971191,,,0.0027393920145945953,,46.47,WATCH,WATCH,,,,squeeze,UNGATED_SHADOW,2026-09-18,True,shadow — never published
2026-09-18T12:33:43.076333,VTHO,0.0007,30.0,68.82262440493132,45.53,WATCH,WATCH,15.520000457763672,,,4.9041444791887485e-05,,30.0,AVOID,SELL,0.00055287567,0.00077356217,2.0,squeeze,UNGATED_SHADOW,2026-09-18,True,shadow — never published
2026-09-18T12:33:43.076333,NEAR,3.548,0.0,59.99048144467588,24.0,AVOID,STRONG_SELL,15.529999732971191,3.018882,3.7464689,0.1323126,2.67,0.0,AVOID,STRONG_SELL,3.018882,3.7464689,2.67,squeeze,UNGATED_SHADOW,2026-09-18,True,shadow — never published
2026-09-18T12:33:43.076333,FET,0.1832,0.0,53.115425148125574,21.25,AVOID,STRONG_SELL,15.529999732971191,0.16684116,0.1893361,0.00409073,2.67,0.0,AVOID,STRONG_SELL,0.16684116,0.1893361,2.67,squeeze,UNGATED_SHADOW,2026-09-18,True,shadow — never published
2026-09-18T12:33:43.076333,AAVE,137.18,0.0,52.42644380106719,20.97,AVOID,STRONG_SELL,15.529999732971191,127.18982,140.92725,2.49817,2.67,0.0,AVOID,STRONG_SELL,127.18982,140.92725,2.67,squeeze,UNGATED_SHADOW,2026-09-18,True,shadow — never published
2026-09-18T12:33:43.076333,OP,0.111,0.0,55.028251266427915,22.01,AVOID,STRONG_SELL,15.529999732971191,0.10340052,0.11385052,0.00190035,2.67,0.0,AVOID,STRONG_SELL,0.10340052,0.11385052,2.67,squeeze,UNGATED_SHADOW,2026-09-18,True,shadow — never published
2026-09-18T12:33:43.076333,ETC,7.9,13.53,49.10971812240855,27.76,AVOID,SELL,15.529999732971191,7.5871585,8.0564207,0.1042805,2.0,13.53,AVOID,STRONG_SELL,7.4829823,8.0564207,2.67,squeeze,UNGATED_SHADOW,2026-09-18,True,shadow — never published
2026-09-18T16:52:07.980347,BTC,80812.19,5.88,50.77441666666666,23.84,AVOID,STRONG_SELL,15.430000305175781,77002.664,82241.119,952.62,2.67,5.88,AVOID,STRONG_SELL,77002.664,82241.119,2.67,squeeze,UNGATED_SHADOW,2026-09-18,True,shadow — never published
2026-09-18T16:52:07.980347,ETH,2592.71,0.0,52.20913749999999,20.88,AVOID,STRONG_SELL,15.430000305175781,2433.4624,2652.4428,39.8219,2.67,0.0,AVOID,STRONG_SELL,2433.4624,2652.4428,2.67,squeeze,UNGATED_SHADOW,2026-09-18,True,shadow — never published
2026-09-18T16:52:07.980347,ADA,0.21864,5.29,53.428488888888886,24.55,AVOID,STRONG_SELL,15.430000305175781,0.19970169,0.22574364,0.00473576,2.67,5.29,AVOID,STRONG_SELL,0.19970169,0.22574364,2.67,squeeze,UNGATED_SHADOW,2026-09-18,True,shadow — never published
2026-09-18T16:52:07.980347,BNB,760.05,17.06,50.99526458333333,30.63,AVOID,SELL,15.430000305175781,734.73223,772.70888,8.43926,2.0,17.06,AVOID,STRONG_SELL,726.30142,772.70888,2.67,squeeze,UNGATED_SHADOW,2026-09-18,True,shadow — never published
2026-09-18T16:52:07.980347,XRP,1.3781,18.82,54.53568333333333,33.11,AVOID,SELL,15.430000305175781,1.2841666,1.4250667,0.0313111,2.0,18.82,AVOID,STRONG_SELL,1.2528868,1.4250667,2.67,squeeze,UNGATED_SHADOW,2026-09-18,True,shadow — never published
2026-09-18T16:52:07.980347,LTC,56.16,0.0,52.78380208333333,21.11,AVOID,STRONG_SELL,15.430000305175781,53.152729,57.288009,0.752006,2.67,0.0,AVOID,STRONG_SELL,53.152729,57.288009,2.67,squeeze,UNGATED_SHADOW,2026-09-18,True,shadow — never published
2026-09-18T16:52:07.980347,VET,0.007854,21.18,49.27368263888888,32.42,AVOID,SELL,15.430000305175781,0.0072276941,0.0081671529,0.0002087686,2.0,21.18,AVOID,STRONG_SELL,0.0070191342,0.0081671529,2.67,squeeze,UNGATED_SHADOW,2026-09-18,True,shadow — never published
2026-09-18T16:52:07.980347,LINK,12.154,4.12,56.281606944444434,24.98,AVOID,STRONG_SELL,15.430000305175781,11.245766,12.494673,0.227115,2.67,4.12,AVOID,STRONG_SELL,11.245766,12.494673,2.67,squeeze,UNGATED_SHADOW,2026-09-18,True,shadow — never published
2026-09-18T16:52:07.980347,AVAX,8.072,0.0,47.774713541666664,19.11,AVOID,STRONG_SELL,15.430000305175781,7.589088,8.2531373,0.1207582,2.67,0.0,AVOID,STRONG_SELL,7.589088,8.2531373,2.67,squeeze,UNGATED_SHADOW,2026-09-18,True,shadow — never published
2026-09-18T16:52:07.980347,SOL,111.46,0.0,51.82007812499999,20.73,AVOID,STRONG_SELL,15.430000305175781,103.58319,114.41454,1.96969,2.67,0.0,AVOID,STRONG_SELL,103.58319,114.41454,2.67,squeeze,UNGATED_SHADOW,2026-09-18,True,shadow — never published
2026-09-18T16:52:07.980347,XLM,0.19114,15.88,59.78673506944443,33.44,AVOID,SELL,15.430000305175781,0.17800991,0.19770504,0.0043767,2.0,15.88,AVOID,STRONG_SELL,0.17363759,0.19770504,2.67,squeeze,UNGATED_SHADOW,2026-09-18,True,shadow — never published
2026-09-18T16:52:07.980347,DOT,1.14,6.47,49.294941666666666,23.6,AVOID,STRONG_SELL,15.430000305175781,1.0368543,1.1786893,0.0257929,2.67,6.47,AVOID,STRONG_SELL,1.0368543,1.1786893,2.67,squeeze,UNGATED_SHADOW,2026-09-18,True,shadow — never published
2026-09-18T16:52:07.980347,ALGO,0.09666,11.18,51.34302777777777,27.25,AVOID,SELL,15.430000305175781,0.090541339,0.099719331,0.002039554,2.0,11.18,AVOID,STRONG_SELL,0.088503825,0.099719331,2.67,squeeze,UNGATED_SHADOW,2026-09-18,True,shadow — never published
2026-09-18T16:52:07.980347,ATOM,1.681,16.47,48.99456805555555,29.48,AVOID,SELL,15.430000305175781,1.600075,1.7214625,0.026975,2.0,16.47,AVOID,STRONG_SELL,1.573127,1.7214625,2.67,squeeze,UNGATED_SHADOW,2026-09-18,True,shadow — never published
2026-09-18T16:52:07.980347,DOGE,0.08753,13.53,50.1001892361111,28.16,AVOID,SELL,15.430000305175781,0.083015516,0.089787242,0.001504828,2.0,13.53,AVOID,STRONG_SELL,0.081512192,0.089787242,2.67,squeeze,UNGATED_SHADOW,2026-09-18,True,shadow — never published
2026-09-18T16:52:07.980347,BCH,249.0,2.94,49.81652256944444,21.69,AVOID,STRONG_SELL,15.430000305175781,227.61245,257.02234,5.34822,2.67,2.94,AVOID,STRONG_SELL,227.61245,257.02234,2.67,squeeze,UNGATED_SHADOW,2026-09-18,True,shadow — never published
2026-09-18T16:52:07.980347,TRX,0.3403,34.71,55.303308333333334,42.95,AVOID,WATCH,15.430000305175781,,,0.002773312993143962,,34.71,AVOID,SELL,0.33198006,0.34445997,2.0,squeeze,UNGATED_SHADOW,2026-09-18,True,shadow — never published
2026-09-18T16:52:07.980347,VTHO,0.000729,29.41,68.67523680555554,45.12,WATCH,WATCH,15.430000305175781,,,4.821705587818124e-05,,29.41,AVOID,SELL,0.00058434883,0.00080132558,2.0,squeeze,UNGATED_SHADOW,2026-09-18,True,shadow — never published
2026-09-18T16:52:07.980347,NEAR,3.704,0.0,61.0445236111111,24.42,AVOID,STRONG_SELL,15.430000305175781,3.1139253,3.9253333,0.1475556,2.67,0.0,AVOID,STRONG_SELL,3.1139253,3.9253333,2.67,squeeze,UNGATED_SHADOW,2026-09-18,True,shadow — never published
2026-09-18T16:52:07.980347,FET,0.1843,0.0,54.05543854166666,21.62,AVOID,STRONG_SELL,15.430000305175781,0.16818335,0.19034526,0.00403017,2.67,0.0,AVOID,STRONG_SELL,0.16818335,0.19034526,2.67,squeeze,UNGATED_SHADOW,2026-09-18,True,shadow — never published
2026-09-18T16:52:07.980347,AAVE,137.65,0.0,52.90389722222221,21.16,AVOID,STRONG_SELL,15.430000305175781,126.58079,141.80199,2.76799,2.67,0.0,AVOID,STRONG_SELL,126.58079,141.80199,2.67,squeeze,UNGATED_SHADOW,2026-09-18,True,shadow — never published
2026-09-18T16:52:07.980347,OP,0.111,0.0,55.96397534722221,22.39,AVOID,STRONG_SELL,15.430000305175781,0.10314762,0.11394538,0.00196359,2.67,0.0,AVOID,STRONG_SELL,0.10314762,0.11394538,2.67,squeeze,UNGATED_SHADOW,2026-09-18,True,shadow — never published
2026-09-18T16:52:07.980347,ETC,8.11,8.24,50.28582638888888,25.06,AVOID,SELL,15.430000305175781,7.7518513,8.2890744,0.1193829,2.0,8.24,AVOID,STRONG_SELL,7.6325877,8.2890744,2.67,squeeze,UNGATED_SHADOW,2026-09-18,True,shadow — never published
2026-09-18T19:21:43.748066,BTC,81171.48,5.88,50.79495694444444,23.85,AVOID,STRONG_SELL,14.930000305175781,77304.063,82622.124,967.096,2.67,5.88,AVOID,STRONG_SELL,77304.063,82622.124,2.67,squeeze,UNGATED_SHADOW,2026-09-18,True,shadow — never published
2026-09-18T19:21:43.748066,ETH,2630.8,0.0,51.346917013888884,20.54,AVOID,STRONG_SELL,14.930000305175781,2463.7686,2693.4524,41.7683,2.67,0.0,AVOID,STRONG_SELL,2463.7686,2693.4524,2.67,squeeze,UNGATED_SHADOW,2026-09-18,True,shadow — never published
2026-09-18T19:21:43.748066,ADA,0.2226,4.71,52.74633124999999,23.92,AVOID,STRONG_SELL,14.930000305175781,0.20266194,0.23007864,0.00498576,2.67,4.71,AVOID,STRONG_SELL,0.20266194,0.23007864,2.67,squeeze,UNGATED_SHADOW,2026-09-18,True,shadow — never published
2026-09-18T19:21:43.748066,BNB,767.34,13.53,44.1227048611111,25.77,AVOID,SELL,14.930000305175781,740.44938,780.78531,8.96354,2.0,13.53,AVOID,STRONG_SELL,731.4948,780.78531,2.67,squeeze,UNGATED_SHADOW,2026-09-18,True,shadow — never published
2026-09-18T19:21:43.748066,XRP,1.4004,16.47,54.640812499999996,31.74,AVOID,SELL,14.930000305175781,1.3039166,1.4486417,0.0321611,2.0,16.47,AVOID,STRONG_SELL,1.2717877,1.4486417,2.67,squeeze,UNGATED_SHADOW,2026-09-18,True,shadow — never published
2026-09-18T19:21:43.748066,LTC,57.32,0.0,54.0922625,21.64,AVOID,STRONG_SELL,14.930000305175781,54.009948,58.56158,0.82772,2.67,0.0,AVOID,STRONG_SELL,54.009948,58.56158,2.67,squeeze,UNGATED_SHADOW,2026-09-18,True,shadow — never published
2026-09-18T19:21:43.748066,VET,0.007854,21.18,49.27368263888888,32.42,AVOID,SELL,14.930000305175781,0.0072276941,0.0081671529,0.0002087686,2.0,21.18,AVOID,STRONG_SELL,0.0070191342,0.0081671529,2.67,squeeze,UNGATED_SHADOW,2026-09-18,True,shadow — never published
2026-09-18T19:21:43.748066,LINK,12.337,2.94,55.2307625,23.86,AVOID,STRONG_SELL,14.930000305175781,11.380206,12.695887,0.239258,2.67,2.94,AVOID,STRONG_SELL,11.380206,12.695887,2.67,squeeze,UNGATED_SHADOW,2026-09-18,True,shadow — never published
2026-09-18T19:21:43.748066,AVAX,8.321,0.0,55.21485416666666,22.09,AVOID,STRONG_SELL,14.930000305175781,7.7738184,8.5262444,0.1368296,2.67,0.0,AVOID,STRONG_SELL,7.7738184,8.5262444,2.67,squeeze,UNGATED_SHADOW,2026-09-18,True,shadow — never published
2026-09-18T19:21:43.748066,SOL,113.86,0.0,52.148475,20.86,AVOID,STRONG_SELL,14.930000305175781,105.50902,116.9924,2.08827,2.67,0.0,AVOID,STRONG_SELL,105.50902,116.9924,2.67,squeeze,UNGATED_SHADOW,2026-09-18,True,shadow — never published
2026-09-18T19:21:43.748066,XLM,0.19345,12.94,58.861192708333334,31.31,AVOID,SELL,14.930000305175781,0.18015277,0.20009862,0.00443241,2.0,12.94,AVOID,STRONG_SELL,0.17572479,0.20009862,2.67,squeeze,UNGATED_SHADOW,2026-09-18,True,shadow — never published
2026-09-18T19:21:43.748066,DOT,1.135,6.47,48.66895833333333,23.35,AVOID,STRONG_SELL,14.930000305175781,1.0284266,1.174975,0.02665,2.67,6.47,AVOID,STRONG_SELL,1.0284266,1.174975,2.67,squeeze,UNGATED_SHADOW,2026-09-18,True,shadow — never published
2026-09-18T19:21:43.748066,ALGO,0.09755,9.41,50.770423611111106,25.95,AVOID,SELL,14.930000305175781,0.091122768,0.100763616,0.002142411,2.0,9.41,AVOID,STRONG_SELL,0.088982499,0.100763616,2.67,squeeze,UNGATED_SHADOW,2026-09-18,True,shadow — never published
2026-09-18T19:21:43.748066,ATOM,1.67,17.06,49.66738194444444,30.1,AVOID,SELL,14.930000305175781,1.584575,1.7127125,0.028475,2.0,17.06,AVOID,STRONG_SELL,1.5561285,1.7127125,2.67,squeeze,UNGATED_SHADOW,2026-09-18,True,shadow — never published
2026-09-18T19:21:43.748066,DOGE,0.08797,11.76,50.592884375000004,27.29,AVOID,SELL,14.930000305175781,0.083397659,0.090256171,0.001524114,2.0,11.76,AVOID,STRONG_SELL,0.081875069,0.090256171,2.67,squeeze,UNGATED_SHADOW,2026-09-18,True,shadow — never published
2026-09-18T19:21:43.748066,BCH,253.8,1.76,49.39231631944445,20.81,AVOID,STRONG_SELL,14.9399995803833,231.61265,262.12234,5.54822,2.67,1.76,AVOID,STRONG_SELL,231.61265,262.12234,2.67,squeeze,UNGATED_SHADOW,2026-09-18,True,shadow — never published
2026-09-18T19:21:43.748066,TRX,0.3378,45.88,56.658199999999994,50.19,WATCH,WATCH,14.9399995803833,,,0.0029447415645725344,,45.88,WATCH,WATCH,,,,squeeze,UNGATED_SHADOW,2026-09-18,True,shadow — never published
2026-09-18T19:21:43.748066,VTHO,0.000719,30.0,69.90712638888887,45.96,WATCH,WATCH,14.9399995803833,,,4.9074198735324094e-05,,30.0,AVOID,SELL,0.0005717774,0.0007926113,2.0,squeeze,UNGATED_SHADOW,2026-09-18,True,shadow — never published
2026-09-18T19:21:43.748066,NEAR,3.755,0.0,61.0445236111111,24.42,AVOID,STRONG_SELL,14.9399995803833,3.1300769,3.9894048,0.1562699,2.67,0.0,AVOID,STRONG_SELL,3.1300769,3.9894048,2.67,squeeze,UNGATED_SHADOW,2026-09-18,True,shadow — never published
2026-09-18T19:21:43.748066,FET,0.1823,0.0,54.332796180555555,21.73,AVOID,STRONG_SELL,14.9399995803833,0.16561206,0.18855954,0.00417303,2.67,0.0,AVOID,STRONG_SELL,0.16561206,0.18855954,2.67,squeeze,UNGATED_SHADOW,2026-09-18,True,shadow — never published
2026-09-18T19:21:43.748066,AAVE,137.44,0.0,52.55765138888888,21.02,AVOID,STRONG_SELL,14.9399995803833,126.34223,141.6027,2.77514,2.67,0.0,AVOID,STRONG_SELL,126.34223,141.6027,2.67,squeeze,UNGATED_SHADOW,2026-09-18,True,shadow — never published
2026-09-18T19:21:43.748066,OP,0.115,0.0,56.684865624999986,22.67,AVOID,STRONG_SELL,14.9399995803833,0.10600505,0.11837395,0.0022493,2.67,0.0,AVOID,STRONG_SELL,0.10600505,0.11837395,2.67,squeeze,UNGATED_SHADOW,2026-09-18,True,shadow — never published
2026-09-18T19:21:43.748066,ETC,8.11,8.24,51.41138888888889,25.51,AVOID,SELL,14.9399995803833,7.7518513,8.2890744,0.1193829,2.0,8.24,AVOID,STRONG_SELL,7.6325877,8.2890744,2.67,squeeze,UNGATED_SHADOW,2026-09-18,True,shadow — never published
2026-09-18T22:08:09.984977,BTC,81311.53,0.0,49.971013888888876,19.99,AVOID,STRONG_SELL,14.8100004196167,77619.639,82696.335,923.203,2.67,0.0,AVOID,STRONG_SELL,77619.639,82696.335,2.67,squeeze,UNGATED_SHADOW,2026-09-18,True,shadow — never published
2026-09-18T22:08:09.984977,ETH,2630.99,0.0,51.346917013888884,20.54,AVOID,STRONG_SELL,14.8100004196167,2469.3252,2691.6295,40.4263,2.67,0.0,AVOID,STRONG_SELL,2469.3252,2691.6295,2.67,squeeze,UNGATED_SHADOW,2026-09-18,True,shadow — never published
2026-09-18T22:08:09.984977,ADA,0.22513,2.35,50.98644791666666,21.8,AVOID,STRONG_SELL,14.8100004196167,0.20551636,0.23248695,0.00490464,2.67,2.35,AVOID,STRONG_SELL,0.20551636,0.23248695,2.67,squeeze,UNGATED_SHADOW,2026-09-18,True,shadow — never published
2026-09-18T22:08:09.984977,BNB,763.37,8.24,48.05014652777777,24.16,AVOID,STRONG_SELL,14.8100004196167,728.94546,776.28243,8.60829,2.67,8.24,AVOID,STRONG_SELL,728.94546,776.28243,2.67,squeeze,UNGATED_SHADOW,2026-09-18,True,shadow — never published
2026-09-18T22:08:09.984977,XRP,1.4021,14.71,54.75213888888889,30.73,AVOID,SELL,14.8100004196167,1.3071619,1.4495691,0.031646,2.0,14.71,AVOID,STRONG_SELL,1.2755475,1.4495691,2.67,squeeze,UNGATED_SHADOW,2026-09-18,True,shadow — never published
2026-09-18T22:08:09.984977,LTC,57.11,0.0,53.78928541666666,21.52,AVOID,STRONG_SELL,14.8100004196167,53.922123,58.305753,0.797169,2.67,0.0,AVOID,STRONG_SELL,53.922123,58.305753,2.67,squeeze,UNGATED_SHADOW,2026-09-18,True,shadow — never published
2026-09-18T22:08:09.984977,VET,0.007909,12.94,48.80823611111111,27.29,AVOID,SELL,14.8100004196167,0.0073027874,0.0082121063,0.0002020709,2.0,12.94,AVOID,STRONG_SELL,0.0071009186,0.0082121063,2.67,squeeze,UNGATED_SHADOW,2026-09-18,True,shadow — never published
2026-09-18T22:08:09.984977,LINK,12.4,0.0,54.77708749999999,21.91,AVOID,STRONG_SELL,14.8100004196167,11.483229,12.743875,0.22925,2.67,0.0,AVOID,STRONG_SELL,11.483229,12.743875,2.67,squeeze,UNGATED_SHADOW,2026-09-18,True,shadow — never published
2026-09-18T22:08:09.984977,AVAX,8.272,0.0,53.92698993055555,21.57,AVOID,STRONG_SELL,14.8100004196167,7.7433569,8.4702907,0.1321938,2.67,0.0,AVOID,STRONG_SELL,7.7433569,8.4702907,2.67,squeeze,UNGATED_SHADOW,2026-09-18,True,shadow — never published
2026-09-18T22:08:09.984977,SOL,113.3,0.0,51.55862083333332,20.62,AVOID,STRONG_SELL,14.8100004196167,105.07074,116.38674,2.05783,2.67,0.0,AVOID,STRONG_SELL,105.07074,116.38674,2.67,squeeze,UNGATED_SHADOW,2026-09-18,True,shadow — never published
2026-09-18T22:08:09.984977,XLM,0.19401,10.59,58.861192708333334,29.9,AVOID,SELL,14.8100004196167,0.18109823,0.20046588,0.00430392,2.0,10.59,AVOID,STRONG_SELL,0.17679862,0.20046588,2.67,squeeze,UNGATED_SHADOW,2026-09-18,True,shadow — never published
2026-09-18T22:08:09.984977,DOT,1.143,5.88,49.32567222222222,23.26,AVOID,STRONG_SELL,14.8100004196167,1.0417539,1.1809768,0.0253179,2.67,5.88,AVOID,STRONG_SELL,1.0417539,1.1809768,2.67,squeeze,UNGATED_SHADOW,2026-09-18,True,shadow — never published
2026-09-18T22:08:09.984977,ALGO,0.09867,4.71,50.145398611111105,22.88,AVOID,STRONG_SELL,14.8100004196167,0.090394544,0.101774072,0.002069381,2.67,4.71,AVOID,STRONG_SELL,0.090394544,0.101774072,2.67,squeeze,UNGATED_SHADOW,2026-09-18,True,shadow — never published
2026-09-18T22:08:09.984977,ATOM,1.724,12.94,51.182379166666664,28.24,AVOID,SELL,14.8100004196167,1.6331054,1.7694473,0.0302982,2.0,12.94,AVOID,STRONG_SELL,1.6028374,1.7694473,2.67,squeeze,UNGATED_SHADOW,2026-09-18,True,shadow — never published
2026-09-18T22:08:09.984977,DOGE,0.0883,0.0,50.80085069444444,20.32,AVOID,STRONG_SELL,14.8100004196167,0.082440471,0.090497873,0.001465249,2.67,0.0,AVOID,STRONG_SELL,0.082440471,0.090497873,2.67,squeeze,UNGATED_SHADOW,2026-09-18,True,shadow — never published
2026-09-18T22:08:09.984977,BCH,258.2,0.0,51.110304513888885,20.44,AVOID,STRONG_SELL,14.8100004196167,236.22637,266.44217,5.49478,2.67,0.0,AVOID,STRONG_SELL,236.22637,266.44217,2.67,squeeze,UNGATED_SHADOW,2026-09-18,True,shadow — never published
2026-09-18T22:08:09.984977,TRX,0.3387,37.06,55.54519166666667,44.45,AVOID,WATCH,14.8100004196167,,,0.0027986885956744973,,37.06,AVOID,SELL,0.33030393,0.34289803,2.0,squeeze,UNGATED_SHADOW,2026-09-18,True,shadow — never published
2026-09-18T22:08:09.984977,VTHO,0.000696,31.18,69.90712638888887,46.67,WATCH,WATCH,14.8100004196167,,,4.7283184539943806e-05,,31.18,AVOID,SELL,0.00055415045,0.00076692478,2.0,squeeze,UNGATED_SHADOW,2026-09-18,True,shadow — never published
2026-09-18T22:08:09.984977,NEAR,3.711,0.0,61.0445236111111,24.42,AVOID,STRONG_SELL,14.8100004196167,3.0904386,3.9437687,0.1551791,2.67,0.0,AVOID,STRONG_SELL,3.0904386,3.9437687,2.67,squeeze,UNGATED_SHADOW,2026-09-18,True,shadow — never published
2026-09-18T22:08:09.984977,FET,0.1842,0.0,54.05543854166666,21.62,AVOID,STRONG_SELL,14.8100004196167,0.16864693,0.19003386,0.00388924,2.67,0.0,AVOID,STRONG_SELL,0.16864693,0.19003386,2.67,squeeze,UNGATED_SHADOW,2026-09-18,True,shadow — never published
2026-09-18T22:08:09.984977,AAVE,138.31,0.0,52.55765138888888,21.02,AVOID,STRONG_SELL,14.8100004196167,127.31082,142.43573,2.75048,2.67,0.0,AVOID,STRONG_SELL,127.31082,142.43573,2.67,squeeze,UNGATED_SHADOW,2026-09-18,True,shadow — never published
2026-09-18T22:08:09.984977,OP,0.117,0.0,56.684865624999986,22.67,AVOID,STRONG_SELL,14.8100004196167,0.10750497,0.12056153,0.00237435,2.67,0.0,AVOID,STRONG_SELL,0.10750497,0.12056153,2.67,squeeze,UNGATED_SHADOW,2026-09-18,True,shadow — never published
2026-09-18T22:08:09.984977,ETC,8.14,1.76,50.927270833333324,21.43,AVOID,STRONG_SELL,14.8100004196167,7.6497616,8.3238854,0.1225903,2.67,1.76,AVOID,STRONG_SELL,7.6497616,8.3238854,2.67,squeeze,UNGATED_SHADOW,2026-09-18,True,shadow — never published
2026-09-19T00:51:16.298078,BTC,81354.76,0.0,49.101390277777774,19.64,AVOID,STRONG_SELL,14.8100004196167,77739.379,82710.867,904.071,2.67,0.0,AVOID,STRONG_SELL,77739.379,82710.867,2.67,squeeze,UNGATED_SHADOW,2026-09-19,True,shadow — never published
2026-09-19T00:51:16.298078,ETH,2620.81,0.0,51.172228819444435,20.47,AVOID,STRONG_SELL,14.8100004196167,2462.4808,2680.1983,39.5922,2.67,0.0,AVOID,STRONG_SELL,2462.4808,2680.1983,2.67,squeeze,UNGATED_SHADOW,2026-09-19,True,shadow — never published
2026-09-19T00:51:16.298078,ADA,0.22795,0.0,50.497841666666666,20.2,AVOID,STRONG_SELL,14.8100004196167,0.20804368,0.23541674,0.00497783,2.67,0.0,AVOID,STRONG_SELL,0.20804368,0.23541674,2.67,squeeze,UNGATED_SHADOW,2026-09-19,True,shadow — never published
2026-09-19T00:51:16.298078,BNB,763.66,6.47,47.565006249999996,22.91,AVOID,STRONG_SELL,14.8100004196167,730.14984,776.22945,8.37963,2.67,6.47,AVOID,STRONG_SELL,730.14984,776.22945,2.67,squeeze,UNGATED_SHADOW,2026-09-19,True,shadow — never published
2026-09-19T00:51:16.298078,XRP,1.413,10.59,53.89666666666666,27.91,AVOID,SELL,14.8100004196167,1.3180962,1.4604519,0.0316346,2.0,10.59,AVOID,STRONG_SELL,1.2864933,1.4604519,2.67,squeeze,UNGATED_SHADOW,2026-09-19,True,shadow — never published
2026-09-19T00:51:16.298078,LTC,58.93,0.0,56.239911458333324,22.5,AVOID,STRONG_SELL,14.8100004196167,55.526266,60.206719,0.851146,2.67,0.0,AVOID,STRONG_SELL,55.526266,60.206719,2.67,squeeze,UNGATED_SHADOW,2026-09-19,True,shadow — never published
2026-09-19T00:51:16.298078,VET,0.007882,10.59,47.203930208333325,25.24,AVOID,SELL,14.8100004196167,0.0073126597,0.0081666701,0.0001897801,2.0,10.59,AVOID,STRONG_SELL,0.0071230694,0.0081666701,2.67,squeeze,UNGATED_SHADOW,2026-09-19,True,shadow — never published
2026-09-19T00:51:16.298078,LINK,12.374,0.0,54.04987222222221,21.62,AVOID,STRONG_SELL,14.8100004196167,11.449894,12.720626,0.231084,2.67,0.0,AVOID,STRONG_SELL,11.449894,12.720626,2.67,squeeze,UNGATED_SHADOW,2026-09-19,True,shadow — never published
2026-09-19T00:51:16.298078,AVAX,8.323,0.0,55.21485416666666,22.09,AVOID,STRONG_SELL,14.8100004196167,7.7828845,8.5255939,0.1350626,2.67,0.0,AVOID,STRONG_SELL,7.7828845,8.5255939,2.67,squeeze,UNGATED_SHADOW,2026-09-19,True,shadow — never published
2026-09-19T00:51:16.298078,SOL,113.52,0.0,51.85412291666666,20.74,AVOID,STRONG_SELL,14.8100004196167,105.44457,116.54904,2.01936,2.67,0.0,AVOID,STRONG_SELL,105.44457,116.54904,2.67,squeeze,UNGATED_SHADOW,2026-09-19,True,shadow — never published
2026-09-19T00:51:16.298078,XLM,0.19552,8.24,58.73395798611111,28.44,AVOID,SELL,14.8100004196167,0.18253576,0.20201212,0.00432808,2.0,8.24,AVOID,STRONG_SELL,0.17821201,0.20201212,2.67,squeeze,UNGATED_SHADOW,2026-09-19,True,shadow — never published
2026-09-19T00:51:16.298078,DOT,1.14,6.47,48.46445,23.27,AVOID,STRONG_SELL,14.8100004196167,1.0429253,1.1764121,0.0242747,2.67,6.47,AVOID,STRONG_SELL,1.0429253,1.1764121,2.67,squeeze,UNGATED_SHADOW,2026-09-19,True,shadow — never published
2026-09-19T00:51:16.298078,ALGO,0.09903,0.0,46.16291666666666,18.47,AVOID,STRONG_SELL,14.8100004196167,0.090880662,0.102086766,0.002037844,2.67,0.0,AVOID,STRONG_SELL,0.090880662,0.102086766,2.67,squeeze,UNGATED_SHADOW,2026-09-19,True,shadow — never published
2026-09-19T00:51:16.298078,ATOM,1.745,7.65,50.36955277777778,24.74,AVOID,STRONG_SELL,14.8100004196167,1.6245347,1.7901858,0.0301239,2.67,7.65,AVOID,STRONG_SELL,1.6245347,1.7901858,2.67,squeeze,UNGATED_SHADOW,2026-09-19,True,shadow — never published
2026-09-19T00:51:16.298078,DOGE,0.08794,0.0,49.09256562499999,19.64,AVOID,STRONG_SELL,14.8100004196167,0.082101353,0.09013004,0.001460027,2.67,0.0,AVOID,STRONG_SELL,0.082101353,0.09013004,2.67,squeeze,UNGATED_SHADOW,2026-09-19,True,shadow — never published
2026-09-19T00:51:16.298078,BCH,256.6,0.0,49.99085937499999,20.0,AVOID,STRONG_SELL,14.8100004196167,233.57617,265.2361,5.7574,2.67,0.0,AVOID,STRONG_SELL,233.57617,265.2361,2.67,squeeze,UNGATED_SHADOW,2026-09-19,True,shadow — never published
2026-09-19T00:51:16.298078,TRX,0.3374,40.0,56.065438888888885,46.43,WATCH,WATCH,14.8100004196167,,,0.0028691904306773403,,40.0,AVOID,SELL,0.32879243,0.34170379,2.0,squeeze,UNGATED_SHADOW,2026-09-19,True,shadow — never published
2026-09-19T00:51:16.298078,VTHO,0.000703,31.76,69.90712638888887,47.02,WATCH,WATCH,14.8100004196167,,,4.433438564423354e-05,,31.76,AVOID,SELL,0.00056999684,0.00076950158,2.0,squeeze,UNGATED_SHADOW,2026-09-19,True,shadow — never published
2026-09-19T00:51:16.298078,NEAR,3.741,0.0,61.0445236111111,24.42,AVOID,STRONG_SELL,14.8100004196167,3.1406888,3.966173,0.1501153,2.67,0.0,AVOID,STRONG_SELL,3.1406888,3.966173,2.67,squeeze,UNGATED_SHADOW,2026-09-19,True,shadow — never published
2026-09-19T00:51:16.298078,FET,0.1857,0.0,54.75305729166667,21.9,AVOID,STRONG_SELL,14.8100004196167,0.17090489,0.19124955,0.0036997,2.67,0.0,AVOID,STRONG_SELL,0.17090489,0.19124955,2.67,squeeze,UNGATED_SHADOW,2026-09-19,True,shadow — never published
2026-09-19T00:51:16.298078,AAVE,144.42,0.0,52.980148611111105,21.19,AVOID,STRONG_SELL,14.8100004196167,132.664,148.8296,2.93973,2.67,0.0,AVOID,STRONG_SELL,132.664,148.8296,2.67,squeeze,UNGATED_SHADOW,2026-09-19,True,shadow — never published
2026-09-19T00:51:16.298078,OP,0.12,0.0,57.67542291666666,23.07,AVOID,STRONG_SELL,14.8100004196167,0.10975498,0.12384284,0.0025619,2.67,0.0,AVOID,STRONG_SELL,0.10975498,0.12384284,2.67,squeeze,UNGATED_SHADOW,2026-09-19,True,shadow — never published
2026-09-19T00:51:16.298078,ETC,8.3,0.0,51.98980694444444,20.8,AVOID,STRONG_SELL,14.8100004196167,7.8047886,8.4857507,0.1238338,2.67,0.0,AVOID,STRONG_SELL,7.8047886,8.4857507,2.67,squeeze,UNGATED_SHADOW,2026-09-19,True,shadow — never published
2026-09-19T05:21:53.496654,BTC,81093.5,0.0,49.92491805555555,19.97,AVOID,STRONG_SELL,14.8100004196167,77550.94,82422.292,885.861,2.67,0.0,AVOID,STRONG_SELL,77550.94,82422.292,2.67,squeeze,UNGATED_SHADOW,2026-09-19,True,shadow — never published
2026-09-19T05:21:53.496654,ETH,2628.13,0.0,51.172228819444435,20.47,AVOID,STRONG_SELL,14.8100004196167,2472.7389,2686.4162,38.8575,2.67,0.0,AVOID,STRONG_SELL,2472.7389,2686.4162,2.67,squeeze,UNGATED_SHADOW,2026-09-19,True,shadow — never published
2026-09-19T05:21:53.496654,ADA,0.227,0.0,50.36081597222222,20.14,AVOID,STRONG_SELL,14.8100004196167,0.20525331,0.23515705,0.00543803,2.67,0.0,AVOID,STRONG_SELL,0.20525331,0.23515705,2.67,squeeze,UNGATED_SHADOW,2026-09-19,True,shadow — never published
2026-09-19T05:21:53.496654,BNB,761.53,6.47,48.05014652777777,23.1,AVOID,STRONG_SELL,14.8100004196167,727.96771,774.11901,8.39267,2.67,6.47,AVOID,STRONG_SELL,727.96771,774.11901,2.67,squeeze,UNGATED_SHADOW,2026-09-19,True,shadow — never published
2026-09-19T05:21:53.496654,XRP,1.4207,6.47,53.06266111111111,25.11,AVOID,SELL,14.8100004196167,1.3268154,1.4676423,0.0312949,2.0,6.47,AVOID,STRONG_SELL,1.2955518,1.4676423,2.67,squeeze,UNGATED_SHADOW,2026-09-19,True,shadow — never published
2026-09-19T05:21:53.496654,LTC,58.23,0.0,55.01284548611111,22.01,AVOID,STRONG_SELL,14.8100004196167,54.606852,59.58902,0.906013,2.67,0.0,AVOID,STRONG_SELL,54.606852,59.58902,2.67,squeeze,UNGATED_SHADOW,2026-09-19,True,shadow — never published
2026-09-19T05:21:53.496654,VET,0.008311,2.35,45.146548263888874,19.47,AVOID,STRONG_SELL,14.8100004196167,0.0074188562,0.0086456376,0.0002230917,2.67,2.35,AVOID,STRONG_SELL,0.0074188562,0.0086456376,2.67,squeeze,UNGATED_SHADOW,2026-09-19,True,shadow — never published
2026-09-19T05:21:53.496654,LINK,12.427,0.0,53.882930555555554,21.55,AVOID,STRONG_SELL,14.8100004196167,11.500225,12.774627,0.231752,2.67,0.0,AVOID,STRONG_SELL,11.500225,12.774627,2.67,squeeze,UNGATED_SHADOW,2026-09-19,True,shadow — never published
2026-09-19T05:21:53.496654,AVAX,8.488,0.0,56.552543750000005,22.62,AVOID,STRONG_SELL,14.8100004196167,7.8146908,8.7405541,0.1683694,2.67,0.0,AVOID,STRONG_SELL,7.8146908,8.7405541,2.67,squeeze,UNGATED_SHADOW,2026-09-19,True,shadow — never published
2026-09-19T05:21:53.496654,SOL,112.76,0.0,51.55862083333332,20.62,AVOID,STRONG_SELL,14.8100004196167,104.74091,115.76791,2.00527,2.67,0.0,AVOID,STRONG_SELL,104.74091,115.76791,2.67,squeeze,UNGATED_SHADOW,2026-09-19,True,shadow — never published
2026-09-19T05:21:53.496654,XLM,0.19408,8.24,58.73395798611111,28.44,AVOID,SELL,14.8100004196167,0.18138188,0.20042906,0.00423271,2.0,8.24,AVOID,STRONG_SELL,0.1771534,0.20042906,2.67,squeeze,UNGATED_SHADOW,2026-09-19,True,shadow — never published
2026-09-19T05:21:53.496654,DOT,1.136,8.24,48.4334,24.32,AVOID,STRONG_SELL,14.8100004196167,1.0384937,1.172574,0.0243827,2.67,8.24,AVOID,STRONG_SELL,1.0384937,1.172574,2.67,squeeze,UNGATED_SHADOW,2026-09-19,True,shadow — never published
2026-09-19T05:21:53.496654,ALGO,0.0972,1.18,48.261986111111106,20.01,AVOID,STRONG_SELL,14.8100004196167,0.088974147,0.100285466,0.002056978,2.67,1.18,AVOID,STRONG_SELL,0.088974147,0.100285466,2.67,squeeze,UNGATED_SHADOW,2026-09-19,True,shadow — never published
2026-09-19T05:21:53.496654,ATOM,1.711,5.29,49.33937638888888,22.91,AVOID,STRONG_SELL,14.8100004196167,1.5810827,1.7597312,0.0324875,2.67,5.29,AVOID,STRONG_SELL,1.5810827,1.7597312,2.67,squeeze,UNGATED_SHADOW,2026-09-19,True,shadow — never published
2026-09-19T05:21:53.496654,DOGE,0.08776,0.0,48.75839479166666,19.5,AVOID,STRONG_SELL,14.8100004196167,0.081798126,0.089996262,0.001490841,2.67,0.0,AVOID,STRONG_SELL,0.081798126,0.089996262,2.67,squeeze,UNGATED_SHADOW,2026-09-19,True,shadow — never published
2026-09-19T05:21:53.496654,BCH,247.7,1.18,47.68654687499999,19.78,AVOID,STRONG_SELL,14.8100004196167,222.94606,256.98505,6.19003,2.67,1.18,AVOID,STRONG_SELL,222.94606,256.98505,2.67,squeeze,UNGATED_SHADOW,2026-09-19,True,shadow — never published
2026-09-19T05:21:53.496654,TRX,0.3385,39.41,55.81473888888888,45.97,WATCH,WATCH,14.8100004196167,,,0.002735676828486102,,39.41,AVOID,SELL,0.33029297,0.34260352,2.0,squeeze,UNGATED_SHADOW,2026-09-19,True,shadow — never published
2026-09-19T05:21:53.496654,VTHO,0.000677,32.35,65.96124479166666,45.79,WATCH,WATCH,14.8100004196167,,,4.365743973086993e-05,,32.35,AVOID,SELL,0.00054602768,0.00074248616,2.0,squeeze,UNGATED_SHADOW,2026-09-19,True,shadow — never published
2026-09-19T05:21:53.496654,NEAR,3.728,1.18,61.0445236111111,25.13,AVOID,SELL,14.8100004196167,3.2492553,3.9673724,0.1595816,2.0,1.18,AVOID,STRONG_SELL,3.0898333,3.9673724,2.67,squeeze,UNGATED_SHADOW,2026-09-19,True,shadow — never published
2026-09-19T05:21:53.496654,FET,0.1776,1.18,50.297406249999995,20.83,AVOID,STRONG_SELL,14.8100004196167,0.16113787,0.18377484,0.00411656,2.67,1.18,AVOID,STRONG_SELL,0.16113787,0.18377484,2.67,squeeze,UNGATED_SHADOW,2026-09-19,True,shadow — never published
2026-09-19T05:21:53.496654,AAVE,141.9,0.0,52.980148611111105,21.19,AVOID,STRONG_SELL,14.8100004196167,130.05048,146.34468,2.96312,2.67,0.0,AVOID,STRONG_SELL,130.05048,146.34468,2.67,squeeze,UNGATED_SHADOW,2026-09-19,True,shadow — never published
2026-09-19T05:21:53.496654,OP,0.125,0.0,58.89149999999999,23.56,AVOID,STRONG_SELL,14.8100004196167,0.11379331,0.12920356,0.00280237,2.67,0.0,AVOID,STRONG_SELL,0.11379331,0.12920356,2.67,squeeze,UNGATED_SHADOW,2026-09-19,True,shadow — never published
2026-09-19T05:21:53.496654,ETC,8.22,0.0,51.58165277777777,20.63,AVOID,STRONG_SELL,14.8100004196167,7.7262918,8.4051869,0.1234579,2.67,0.0,AVOID,STRONG_SELL,7.7262918,8.4051869,2.67,squeeze,UNGATED_SHADOW,2026-09-19,True,shadow — never published
2026-09-19T10:03:24.393076,BTC,81337.98,0.0,53.03339999999999,21.21,AVOID,STRONG_SELL,14.8100004196167,77918.835,82620.48,855.0,2.67,0.0,AVOID,STRONG_SELL,77918.835,82620.48,2.67,squeeze,UNGATED_SHADOW,2026-09-19,True,shadow — never published
2026-09-19T10:03:24.393076,ETH,2642.26,0.0,56.76332118055554,22.71,AVOID,STRONG_SELL,14.8100004196167,2485.8845,2700.9155,39.1036,2.67,0.0,AVOID,STRONG_SELL,2485.8845,2700.9155,2.67,squeeze,UNGATED_SHADOW,2026-09-19,True,shadow — never published
2026-09-19T10:03:24.393076,ADA,0.22339,0.0,56.56861979166666,22.63,AVOID,STRONG_SELL,14.8100004196167,0.20118878,0.23171754,0.00555169,2.67,0.0,AVOID,STRONG_SELL,0.20118878,0.23171754,2.67,squeeze,UNGATED_SHADOW,2026-09-19,True,shadow — never published
2026-09-19T10:03:24.393076,BNB,767.28,5.88,49.11927916666666,23.18,AVOID,STRONG_SELL,14.8100004196167,733.4414,779.97265,8.46177,2.67,5.88,AVOID,STRONG_SELL,733.4414,779.97265,2.67,squeeze,UNGATED_SHADOW,2026-09-19,True,shadow — never published
2026-09-19T10:03:24.393076,XRP,1.414,5.29,54.8943875,25.13,AVOID,SELL,14.8100004196167,1.3217735,1.4601133,0.0307422,2.0,5.29,AVOID,STRONG_SELL,1.291062,1.4601133,2.67,squeeze,UNGATED_SHADOW,2026-09-19,True,shadow — never published
2026-09-19T10:03:24.393076,LTC,57.06,0.0,59.17722708333333,23.67,AVOID,STRONG_SELL,14.8100004196167,53.225562,58.498274,0.958849,2.67,0.0,AVOID,STRONG_SELL,53.225562,58.498274,2.67,squeeze,UNGATED_SHADOW,2026-09-19,True,shadow — never published
2026-09-19T10:03:24.393076,VET,0.008539,0.0,48.51586458333332,19.41,AVOID,STRONG_SELL,14.8100004196167,0.0075437245,0.0089123216,0.0002488811,2.67,0.0,AVOID,STRONG_SELL,0.0075437245,0.0089123216,2.67,squeeze,UNGATED_SHADOW,2026-09-19,True,shadow — never published
2026-09-19T10:03:24.393076,LINK,12.518,0.0,59.07374305555556,23.63,AVOID,STRONG_SELL,14.8100004196167,11.591358,12.865578,0.231718,2.67,0.0,AVOID,STRONG_SELL,11.591358,12.865578,2.67,squeeze,UNGATED_SHADOW,2026-09-19,True,shadow — never published
2026-09-19T10:03:24.393076,AVAX,8.976,0.0,60.79532499999999,24.32,AVOID,STRONG_SELL,14.8100004196167,8.1940684,9.2692977,0.1955318,2.67,0.0,AVOID,STRONG_SELL,8.1940684,9.2692977,2.67,squeeze,UNGATED_SHADOW,2026-09-19,True,shadow — never published
2026-09-19T10:03:24.393076,SOL,111.84,0.0,56.760166666666656,22.7,AVOID,STRONG_SELL,14.8100004196167,103.8928,114.82094,1.9873,2.67,0.0,AVOID,STRONG_SELL,103.8928,114.82094,2.67,squeeze,UNGATED_SHADOW,2026-09-19,True,shadow — never published
2026-09-19T10:03:24.393076,XLM,0.19257,11.76,61.26085937499999,31.56,AVOID,SELL,14.8100004196167,0.17979929,0.19895535,0.0042569,2.0,11.76,AVOID,STRONG_SELL,0.17554665,0.19895535,2.67,squeeze,UNGATED_SHADOW,2026-09-19,True,shadow — never published
2026-09-19T10:03:24.393076,DOT,1.115,11.18,56.02796805555555,29.12,AVOID,SELL,14.8100004196167,1.0423472,1.1513264,0.0242176,2.0,11.18,AVOID,STRONG_SELL,1.0181539,1.1513264,2.67,squeeze,UNGATED_SHADOW,2026-09-19,True,shadow — never published
2026-09-19T10:03:24.393076,ALGO,0.09713,1.18,52.898690277777774,21.87,AVOID,STRONG_SELL,14.8100004196167,0.088862273,0.100231173,0.002067449,2.67,1.18,AVOID,STRONG_SELL,0.088862273,0.100231173,2.67,squeeze,UNGATED_SHADOW,2026-09-19,True,shadow — never published
2026-09-19T10:03:24.393076,ATOM,1.708,5.29,53.23833958333333,24.47,AVOID,STRONG_SELL,14.8100004196167,1.5753859,1.7577427,0.0331618,2.67,5.29,AVOID,STRONG_SELL,1.5753859,1.7577427,2.67,squeeze,UNGATED_SHADOW,2026-09-19,True,shadow — never published
2026-09-19T10:03:24.393076,DOGE,0.08723,0.0,52.65313333333333,21.06,AVOID,STRONG_SELL,14.8100004196167,0.081213686,0.089486682,0.001504455,2.67,0.0,AVOID,STRONG_SELL,0.081213686,0.089486682,2.67,squeeze,UNGATED_SHADOW,2026-09-19,True,shadow — never published
2026-09-19T10:03:24.393076,BCH,249.0,1.76,59.32275,24.79,AVOID,STRONG_SELL,14.8100004196167,225.01445,257.99683,5.99789,2.67,1.76,AVOID,STRONG_SELL,225.01445,257.99683,2.67,squeeze,UNGATED_SHADOW,2026-09-19,True,shadow — never published
2026-09-19T10:03:24.393076,TRX,0.3376,44.71,54.08260729166666,48.46,WATCH,WATCH,14.8100004196167,,,0.002602516238696279,,44.71,AVOID,WATCH,,,,squeeze,UNGATED_SHADOW,2026-09-19,True,shadow — never published
2026-09-19T10:03:24.393076,VTHO,0.000687,32.94,64.14699999999999,45.42,WATCH,WATCH,14.8100004196167,,,4.141660219907309e-05,,32.94,AVOID,SELL,0.00056275019,0.0007491249,2.0,squeeze,UNGATED_SHADOW,2026-09-19,True,shadow — never published
2026-09-19T10:03:24.393076,NEAR,3.699,2.35,60.91366319444444,25.78,AVOID,SELL,14.8100004196167,3.2280789,3.9344606,0.1569737,2.0,2.35,AVOID,STRONG_SELL,3.0712621,3.9344606,2.67,squeeze,UNGATED_SHADOW,2026-09-19,True,shadow — never published
2026-09-19T10:03:24.393076,FET,0.1832,1.76,59.053266666666666,24.68,AVOID,STRONG_SELL,14.8100004196167,0.166155,0.18959347,0.00426232,2.67,1.76,AVOID,STRONG_SELL,0.166155,0.18959347,2.67,squeeze,UNGATED_SHADOW,2026-09-19,True,shadow — never published
2026-09-19T10:03:24.393076,AAVE,145.37,0.0,56.80495277777777,22.72,AVOID,STRONG_SELL,14.8100004196167,132.94825,150.02932,3.10621,2.67,0.0,AVOID,STRONG_SELL,132.94825,150.02932,2.67,squeeze,UNGATED_SHADOW,2026-09-19,True,shadow — never published
2026-09-19T10:03:24.393076,OP,0.122,0.0,61.55988333333333,24.62,AVOID,STRONG_SELL,14.8100004196167,0.11045122,0.12633188,0.00288792,2.67,0.0,AVOID,STRONG_SELL,0.11045122,0.12633188,2.67,squeeze,UNGATED_SHADOW,2026-09-19,True,shadow — never published
2026-09-19T10:03:24.393076,ETC,8.31,0.0,58.284723263888885,23.31,AVOID,STRONG_SELL,14.8100004196167,7.7758613,8.5103521,0.1335681,2.67,0.0,AVOID,STRONG_SELL,7.7758613,8.5103521,2.67,squeeze,UNGATED_SHADOW,2026-09-19,True,shadow — never published
2026-09-19T14:05:07.336101,BTC,81363.62,0.0,53.03339999999999,21.21,AVOID,STRONG_SELL,14.8100004196167,78139.6,82572.93,806.207,2.67,0.0,AVOID,STRONG_SELL,78139.6,82572.93,2.67,squeeze,UNGATED_SHADOW,2026-09-19,True,shadow — never published
2026-09-19T14:05:07.336101,ETH,2640.6,0.0,56.76332118055554,22.71,AVOID,STRONG_SELL,14.8100004196167,2491.5038,2696.5251,37.2834,2.67,0.0,AVOID,STRONG_SELL,2491.5038,2696.5251,2.67,squeeze,UNGATED_SHADOW,2026-09-19,True,shadow — never published
2026-09-19T14:05:07.336101,ADA,0.22732,0.0,56.20298368055555,22.48,AVOID,STRONG_SELL,14.8100004196167,0.205359,0.23555743,0.00549162,2.67,0.0,AVOID,STRONG_SELL,0.205359,0.23555743,2.67,squeeze,UNGATED_SHADOW,2026-09-19,True,shadow — never published
2026-09-19T14:05:07.336101,BNB,770.3,7.06,49.11927916666666,23.88,AVOID,STRONG_SELL,14.8100004196167,737.17887,782.72353,8.28235,2.67,7.06,AVOID,STRONG_SELL,737.17887,782.72353,2.67,squeeze,UNGATED_SHADOW,2026-09-19,True,shadow — never published
2026-09-19T14:05:07.336101,XRP,1.4426,4.12,55.355569444444434,24.61,AVOID,STRONG_SELL,14.8100004196167,1.3181479,1.4892812,0.0311208,2.67,4.12,AVOID,STRONG_SELL,1.3181479,1.4892812,2.67,squeeze,UNGATED_SHADOW,2026-09-19,True,shadow — never published
2026-09-19T14:05:07.336101,LTC,57.85,0.59,57.928766319444435,23.53,AVOID,STRONG_SELL,14.8100004196167,53.838747,59.354596,1.003064,2.67,0.59,AVOID,STRONG_SELL,53.838747,59.354596,2.67,squeeze,UNGATED_SHADOW,2026-09-19,True,shadow — never published
2026-09-19T14:05:07.336101,VET,0.008561,0.0,50.04009374999999,20.02,AVOID,STRONG_SELL,14.8100004196167,0.0075819518,0.0089282349,0.0002448233,2.67,0.0,AVOID,STRONG_SELL,0.0075819518,0.0089282349,2.67,squeeze,UNGATED_SHADOW,2026-09-19,True,shadow — never published
2026-09-19T14:05:07.336101,LINK,12.472,0.59,58.813268055555554,23.88,AVOID,STRONG_SELL,14.8100004196167,11.561682,12.813455,0.227636,2.67,0.59,AVOID,STRONG_SELL,11.561682,12.813455,2.67,squeeze,UNGATED_SHADOW,2026-09-19,True,shadow — never published
2026-09-19T14:05:07.336101,AVAX,9.317,0.0,61.730274999999985,24.69,AVOID,STRONG_SELL,14.8100004196167,8.4043551,9.6593274,0.2282183,2.67,0.0,AVOID,STRONG_SELL,8.4043551,9.6593274,2.67,squeeze,UNGATED_SHADOW,2026-09-19,True,shadow — never published
2026-09-19T14:05:07.336101,SOL,111.7,1.18,56.760166666666656,23.41,AVOID,STRONG_SELL,14.8100004196167,104.12051,114.54302,1.89535,2.67,1.18,AVOID,STRONG_SELL,104.12051,114.54302,2.67,squeeze,UNGATED_SHADOW,2026-09-19,True,shadow — never published
2026-09-19T14:05:07.336101,XLM,0.19973,8.24,60.409499999999994,29.11,AVOID,SELL,14.8100004196167,0.18562761,0.2067812,0.0047008,2.0,8.24,AVOID,STRONG_SELL,0.18093151,0.2067812,2.67,squeeze,UNGATED_SHADOW,2026-09-19,True,shadow — never published
2026-09-19T14:05:07.336101,DOT,1.128,12.94,55.542556250000004,29.98,AVOID,SELL,14.8100004196167,1.0554551,1.1642725,0.0241816,2.0,12.94,AVOID,STRONG_SELL,1.0312976,1.1642725,2.67,squeeze,UNGATED_SHADOW,2026-09-19,True,shadow — never published
2026-09-19T14:05:07.336101,ALGO,0.10002,0.0,49.342219444444446,19.74,AVOID,STRONG_SELL,14.8100004196167,0.09137307,0.10326341,0.00216227,2.67,0.0,AVOID,STRONG_SELL,0.09137307,0.10326341,2.67,squeeze,UNGATED_SHADOW,2026-09-19,True,shadow — never published
2026-09-19T14:05:07.336101,ATOM,1.742,4.71,52.90987083333333,23.99,AVOID,STRONG_SELL,14.8100004196167,1.5992102,1.7955596,0.0357064,2.67,4.71,AVOID,STRONG_SELL,1.5992102,1.7955596,2.67,squeeze,UNGATED_SHADOW,2026-09-19,True,shadow — never published
2026-09-19T14:05:07.336101,DOGE,0.08911,0.0,51.985350694444435,20.79,AVOID,STRONG_SELL,14.8100004196167,0.082843797,0.091460414,0.001566942,2.67,0.0,AVOID,STRONG_SELL,0.082843797,0.091460414,2.67,squeeze,UNGATED_SHADOW,2026-09-19,True,shadow — never published
2026-09-19T14:05:07.336101,BCH,253.3,2.35,59.446662499999995,25.19,AVOID,SELL,14.8100004196167,235.40078,262.24961,5.96641,2.0,2.35,AVOID,STRONG_SELL,229.44034,262.24961,2.67,squeeze,UNGATED_SHADOW,2026-09-19,True,shadow — never published
2026-09-19T14:05:07.336101,TRX,0.3396,42.94,58.228013888888896,49.06,WATCH,WATCH,14.8100004196167,,,0.002551826303279198,,42.94,AVOID,WATCH,,,,squeeze,UNGATED_SHADOW,2026-09-19,True,shadow — never published
2026-09-19T14:05:07.336101,VTHO,0.000727,32.35,69.20690416666666,47.09,WATCH,WATCH,14.8100004196167,,,4.779500816444542e-05,,32.35,AVOID,SELL,0.00058361498,0.00079869251,2.0,squeeze,UNGATED_SHADOW,2026-09-19,True,shadow — never published
2026-09-19T14:05:07.336101,NEAR,3.594,4.12,60.91366319444444,26.84,AVOID,SELL,14.8100004196167,3.1347671,3.8236164,0.1530776,2.0,4.12,AVOID,STRONG_SELL,2.9818425,3.8236164,2.67,squeeze,UNGATED_SHADOW,2026-09-19,True,shadow — never published
2026-09-19T14:05:07.336101,FET,0.181,2.94,59.053266666666666,25.39,AVOID,SELL,14.8100004196167,0.16854783,0.18722608,0.00415072,2.0,2.94,AVOID,STRONG_SELL,0.16440126,0.18722608,2.67,squeeze,UNGATED_SHADOW,2026-09-19,True,shadow — never published
2026-09-19T14:05:07.336101,AAVE,142.01,0.0,56.22809999999999,22.49,AVOID,STRONG_SELL,14.8100004196167,129.99278,146.51758,3.00506,2.67,0.0,AVOID,STRONG_SELL,129.99278,146.51758,2.67,squeeze,UNGATED_SHADOW,2026-09-19,True,shadow — never published
2026-09-19T14:05:07.336101,OP,0.125,0.0,62.200241666666656,24.88,AVOID,STRONG_SELL,14.8100004196167,0.11427613,0.12902246,0.00268164,2.67,0.0,AVOID,STRONG_SELL,0.11427613,0.12902246,2.67,squeeze,UNGATED_SHADOW,2026-09-19,True,shadow — never published
2026-09-19T14:05:07.336101,ETC,8.42,0.0,58.848015624999995,23.54,AVOID,STRONG_SELL,14.8100004196167,7.837097,8.6386433,0.1457622,2.67,0.0,AVOID,STRONG_SELL,7.837097,8.6386433,2.67,squeeze,UNGATED_SHADOW,2026-09-19,True,shadow — never published
2026-09-19T17:38:19.532146,BTC,81513.24,0.0,53.03339999999999,21.21,AVOID,STRONG_SELL,14.8100004196167,78252.332,82736.386,815.431,2.67,0.0,AVOID,STRONG_SELL,78252.332,82736.386,2.67,squeeze,UNGATED_SHADOW,2026-09-19,True,shadow — never published
2026-09-19T17:38:19.532146,ETH,2647.09,0.0,56.76332118055554,22.71,AVOID,STRONG_SELL,14.8100004196167,2497.8941,2703.0524,37.3083,2.67,0.0,AVOID,STRONG_SELL,2497.8941,2703.0524,2.67,squeeze,UNGATED_SHADOW,2026-09-19,True,shadow — never published
2026-09-19T17:38:19.532146,ADA,0.22916,0.0,55.892659374999994,22.36,AVOID,STRONG_SELL,14.8100004196167,0.20712642,0.23742466,0.00550977,2.67,0.0,AVOID,STRONG_SELL,0.20712642,0.23742466,2.67,squeeze,UNGATED_SHADOW,2026-09-19,True,shadow — never published
2026-09-19T17:38:19.532146,BNB,762.55,10.59,50.8868611111111,26.71,AVOID,SELL,14.8100004196167,738.09987,774.77506,8.15004,2.0,10.59,AVOID,STRONG_SELL,729.95798,774.77506,2.67,squeeze,UNGATED_SHADOW,2026-09-19,True,shadow — never published
2026-09-19T17:38:19.532146,XRP,1.424,4.12,55.14607777777777,24.53,AVOID,STRONG_SELL,14.8100004196167,1.3012167,1.4700552,0.0307035,2.67,4.12,AVOID,STRONG_SELL,1.3012167,1.4700552,2.67,squeeze,UNGATED_SHADOW,2026-09-19,True,shadow — never published
2026-09-19T17:38:19.532146,LTC,57.39,1.76,59.50432222222222,24.86,AVOID,STRONG_SELL,14.8100004196167,53.437567,58.872533,0.988355,2.67,1.76,AVOID,STRONG_SELL,53.437567,58.872533,2.67,squeeze,UNGATED_SHADOW,2026-09-19,True,shadow — never published
2026-09-19T17:38:19.532146,VET,0.008631,0.0,50.04009374999999,20.02,AVOID,STRONG_SELL,14.8100004196167,0.0076104831,0.0090137895,0.000255193,2.67,0.0,AVOID,STRONG_SELL,0.0076104831,0.0090137895,2.67,squeeze,UNGATED_SHADOW,2026-09-19,True,shadow — never published
2026-09-19T17:38:19.532146,LINK,12.501,0.59,57.47255972222222,23.34,AVOID,STRONG_SELL,14.8100004196167,11.584314,12.844843,0.229229,2.67,0.59,AVOID,STRONG_SELL,11.584314,12.844843,2.67,squeeze,UNGATED_SHADOW,2026-09-19,True,shadow — never published
2026-09-19T17:38:19.532146,AVAX,9.674,0.0,61.730274999999985,24.69,AVOID,STRONG_SELL,14.8100004196167,8.6956992,10.0409545,0.2446364,2.67,0.0,AVOID,STRONG_SELL,8.6956992,10.0409545,2.67,squeeze,UNGATED_SHADOW,2026-09-19,True,shadow — never published
2026-09-19T17:38:19.532146,SOL,111.4,2.35,56.760166666666656,24.11,AVOID,STRONG_SELL,14.8100004196167,104.01566,114.16982,1.84655,2.67,2.35,AVOID,STRONG_SELL,104.01566,114.16982,2.67,squeeze,UNGATED_SHADOW,2026-09-19,True,shadow — never published
2026-09-19T17:38:19.532146,XLM,0.19774,11.76,60.74068402777778,31.35,AVOID,SELL,14.8100004196167,0.18390992,0.20465504,0.00461003,2.0,11.76,AVOID,STRONG_SELL,0.17930451,0.20465504,2.67,squeeze,UNGATED_SHADOW,2026-09-19,True,shadow — never published
2026-09-19T17:38:19.532146,DOT,1.126,16.47,55.58448333333333,32.12,AVOID,SELL,14.8100004196167,1.0546267,1.1616867,0.0237911,2.0,16.47,AVOID,STRONG_SELL,1.0308593,1.1616867,2.67,squeeze,UNGATED_SHADOW,2026-09-19,True,shadow — never published
2026-09-19T17:38:19.532146,ALGO,0.10083,0.0,49.42005208333333,19.77,AVOID,STRONG_SELL,14.8100004196167,0.09212863,0.10409383,0.00217589,2.67,0.0,AVOID,STRONG_SELL,0.09212863,0.10409383,2.67,squeeze,UNGATED_SHADOW,2026-09-19,True,shadow — never published
2026-09-19T17:38:19.532146,ATOM,1.743,4.71,53.20939791666666,24.11,AVOID,STRONG_SELL,14.8100004196167,1.6039009,1.7951752,0.0347835,2.67,4.71,AVOID,STRONG_SELL,1.6039009,1.7951752,2.67,squeeze,UNGATED_SHADOW,2026-09-19,True,shadow — never published
2026-09-19T17:38:19.532146,DOGE,0.09045,0.0,50.38788888888889,20.16,AVOID,STRONG_SELL,14.8100004196167,0.083908707,0.092903598,0.001635732,2.67,0.0,AVOID,STRONG_SELL,0.083908707,0.092903598,2.67,squeeze,UNGATED_SHADOW,2026-09-19,True,shadow — never published
2026-09-19T17:38:19.532146,BCH,255.7,2.94,59.62309166666665,25.61,AVOID,SELL,14.8100004196167,237.84103,264.62948,5.95299,2.0,2.94,AVOID,STRONG_SELL,231.894,264.62948,2.67,squeeze,UNGATED_SHADOW,2026-09-19,True,shadow — never published
2026-09-19T17:38:19.532146,TRX,0.3388,42.35,58.13959166666667,48.67,WATCH,WATCH,14.8100004196167,,,0.0025246550367184406,,42.35,AVOID,WATCH,,,,squeeze,UNGATED_SHADOW,2026-09-19,True,shadow — never published
2026-09-19T17:38:19.532146,VTHO,0.000705,32.35,67.30515555555556,46.33,WATCH,WATCH,14.8100004196167,,,4.534026268331157e-05,,32.35,AVOID,SELL,0.00056897921,0.00077301039,2.0,squeeze,UNGATED_SHADOW,2026-09-19,True,shadow — never published
2026-09-19T17:38:19.532146,NEAR,3.653,4.71,60.91366319444444,27.19,AVOID,SELL,14.8100004196167,3.2113246,3.8738377,0.1472251,2.0,4.71,AVOID,STRONG_SELL,3.0642466,3.8738377,2.67,squeeze,UNGATED_SHADOW,2026-09-19,True,shadow — never published
2026-09-19T17:38:19.532146,FET,0.1811,4.12,59.824948611111104,26.4,AVOID,SELL,14.8100004196167,0.16919442,0.18705279,0.00396853,2.0,4.12,AVOID,STRONG_SELL,0.16522986,0.18705279,2.67,squeeze,UNGATED_SHADOW,2026-09-19,True,shadow — never published
2026-09-19T17:38:19.532146,AAVE,142.59,1.18,56.71892638888889,23.4,AVOID,STRONG_SELL,14.8100004196167,131.12551,146.89026,2.86684,2.67,1.18,AVOID,STRONG_SELL,131.12551,146.89026,2.67,squeeze,UNGATED_SHADOW,2026-09-19,True,shadow — never published
2026-09-19T17:38:19.532146,OP,0.125,0.0,61.55988333333333,24.62,AVOID,STRONG_SELL,14.8100004196167,0.11504212,0.12873514,0.00249009,2.67,0.0,AVOID,STRONG_SELL,0.11504212,0.12873514,2.67,squeeze,UNGATED_SHADOW,2026-09-19,True,shadow — never published
2026-09-19T17:38:19.532146,ETC,8.49,0.0,58.848015624999995,23.54,AVOID,STRONG_SELL,14.8100004196167,7.9230251,8.7026688,0.1417792,2.67,0.0,AVOID,STRONG_SELL,7.9230251,8.7026688,2.67,squeeze,UNGATED_SHADOW,2026-09-19,True,shadow — never published
2026-09-19T19:50:29.941973,BTC,81363.57,0.0,53.03339999999999,21.21,AVOID,STRONG_SELL,14.8100004196167,78057.524,82603.647,826.718,2.67,0.0,AVOID,STRONG_SELL,78057.524,82603.647,2.67,squeeze,UNGATED_SHADOW,2026-09-19,True,shadow — never published
2026-09-19T19:50:29.941973,ETH,2637.43,0.0,56.76332118055554,22.71,AVOID,STRONG_SELL,14.8100004196167,2486.8888,2693.8971,37.6447,2.67,0.0,AVOID,STRONG_SELL,2486.8888,2693.8971,2.67,squeeze,UNGATED_SHADOW,2026-09-19,True,shadow — never published
2026-09-19T19:50:29.941973,ADA,0.23089,0.0,57.27419270833333,22.91,AVOID,STRONG_SELL,14.8100004196167,0.20885357,0.23915573,0.00551049,2.67,0.0,AVOID,STRONG_SELL,0.20885357,0.23915573,2.67,squeeze,UNGATED_SHADOW,2026-09-19,True,shadow — never published
2026-09-19T19:50:29.941973,BNB,763.71,10.59,50.73799999999999,26.65,AVOID,SELL,14.8100004196167,739.13987,775.99506,8.19004,2.0,10.59,AVOID,STRONG_SELL,730.95802,775.99506,2.67,squeeze,UNGATED_SHADOW,2026-09-19,True,shadow — never published
2026-09-19T19:50:29.941973,XRP,1.433,3.53,55.866520833333325,24.46,AVOID,STRONG_SELL,14.8100004196167,1.3095026,1.4793231,0.0308821,2.67,3.53,AVOID,STRONG_SELL,1.3095026,1.4793231,2.67,squeeze,UNGATED_SHADOW,2026-09-19,True,shadow — never published
2026-09-19T19:50:29.941973,LTC,57.96,1.18,58.417771874999985,24.08,AVOID,STRONG_SELL,14.8100004196167,53.990428,59.448962,0.992641,2.67,1.18,AVOID,STRONG_SELL,53.990428,59.448962,2.67,squeeze,UNGATED_SHADOW,2026-09-19,True,shadow — never published
2026-09-19T19:50:29.941973,VET,0.008823,0.0,53.69709374999999,21.48,AVOID,STRONG_SELL,14.8100004196167,0.0077476397,0.009226361,0.0002689073,2.67,0.0,AVOID,STRONG_SELL,0.0077476397,0.009226361,2.67,squeeze,UNGATED_SHADOW,2026-09-19,True,shadow — never published
2026-09-19T19:50:29.941973,LINK,12.538,0.59,57.47255972222222,23.34,AVOID,STRONG_SELL,14.8100004196167,11.612174,12.885272,0.231514,2.67,0.59,AVOID,STRONG_SELL,11.612174,12.885272,2.67,squeeze,UNGATED_SHADOW,2026-09-19,True,shadow — never published
2026-09-19T19:50:29.941973,AVAX,9.721,0.0,61.730274999999985,24.69,AVOID,STRONG_SELL,14.8100004196167,8.7426992,10.0879545,0.2446364,2.67,0.0,AVOID,STRONG_SELL,8.7426992,10.0879545,2.67,squeeze,UNGATED_SHADOW,2026-09-19,True,shadow — never published
2026-09-19T19:50:29.941973,SOL,111.22,2.35,56.760166666666656,24.11,AVOID,STRONG_SELL,14.8100004196167,103.65285,114.05839,1.89226,2.67,2.35,AVOID,STRONG_SELL,103.65285,114.05839,2.67,squeeze,UNGATED_SHADOW,2026-09-19,True,shadow — never published
2026-09-19T19:50:29.941973,XLM,0.19977,8.24,60.409499999999994,29.11,AVOID,SELL,14.8100004196167,0.18582207,0.20674397,0.00464931,2.0,8.24,AVOID,STRONG_SELL,0.1811774,0.20674397,2.67,squeeze,UNGATED_SHADOW,2026-09-19,True,shadow — never published
2026-09-19T19:50:29.941973,DOT,1.135,15.88,55.542556250000004,31.75,AVOID,SELL,14.8100004196167,1.0636267,1.1706867,0.0237911,2.0,15.88,AVOID,STRONG_SELL,1.0398593,1.1706867,2.67,squeeze,UNGATED_SHADOW,2026-09-19,True,shadow — never published
2026-09-19T19:50:29.941973,ALGO,0.10178,0.0,50.026006249999995,20.01,AVOID,STRONG_SELL,14.8100004196167,0.09301007,0.10506954,0.00219303,2.67,0.0,AVOID,STRONG_SELL,0.09301007,0.10506954,2.67,squeeze,UNGATED_SHADOW,2026-09-19,True,shadow — never published
2026-09-19T19:50:29.941973,ATOM,1.731,5.88,53.20939791666666,24.81,AVOID,STRONG_SELL,14.8100004196167,1.5919009,1.7831752,0.0347835,2.67,5.88,AVOID,STRONG_SELL,1.5919009,1.7831752,2.67,squeeze,UNGATED_SHADOW,2026-09-19,True,shadow — never published
2026-09-19T19:50:29.941973,DOGE,0.0894,0.0,50.544799999999995,20.22,AVOID,STRONG_SELL,14.8100004196167,0.082858707,0.091853598,0.001635732,2.67,0.0,AVOID,STRONG_SELL,0.082858707,0.091853598,2.67,squeeze,UNGATED_SHADOW,2026-09-19,True,shadow — never published
2026-09-19T19:50:29.941973,BCH,254.1,2.94,59.9365625,25.74,AVOID,SELL,14.8100004196167,236.24103,263.02948,5.95299,2.0,2.94,AVOID,STRONG_SELL,230.294,263.02948,2.67,squeeze,UNGATED_SHADOW,2026-09-19,True,shadow — never published
2026-09-19T19:50:29.941973,TRX,0.3397,38.24,57.2102,45.83,WATCH,WATCH,14.8100004196167,,,0.0025603693224327266,,38.24,AVOID,SELL,0.33201889,0.34354055,2.0,squeeze,UNGATED_SHADOW,2026-09-19,True,shadow — never published
2026-09-19T19:50:29.941973,VTHO,0.000701,32.35,67.30515555555556,46.33,WATCH,WATCH,14.8100004196167,,,4.562597696902585e-05,,32.35,AVOID,SELL,0.00056412207,0.00076943897,2.0,squeeze,UNGATED_SHADOW,2026-09-19,True,shadow — never published
2026-09-19T19:50:29.941973,NEAR,3.521,5.29,61.69510416666665,27.85,AVOID,SELL,14.8100004196167,3.0392531,3.7618734,0.1605823,2.0,5.29,AVOID,STRONG_SELL,2.8788314,3.7618734,2.67,squeeze,UNGATED_SHADOW,2026-09-19,True,shadow — never published
2026-09-19T19:50:29.941973,FET,0.1788,4.12,59.783899999999996,26.39,AVOID,SELL,14.8100004196167,0.16648727,0.18495636,0.00410424,2.0,4.12,AVOID,STRONG_SELL,0.16238714,0.18495636,2.67,squeeze,UNGATED_SHADOW,2026-09-19,True,shadow — never published
2026-09-19T19:50:29.941973,AAVE,142.83,0.59,56.22809999999999,22.85,AVOID,STRONG_SELL,14.8100004196167,131.27982,147.1624,2.88827,2.67,0.59,AVOID,STRONG_SELL,131.27982,147.1624,2.67,squeeze,UNGATED_SHADOW,2026-09-19,True,shadow — never published
2026-09-19T19:50:29.941973,OP,0.125,0.0,62.200241666666656,24.88,AVOID,STRONG_SELL,14.8100004196167,0.11504212,0.12873514,0.00249009,2.67,0.0,AVOID,STRONG_SELL,0.11504212,0.12873514,2.67,squeeze,UNGATED_SHADOW,2026-09-19,True,shadow — never published
2026-09-19T19:50:29.941973,ETC,8.59,0.0,58.367052083333334,23.35,AVOID,STRONG_SELL,14.8100004196167,7.9944608,8.813383,0.148922,2.67,0.0,AVOID,STRONG_SELL,7.9944608,8.813383,2.67,squeeze,UNGATED_SHADOW,2026-09-19,True,shadow — never published
2026-09-19T21:59:31.126327,BTC,81121.05,0.59,52.59914722222222,21.39,AVOID,STRONG_SELL,14.8100004196167,77901.114,82328.828,805.185,2.67,0.59,AVOID,STRONG_SELL,77901.114,82328.828,2.67,squeeze,UNGATED_SHADOW,2026-09-19,True,shadow — never published
2026-09-19T21:59:31.126327,ETH,2628.91,1.18,56.02803993055555,23.12,AVOID,STRONG_SELL,14.8100004196167,2483.0575,2683.6184,36.4722,2.67,1.18,AVOID,STRONG_SELL,2483.0575,2683.6184,2.67,squeeze,UNGATED_SHADOW,2026-09-19,True,shadow — never published
2026-09-19T21:59:31.126327,ADA,0.22705,1.76,56.20298368055555,23.54,AVOID,STRONG_SELL,14.8100004196167,0.20520917,0.23524236,0.00546157,2.67,1.76,AVOID,STRONG_SELL,0.20520917,0.23524236,2.67,squeeze,UNGATED_SHADOW,2026-09-19,True,shadow — never published
2026-09-19T21:59:31.126327,BNB,759.81,18.82,51.80213333333333,32.01,AVOID,SELL,14.8100004196167,735.84202,771.79399,7.98933,2.0,18.82,AVOID,STRONG_SELL,727.86069,771.79399,2.67,squeeze,UNGATED_SHADOW,2026-09-19,True,shadow — never published
2026-09-19T21:59:31.126327,XRP,1.4104,5.88,55.00689583333333,25.53,AVOID,SELL,14.8100004196167,1.3176642,1.4567679,0.0309119,2.0,5.88,AVOID,STRONG_SELL,1.2867832,1.4567679,2.67,squeeze,UNGATED_SHADOW,2026-09-19,True,shadow — never published
2026-09-19T21:59:31.126327,LTC,57.1,2.94,59.48815833333333,25.56,AVOID,SELL,14.8100004196167,54.044428,58.627786,1.018524,2.0,2.94,AVOID,STRONG_SELL,53.026923,58.627786,2.67,squeeze,UNGATED_SHADOW,2026-09-19,True,shadow — never published
2026-09-19T21:59:31.126327,VET,0.008753,0.0,52.987879166666666,21.2,AVOID,STRONG_SELL,14.8100004196167,0.0077364556,0.0091342995,0.0002541996,2.67,0.0,AVOID,STRONG_SELL,0.0077364556,0.0091342995,2.67,squeeze,UNGATED_SHADOW,2026-09-19,True,shadow — never published
2026-09-19T21:59:31.126327,LINK,12.352,2.35,59.19893333333333,25.09,AVOID,SELL,14.8100004196167,11.663138,12.696431,0.229621,2.0,2.35,AVOID,STRONG_SELL,11.433747,12.696431,2.67,squeeze,UNGATED_SHADOW,2026-09-19,True,shadow — never published
2026-09-19T21:59:31.126327,AVAX,9.748,0.0,61.730274999999985,24.69,AVOID,STRONG_SELL,14.8100004196167,8.7835918,10.1097435,0.2411623,2.67,0.0,AVOID,STRONG_SELL,8.7835918,10.1097435,2.67,squeeze,UNGATED_SHADOW,2026-09-19,True,shadow — never published
2026-09-19T21:59:31.126327,SOL,110.6,2.94,57.01086666666666,24.57,AVOID,STRONG_SELL,14.8100004196167,103.25059,113.35672,1.83781,2.67,2.94,AVOID,STRONG_SELL,103.25059,113.35672,2.67,squeeze,UNGATED_SHADOW,2026-09-19,True,shadow — never published
2026-09-19T21:59:31.126327,XLM,0.19552,18.24,61.32324687499999,35.47,AVOID,SELL,14.8100004196167,0.18118972,0.20268514,0.00477676,2.0,18.24,AVOID,STRONG_SELL,0.17641774,0.20268514,2.67,squeeze,UNGATED_SHADOW,2026-09-19,True,shadow — never published
2026-09-19T21:59:31.126327,DOT,1.1,18.82,56.39088888888888,33.85,AVOID,SELL,14.8100004196167,1.0262248,1.1368876,0.0245917,2.0,18.82,AVOID,STRONG_SELL,1.0016576,1.1368876,2.67,squeeze,UNGATED_SHADOW,2026-09-19,True,shadow — never published
2026-09-19T21:59:31.126327,ALGO,0.10114,0.59,49.889619444444435,20.31,AVOID,STRONG_SELL,14.8100004196167,0.09220812,0.10449029,0.00223353,2.67,0.59,AVOID,STRONG_SELL,0.09220812,0.10449029,2.67,squeeze,UNGATED_SHADOW,2026-09-19,True,shadow — never published
2026-09-19T21:59:31.126327,ATOM,1.716,7.06,53.50764722222222,25.64,AVOID,SELL,14.8100004196167,1.613746,1.767127,0.0340847,2.0,7.06,AVOID,STRONG_SELL,1.5796954,1.767127,2.67,squeeze,UNGATED_SHADOW,2026-09-19,True,shadow — never published
2026-09-19T21:59:31.126327,DOGE,0.08736,1.76,52.34225,21.99,AVOID,STRONG_SELL,14.8100004196167,0.080600399,0.089895484,0.001690323,2.67,1.76,AVOID,STRONG_SELL,0.080600399,0.089895484,2.67,squeeze,UNGATED_SHADOW,2026-09-19,True,shadow — never published
2026-09-19T21:59:31.126327,BCH,251.2,7.65,58.73212916666667,28.08,AVOID,SELL,14.8100004196167,233.99524,259.80238,5.73492,2.0,7.65,AVOID,STRONG_SELL,228.26606,259.80238,2.67,squeeze,UNGATED_SHADOW,2026-09-19,True,shadow — never published
2026-09-19T21:59:31.126327,TRX,0.3384,47.06,57.43099999999999,51.21,WATCH,WATCH,14.8100004196167,,,0.002506057227973244,,47.06,WATCH,WATCH,,,,squeeze,UNGATED_SHADOW,2026-09-19,True,shadow — never published
2026-09-19T21:59:31.126327,VTHO,0.000705,32.35,67.04844999999999,46.23,WATCH,WATCH,14.8100004196167,,,4.265269289980972e-05,,32.35,AVOID,SELL,0.00057704192,0.00076897904,2.0,squeeze,UNGATED_SHADOW,2026-09-19,True,shadow — never published
2026-09-19T21:59:31.126327,NEAR,3.561,5.88,60.91366319444444,27.89,AVOID,SELL,14.8100004196167,3.1029493,3.7900253,0.1526836,2.0,5.88,AVOID,STRONG_SELL,2.9504185,3.7900253,2.67,squeeze,UNGATED_SHADOW,2026-09-19,True,shadow — never published
2026-09-19T21:59:31.126327,FET,0.1756,5.29,59.97122222222222,27.16,AVOID,SELL,14.8100004196167,0.16339533,0.18170234,0.00406822,2.0,5.29,AVOID,STRONG_SELL,0.15933117,0.18170234,2.67,squeeze,UNGATED_SHADOW,2026-09-19,True,shadow — never published
2026-09-19T21:59:31.126327,AAVE,140.19,2.35,55.21645138888888,23.5,AVOID,STRONG_SELL,14.8100004196167,128.71074,144.4958,2.87053,2.67,2.35,AVOID,STRONG_SELL,128.71074,144.4958,2.67,squeeze,UNGATED_SHADOW,2026-09-19,True,shadow — never published
2026-09-19T21:59:31.126327,OP,0.119,1.76,62.88856458333332,26.21,AVOID,SELL,14.8100004196167,0.1107776,0.1231112,0.0027408,2.0,1.76,AVOID,STRONG_SELL,0.10803954,0.1231112,2.67,squeeze,UNGATED_SHADOW,2026-09-19,True,shadow — never published
2026-09-19T21:59:31.126327,ETC,8.59,0.59,58.848015624999995,23.89,AVOID,STRONG_SELL,14.8100004196167,8.0369993,8.7974271,0.1382847,2.67,0.59,AVOID,STRONG_SELL,8.0369993,8.7974271,2.67,squeeze,UNGATED_SHADOW,2026-09-19,True,shadow — never published
2026-09-19T23:57:42.325581,BTC,81300.53,0.59,53.03339999999999,21.57,AVOID,STRONG_SELL,14.8100004196167,78080.594,82508.308,805.185,2.67,0.59,AVOID,STRONG_SELL,78080.594,82508.308,2.67,squeeze,UNGATED_SHADOW,2026-09-19,True,shadow — never published
2026-09-19T23:57:42.325581,ETH,2634.4,1.18,56.48625104166666,23.3,AVOID,STRONG_SELL,14.8100004196167,2488.5475,2689.1084,36.4722,2.67,1.18,AVOID,STRONG_SELL,2488.5475,2689.1084,2.67,squeeze,UNGATED_SHADOW,2026-09-19,True,shadow — never published
2026-09-19T23:57:42.325581,ADA,0.2281,1.76,55.892659374999994,23.41,AVOID,STRONG_SELL,14.8100004196167,0.2058964,0.23642843,0.00555229,2.67,1.76,AVOID,STRONG_SELL,0.2058964,0.23642843,2.67,squeeze,UNGATED_SHADOW,2026-09-19,True,shadow — never published
2026-09-19T23:57:42.325581,BNB,763.07,17.65,50.72094166666667,30.88,AVOID,SELL,14.8100004196167,739.10202,775.05399,7.98933,2.0,17.65,AVOID,STRONG_SELL,731.12069,775.05399,2.67,squeeze,UNGATED_SHADOW,2026-09-19,True,shadow — never published
2026-09-19T23:57:42.325581,XRP,1.4111,5.88,55.02670138888888,25.54,AVOID,SELL,14.8100004196167,1.3173357,1.4579822,0.0312548,2.0,5.88,AVOID,STRONG_SELL,1.2861121,1.4579822,2.67,squeeze,UNGATED_SHADOW,2026-09-19,True,shadow — never published
2026-09-19T23:57:42.325581,LTC,58.38,2.94,58.417771874999985,25.13,AVOID,SELL,14.8100004196167,55.268714,59.935643,1.037095,2.0,2.94,AVOID,STRONG_SELL,54.232656,59.935643,2.67,squeeze,UNGATED_SHADOW,2026-09-19,True,shadow — never published
2026-09-19T23:57:42.325581,VET,0.008759,0.0,54.14415625,21.66,AVOID,STRONG_SELL,14.8100004196167,0.0076733301,0.009166228,0.0002714854,2.67,0.0,AVOID,STRONG_SELL,0.0076733301,0.009166228,2.67,squeeze,UNGATED_SHADOW,2026-09-19,True,shadow — never published
2026-09-19T23:57:42.325581,LINK,12.424,2.35,58.9670486111111,25.0,AVOID,STRONG_SELL,14.8100004196167,11.501463,12.770038,0.230692,2.67,2.35,AVOID,STRONG_SELL,11.501463,12.770038,2.67,squeeze,UNGATED_SHADOW,2026-09-19,True,shadow — never published
2026-09-19T23:57:42.325581,AVAX,10.067,0.0,61.730274999999985,24.69,AVOID,STRONG_SELL,14.8100004196167,8.984907,10.472886,0.270591,2.67,0.0,AVOID,STRONG_SELL,8.984907,10.472886,2.67,squeeze,UNGATED_SHADOW,2026-09-19,True,shadow — never published
2026-09-19T23:57:42.325581,SOL,111.05,2.94,56.760166666666656,24.47,AVOID,STRONG_SELL,14.8100004196167,103.67773,113.81529,1.84353,2.67,2.94,AVOID,STRONG_SELL,103.67773,113.81529,2.67,squeeze,UNGATED_SHADOW,2026-09-19,True,shadow — never published
2026-09-19T23:57:42.325581,XLM,0.19639,18.24,60.675046180555555,35.21,AVOID,SELL,14.8100004196167,0.18205972,0.20355514,0.00477676,2.0,18.24,AVOID,STRONG_SELL,0.17728774,0.20355514,2.67,squeeze,UNGATED_SHADOW,2026-09-19,True,shadow — never published
2026-09-19T23:57:42.325581,DOT,1.119,18.82,55.58448333333333,33.53,AVOID,SELL,14.8100004196167,1.0452248,1.1558876,0.0245917,2.0,18.82,AVOID,STRONG_SELL,1.0206576,1.1558876,2.67,squeeze,UNGATED_SHADOW,2026-09-19,True,shadow — never published
2026-09-19T23:57:42.325581,ALGO,0.10519,0.0,52.86082812499999,21.14,AVOID,STRONG_SELL,14.8100004196167,0.09553545,0.10881136,0.00241424,2.67,0.0,AVOID,STRONG_SELL,0.09553545,0.10881136,2.67,squeeze,UNGATED_SHADOW,2026-09-19,True,shadow — never published
2026-09-19T23:57:42.325581,ATOM,1.716,7.06,53.39213611111111,25.59,AVOID,SELL,14.8100004196167,1.613746,1.767127,0.0340847,2.0,7.06,AVOID,STRONG_SELL,1.5796954,1.767127,2.67,squeeze,UNGATED_SHADOW,2026-09-19,True,shadow — never published
2026-09-19T23:57:42.325581,DOGE,0.08772,1.76,51.56018611111111,21.68,AVOID,STRONG_SELL,14.8100004196167,0.080937548,0.090264056,0.001696037,2.67,1.76,AVOID,STRONG_SELL,0.080937548,0.090264056,2.67,squeeze,UNGATED_SHADOW,2026-09-19,True,shadow — never published
2026-09-19T23:57:42.325581,BCH,256.4,7.06,59.91739583333332,28.2,AVOID,SELL,14.8100004196167,238.59524,265.30238,5.93492,2.0,7.06,AVOID,STRONG_SELL,232.66626,265.30238,2.67,squeeze,UNGATED_SHADOW,2026-09-19,True,shadow — never published
2026-09-19T23:57:42.325581,TRX,0.3405,41.18,57.2915625,47.62,WATCH,WATCH,14.8100004196167,,,0.0025560572279732462,,41.18,AVOID,WATCH,,,,squeeze,UNGATED_SHADOW,2026-09-19,True,shadow — never published
2026-09-19T23:57:42.325581,VTHO,0.000713,32.35,69.75861666666665,47.31,WATCH,WATCH,14.8100004196167,,,4.3224121471238285e-05,,32.35,AVOID,SELL,0.00058332764,0.00077783618,2.0,squeeze,UNGATED_SHADOW,2026-09-19,True,shadow — never published
2026-09-19T23:57:42.325581,NEAR,3.6,5.88,60.91366319444444,27.89,AVOID,SELL,14.8100004196167,3.1305922,3.8347039,0.1564693,2.0,5.88,AVOID,STRONG_SELL,2.9742794,3.8347039,2.67,squeeze,UNGATED_SHADOW,2026-09-19,True,shadow — never published
2026-09-19T23:57:42.325581,FET,0.1771,5.29,60.6273611111111,27.42,AVOID,SELL,14.8100004196167,0.16489533,0.18320234,0.00406822,2.0,5.29,AVOID,STRONG_SELL,0.16083117,0.18320234,2.67,squeeze,UNGATED_SHADOW,2026-09-19,True,shadow — never published
2026-09-19T23:57:42.325581,AAVE,139.45,2.35,55.96308888888888,23.8,AVOID,STRONG_SELL,14.8100004196167,127.75936,143.83509,2.92339,2.67,2.35,AVOID,STRONG_SELL,127.75936,143.83509,2.67,squeeze,UNGATED_SHADOW,2026-09-19,True,shadow — never published
2026-09-19T23:57:42.325581,OP,0.121,1.76,61.55988333333333,25.68,AVOID,SELL,14.8100004196167,0.11256331,0.12521834,0.00281223,2.0,1.76,AVOID,STRONG_SELL,0.1097539,0.12521834,2.67,squeeze,UNGATED_SHADOW,2026-09-19,True,shadow — never published
2026-09-19T23:57:42.325581,ETC,8.54,0.59,58.367052083333334,23.7,AVOID,STRONG_SELL,14.8100004196167,7.9727172,8.7527843,0.1418562,2.67,0.59,AVOID,STRONG_SELL,7.9727172,8.7527843,2.67,squeeze,UNGATED_SHADOW,2026-09-19,True,shadow — never published
2026-09-20T03:27:13.497067,BTC,80367.08,1.76,52.29184166666666,21.97,AVOID,STRONG_SELL,14.8100004196167,77031.78,81618.13,834.034,2.67,1.76,AVOID,STRONG_SELL,77031.78,81618.13,2.67,squeeze,UNGATED_SHADOW,2026-09-20,True,shadow — never published
2026-09-20T03:27:13.497067,ETH,2585.27,2.35,58.94938333333332,24.99,AVOID,STRONG_SELL,14.8100004196167,2430.4575,2643.3392,38.7128,2.67,2.35,AVOID,STRONG_SELL,2430.4575,2643.3392,2.67,squeeze,UNGATED_SHADOW,2026-09-20,True,shadow — never published
2026-09-20T03:27:13.497067,ADA,0.22195,3.53,56.81299479166666,24.84,AVOID,STRONG_SELL,14.8100004196167,0.19811603,0.23088997,0.00595998,2.67,3.53,AVOID,STRONG_SELL,0.19811603,0.23088997,2.67,squeeze,UNGATED_SHADOW,2026-09-20,True,shadow — never published
2026-09-20T03:27:13.497067,BNB,751.62,21.76,54.89406805555555,35.01,AVOID,SELL,14.8100004196167,725.60545,764.62728,8.67152,2.0,21.76,AVOID,STRONG_SELL,716.9426,764.62728,2.67,squeeze,UNGATED_SHADOW,2026-09-20,True,shadow — never published
2026-09-20T03:27:13.497067,XRP,1.3797,7.06,57.908537499999994,27.4,AVOID,SELL,14.8100004196167,1.2834403,1.4278299,0.0320866,2.0,7.06,AVOID,STRONG_SELL,1.2513858,1.4278299,2.67,squeeze,UNGATED_SHADOW,2026-09-20,True,shadow — never published
2026-09-20T03:27:13.497067,LTC,57.3,3.53,59.17722708333333,25.79,AVOID,SELL,14.8100004196167,54.017428,58.941286,1.094191,2.0,3.53,AVOID,STRONG_SELL,52.924332,58.941286,2.67,squeeze,UNGATED_SHADOW,2026-09-20,True,shadow — never published
2026-09-20T03:27:13.497067,VET,0.00834,0.59,48.51586458333332,19.76,AVOID,STRONG_SELL,14.8100004196167,0.0071899134,0.0087713903,0.0002875935,2.67,0.59,AVOID,STRONG_SELL,0.0071899134,0.0087713903,2.67,squeeze,UNGATED_SHADOW,2026-09-20,True,shadow — never published
2026-09-20T03:27:13.497067,LINK,12.076,4.71,59.06668333333333,26.45,AVOID,SELL,14.8100004196167,11.329215,12.449392,0.248928,2.0,4.71,AVOID,STRONG_SELL,11.080536,12.449392,2.67,squeeze,UNGATED_SHADOW,2026-09-20,True,shadow — never published
2026-09-20T03:27:13.497067,AVAX,9.664,0.0,62.67768333333333,25.07,AVOID,SELL,14.8100004196167,8.6164253,10.1877873,0.3491916,2.0,0.0,AVOID,STRONG_SELL,8.267583,10.1877873,2.67,squeeze,UNGATED_SHADOW,2026-09-20,True,shadow — never published
2026-09-20T03:27:13.497067,SOL,108.43,4.12,60.65115972222221,26.73,AVOID,SELL,14.8100004196167,102.50375,111.39313,1.97542,2.0,4.12,AVOID,STRONG_SELL,100.5303,111.39313,2.67,squeeze,UNGATED_SHADOW,2026-09-20,True,shadow — never published
2026-09-20T03:27:13.497067,XLM,0.19083,21.18,61.44600937499999,37.29,AVOID,SELL,14.8100004196167,0.17597617,0.19825691,0.00495128,2.0,21.18,AVOID,STRONG_SELL,0.17102985,0.19825691,2.67,squeeze,UNGATED_SHADOW,2026-09-20,True,shadow — never published
2026-09-20T03:27:13.497067,DOT,1.084,25.29,56.802668749999995,37.9,AVOID,SELL,14.8100004196167,1.0058516,1.1230742,0.0260495,2.0,25.29,AVOID,SELL,1.0058516,1.1230742,2.0,squeeze,UNGATED_SHADOW,2026-09-20,True,shadow — never published
2026-09-20T03:27:13.497067,ALGO,0.1047,0.0,53.940678125,21.58,AVOID,STRONG_SELL,14.8100004196167,0.09336708,0.10895091,0.00283394,2.67,0.0,AVOID,STRONG_SELL,0.09336708,0.10895091,2.67,squeeze,UNGATED_SHADOW,2026-09-20,True,shadow — never published
2026-09-20T03:27:13.497067,ATOM,1.699,11.18,52.25099270833333,27.61,AVOID,SELL,14.8100004196167,1.5920499,1.7524751,0.03565,2.0,11.18,AVOID,STRONG_SELL,1.5564355,1.7524751,2.67,squeeze,UNGATED_SHADOW,2026-09-20,True,shadow — never published
2026-09-20T03:27:13.497067,DOGE,0.08575,3.53,52.19057777777777,22.99,AVOID,STRONG_SELL,14.8100004196167,0.078666491,0.08840698,0.00177132,2.67,3.53,AVOID,STRONG_SELL,0.078666491,0.08840698,2.67,squeeze,UNGATED_SHADOW,2026-09-20,True,shadow — never published
2026-09-20T03:27:13.497067,BCH,246.2,10.0,58.149366666666666,29.26,AVOID,SELL,14.8100004196167,226.90273,255.84864,6.43242,2.0,10.0,AVOID,STRONG_SELL,220.47674,255.84864,2.67,squeeze,UNGATED_SHADOW,2026-09-20,True,shadow — never published
2026-09-20T03:27:13.497067,TRX,0.3396,36.47,56.44583333333333,44.46,AVOID,WATCH,14.8100004196167,,,0.0025234817116894423,,36.47,AVOID,SELL,0.33202955,0.34338522,2.0,squeeze,UNGATED_SHADOW,2026-09-20,True,shadow — never published
2026-09-20T03:27:13.497067,VTHO,0.000695,33.53,66.93038333333332,46.89,WATCH,WATCH,14.8100004196167,,,4.235096993757841e-05,,33.53,AVOID,SELL,0.00056794709,0.00075852645,2.0,squeeze,UNGATED_SHADOW,2026-09-20,True,shadow — never published
2026-09-20T03:27:13.497067,NEAR,3.571,7.06,60.91366319444444,28.6,AVOID,SELL,14.8100004196167,3.109407,3.8017965,0.1538643,2.0,7.06,AVOID,STRONG_SELL,2.9556966,3.8017965,2.67,squeeze,UNGATED_SHADOW,2026-09-20,True,shadow — never published
2026-09-20T03:27:13.497067,FET,0.1739,6.47,59.93870277777778,27.86,AVOID,SELL,14.8100004196167,0.16149566,0.18010217,0.00413478,2.0,6.47,AVOID,STRONG_SELL,0.15736501,0.18010217,2.67,squeeze,UNGATED_SHADOW,2026-09-20,True,shadow — never published
2026-09-20T03:27:13.497067,AAVE,138.41,3.53,57.02466666666666,24.93,AVOID,STRONG_SELL,14.8100004196167,126.30615,142.95008,3.02672,2.67,3.53,AVOID,STRONG_SELL,126.30615,142.95008,2.67,squeeze,UNGATED_SHADOW,2026-09-20,True,shadow — never published
2026-09-20T03:27:13.497067,OP,0.118,2.94,61.55988333333333,26.39,AVOID,SELL,14.8100004196167,0.10930879,0.1223456,0.00289707,2.0,2.94,AVOID,STRONG_SELL,0.10641462,0.1223456,2.67,squeeze,UNGATED_SHADOW,2026-09-20,True,shadow — never published
2026-09-20T03:27:13.497067,ETC,8.28,1.76,58.437178124999996,24.43,AVOID,STRONG_SELL,14.8100004196167,7.6132724,8.5300854,0.1667236,2.67,1.76,AVOID,STRONG_SELL,7.6132724,8.5300854,2.67,squeeze,UNGATED_SHADOW,2026-09-20,True,shadow — never published
2026-09-20T08:57:05.090979,BTC,80259.63,4.12,58.41488888888888,25.84,AVOID,SELL,14.8100004196167,77964.077,81407.407,765.184,2.0,4.12,AVOID,STRONG_SELL,77199.658,81407.407,2.67,squeeze,UNGATED_SHADOW,2026-09-20,True,shadow — never published
2026-09-20T08:57:05.090979,ETH,2574.39,4.71,63.05718333333332,28.05,AVOID,SELL,14.8100004196167,2468.2311,2627.4694,35.3863,2.0,4.71,AVOID,STRONG_SELL,2432.8802,2627.4694,2.67,squeeze,UNGATED_SHADOW,2026-09-20,True,shadow — never published
2026-09-20T08:57:05.090979,ADA,0.21925,8.82,62.83516944444443,30.43,AVOID,SELL,14.8100004196167,0.20282474,0.22746263,0.00547509,2.0,8.82,AVOID,STRONG_SELL,0.19735513,0.22746263,2.67,squeeze,UNGATED_SHADOW,2026-09-20,True,shadow — never published
2026-09-20T08:57:05.090979,BNB,748.48,27.65,61.17868229166666,41.06,AVOID,WATCH,14.8100004196167,,,7.83896092006248,,27.65,AVOID,SELL,724.96312,760.23844,2.0,squeeze,UNGATED_SHADOW,2026-09-20,True,shadow — never published
2026-09-20T08:57:05.090979,XRP,1.3765,9.41,61.83153888888888,30.38,AVOID,SELL,14.8100004196167,1.2902158,1.4196421,0.0287614,2.0,9.41,AVOID,STRONG_SELL,1.2614832,1.4196421,2.67,squeeze,UNGATED_SHADOW,2026-09-20,True,shadow — never published
2026-09-20T08:57:05.090979,LTC,56.64,5.88,61.78791874999999,28.24,AVOID,SELL,14.8100004196167,53.649364,58.135318,0.996879,2.0,5.88,AVOID,STRONG_SELL,52.653483,58.135318,2.67,squeeze,UNGATED_SHADOW,2026-09-20,True,shadow — never published
2026-09-20T08:57:05.090979,VET,0.008363,2.35,60.86367812499999,25.76,AVOID,SELL,14.8100004196167,0.0076003677,0.0087443161,0.0002542108,2.0,2.35,AVOID,STRONG_SELL,0.0073464112,0.0087443161,2.67,squeeze,UNGATED_SHADOW,2026-09-20,True,shadow — never published
2026-09-20T08:57:05.090979,LINK,11.943,10.0,62.440527777777774,30.98,AVOID,SELL,14.8100004196167,11.252359,12.28832,0.230214,2.0,10.0,AVOID,STRONG_SELL,11.022376,12.28832,2.67,squeeze,UNGATED_SHADOW,2026-09-20,True,shadow — never published
2026-09-20T08:57:05.090979,AVAX,9.637,0.0,62.613115625,25.05,AVOID,SELL,14.8100004196167,8.6406729,10.1351636,0.332109,2.0,0.0,AVOID,STRONG_SELL,8.3088959,10.1351636,2.67,squeeze,UNGATED_SHADOW,2026-09-20,True,shadow — never published
2026-09-20T08:57:05.090979,SOL,107.99,5.88,63.10628194444443,28.77,AVOID,SELL,14.8100004196167,102.4716,110.7492,1.83947,2.0,5.88,AVOID,STRONG_SELL,100.63397,110.7492,2.67,squeeze,UNGATED_SHADOW,2026-09-20,True,shadow — never published
2026-09-20T08:57:05.090979,XLM,0.189,24.12,63.453645833333326,39.85,AVOID,SELL,14.8100004196167,0.17545568,0.19577216,0.00451477,2.0,24.12,AVOID,STRONG_SELL,0.17094542,0.19577216,2.67,squeeze,UNGATED_SHADOW,2026-09-20,True,shadow — never published
2026-09-20T08:57:05.090979,DOT,1.09,35.29,56.746175,43.87,AVOID,WATCH,14.8100004196167,,,0.023006947759461664,,35.29,AVOID,SELL,1.0209792,1.1245104,2.0,squeeze,UNGATED_SHADOW,2026-09-20,True,shadow — never published
2026-09-20T08:57:05.090979,ALGO,0.10215,1.76,62.18222499999999,25.93,AVOID,SELL,14.8100004196167,0.09430063,0.10607469,0.00261646,2.0,1.76,AVOID,STRONG_SELL,0.09168679,0.10607469,2.67,squeeze,UNGATED_SHADOW,2026-09-20,True,shadow — never published
2026-09-20T08:57:05.090979,ATOM,1.715,17.65,56.041736111111106,33.01,AVOID,SELL,14.8100004196167,1.620992,1.762004,0.031336,2.0,17.65,AVOID,STRONG_SELL,1.5896873,1.762004,2.67,squeeze,UNGATED_SHADOW,2026-09-20,True,shadow — never published
2026-09-20T08:57:05.090979,DOGE,0.08475,13.53,54.20457916666666,29.8,AVOID,SELL,14.8100004196167,0.07987633,0.087186835,0.001624557,2.0,13.53,AVOID,STRONG_SELL,0.078253398,0.087186835,2.67,squeeze,UNGATED_SHADOW,2026-09-20,True,shadow — never published
2026-09-20T08:57:05.090979,BCH,245.5,15.29,65.944665625,35.55,AVOID,SELL,14.8100004196167,227.89215,254.30393,5.86928,2.0,15.29,AVOID,STRONG_SELL,222.02873,254.30393,2.67,squeeze,UNGATED_SHADOW,2026-09-20,True,shadow — never published
2026-09-20T08:57:05.090979,TRX,0.342,29.41,57.78404999999999,40.76,AVOID,WATCH,14.8100004196167,,,0.0023401449452832446,,29.41,AVOID,SELL,0.33497957,0.34551022,2.0,squeeze,UNGATED_SHADOW,2026-09-20,True,shadow — never published
2026-09-20T08:57:05.090979,VTHO,0.000685,35.29,60.054269791666655,45.2,WATCH,WATCH,14.8100004196167,,,3.780262203801405e-05,,35.29,AVOID,SELL,0.00057159213,0.00074170393,2.0,squeeze,UNGATED_SHADOW,2026-09-20,True,shadow — never published
2026-09-20T08:57:05.090979,NEAR,3.526,8.82,61.79109722222221,30.01,AVOID,SELL,14.8100004196167,3.0997846,3.7391077,0.1420718,2.0,8.82,AVOID,STRONG_SELL,2.9578549,3.7391077,2.67,squeeze,UNGATED_SHADOW,2026-09-20,True,shadow — never published
2026-09-20T08:57:05.090979,FET,0.1678,9.41,54.25715972222222,27.35,AVOID,SELL,14.8100004196167,0.15549575,0.17395213,0.00410142,2.0,9.41,AVOID,STRONG_SELL,0.15139843,0.17395213,2.67,squeeze,UNGATED_SHADOW,2026-09-20,True,shadow — never published
2026-09-20T08:57:05.090979,AAVE,137.17,6.47,62.98665,29.08,AVOID,SELL,14.8100004196167,129.27843,141.11579,2.63052,2.0,6.47,AVOID,STRONG_SELL,126.65053,141.11579,2.67,squeeze,UNGATED_SHADOW,2026-09-20,True,shadow — never published
2026-09-20T08:57:05.090979,OP,0.123,4.71,62.16545416666666,27.69,AVOID,SELL,14.8100004196167,0.11411101,0.1274445,0.002963,2.0,4.71,AVOID,STRONG_SELL,0.11115097,0.1274445,2.67,squeeze,UNGATED_SHADOW,2026-09-20,True,shadow — never published
2026-09-20T08:57:05.090979,ETC,8.34,3.53,62.99444444444444,27.32,AVOID,SELL,14.8100004196167,7.8960262,8.5619869,0.1479913,2.0,3.53,AVOID,STRONG_SELL,7.748183,8.5619869,2.67,squeeze,UNGATED_SHADOW,2026-09-20,True,shadow — never published
2026-09-20T13:26:13.449687,BTC,80532.77,5.29,57.026199999999996,25.98,AVOID,SELL,14.8100004196167,78312.948,81642.681,739.941,2.0,5.29,AVOID,STRONG_SELL,77573.747,81642.681,2.67,squeeze,UNGATED_SHADOW,2026-09-20,True,shadow — never published
2026-09-20T13:26:13.449687,ETH,2580.27,5.88,62.54754166666666,28.55,AVOID,SELL,14.8100004196167,2478.5998,2631.1051,33.8901,2.0,5.88,AVOID,STRONG_SELL,2444.7436,2631.1051,2.67,squeeze,UNGATED_SHADOW,2026-09-20,True,shadow — never published
2026-09-20T13:26:13.449687,ADA,0.22128,11.76,62.92338402777778,32.23,AVOID,SELL,14.8100004196167,0.20525379,0.22929311,0.00534207,2.0,11.76,AVOID,STRONG_SELL,0.19991706,0.22929311,2.67,squeeze,UNGATED_SHADOW,2026-09-20,True,shadow — never published
2026-09-20T13:26:13.449687,BNB,751.27,30.59,60.39380729166666,42.51,AVOID,WATCH,14.8100004196167,,,7.697708609445771,,30.59,AVOID,SELL,728.17687,762.81656,2.0,squeeze,UNGATED_SHADOW,2026-09-20,True,shadow — never published
2026-09-20T13:26:13.449687,XRP,1.3793,11.76,61.55282361111111,31.68,AVOID,SELL,14.8100004196167,1.2959831,1.4209585,0.0277723,2.0,11.76,AVOID,STRONG_SELL,1.2682385,1.4209585,2.67,squeeze,UNGATED_SHADOW,2026-09-20,True,shadow — never published
2026-09-20T13:26:13.449687,LTC,56.97,6.47,62.12855833333333,28.73,AVOID,SELL,14.8100004196167,54.003797,58.453101,0.988734,2.0,6.47,AVOID,STRONG_SELL,53.016052,58.453101,2.67,squeeze,UNGATED_SHADOW,2026-09-20,True,shadow — never published
2026-09-20T13:26:13.449687,VET,0.0081,3.53,60.39516493055555,26.28,AVOID,SELL,14.8100004196167,0.0073189384,0.0084905308,0.0002603539,2.0,3.53,AVOID,STRONG_SELL,0.0070588449,0.0084905308,2.67,squeeze,UNGATED_SHADOW,2026-09-20,True,shadow — never published
2026-09-20T13:26:13.449687,LINK,12.099,15.88,62.056172222222216,34.35,AVOID,SELL,14.8100004196167,11.429971,12.433514,0.22301,2.0,15.88,AVOID,STRONG_SELL,11.207185,12.433514,2.67,squeeze,UNGATED_SHADOW,2026-09-20,True,shadow — never published
2026-09-20T13:26:13.449687,AVAX,10.674,0.0,61.59371249999999,24.64,AVOID,STRONG_SELL,14.8100004196167,9.107864,11.261448,0.391632,2.67,0.0,AVOID,STRONG_SELL,9.107864,11.261448,2.67,squeeze,UNGATED_SHADOW,2026-09-20,True,shadow — never published
2026-09-20T13:26:13.449687,SOL,108.27,6.47,62.333529861111096,28.82,AVOID,SELL,14.8100004196167,103.00327,110.90337,1.75558,2.0,6.47,AVOID,STRONG_SELL,101.24945,110.90337,2.67,squeeze,UNGATED_SHADOW,2026-09-20,True,shadow — never published
2026-09-20T13:26:13.449687,XLM,0.19041,26.47,64.20801388888889,41.57,AVOID,WATCH,14.8100004196167,,,0.0043541773494700925,,26.47,AVOID,SELL,0.17734747,0.19694127,2.0,squeeze,UNGATED_SHADOW,2026-09-20,True,shadow — never published
2026-09-20T13:26:13.449687,DOT,1.103,39.41,58.5027361111111,47.05,WATCH,WATCH,14.8100004196167,,,0.022378900470520532,,39.41,AVOID,SELL,1.0358633,1.1365684,2.0,squeeze,UNGATED_SHADOW,2026-09-20,True,shadow — never published
2026-09-20T13:26:13.449687,ALGO,0.10586,0.0,58.457886111111094,23.38,AVOID,STRONG_SELL,14.8100004196167,0.09451028,0.11011721,0.00283814,2.67,0.0,AVOID,STRONG_SELL,0.09451028,0.11011721,2.67,squeeze,UNGATED_SHADOW,2026-09-20,True,shadow — never published
2026-09-20T13:26:13.449687,ATOM,1.694,21.18,56.041736111111106,35.12,AVOID,SELL,14.8100004196167,1.5975691,1.7422155,0.0321436,2.0,21.18,AVOID,STRONG_SELL,1.5654576,1.7422155,2.67,squeeze,UNGATED_SHADOW,2026-09-20,True,shadow — never published
2026-09-20T13:26:13.449687,DOGE,0.08508,20.59,54.105583333333335,34.0,AVOID,SELL,14.8100004196167,0.080392357,0.087423821,0.001562548,2.0,20.59,AVOID,STRONG_SELL,0.078831372,0.087423821,2.67,squeeze,UNGATED_SHADOW,2026-09-20,True,shadow — never published
2026-09-20T13:26:13.449687,BCH,245.5,17.06,65.94830729166667,36.62,AVOID,SELL,14.8100004196167,229.14985,253.67507,5.45005,2.0,17.06,AVOID,STRONG_SELL,223.70525,253.67507,2.67,squeeze,UNGATED_SHADOW,2026-09-20,True,shadow — never published
2026-09-20T13:26:13.449687,TRX,0.3429,26.47,55.30225416666666,38.0,AVOID,SELL,14.8100004196167,0.33611623,0.34629189,0.00226126,2.0,26.47,AVOID,SELL,0.33611623,0.34629189,2.0,squeeze,UNGATED_SHADOW,2026-09-20,True,shadow — never published
2026-09-20T13:26:13.449687,VTHO,0.000663,36.47,59.05375381944444,45.5,WATCH,WATCH,14.8100004196167,,,3.677080209652325e-05,,36.47,AVOID,SELL,0.00055268759,0.0007181562,2.0,squeeze,UNGATED_SHADOW,2026-09-20,True,shadow — never published
2026-09-20T13:26:13.449687,NEAR,3.703,10.0,60.78425624999999,30.31,AVOID,SELL,14.8100004196167,3.2419633,3.9335184,0.1536789,2.0,10.0,AVOID,STRONG_SELL,3.0884381,3.9335184,2.67,squeeze,UNGATED_SHADOW,2026-09-20,True,shadow — never published
2026-09-20T13:26:13.449687,FET,0.1725,21.76,57.514151388888884,36.06,AVOID,SELL,14.8100004196167,0.16026034,0.17861983,0.00407989,2.0,21.76,AVOID,STRONG_SELL,0.15618453,0.17861983,2.67,squeeze,UNGATED_SHADOW,2026-09-20,True,shadow — never published
2026-09-20T13:26:13.449687,AAVE,133.93,7.65,63.22469999999999,29.88,AVOID,SELL,14.8100004196167,125.94196,137.92402,2.66268,2.0,7.65,AVOID,STRONG_SELL,123.28194,137.92402,2.67,squeeze,UNGATED_SHADOW,2026-09-20,True,shadow — never published
2026-09-20T13:26:13.449687,OP,0.123,5.29,62.16545416666666,28.04,AVOID,SELL,14.8100004196167,0.11433267,0.12733367,0.00288911,2.0,5.29,AVOID,STRONG_SELL,0.11144645,0.12733367,2.67,squeeze,UNGATED_SHADOW,2026-09-20,True,shadow — never published
2026-09-20T13:26:13.449687,ETC,8.33,5.29,63.142858333333336,28.43,AVOID,SELL,14.8100004196167,7.9050346,8.5424827,0.1416551,2.0,5.29,AVOID,STRONG_SELL,7.7635211,8.5424827,2.67,squeeze,UNGATED_SHADOW,2026-09-20,True,shadow — never published
2026-09-20T17:11:51.007942,BTC,81266.61,5.88,56.56754166666666,26.16,AVOID,SELL,14.8100004196167,79001.816,82399.007,754.931,2.0,5.88,AVOID,STRONG_SELL,78247.64,82399.007,2.67,squeeze,UNGATED_SHADOW,2026-09-20,True,shadow — never published
2026-09-20T17:11:51.007942,ETH,2639.77,6.47,58.42222812499999,27.25,AVOID,SELL,14.8100004196167,2530.361,2694.4745,36.4697,2.0,6.47,AVOID,STRONG_SELL,2493.9278,2694.4745,2.67,squeeze,UNGATED_SHADOW,2026-09-20,True,shadow — never published
2026-09-20T17:11:51.007942,ADA,0.2305,13.53,59.646922222222216,31.98,AVOID,SELL,14.8100004196167,0.21341184,0.23904408,0.00569605,2.0,13.53,AVOID,STRONG_SELL,0.20772148,0.23904408,2.67,squeeze,UNGATED_SHADOW,2026-09-20,True,shadow — never published
2026-09-20T17:11:51.007942,BNB,762.77,34.12,53.41554340277778,41.84,AVOID,WATCH,14.8100004196167,,,7.925219218975155,,34.12,AVOID,SELL,738.99434,774.65783,2.0,squeeze,UNGATED_SHADOW,2026-09-20,True,shadow — never published
2026-09-20T17:11:51.007942,XRP,1.4071,15.88,59.92643611111111,33.5,AVOID,SELL,14.8100004196167,1.3221256,1.4495872,0.0283248,2.0,15.88,AVOID,STRONG_SELL,1.2938291,1.4495872,2.67,squeeze,UNGATED_SHADOW,2026-09-20,True,shadow — never published
2026-09-20T17:11:51.007942,LTC,58.94,12.35,60.98319027777777,31.8,AVOID,SELL,14.8100004196167,55.718985,60.550507,1.073672,2.0,12.35,AVOID,STRONG_SELL,54.646387,60.550507,2.67,squeeze,UNGATED_SHADOW,2026-09-20,True,shadow — never published
2026-09-20T17:11:51.007942,VET,0.008427,4.71,59.36086770833332,26.57,AVOID,SELL,14.8100004196167,0.007624555,0.0088282225,0.0002674817,2.0,4.71,AVOID,STRONG_SELL,0.0073573409,0.0088282225,2.67,squeeze,UNGATED_SHADOW,2026-09-20,True,shadow — never published
2026-09-20T17:11:51.007942,LINK,12.509,20.59,61.082825,36.79,AVOID,SELL,14.8100004196167,11.773483,12.876758,0.245172,2.0,20.59,AVOID,STRONG_SELL,11.528556,12.876758,2.67,squeeze,UNGATED_SHADOW,2026-09-20,True,shadow — never published
2026-09-20T17:11:51.007942,AVAX,11.238,0.0,61.59371249999999,24.64,AVOID,STRONG_SELL,14.8100004196167,9.407152,11.92474,0.457827,2.67,0.0,AVOID,STRONG_SELL,9.407152,11.92474,2.67,squeeze,UNGATED_SHADOW,2026-09-20,True,shadow — never published
2026-09-20T17:11:51.007942,SOL,109.89,7.06,61.18431249999998,28.71,AVOID,SELL,14.8100004196167,104.49298,112.58851,1.79901,2.0,7.06,AVOID,STRONG_SELL,102.69578,112.58851,2.67,squeeze,UNGATED_SHADOW,2026-09-20,True,shadow — never published
2026-09-20T17:11:51.007942,XLM,0.19801,31.18,60.62234583333333,42.96,AVOID,WATCH,14.8100004196167,,,0.004591838151038553,,31.18,AVOID,SELL,0.18423449,0.20489776,2.0,squeeze,UNGATED_SHADOW,2026-09-20,True,shadow — never published
2026-09-20T17:11:51.007942,DOT,1.171,42.94,55.92354166666666,48.13,WATCH,WATCH,14.8100004196167,,,0.026678366763442537,,42.94,AVOID,WATCH,,,,squeeze,UNGATED_SHADOW,2026-09-20,True,shadow — never published
2026-09-20T17:11:51.007942,ALGO,0.11292,0.0,61.36246666666666,24.54,AVOID,STRONG_SELL,14.8100004196167,0.09955454,0.1179333,0.0033422,2.67,0.0,AVOID,STRONG_SELL,0.09955454,0.1179333,2.67,squeeze,UNGATED_SHADOW,2026-09-20,True,shadow — never published
2026-09-20T17:11:51.007942,ATOM,1.772,24.12,55.122566666666664,36.52,AVOID,SELL,14.8100004196167,1.6633703,1.8263149,0.0362099,2.0,24.12,AVOID,STRONG_SELL,1.6271966,1.8263149,2.67,squeeze,UNGATED_SHADOW,2026-09-20,True,shadow — never published
2026-09-20T17:11:51.007942,DOGE,0.08721,24.12,56.22478576388888,36.96,AVOID,SELL,14.8100004196167,0.082310913,0.089659543,0.001633029,2.0,24.12,AVOID,STRONG_SELL,0.080679518,0.089659543,2.67,squeeze,UNGATED_SHADOW,2026-09-20,True,shadow — never published
2026-09-20T17:11:51.007942,BCH,252.4,19.41,64.9006892361111,37.61,AVOID,SELL,14.8100004196167,235.66874,260.76563,5.57709,2.0,19.41,AVOID,STRONG_SELL,230.09723,260.76563,2.67,squeeze,UNGATED_SHADOW,2026-09-20,True,shadow — never published
2026-09-20T17:11:51.007942,TRX,0.3447,20.0,57.08679861111111,34.83,AVOID,SELL,14.8100004196167,0.33748089,0.34830956,0.00240637,2.0,20.0,AVOID,STRONG_SELL,0.33507692,0.34830956,2.67,squeeze,UNGATED_SHADOW,2026-09-20,True,shadow — never published
2026-09-20T17:11:51.007942,VTHO,0.000665,33.53,59.021234375,43.73,AVOID,WATCH,14.8100004196167,,,3.4567785620240984e-05,,33.53,AVOID,SELL,0.00056129664,0.00071685168,2.0,squeeze,UNGATED_SHADOW,2026-09-20,True,shadow — never published
2026-09-20T17:11:51.007942,NEAR,4.106,10.59,60.78425624999999,30.67,AVOID,SELL,14.8100004196167,3.5507312,4.3836344,0.1850896,2.0,10.59,AVOID,STRONG_SELL,3.3658267,4.3836344,2.67,squeeze,UNGATED_SHADOW,2026-09-20,True,shadow — never published
2026-09-20T17:11:51.007942,FET,0.1794,31.18,62.19886006944444,43.59,AVOID,WATCH,14.8100004196167,,,0.004374181601588438,,31.18,AVOID,SELL,0.16627746,0.18596127,2.0,squeeze,UNGATED_SHADOW,2026-09-20,True,shadow — never published
2026-09-20T17:11:51.007942,AAVE,137.38,9.41,62.80673888888888,30.77,AVOID,SELL,14.8100004196167,129.44825,141.34588,2.64392,2.0,9.41,AVOID,STRONG_SELL,126.80697,141.34588,2.67,squeeze,UNGATED_SHADOW,2026-09-20,True,shadow — never published
2026-09-20T17:11:51.007942,OP,0.128,6.47,62.16545416666666,28.75,AVOID,SELL,14.8100004196167,0.11826809,0.13286596,0.00324397,2.0,6.47,AVOID,STRONG_SELL,0.11502736,0.13286596,2.67,squeeze,UNGATED_SHADOW,2026-09-20,True,shadow — never published
2026-09-20T17:11:51.007942,ETC,8.59,7.06,60.356983333333325,28.38,AVOID,SELL,14.8100004196167,8.1306443,8.8196778,0.1531186,2.0,7.06,AVOID,STRONG_SELL,7.9776789,8.8196778,2.67,squeeze,UNGATED_SHADOW,2026-09-20,True,shadow — never published
2026-09-20T20:04:29.889976,BTC,81184.53,10.0,56.91308472222222,28.77,AVOID,SELL,14.8100004196167,79076.999,82238.296,702.51,2.0,10.0,AVOID,STRONG_SELL,78375.191,82238.296,2.67,squeeze,UNGATED_SHADOW,2026-09-20,True,shadow — never published
2026-09-20T20:04:29.889976,ETH,2635.77,7.06,57.85326562499999,27.38,AVOID,SELL,14.8100004196167,2534.1759,2686.567,33.8647,2.0,7.06,AVOID,STRONG_SELL,2500.3451,2686.567,2.67,squeeze,UNGATED_SHADOW,2026-09-20,True,shadow — never published
2026-09-20T20:04:29.889976,ADA,0.22838,15.88,58.87520833333332,33.08,AVOID,SELL,14.8100004196167,0.21246313,0.23633843,0.00530562,2.0,15.88,AVOID,STRONG_SELL,0.20716282,0.23633843,2.67,squeeze,UNGATED_SHADOW,2026-09-20,True,shadow — never published
2026-09-20T20:04:29.889976,BNB,770.93,38.24,53.06811562499999,44.17,AVOID,WATCH,14.8100004196167,,,7.8451015196605915,,38.24,AVOID,SELL,747.3947,782.69765,2.0,squeeze,UNGATED_SHADOW,2026-09-20,True,shadow — never published
2026-09-20T20:04:29.889976,XRP,1.4108,19.41,58.89926249999999,35.21,AVOID,SELL,14.8100004196167,1.3311881,1.450606,0.0265373,2.0,19.41,AVOID,STRONG_SELL,1.3046773,1.450606,2.67,squeeze,UNGATED_SHADOW,2026-09-20,True,shadow — never published
2026-09-20T20:04:29.889976,LTC,59.03,15.29,60.98319027777777,33.57,AVOID,SELL,14.8100004196167,56.029109,60.530446,1.000297,2.0,15.29,AVOID,STRONG_SELL,55.029812,60.530446,2.67,squeeze,UNGATED_SHADOW,2026-09-20,True,shadow — never published
2026-09-20T20:04:29.889976,VET,0.008444,5.29,58.29982499999999,26.49,AVOID,SELL,14.8100004196167,0.0076920154,0.0088199923,0.0002506615,2.0,5.29,AVOID,STRONG_SELL,0.0074416045,0.0088199923,2.67,squeeze,UNGATED_SHADOW,2026-09-20,True,shadow — never published
2026-09-20T20:04:29.889976,LINK,12.57,22.35,61.1268125,37.86,AVOID,SELL,14.8100004196167,11.88702,12.91149,0.22766,2.0,22.35,AVOID,STRONG_SELL,11.659588,12.91149,2.67,squeeze,UNGATED_SHADOW,2026-09-20,True,shadow — never published
2026-09-20T20:04:29.889976,AVAX,11.184,0.0,61.59371249999999,24.64,AVOID,STRONG_SELL,14.8100004196167,9.467931,11.827687,0.429125,2.67,0.0,AVOID,STRONG_SELL,9.467931,11.827687,2.67,squeeze,UNGATED_SHADOW,2026-09-20,True,shadow — never published
2026-09-20T20:04:29.889976,SOL,110.6,8.24,58.76895312499999,28.45,AVOID,SELL,14.8100004196167,105.51854,113.14073,1.69382,2.0,8.24,AVOID,STRONG_SELL,103.82641,113.14073,2.67,squeeze,UNGATED_SHADOW,2026-09-20,True,shadow — never published
2026-09-20T20:04:29.889976,XLM,0.19657,33.53,60.86451666666667,44.46,AVOID,WATCH,14.8100004196167,,,0.00427527828310723,,33.53,AVOID,SELL,0.18374417,0.20298292,2.0,squeeze,UNGATED_SHADOW,2026-09-20,True,shadow — never published
2026-09-20T20:04:29.889976,DOT,1.165,47.06,56.33163194444444,50.77,WATCH,WATCH,14.8100004196167,,,0.024772769137482355,,47.06,WATCH,WATCH,,,,squeeze,UNGATED_SHADOW,2026-09-20,True,shadow — never published
2026-09-20T20:04:29.889976,ALGO,0.10985,0.0,61.36246666666666,24.54,AVOID,STRONG_SELL,14.8100004196167,0.09694791,0.11468949,0.00322633,2.67,0.0,AVOID,STRONG_SELL,0.09694791,0.11468949,2.67,squeeze,UNGATED_SHADOW,2026-09-20,True,shadow — never published
2026-09-20T20:04:29.889976,ATOM,1.756,27.65,54.86189999999999,38.53,AVOID,SELL,14.8100004196167,1.6551295,1.8064352,0.0336235,2.0,27.65,AVOID,SELL,1.6551295,1.8064352,2.0,squeeze,UNGATED_SHADOW,2026-09-20,True,shadow — never published
2026-09-20T20:04:29.889976,DOGE,0.0874,30.59,55.58508229166666,40.59,AVOID,WATCH,14.8100004196167,,,0.0015185267755469698,,30.59,AVOID,SELL,0.08284442,0.08967779,2.0,squeeze,UNGATED_SHADOW,2026-09-20,True,shadow — never published
2026-09-20T20:04:29.889976,BCH,250.9,20.59,64.9006892361111,38.31,AVOID,SELL,14.8100004196167,235.36383,258.66809,5.17872,2.0,20.59,AVOID,STRONG_SELL,230.19028,258.66809,2.67,squeeze,UNGATED_SHADOW,2026-09-20,True,shadow — never published
2026-09-20T20:04:29.889976,TRX,0.3436,25.29,56.65315277777777,37.84,AVOID,SELL,14.8100004196167,0.33667766,0.34706117,0.00230745,2.0,25.29,AVOID,SELL,0.33667766,0.34706117,2.0,squeeze,UNGATED_SHADOW,2026-09-20,True,shadow — never published
2026-09-20T20:04:29.889976,VTHO,0.000657,32.35,59.207757986111105,43.09,AVOID,WATCH,14.8100004196167,,,3.2297637667774784e-05,,32.35,AVOID,SELL,0.00056010709,0.00070544646,2.0,squeeze,UNGATED_SHADOW,2026-09-20,True,shadow — never published
2026-09-20T20:04:29.889976,NEAR,4.188,12.94,60.78425624999999,32.08,AVOID,SELL,14.8100004196167,3.6681076,4.4479462,0.1732975,2.0,12.94,AVOID,STRONG_SELL,3.4949834,4.4479462,2.67,squeeze,UNGATED_SHADOW,2026-09-20,True,shadow — never published
2026-09-20T20:04:29.889976,FET,0.1743,38.82,62.44979965277776,48.27,WATCH,WATCH,14.8100004196167,,,0.0040750053647402844,,38.82,AVOID,SELL,0.16207498,0.18041251,2.0,squeeze,UNGATED_SHADOW,2026-09-20,True,shadow — never published
2026-09-20T20:04:29.889976,AAVE,135.31,14.12,62.70882916666666,33.56,AVOID,SELL,14.8100004196167,127.90699,139.0115,2.46767,2.0,14.12,AVOID,STRONG_SELL,125.44179,139.0115,2.67,squeeze,UNGATED_SHADOW,2026-09-20,True,shadow — never published
2026-09-20T20:04:29.889976,OP,0.127,8.24,62.16545416666666,29.81,AVOID,SELL,14.8100004196167,0.11756527,0.13171737,0.00314491,2.0,8.24,AVOID,STRONG_SELL,0.1144235,0.13171737,2.67,squeeze,UNGATED_SHADOW,2026-09-20,True,shadow — never published
2026-09-20T20:04:29.889976,ETC,8.49,14.71,60.515299999999996,33.03,AVOID,SELL,14.8100004196167,8.0634555,8.7032723,0.1421815,2.0,14.71,AVOID,STRONG_SELL,7.9214161,8.7032723,2.67,squeeze,UNGATED_SHADOW,2026-09-20,True,shadow — never published
2026-09-20T22:50:31.536454,BTC,81189.7,10.0,56.879638888888884,28.75,AVOID,SELL,14.8100004196167,78939.476,82314.812,750.075,2.0,10.0,AVOID,STRONG_SELL,78190.151,82314.812,2.67,squeeze,UNGATED_SHADOW,2026-09-20,True,shadow — never published
2026-09-20T22:50:31.536454,ETH,2638.79,7.06,58.42222812499999,27.6,AVOID,SELL,14.8100004196167,2529.2717,2693.5492,36.5061,2.0,7.06,AVOID,STRONG_SELL,2492.8021,2693.5492,2.67,squeeze,UNGATED_SHADOW,2026-09-20,True,shadow — never published
2026-09-20T22:50:31.536454,ADA,0.22809,15.88,58.87520833333332,33.08,AVOID,SELL,14.8100004196167,0.21109099,0.23658951,0.00566634,2.0,15.88,AVOID,STRONG_SELL,0.20543032,0.23658951,2.67,squeeze,UNGATED_SHADOW,2026-09-20,True,shadow — never published
2026-09-20T22:50:31.536454,BNB,774.35,37.65,53.410719791666665,43.95,AVOID,WATCH,14.8100004196167,,,8.736530091089172,,37.65,AVOID,SELL,748.14041,787.4548,2.0,squeeze,UNGATED_SHADOW,2026-09-20,True,shadow — never published
2026-09-20T22:50:31.536454,XRP,1.4086,19.41,59.34277916666666,35.38,AVOID,SELL,14.8100004196167,1.3253666,1.4502167,0.0277445,2.0,19.41,AVOID,STRONG_SELL,1.2976499,1.4502167,2.67,squeeze,UNGATED_SHADOW,2026-09-20,True,shadow — never published
2026-09-20T22:50:31.536454,LTC,59.01,15.29,60.475241666666655,33.36,AVOID,SELL,14.8100004196167,55.811966,60.609017,1.066011,2.0,15.29,AVOID,STRONG_SELL,54.747021,60.609017,2.67,squeeze,UNGATED_SHADOW,2026-09-20,True,shadow — never published
2026-09-20T22:50:31.536454,VET,0.008418,5.29,58.59647708333333,26.61,AVOID,SELL,14.8100004196167,0.0076411582,0.0088064209,0.0002589473,2.0,5.29,AVOID,STRONG_SELL,0.0073824699,0.0088064209,2.67,squeeze,UNGATED_SHADOW,2026-09-20,True,shadow — never published
2026-09-20T22:50:31.536454,LINK,12.523,22.35,61.082825,37.84,AVOID,SELL,14.8100004196167,11.79202,12.88849,0.24366,2.0,22.35,AVOID,STRONG_SELL,11.548604,12.88849,2.67,squeeze,UNGATED_SHADOW,2026-09-20,True,shadow — never published
2026-09-20T22:50:31.536454,AVAX,11.24,0.0,61.59371249999999,24.64,AVOID,STRONG_SELL,14.8100004196167,9.425098,11.920758,0.453839,2.67,0.0,AVOID,STRONG_SELL,9.425098,11.920758,2.67,squeeze,UNGATED_SHADOW,2026-09-20,True,shadow — never published
2026-09-20T22:50:31.536454,SOL,110.66,8.24,58.76895312499999,28.45,AVOID,SELL,14.8100004196167,105.26782,113.35609,1.79739,2.0,8.24,AVOID,STRONG_SELL,103.47223,113.35609,2.67,squeeze,UNGATED_SHADOW,2026-09-20,True,shadow — never published
2026-09-20T22:50:31.536454,XLM,0.19845,32.94,61.03864583333332,44.18,AVOID,WATCH,14.8100004196167,,,0.00461313542596437,,32.94,AVOID,SELL,0.18461059,0.2053697,2.0,squeeze,UNGATED_SHADOW,2026-09-20,True,shadow — never published
2026-09-20T22:50:31.536454,DOT,1.142,52.35,57.108425,54.25,WATCH,WATCH,14.8100004196167,,,0.026415626280339506,,52.35,WATCH,WATCH,,,,squeeze,UNGATED_SHADOW,2026-09-20,True,shadow — never published
2026-09-20T22:50:31.536454,ALGO,0.11061,0.0,61.36246666666666,24.54,AVOID,STRONG_SELL,14.8100004196167,0.09731944,0.11559521,0.00332347,2.67,0.0,AVOID,STRONG_SELL,0.09731944,0.11559521,2.67,squeeze,UNGATED_SHADOW,2026-09-20,True,shadow — never published
2026-09-20T22:50:31.536454,ATOM,1.756,27.65,54.86189999999999,38.53,AVOID,SELL,14.8100004196167,1.6551295,1.8064352,0.0336235,2.0,27.65,AVOID,SELL,1.6551295,1.8064352,2.0,squeeze,UNGATED_SHADOW,2026-09-20,True,shadow — never published
2026-09-20T22:50:31.536454,DOGE,0.08751,30.59,55.58508229166666,40.59,AVOID,WATCH,14.8100004196167,,,0.0016178124898326843,,30.59,AVOID,SELL,0.082656563,0.089936719,2.0,squeeze,UNGATED_SHADOW,2026-09-20,True,shadow — never published
2026-09-20T22:50:31.536454,BCH,250.7,20.59,65.35596145833333,38.5,AVOID,SELL,14.8100004196167,234.41383,258.84309,5.42872,2.0,20.59,AVOID,STRONG_SELL,228.99053,258.84309,2.67,squeeze,UNGATED_SHADOW,2026-09-20,True,shadow — never published
2026-09-20T22:50:31.536454,TRX,0.3441,25.29,57.087725,38.01,AVOID,SELL,14.8100004196167,0.33644909,0.34792546,0.0025503,2.0,25.29,AVOID,SELL,0.33644909,0.34792546,2.0,squeeze,UNGATED_SHADOW,2026-09-20,True,shadow — never published
2026-09-20T22:50:31.536454,VTHO,0.00066,32.35,59.207757986111105,43.09,AVOID,WATCH,14.8100004196167,,,3.258335195348907e-05,,32.35,AVOID,SELL,0.00056224994,0.00070887503,2.0,squeeze,UNGATED_SHADOW,2026-09-20,True,shadow — never published
2026-09-20T22:50:31.536454,NEAR,4.071,15.88,60.78425624999999,33.84,AVOID,SELL,14.8100004196167,3.5106076,4.3511962,0.1867975,2.0,15.88,AVOID,STRONG_SELL,3.3239969,4.3511962,2.67,squeeze,UNGATED_SHADOW,2026-09-20,True,shadow — never published
2026-09-20T22:50:31.536454,FET,0.1766,39.41,63.32180312499999,48.97,WATCH,WATCH,14.8100004196167,,,0.004353576793311714,,39.41,AVOID,SELL,0.16353927,0.18313037,2.0,squeeze,UNGATED_SHADOW,2026-09-20,True,shadow — never published
2026-09-20T22:50:31.536454,AAVE,135.31,14.12,62.69962916666666,33.55,AVOID,SELL,14.8100004196167,127.90699,139.0115,2.46767,2.0,14.12,AVOID,STRONG_SELL,125.44179,139.0115,2.67,squeeze,UNGATED_SHADOW,2026-09-20,True,shadow — never published
2026-09-20T22:50:31.536454,OP,0.127,8.24,62.16545416666666,29.81,AVOID,SELL,14.8100004196167,0.11670812,0.13214594,0.00343063,2.0,8.24,AVOID,STRONG_SELL,0.11328093,0.13214594,2.67,squeeze,UNGATED_SHADOW,2026-09-20,True,shadow — never published
2026-09-20T22:50:31.536454,ETC,8.5,14.71,60.515299999999996,33.03,AVOID,SELL,14.8100004196167,8.0627412,8.7186294,0.1457529,2.0,14.71,AVOID,STRONG_SELL,7.917134,8.7186294,2.67,squeeze,UNGATED_SHADOW,2026-09-20,True,shadow — never published
2026-09-21T00:43:05.283849,BTC,81540.48,14.12,56.7525,31.17,AVOID,SELL,14.8100004196167,79301.192,82660.124,746.429,2.0,14.12,AVOID,STRONG_SELL,78555.509,82660.124,2.67,squeeze,UNGATED_SHADOW,2026-09-21,True,shadow — never published
2026-09-21T00:43:05.283849,ETH,2684.99,8.24,57.47604166666666,27.93,AVOID,SELL,14.8100004196167,2571.2228,2741.8736,37.9224,2.0,8.24,AVOID,STRONG_SELL,2533.3383,2741.8736,2.67,squeeze,UNGATED_SHADOW,2026-09-21,True,shadow — never published
2026-09-21T00:43:05.283849,ADA,0.23024,21.76,59.646922222222216,36.91,AVOID,SELL,14.8100004196167,0.21356163,0.23857918,0.00555946,2.0,21.76,AVOID,STRONG_SELL,0.20800774,0.23857918,2.67,squeeze,UNGATED_SHADOW,2026-09-21,True,shadow — never published
2026-09-21T00:43:05.283849,BNB,779.44,40.0,53.410719791666665,45.36,WATCH,WATCH,14.8100004196167,,,8.845145288664437,,40.0,AVOID,SELL,752.90456,792.70772,2.0,squeeze,UNGATED_SHADOW,2026-09-21,True,shadow — never published
2026-09-21T00:43:05.283849,XRP,1.4223,24.12,58.36265972222221,37.82,AVOID,SELL,14.8100004196167,1.3396211,1.4636395,0.0275596,2.0,24.12,AVOID,STRONG_SELL,1.312089,1.4636395,2.67,squeeze,UNGATED_SHADOW,2026-09-21,True,shadow — never published
2026-09-21T00:43:05.283849,LTC,58.98,17.06,60.98319027777777,34.63,AVOID,SELL,14.8100004196167,55.883968,60.528016,1.032011,2.0,17.06,AVOID,STRONG_SELL,54.85299,60.528016,2.67,squeeze,UNGATED_SHADOW,2026-09-21,True,shadow — never published
2026-09-21T00:43:05.283849,VET,0.008496,6.47,58.18313194444444,27.16,AVOID,SELL,14.8100004196167,0.0077587898,0.0088646051,0.0002457367,2.0,6.47,AVOID,STRONG_SELL,0.0075132988,0.0088646051,2.67,squeeze,UNGATED_SHADOW,2026-09-21,True,shadow — never published
2026-09-21T00:43:05.283849,LINK,12.636,33.53,58.944431944444446,43.7,AVOID,WATCH,14.8100004196167,,,0.24461275807192306,,33.53,AVOID,SELL,11.902162,13.002919,2.0,squeeze,UNGATED_SHADOW,2026-09-21,True,shadow — never published
2026-09-21T00:43:05.283849,AVAX,11.551,0.0,61.59371249999999,24.64,AVOID,STRONG_SELL,14.8100004196167,9.730339,12.233918,0.455279,2.67,0.0,AVOID,STRONG_SELL,9.730339,12.233918,2.67,squeeze,UNGATED_SHADOW,2026-09-21,True,shadow — never published
2026-09-21T00:43:05.283849,SOL,112.14,8.82,58.69132812499999,28.77,AVOID,SELL,14.8100004196167,106.62604,114.89698,1.83799,2.0,8.82,AVOID,STRONG_SELL,104.78989,114.89698,2.67,squeeze,UNGATED_SHADOW,2026-09-21,True,shadow — never published
2026-09-21T00:43:05.283849,XLM,0.19915,34.12,60.707701388888886,44.76,AVOID,WATCH,14.8100004196167,,,0.004538472691456712,,34.12,AVOID,SELL,0.18553458,0.20595771,2.0,squeeze,UNGATED_SHADOW,2026-09-21,True,shadow — never published
2026-09-21T00:43:05.283849,DOT,1.146,59.57,56.6935625,58.42,WATCH,WATCH,14.8100004196167,,,0.02637573460725403,,59.57,WATCH,WATCH,,,,squeeze,UNGATED_SHADOW,2026-09-21,True,shadow — never published
2026-09-21T00:43:05.283849,ALGO,0.10898,1.18,61.36246666666666,25.25,AVOID,SELL,14.8100004196167,0.09919461,0.11387269,0.0032618,2.0,1.18,AVOID,STRONG_SELL,0.09593608,0.11387269,2.67,squeeze,UNGATED_SHADOW,2026-09-21,True,shadow — never published
2026-09-21T00:43:05.283849,ATOM,1.781,29.41,54.38017777777778,39.4,AVOID,SELL,14.8100004196167,1.6797274,1.8316363,0.0337575,2.0,29.41,AVOID,SELL,1.6797274,1.8316363,2.0,squeeze,UNGATED_SHADOW,2026-09-21,True,shadow — never published
2026-09-21T00:43:05.283849,DOGE,0.08858,35.29,53.561082291666665,42.6,AVOID,WATCH,14.8100004196167,,,0.0015979687405589208,,35.29,AVOID,SELL,0.083786094,0.090976953,2.0,squeeze,UNGATED_SHADOW,2026-09-21,True,shadow — never published
2026-09-21T00:43:05.283849,BCH,256.5,27.65,62.42993020833332,41.56,AVOID,WATCH,14.8100004196167,,,5.5996309903355606,,27.65,AVOID,SELL,239.70111,264.89945,2.0,squeeze,UNGATED_SHADOW,2026-09-21,True,shadow — never published
2026-09-21T00:43:05.283849,TRX,0.3421,25.88,55.7729236111111,37.84,AVOID,SELL,14.8100004196167,0.33456701,0.34586649,0.002511,2.0,25.88,AVOID,SELL,0.33456701,0.34586649,2.0,squeeze,UNGATED_SHADOW,2026-09-21,True,shadow — never published
2026-09-21T00:43:05.283849,VTHO,0.000667,32.35,59.05375381944444,43.03,AVOID,WATCH,14.8100004196167,,,3.0664132936403106e-05,,32.35,AVOID,SELL,0.0005750076,0.0007129962,2.0,squeeze,UNGATED_SHADOW,2026-09-21,True,shadow — never published
2026-09-21T00:43:05.283849,NEAR,4.272,14.12,60.78425624999999,32.79,AVOID,SELL,14.8100004196167,3.7278499,4.5440751,0.1813834,2.0,14.12,AVOID,STRONG_SELL,3.5466479,4.5440751,2.67,squeeze,UNGATED_SHADOW,2026-09-21,True,shadow — never published
2026-09-21T00:43:05.283849,FET,0.1787,42.94,62.44979965277776,50.74,WATCH,WATCH,14.8100004196167,,,0.004256892736646592,,42.94,AVOID,WATCH,,,,squeeze,UNGATED_SHADOW,2026-09-21,True,shadow — never published
2026-09-21T00:43:05.283849,AAVE,138.8,15.29,61.942833333333326,33.95,AVOID,SELL,14.8100004196167,130.98155,142.70923,2.60615,2.0,15.29,AVOID,STRONG_SELL,128.378,142.70923,2.67,squeeze,UNGATED_SHADOW,2026-09-21,True,shadow — never published
2026-09-21T00:43:05.283849,OP,0.126,9.41,62.16545416666666,30.51,AVOID,SELL,14.8100004196167,0.11644326,0.13077837,0.00318558,2.0,9.41,AVOID,STRONG_SELL,0.11326086,0.13077837,2.67,squeeze,UNGATED_SHADOW,2026-09-21,True,shadow — never published
2026-09-21T00:43:05.283849,ETC,8.63,20.59,59.05844166666666,35.98,AVOID,SELL,14.8100004196167,8.1875454,8.8512273,0.1474849,2.0,20.59,AVOID,STRONG_SELL,8.040208,8.8512273,2.67,squeeze,UNGATED_SHADOW,2026-09-21,True,shadow — never published
2026-09-21T05:44:16.637481,BTC,81624.72,17.65,56.7525,33.29,AVOID,SELL,14.8100004196167,79325.98,82774.09,766.247,2.0,17.65,AVOID,STRONG_SELL,78560.499,82774.09,2.67,squeeze,UNGATED_SHADOW,2026-09-21,True,shadow — never published
2026-09-21T05:44:16.637481,ETH,2665.88,9.41,57.47604166666666,28.64,AVOID,SELL,14.8100004196167,2553.8268,2721.9066,37.3511,2.0,9.41,AVOID,STRONG_SELL,2516.5131,2721.9066,2.67,squeeze,UNGATED_SHADOW,2026-09-21,True,shadow — never published
2026-09-21T05:44:16.637481,ADA,0.2326,32.35,59.646922222222216,43.27,AVOID,WATCH,14.8100004196167,,,0.005589137271016175,,32.35,AVOID,SELL,0.21583259,0.24098371,2.0,squeeze,UNGATED_SHADOW,2026-09-21,True,shadow — never published
2026-09-21T05:44:16.637481,BNB,773.79,44.12,53.239034374999996,47.77,WATCH,WATCH,14.8100004196167,,,8.919624706821061,,44.12,AVOID,WATCH,,,,squeeze,UNGATED_SHADOW,2026-09-21,True,shadow — never published
2026-09-21T05:44:16.637481,XRP,1.4297,29.41,58.33467638888889,40.98,AVOID,WATCH,14.8100004196167,,,0.027979364650753475,,29.41,AVOID,SELL,1.3457619,1.471669,2.0,squeeze,UNGATED_SHADOW,2026-09-21,True,shadow — never published
2026-09-21T05:44:16.637481,LTC,58.47,22.35,59.769668749999994,37.32,AVOID,SELL,14.8100004196167,55.239705,60.085147,1.076765,2.0,22.35,AVOID,STRONG_SELL,54.164017,60.085147,2.67,squeeze,UNGATED_SHADOW,2026-09-21,True,shadow — never published
2026-09-21T05:44:16.637481,VET,0.008461,10.0,59.36086770833332,29.74,AVOID,SELL,14.8100004196167,0.0077001926,0.0088414037,0.0002536025,2.0,10.0,AVOID,STRONG_SELL,0.0074468437,0.0088414037,2.67,squeeze,UNGATED_SHADOW,2026-09-21,True,shadow — never published
2026-09-21T05:44:16.637481,LINK,12.587,44.71,59.10169444444443,50.47,WATCH,WATCH,14.8100004196167,,,0.23859449984229605,,44.71,AVOID,WATCH,,,,squeeze,UNGATED_SHADOW,2026-09-21,True,shadow — never published
2026-09-21T05:44:16.637481,AVAX,11.371,1.18,61.59371249999999,25.35,AVOID,SELL,14.8100004196167,9.96685,12.073075,0.46805,2.0,1.18,AVOID,STRONG_SELL,9.499269,12.073075,2.67,squeeze,UNGATED_SHADOW,2026-09-21,True,shadow — never published
2026-09-21T05:44:16.637481,SOL,111.94,10.59,58.409146875,29.72,AVOID,SELL,14.8100004196167,106.40969,114.70516,1.84344,2.0,10.59,AVOID,STRONG_SELL,104.5681,114.70516,2.67,squeeze,UNGATED_SHADOW,2026-09-21,True,shadow — never published
2026-09-21T05:44:16.637481,XLM,0.19788,39.41,61.03864583333332,48.06,WATCH,WATCH,14.8100004196167,,,0.004447561376760825,,39.41,AVOID,SELL,0.18453732,0.20455134,2.0,squeeze,UNGATED_SHADOW,2026-09-21,True,shadow — never published
2026-09-21T05:44:16.637481,DOT,1.145,61.5,56.5448611111111,59.52,WATCH,WATCH,14.8100004196167,,,0.027103998461837944,,61.5,BUY,BUY,1.226312,1.104344,2.0,squeeze,UNGATED_SHADOW,2026-09-21,True,shadow — never published
2026-09-21T05:44:16.637481,ALGO,0.10952,2.35,61.36246666666666,25.95,AVOID,SELL,14.8100004196167,0.09961286,0.11447357,0.00330238,2.0,2.35,AVOID,STRONG_SELL,0.09631378,0.11447357,2.67,squeeze,UNGATED_SHADOW,2026-09-21,True,shadow — never published
2026-09-21T05:44:16.637481,ATOM,1.763,37.65,54.98105277777777,44.58,AVOID,WATCH,14.8100004196167,,,0.03421361796858324,,37.65,AVOID,SELL,1.6603591,1.8143204,2.0,squeeze,UNGATED_SHADOW,2026-09-21,True,shadow — never published
2026-09-21T05:44:16.637481,DOGE,0.08856,42.94,54.178193055555546,47.44,WATCH,WATCH,14.8100004196167,,,0.001610358728478181,,42.94,AVOID,WATCH,,,,squeeze,UNGATED_SHADOW,2026-09-21,True,shadow — never published
2026-09-21T05:44:16.637481,BCH,254.7,43.53,63.53528784722222,51.53,WATCH,WATCH,14.8100004196167,,,5.5787389808217975,,43.53,AVOID,WATCH,,,,squeeze,UNGATED_SHADOW,2026-09-21,True,shadow — never published
2026-09-21T05:44:16.637481,TRX,0.3416,26.47,56.05259722222221,38.3,AVOID,SELL,14.8100004196167,0.33418416,0.34530792,0.00247195,2.0,26.47,AVOID,SELL,0.33418416,0.34530792,2.0,squeeze,UNGATED_SHADOW,2026-09-21,True,shadow — never published
2026-09-21T05:44:16.637481,VTHO,0.000645,32.35,57.20647847222222,42.29,AVOID,WATCH,14.8100004196167,,,2.9800368338904932e-05,,32.35,AVOID,SELL,0.00055559889,0.00068970055,2.0,squeeze,UNGATED_SHADOW,2026-09-21,True,shadow — never published
2026-09-21T05:44:16.637481,NEAR,4.301,11.76,60.78425624999999,31.37,AVOID,SELL,14.8100004196167,3.7275749,4.5877126,0.1911417,2.0,11.76,AVOID,STRONG_SELL,3.5366243,4.5877126,2.67,squeeze,UNGATED_SHADOW,2026-09-21,True,shadow — never published
2026-09-21T05:44:16.637481,FET,0.1816,44.12,60.64130486111111,50.73,WATCH,WATCH,14.8100004196167,,,0.004491604479947343,,44.12,AVOID,WATCH,,,,squeeze,UNGATED_SHADOW,2026-09-21,True,shadow — never published
2026-09-21T05:44:16.637481,AAVE,139.14,27.65,61.955675,41.37,AVOID,WATCH,14.8100004196167,,,2.556630404754993,,27.65,AVOID,SELL,131.47011,142.97495,2.0,squeeze,UNGATED_SHADOW,2026-09-21,True,shadow — never published
2026-09-21T05:44:16.637481,OP,0.126,16.47,62.16545416666666,34.75,AVOID,SELL,14.8100004196167,0.11629935,0.13085032,0.00323355,2.0,16.47,AVOID,STRONG_SELL,0.11306904,0.13085032,2.67,squeeze,UNGATED_SHADOW,2026-09-21,True,shadow — never published
2026-09-21T05:44:16.637481,ETC,8.52,23.53,60.515299999999996,38.32,AVOID,SELL,14.8100004196167,8.0952207,8.7323896,0.1415931,2.0,23.53,AVOID,STRONG_SELL,7.9537692,8.7323896,2.67,squeeze,UNGATED_SHADOW,2026-09-21,True,shadow — never published
2026-09-21T11:36:27.261749,BTC,84762.11,16.47,58.19757083333333,33.16,AVOID,SELL,14.859999656677246,81848.067,86219.131,971.348,2.0,16.47,AVOID,STRONG_SELL,80877.691,86219.131,2.67,squeeze,UNGATED_SHADOW,2026-09-21,True,shadow — never published
2026-09-21T11:36:27.261749,ETH,2725.76,16.47,58.412237499999996,33.25,AVOID,SELL,14.859999656677246,2600.0255,2788.6272,41.9115,2.0,16.47,AVOID,STRONG_SELL,2558.1559,2788.6272,2.67,squeeze,UNGATED_SHADOW,2026-09-21,True,shadow — never published
2026-09-21T11:36:27.261749,ADA,0.2424,25.88,60.16659444444444,39.59,AVOID,SELL,14.859999656677246,0.22401944,0.25159028,0.00612685,2.0,25.88,AVOID,SELL,0.22401944,0.25159028,2.0,squeeze,UNGATED_SHADOW,2026-09-21,True,shadow — never published
2026-09-21T11:36:27.261749,BNB,788.74,38.82,55.80704027777778,45.61,WATCH,WATCH,14.859999656677246,,,10.110263758374664,,38.82,AVOID,SELL,758.40921,803.9054,2.0,squeeze,UNGATED_SHADOW,2026-09-21,True,shadow — never published
2026-09-21T11:36:27.261749,XRP,1.491,26.47,58.86968993055555,39.43,AVOID,SELL,14.859999656677246,1.3987386,1.5371307,0.0307538,2.0,26.47,AVOID,SELL,1.3987386,1.5371307,2.0,squeeze,UNGATED_SHADOW,2026-09-21,True,shadow — never published
2026-09-21T11:36:27.261749,LTC,60.65,22.35,62.47627361111111,38.4,AVOID,SELL,14.859999656677246,57.161869,62.394065,1.16271,2.0,22.35,AVOID,STRONG_SELL,56.000322,62.394065,2.67,squeeze,UNGATED_SHADOW,2026-09-21,True,shadow — never published
2026-09-21T11:36:27.261749,VET,0.008763,11.76,57.625605555555545,30.11,AVOID,SELL,14.859999656677246,0.0079734084,0.0091577958,0.0002631972,2.0,11.76,AVOID,STRONG_SELL,0.0077104744,0.0091577958,2.67,squeeze,UNGATED_SHADOW,2026-09-21,True,shadow — never published
2026-09-21T11:36:27.261749,LINK,13.076,43.53,55.48366666666666,48.31,WATCH,WATCH,14.859999656677246,,,0.27083774985356057,,43.53,AVOID,WATCH,,,,squeeze,UNGATED_SHADOW,2026-09-21,True,shadow — never published
2026-09-21T11:36:27.261749,AVAX,11.52,1.76,61.458603472222215,25.64,AVOID,SELL,14.859999656677246,10.026366,12.266817,0.497878,2.0,1.76,AVOID,STRONG_SELL,9.528986,12.266817,2.67,squeeze,UNGATED_SHADOW,2026-09-21,True,shadow — never published
2026-09-21T11:36:27.261749,SOL,116.56,11.18,58.18474513888888,29.98,AVOID,SELL,14.859999656677246,110.33048,119.67476,2.07651,2.0,11.18,AVOID,STRONG_SELL,108.25605,119.67476,2.67,squeeze,UNGATED_SHADOW,2026-09-21,True,shadow — never published
2026-09-21T11:36:27.261749,XLM,0.21271,21.18,61.13507812499999,37.16,AVOID,SELL,14.859999656677246,0.1970897,0.22052015,0.00520677,2.0,21.18,AVOID,STRONG_SELL,0.19188814,0.22052015,2.67,squeeze,UNGATED_SHADOW,2026-09-21,True,shadow — never published
2026-09-21T11:36:27.261749,DOT,1.2,47.06,55.839248263888884,50.57,WATCH,WATCH,14.859999656677246,,,0.028525141428849515,,47.06,WATCH,WATCH,,,,squeeze,UNGATED_SHADOW,2026-09-21,True,shadow — never published
2026-09-21T11:36:27.261749,ALGO,0.11225,1.76,61.22795659722221,25.55,AVOID,SELL,14.859999656677246,0.10214194,0.11730403,0.00336935,2.0,1.76,AVOID,STRONG_SELL,0.09877595,0.11730403,2.67,squeeze,UNGATED_SHADOW,2026-09-21,True,shadow — never published
2026-09-21T11:36:27.261749,ATOM,1.804,41.18,58.259814583333316,48.01,WATCH,WATCH,14.859999656677246,,,0.03573917586878648,,41.18,AVOID,WATCH,,,,squeeze,UNGATED_SHADOW,2026-09-21,True,shadow — never published
2026-09-21T11:36:27.261749,DOGE,0.09345,31.18,54.74130972222222,40.6,AVOID,WATCH,14.859999656677246,,,0.0019123739213419847,,31.18,AVOID,SELL,0.087712878,0.096318561,2.0,squeeze,UNGATED_SHADOW,2026-09-21,True,shadow — never published
2026-09-21T11:36:27.261749,BCH,265.7,31.18,62.10758680555555,43.55,AVOID,WATCH,14.859999656677246,,,6.217502523007996,,31.18,AVOID,SELL,247.04749,275.02625,2.0,squeeze,UNGATED_SHADOW,2026-09-21,True,shadow — never published
2026-09-21T11:36:27.261749,TRX,0.3449,24.71,59.98773749999999,38.82,AVOID,SELL,14.859999656677246,0.33710621,0.34879689,0.00259793,2.0,24.71,AVOID,STRONG_SELL,0.33451088,0.34879689,2.67,squeeze,UNGATED_SHADOW,2026-09-21,True,shadow — never published
2026-09-21T11:36:27.261749,VTHO,0.000675,32.94,56.99051805555555,42.56,AVOID,WATCH,14.859999656677246,,,3.0090137947350494e-05,,32.94,AVOID,SELL,0.00058472959,0.00072013521,2.0,squeeze,UNGATED_SHADOW,2026-09-21,True,shadow — never published
2026-09-21T11:36:27.261749,NEAR,4.156,11.76,60.65630277777777,31.32,AVOID,SELL,14.859999656677246,3.562692,4.452654,0.1977693,2.0,11.76,AVOID,STRONG_SELL,3.3651204,4.452654,2.67,squeeze,UNGATED_SHADOW,2026-09-21,True,shadow — never published
2026-09-21T11:36:27.261749,FET,0.1948,34.71,59.046430555555546,44.44,AVOID,WATCH,14.859999656677246,,,0.005455979670155186,,34.71,AVOID,SELL,0.17843206,0.20298397,2.0,squeeze,UNGATED_SHADOW,2026-09-21,True,shadow — never published
2026-09-21T11:36:27.261749,AAVE,146.57,21.18,58.82019999999999,36.24,AVOID,SELL,14.859999656677246,136.70877,151.50061,3.28708,2.0,21.18,AVOID,STRONG_SELL,133.42499,151.50061,2.67,squeeze,UNGATED_SHADOW,2026-09-21,True,shadow — never published
2026-09-21T11:36:27.261749,OP,0.13,16.47,62.02472291666666,34.69,AVOID,SELL,14.850000381469727,0.1203494,0.1348253,0.00321687,2.0,16.47,AVOID,STRONG_SELL,0.11713575,0.1348253,2.67,squeeze,UNGATED_SHADOW,2026-09-21,True,shadow — never published
2026-09-21T11:36:27.261749,ETC,8.67,24.71,59.142487499999994,38.48,AVOID,SELL,14.850000381469727,8.2296437,8.8901781,0.1467854,2.0,24.71,AVOID,STRONG_SELL,8.0830051,8.8901781,2.67,squeeze,UNGATED_SHADOW,2026-09-21,True,shadow — never published
2026-09-21T17:34:27.134519,BTC,85906.01,12.35,57.94258542462135,30.59,AVOID,SELL,15.069999694824219,82992.547,87362.741,971.154,2.0,12.35,AVOID,STRONG_SELL,82022.364,87362.741,2.67,squeeze,UNGATED_SHADOW,2026-09-21,True,shadow — never published
2026-09-21T17:34:27.134519,ETH,2748.34,19.41,58.346105925942794,34.98,AVOID,SELL,15.069999694824219,2624.5342,2810.2429,41.2686,2.0,19.41,AVOID,STRONG_SELL,2583.3069,2810.2429,2.67,squeeze,UNGATED_SHADOW,2026-09-21,True,shadow — never published
2026-09-21T17:34:27.134519,ADA,0.24381,17.65,60.303464064507935,34.71,AVOID,SELL,15.069999694824219,0.22525534,0.25308733,0.00618489,2.0,17.65,AVOID,STRONG_SELL,0.21907663,0.25308733,2.67,squeeze,UNGATED_SHADOW,2026-09-21,True,shadow — never published
2026-09-21T17:34:27.134519,BNB,795.44,27.06,56.807372950216354,38.96,AVOID,SELL,15.069999694824219,762.30326,812.00837,11.04558,2.0,27.06,AVOID,SELL,762.30326,812.00837,2.0,squeeze,UNGATED_SHADOW,2026-09-21,True,shadow — never published
2026-09-21T17:34:27.134519,XRP,1.4965,29.41,58.61175971572444,41.09,AVOID,WATCH,15.069999694824219,,,0.030508121562054215,,29.41,AVOID,SELL,1.4049756,1.5422622,2.0,squeeze,UNGATED_SHADOW,2026-09-21,True,shadow — never published
2026-09-21T17:34:27.134519,LTC,62.1,15.29,62.83103000419712,34.31,AVOID,SELL,15.069999694824219,58.05952,64.12024,1.346827,2.0,15.29,AVOID,STRONG_SELL,56.71404,64.12024,2.67,squeeze,UNGATED_SHADOW,2026-09-21,True,shadow — never published
2026-09-21T17:34:27.134519,VET,0.008804,20.59,57.36957784325727,35.3,AVOID,SELL,15.069999694824219,0.007971882,0.009220059,0.0002773727,2.0,20.59,AVOID,STRONG_SELL,0.0076947867,0.009220059,2.67,squeeze,UNGATED_SHADOW,2026-09-21,True,shadow — never published
2026-09-21T17:34:27.134519,LINK,12.865,45.88,53.81510594142986,49.05,WATCH,WATCH,15.069999694824219,,,0.27003648547868975,,45.88,WATCH,WATCH,,,,squeeze,UNGATED_SHADOW,2026-09-21,True,shadow — never published
2026-09-21T17:34:27.134519,AVAX,10.992,4.12,61.18554593996132,26.95,AVOID,SELL,15.069999694824219,9.588913,11.693544,0.467696,2.0,4.12,AVOID,STRONG_SELL,9.121685,11.693544,2.67,squeeze,UNGATED_SHADOW,2026-09-21,True,shadow — never published
2026-09-21T17:34:27.134519,SOL,117.63,10.59,58.12181959329859,29.6,AVOID,SELL,15.069999694824219,111.36304,120.76348,2.08899,2.0,10.59,AVOID,STRONG_SELL,109.27615,120.76348,2.67,squeeze,UNGATED_SHADOW,2026-09-21,True,shadow — never published
2026-09-21T17:34:27.134519,XLM,0.20787,17.06,60.135639754408096,34.29,AVOID,SELL,15.069999694824219,0.19228954,0.21566023,0.00519349,2.0,17.06,AVOID,STRONG_SELL,0.18710124,0.21566023,2.67,squeeze,UNGATED_SHADOW,2026-09-21,True,shadow — never published
2026-09-21T17:34:27.134519,DOT,1.175,40.0,55.591157248590555,46.24,WATCH,WATCH,15.069999694824219,,,0.027508922966712077,,40.0,AVOID,SELL,1.0924732,1.2162634,2.0,squeeze,UNGATED_SHADOW,2026-09-21,True,shadow — never published
2026-09-21T17:34:27.134519,ALGO,0.11101,3.53,60.95969393068837,26.5,AVOID,SELL,15.069999694824219,0.10052443,0.11625279,0.00349519,2.0,3.53,AVOID,STRONG_SELL,0.09703273,0.11625279,2.67,squeeze,UNGATED_SHADOW,2026-09-21,True,shadow — never published
2026-09-21T17:34:27.134519,ATOM,1.807,45.29,58.47242552290844,50.56,WATCH,WATCH,15.069999694824219,,,0.03128020776441283,,45.29,WATCH,WATCH,,,,squeeze,UNGATED_SHADOW,2026-09-21,True,shadow — never published
2026-09-21T17:34:27.134519,DOGE,0.09897,0.0,57.2244216964257,22.89,AVOID,STRONG_SELL,15.069999694824219,0.089862049,0.102386336,0.002277557,2.67,0.0,AVOID,STRONG_SELL,0.089862049,0.102386336,2.67,squeeze,UNGATED_SHADOW,2026-09-21,True,shadow — never published
2026-09-21T17:34:27.134519,BCH,263.9,21.18,61.52322506397469,37.32,AVOID,SELL,15.069999694824219,245.01081,273.34459,6.2964,2.0,21.18,AVOID,STRONG_SELL,238.72071,273.34459,2.67,squeeze,UNGATED_SHADOW,2026-09-21,True,shadow — never published
2026-09-21T17:34:27.134519,TRX,0.345,25.29,59.58341828702917,39.01,AVOID,SELL,15.069999694824219,0.33732321,0.34883839,0.00255893,2.0,25.29,AVOID,SELL,0.33732321,0.34883839,2.0,squeeze,UNGATED_SHADOW,2026-09-21,True,shadow — never published
2026-09-21T17:34:27.134519,VTHO,0.000692,35.29,60.237703727483,45.27,WATCH,WATCH,15.069999694824219,,,2.8628741393378745e-05,,35.29,AVOID,SELL,0.00060611378,0.00073494311,2.0,squeeze,UNGATED_SHADOW,2026-09-21,True,shadow — never published
2026-09-21T17:34:27.134519,NEAR,3.993,15.29,61.30758809840937,33.7,AVOID,SELL,15.069999694824219,3.4070507,4.2859746,0.1953164,2.0,15.29,AVOID,STRONG_SELL,3.2119296,4.2859746,2.67,squeeze,UNGATED_SHADOW,2026-09-21,True,shadow — never published
2026-09-21T17:34:27.134519,FET,0.202,10.0,58.84279763425331,29.54,AVOID,SELL,15.069999694824219,0.18398836,0.21100582,0.00600388,2.0,10.0,AVOID,STRONG_SELL,0.17799048,0.21100582,2.67,squeeze,UNGATED_SHADOW,2026-09-21,True,shadow — never published
2026-09-21T17:34:27.134519,AAVE,144.0,26.47,60.132771323105324,39.94,AVOID,SELL,15.069999694824219,134.61496,148.69252,3.12835,2.0,26.47,AVOID,SELL,134.61496,148.69252,2.0,squeeze,UNGATED_SHADOW,2026-09-21,True,shadow — never published
2026-09-21T17:34:27.134519,OP,0.129,33.53,62.45984162472031,45.1,WATCH,WATCH,15.069999694824219,,,0.0029727069151682817,,33.53,AVOID,SELL,0.12008188,0.13345906,2.0,squeeze,UNGATED_SHADOW,2026-09-21,True,shadow — never published
2026-09-21T17:34:27.134519,ETC,8.98,25.88,59.2822670796713,39.24,AVOID,SELL,15.069999694824219,8.5321928,9.2039036,0.1492691,2.0,25.88,AVOID,SELL,8.5321928,9.2039036,2.0,squeeze,UNGATED_SHADOW,2026-09-21,True,shadow — never published
2026-09-21T21:30:11.909654,BTC,86613.77,5.29,58.320888812040614,26.5,AVOID,SELL,14.869999885559082,83572.057,88134.627,1013.904,2.0,5.29,AVOID,STRONG_SELL,82559.166,88134.627,2.67,squeeze,UNGATED_SHADOW,2026-09-21,True,shadow — never published
2026-09-21T21:30:11.909654,ETH,2767.39,8.82,58.438856664913224,28.67,AVOID,SELL,14.869999885559082,2640.4192,2830.8754,42.3236,2.0,8.82,AVOID,STRONG_SELL,2598.138,2830.8754,2.67,squeeze,UNGATED_SHADOW,2026-09-21,True,shadow — never published
2026-09-21T21:30:11.909654,ADA,0.24377,17.65,60.897786426045755,34.95,AVOID,SELL,14.869999885559082,0.225487,0.2529115,0.00609433,2.0,17.65,AVOID,STRONG_SELL,0.21939876,0.2529115,2.67,squeeze,UNGATED_SHADOW,2026-09-21,True,shadow — never published
2026-09-21T21:30:11.909654,BNB,803.46,21.76,57.35069201260211,36.0,AVOID,SELL,14.869999885559082,771.19338,819.59331,10.75554,2.0,21.76,AVOID,STRONG_SELL,760.4486,819.59331,2.67,squeeze,UNGATED_SHADOW,2026-09-21,True,shadow — never published
2026-09-21T21:30:11.909654,XRP,1.524,22.35,57.228280656158354,36.3,AVOID,SELL,14.869999885559082,1.4295646,1.5712177,0.0314785,2.0,22.35,AVOID,STRONG_SELL,1.3981176,1.5712177,2.67,squeeze,UNGATED_SHADOW,2026-09-21,True,shadow — never published
2026-09-21T21:30:11.909654,LTC,62.48,8.24,62.92701824327344,30.11,AVOID,SELL,14.869999885559082,58.447105,64.496447,1.344298,2.0,8.24,AVOID,STRONG_SELL,57.104151,64.496447,2.67,squeeze,UNGATED_SHADOW,2026-09-21,True,shadow — never published
2026-09-21T21:30:11.909654,VET,0.009085,18.82,58.02718755987053,34.5,AVOID,SELL,14.869999885559082,0.0082211864,0.0095169068,0.0002879379,2.0,18.82,AVOID,STRONG_SELL,0.0079335364,0.0095169068,2.67,squeeze,UNGATED_SHADOW,2026-09-21,True,shadow — never published
2026-09-21T21:30:11.909654,LINK,13.142,34.71,55.32496403331583,42.96,AVOID,WATCH,14.869999885559082,,,0.27124816508735483,,34.71,AVOID,SELL,12.328256,13.548872,2.0,squeeze,UNGATED_SHADOW,2026-09-21,True,shadow — never published
2026-09-21T21:30:11.909654,AVAX,11.246,4.71,61.28281043619769,27.34,AVOID,SELL,14.869999885559082,9.839679,11.94916,0.468774,2.0,4.71,AVOID,STRONG_SELL,9.371374,11.94916,2.67,squeeze,UNGATED_SHADOW,2026-09-21,True,shadow — never published
2026-09-21T21:30:11.909654,SOL,119.1,9.41,58.21061347610299,28.93,AVOID,SELL,14.869999885559082,112.95635,122.17183,2.04788,2.0,9.41,AVOID,STRONG_SELL,110.91051,122.17183,2.67,squeeze,UNGATED_SHADOW,2026-09-21,True,shadow — never published
2026-09-21T21:30:11.909654,XLM,0.21302,6.47,61.27836818749973,28.39,AVOID,SELL,14.869999885559082,0.19760636,0.22072682,0.00513788,2.0,6.47,AVOID,STRONG_SELL,0.19247361,0.22072682,2.67,squeeze,UNGATED_SHADOW,2026-09-21,True,shadow — never published
2026-09-21T21:30:11.909654,DOT,1.198,38.82,56.62467290133918,45.94,WATCH,WATCH,14.869999885559082,,,0.028120530509906125,,38.82,AVOID,SELL,1.1136384,1.2401808,2.0,squeeze,UNGATED_SHADOW,2026-09-21,True,shadow — never published
2026-09-21T21:30:11.909654,ALGO,0.11166,4.71,61.052823291684795,27.25,AVOID,SELL,14.869999885559082,0.10166059,0.1166597,0.00333314,2.0,4.71,AVOID,STRONG_SELL,0.09833079,0.1166597,2.67,squeeze,UNGATED_SHADOW,2026-09-21,True,shadow — never published
2026-09-21T21:30:11.909654,ATOM,1.816,44.12,58.379917991801314,49.82,WATCH,WATCH,14.869999885559082,,,0.031964274556750695,,44.12,AVOID,WATCH,,,,squeeze,UNGATED_SHADOW,2026-09-21,True,shadow — never published
2026-09-21T21:30:11.909654,DOGE,0.09851,0.0,57.32247403888068,22.93,AVOID,STRONG_SELL,14.869999885559082,0.088952076,0.102095118,0.002390079,2.67,0.0,AVOID,STRONG_SELL,0.088952076,0.102095118,2.67,squeeze,UNGATED_SHADOW,2026-09-21,True,shadow — never published
2026-09-21T21:30:11.909654,BCH,268.3,20.59,59.968305810164686,36.34,AVOID,SELL,14.869999885559082,249.72381,277.58809,6.19206,2.0,20.59,AVOID,STRONG_SELL,243.53795,277.58809,2.67,squeeze,UNGATED_SHADOW,2026-09-21,True,shadow — never published
2026-09-21T21:30:11.909654,TRX,0.3456,20.59,58.992367500438384,35.95,AVOID,SELL,14.869999885559082,0.33803074,0.34938463,0.00252309,2.0,20.59,AVOID,STRONG_SELL,0.33551018,0.34938463,2.67,squeeze,UNGATED_SHADOW,2026-09-21,True,shadow — never published
2026-09-21T21:30:11.909654,VTHO,0.000679,41.76,57.323362076659166,47.99,WATCH,WATCH,14.869999885559082,,,2.7491994559157813e-05,,41.76,AVOID,WATCH,,,,squeeze,UNGATED_SHADOW,2026-09-21,True,shadow — never published
2026-09-21T21:30:11.909654,NEAR,4.167,12.94,60.486539514976755,31.96,AVOID,SELL,14.869999885559082,3.5713532,4.4648234,0.1985489,2.0,12.94,AVOID,STRONG_SELL,3.3730029,4.4648234,2.67,squeeze,UNGATED_SHADOW,2026-09-21,True,shadow — never published
2026-09-21T21:30:11.909654,FET,0.2014,7.65,58.73718818366409,28.08,AVOID,SELL,14.869999885559082,0.18341521,0.21039239,0.00599493,2.0,7.65,AVOID,STRONG_SELL,0.17742628,0.21039239,2.67,squeeze,UNGATED_SHADOW,2026-09-21,True,shadow — never published
2026-09-21T21:30:11.909654,AAVE,144.29,18.82,58.97342515418298,34.88,AVOID,SELL,14.869999885559082,134.169,149.3505,3.37367,2.0,18.82,AVOID,STRONG_SELL,130.7987,149.3505,2.67,squeeze,UNGATED_SHADOW,2026-09-21,True,shadow — never published
2026-09-21T21:30:11.909654,OP,0.121,48.82,61.847310581629976,54.03,WATCH,WATCH,14.869999885559082,,,0.0032909829518399355,,48.82,WATCH,WATCH,,,,squeeze,UNGATED_SHADOW,2026-09-21,True,shadow — never published
2026-09-21T21:30:11.909654,ETC,8.78,30.0,59.18002101074988,41.67,AVOID,WATCH,14.869999885559082,,,0.14126005418605445,,30.0,AVOID,SELL,8.3562198,8.9918901,2.0,squeeze,UNGATED_SHADOW,2026-09-21,True,shadow — never published
2026-09-22T00:27:20.895780,BTC,86350.0,2.94,58.020354936762295,24.97,AVOID,STRONG_SELL,14.869999885559082,82426.795,87821.57,981.047,2.67,2.94,AVOID,STRONG_SELL,82426.795,87821.57,2.67,squeeze,UNGATED_SHADOW,2026-09-22,True,shadow — never published
2026-09-22T00:27:20.895780,ETH,2769.05,8.24,58.4316392722984,28.32,AVOID,SELL,14.869999885559082,2649.415,2828.8675,39.8783,2.0,8.24,AVOID,STRONG_SELL,2609.5766,2828.8675,2.67,squeeze,UNGATED_SHADOW,2026-09-22,True,shadow — never published
2026-09-22T00:27:20.895780,ADA,0.24619,15.29,61.19187668653109,33.65,AVOID,SELL,14.869999885559082,0.22870691,0.25493155,0.0058277,2.0,15.29,AVOID,STRONG_SELL,0.22288503,0.25493155,2.67,squeeze,UNGATED_SHADOW,2026-09-22,True,shadow — never published
2026-09-22T00:27:20.895780,BNB,799.23,20.0,56.887137042013855,34.75,AVOID,SELL,14.869999885559082,768.61442,814.53779,10.20519,2.0,20.0,AVOID,STRONG_SELL,758.41943,814.53779,2.67,squeeze,UNGATED_SHADOW,2026-09-22,True,shadow — never published
2026-09-22T00:27:20.895780,XRP,1.53,15.29,57.518540403683915,32.18,AVOID,SELL,14.869999885559082,1.4325279,1.5787361,0.0324907,2.0,15.29,AVOID,STRONG_SELL,1.4000696,1.5787361,2.67,squeeze,UNGATED_SHADOW,2026-09-22,True,shadow — never published
2026-09-22T00:27:20.895780,LTC,62.04,7.65,62.91536070009084,29.76,AVOID,SELL,14.869999885559082,58.083026,64.018487,1.318991,2.0,7.65,AVOID,STRONG_SELL,56.765354,64.018487,2.67,squeeze,UNGATED_SHADOW,2026-09-22,True,shadow — never published
2026-09-22T00:27:20.895780,VET,0.009152,16.47,58.0200210097555,33.09,AVOID,SELL,14.869999885559082,0.0082910506,0.0095824747,0.0002869831,2.0,16.47,AVOID,STRONG_SELL,0.0080043545,0.0095824747,2.67,squeeze,UNGATED_SHADOW,2026-09-22,True,shadow — never published
2026-09-22T00:27:20.895780,LINK,13.2,30.0,55.31471480849477,40.13,AVOID,WATCH,14.869999885559082,,,0.2565161532954009,,30.0,AVOID,SELL,12.430452,13.584774,2.0,squeeze,UNGATED_SHADOW,2026-09-22,True,shadow — never published
2026-09-22T00:27:20.895780,AVAX,11.131,5.88,61.275241805859935,28.04,AVOID,SELL,14.869999885559082,9.78437,11.804315,0.448877,2.0,5.88,AVOID,STRONG_SELL,9.335943,11.804315,2.67,squeeze,UNGATED_SHADOW,2026-09-22,True,shadow — never published
2026-09-22T00:27:20.895780,SOL,118.97,8.82,58.203424272278966,28.57,AVOID,SELL,14.869999885559082,113.03543,121.93728,1.97819,2.0,8.82,AVOID,STRONG_SELL,111.05922,121.93728,2.67,squeeze,UNGATED_SHADOW,2026-09-22,True,shadow — never published
2026-09-22T00:27:20.895780,XLM,0.21689,0.0,62.64506579586118,25.06,AVOID,SELL,14.869999885559082,0.20128305,0.22469348,0.00520232,2.0,0.0,AVOID,STRONG_SELL,0.19608593,0.22469348,2.67,squeeze,UNGATED_SHADOW,2026-09-22,True,shadow — never published
2026-09-22T00:27:20.895780,DOT,1.199,38.24,57.188610326901646,45.82,WATCH,WATCH,14.869999885559082,,,0.027759880371443443,,38.24,AVOID,SELL,1.1157204,1.2406398,2.0,squeeze,UNGATED_SHADOW,2026-09-22,True,shadow — never published
2026-09-22T00:27:20.895780,ALGO,0.11183,5.29,61.04151295244083,27.59,AVOID,SELL,14.869999885559082,0.10199734,0.11674633,0.00327755,2.0,5.29,AVOID,STRONG_SELL,0.09872306,0.11674633,2.67,squeeze,UNGATED_SHADOW,2026-09-22,True,shadow — never published
2026-09-22T00:27:20.895780,ATOM,1.804,47.65,57.17908006090375,51.46,WATCH,WATCH,14.869999885559082,,,0.03171682637412566,,47.65,WATCH,WATCH,,,,squeeze,UNGATED_SHADOW,2026-09-22,True,shadow — never published
2026-09-22T00:27:20.895780,DOGE,0.10091,0.0,58.51562544982282,23.41,AVOID,STRONG_SELL,14.869999885559082,0.09140351,0.10447582,0.00237722,2.67,0.0,AVOID,STRONG_SELL,0.09140351,0.10447582,2.67,squeeze,UNGATED_SHADOW,2026-09-22,True,shadow — never published
2026-09-22T00:27:20.895780,BCH,269.3,19.41,59.953494155495335,35.63,AVOID,SELL,14.869999885559082,250.64252,278.62874,6.21916,2.0,19.41,AVOID,STRONG_SELL,244.42958,278.62874,2.67,squeeze,UNGATED_SHADOW,2026-09-22,True,shadow — never published
2026-09-22T00:27:20.895780,TRX,0.3453,20.0,60.00855380456582,36.0,AVOID,SELL,14.869999885559082,0.33713722,0.34938139,0.00272093,2.0,20.0,AVOID,STRONG_SELL,0.33441901,0.34938139,2.67,squeeze,UNGATED_SHADOW,2026-09-22,True,shadow — never published
2026-09-22T00:27:20.895780,VTHO,0.000713,42.35,63.28974012177297,50.73,WATCH,WATCH,14.869999885559082,,,2.8104811274320015e-05,,42.35,AVOID,WATCH,,,,squeeze,UNGATED_SHADOW,2026-09-22,True,shadow — never published
2026-09-22T00:27:20.895780,NEAR,4.219,11.18,60.47159986104896,30.9,AVOID,SELL,14.869999885559082,3.6127872,4.5221064,0.2020709,2.0,11.18,AVOID,STRONG_SELL,3.4109183,4.5221064,2.67,squeeze,UNGATED_SHADOW,2026-09-22,True,shadow — never published
2026-09-22T00:27:20.895780,FET,0.2075,5.88,60.613846676712825,27.77,AVOID,SELL,14.869999885559082,0.18981565,0.21634217,0.00589478,2.0,5.88,AVOID,STRONG_SELL,0.18392677,0.21634217,2.67,squeeze,UNGATED_SHADOW,2026-09-22,True,shadow — never published
2026-09-22T00:27:20.895780,AAVE,146.07,15.88,57.6801316062506,32.6,AVOID,SELL,14.869999885559082,136.60029,150.80485,3.15657,2.0,15.88,AVOID,STRONG_SELL,133.44688,150.80485,2.67,squeeze,UNGATED_SHADOW,2026-09-22,True,shadow — never published
2026-09-22T00:27:20.895780,OP,0.126,59.57,61.83203388567404,60.47,BUY,BUY,14.869999885559082,0.13616264,0.12091868,0.00338755,2.0,59.57,WATCH,WATCH,,,,squeeze,UNGATED_SHADOW,2026-09-22,True,shadow — never published
2026-09-22T00:27:20.895780,ETC,8.88,26.47,59.36184453190104,39.63,AVOID,SELL,14.869999885559082,8.451898,9.094051,0.1427007,2.0,26.47,AVOID,SELL,8.451898,9.094051,2.0,squeeze,UNGATED_SHADOW,2026-09-22,True,shadow — never published
2026-09-22T05:41:44.412314,BTC,85399.93,2.94,57.91996175068913,24.93,AVOID,STRONG_SELL,14.869999885559082,81330.161,86926.475,1017.697,2.67,2.94,AVOID,STRONG_SELL,81330.161,86926.475,2.67,squeeze,UNGATED_SHADOW,2026-09-22,True,shadow — never published
2026-09-22T05:41:44.412314,ETH,2733.07,8.82,58.13360443275379,28.55,AVOID,SELL,14.869999885559082,2608.2329,2795.4886,41.6124,2.0,8.82,AVOID,STRONG_SELL,2566.6621,2795.4886,2.67,squeeze,UNGATED_SHADOW,2026-09-22,True,shadow — never published
2026-09-22T05:41:44.412314,ADA,0.24369,15.29,60.279918585859015,33.29,AVOID,SELL,14.869999885559082,0.22410672,0.25348164,0.00652776,2.0,15.29,AVOID,STRONG_SELL,0.21758549,0.25348164,2.67,squeeze,UNGATED_SHADOW,2026-09-22,True,shadow — never published
2026-09-22T05:41:44.412314,BNB,783.55,21.76,54.756905541763985,34.96,AVOID,SELL,14.869999885559082,751.31599,799.66701,10.74467,2.0,21.76,AVOID,STRONG_SELL,740.58206,799.66701,2.67,squeeze,UNGATED_SHADOW,2026-09-22,True,shadow — never published
2026-09-22T05:41:44.412314,XRP,1.5091,14.71,58.58887476278897,32.26,AVOID,SELL,14.869999885559082,1.4071993,1.5600503,0.0339669,2.0,14.71,AVOID,STRONG_SELL,1.3732664,1.5600503,2.67,squeeze,UNGATED_SHADOW,2026-09-22,True,shadow — never published
2026-09-22T05:41:44.412314,LTC,60.56,10.0,62.80649763779987,31.12,AVOID,SELL,14.869999885559082,56.425871,62.627064,1.378043,2.0,10.0,AVOID,STRONG_SELL,55.049207,62.627064,2.67,squeeze,UNGATED_SHADOW,2026-09-22,True,shadow — never published
2026-09-22T05:41:44.412314,VET,0.009006,22.35,57.91605132659777,36.58,AVOID,SELL,14.869999885559082,0.0081238174,0.0094470913,0.0002940609,2.0,22.35,AVOID,STRONG_SELL,0.0078300506,0.0094470913,2.67,squeeze,UNGATED_SHADOW,2026-09-22,True,shadow — never published
2026-09-22T05:41:44.412314,LINK,12.924,32.35,54.06201046390264,41.03,AVOID,WATCH,14.869999885559082,,,0.27110683622328047,,32.35,AVOID,SELL,12.110679,13.33066,2.0,squeeze,UNGATED_SHADOW,2026-09-22,True,shadow — never published
2026-09-22T05:41:44.412314,AVAX,10.624,8.24,61.16543889015782,29.41,AVOID,SELL,14.869999885559082,9.238038,11.316981,0.461987,2.0,8.24,AVOID,STRONG_SELL,8.776512,11.316981,2.67,squeeze,UNGATED_SHADOW,2026-09-22,True,shadow — never published
2026-09-22T05:41:44.412314,SOL,116.53,8.82,57.90719723627708,28.45,AVOID,SELL,14.869999885559082,110.1951,119.69745,2.11163,2.0,8.82,AVOID,STRONG_SELL,108.08557,119.69745,2.67,squeeze,UNGATED_SHADOW,2026-09-22,True,shadow — never published
2026-09-22T05:41:44.412314,XLM,0.21067,0.0,60.632786672005764,24.25,AVOID,STRONG_SELL,14.869999885559082,0.18867934,0.21891856,0.00549904,2.67,0.0,AVOID,STRONG_SELL,0.18867934,0.21891856,2.67,squeeze,UNGATED_SHADOW,2026-09-22,True,shadow — never published
2026-09-22T05:41:44.412314,DOT,1.16,38.24,56.40286026753668,45.51,WATCH,WATCH,14.869999885559082,,,0.028664786875524026,,38.24,AVOID,SELL,1.0740056,1.2029972,2.0,squeeze,UNGATED_SHADOW,2026-09-22,True,shadow — never published
2026-09-22T05:41:44.412314,ALGO,0.10867,5.88,60.52307225298715,27.74,AVOID,SELL,14.869999885559082,0.09844834,0.11378083,0.00340722,2.0,5.88,AVOID,STRONG_SELL,0.09504453,0.11378083,2.67,squeeze,UNGATED_SHADOW,2026-09-22,True,shadow — never published
2026-09-22T05:41:44.412314,ATOM,1.77,47.65,57.7302584941594,51.68,WATCH,WATCH,14.869999885559082,,,0.03271154285760648,,47.65,WATCH,WATCH,,,,squeeze,UNGATED_SHADOW,2026-09-22,True,shadow — never published
2026-09-22T05:41:44.412314,DOGE,0.09917,0.0,58.08289608782922,23.23,AVOID,STRONG_SELL,14.869999885559082,0.087503667,0.103545969,0.002917313,2.67,0.0,AVOID,STRONG_SELL,0.087503667,0.103545969,2.67,squeeze,UNGATED_SHADOW,2026-09-22,True,shadow — never published
2026-09-22T05:41:44.412314,BCH,264.6,19.41,60.86487670024126,35.99,AVOID,SELL,14.869999885559082,245.08183,274.35908,6.50606,2.0,19.41,AVOID,STRONG_SELL,238.58228,274.35908,2.67,squeeze,UNGATED_SHADOW,2026-09-22,True,shadow — never published
2026-09-22T05:41:44.412314,TRX,0.3491,12.35,62.36975413409998,32.36,AVOID,SELL,14.869999885559082,0.34007078,0.35361461,0.00300974,2.0,12.35,AVOID,STRONG_SELL,0.33706405,0.35361461,2.67,squeeze,UNGATED_SHADOW,2026-09-22,True,shadow — never published
2026-09-22T05:41:44.412314,VTHO,0.000671,42.94,57.21357384104707,48.65,WATCH,WATCH,14.869999885559082,,,2.8658549244521645e-05,,42.94,AVOID,WATCH,,,,squeeze,UNGATED_SHADOW,2026-09-22,True,shadow — never published
2026-09-22T05:41:44.412314,NEAR,4.34,9.41,60.366965261974045,29.79,AVOID,SELL,14.869999885559082,3.6909759,4.6645121,0.2163414,2.0,9.41,AVOID,STRONG_SELL,3.4748508,4.6645121,2.67,squeeze,UNGATED_SHADOW,2026-09-22,True,shadow — never published
2026-09-22T05:41:44.412314,FET,0.1991,5.88,58.41944689621261,26.9,AVOID,SELL,14.869999885559082,0.18079464,0.20825268,0.00610179,2.0,5.88,AVOID,STRONG_SELL,0.17469895,0.20825268,2.67,squeeze,UNGATED_SHADOW,2026-09-22,True,shadow — never published
2026-09-22T05:41:44.412314,AAVE,143.4,19.41,59.172791687016804,35.32,AVOID,SELL,14.869999885559082,133.13333,148.53333,3.42222,2.0,19.41,AVOID,STRONG_SELL,129.71453,148.53333,2.67,squeeze,UNGATED_SHADOW,2026-09-22,True,shadow — never published
2026-09-22T05:41:44.412314,OP,0.126,63.26,61.72885787997179,62.65,BUY,BUY,14.869999885559082,0.13543673,0.12128163,0.00314558,2.0,63.26,BUY,BUY,0.13543673,0.12128163,2.0,squeeze,UNGATED_SHADOW,2026-09-22,True,shadow — never published
2026-09-22T05:41:44.412314,ETC,8.65,30.59,58.860371056563025,41.9,AVOID,WATCH,14.869999885559082,,,0.1589873499286461,,30.59,AVOID,SELL,8.173038,8.888481,2.0,squeeze,UNGATED_SHADOW,2026-09-22,True,shadow — never published
2026-09-22T10:42:00.934285,BTC,85912.52,1.76,58.425462499999995,24.43,AVOID,STRONG_SELL,14.850000381469727,81844.224,87438.513,1017.328,2.67,1.76,AVOID,STRONG_SELL,81844.224,87438.513,2.67,squeeze,UNGATED_SHADOW,2026-09-22,True,shadow — never published
2026-09-22T10:42:00.934285,ETH,2740.87,8.24,58.638587847222205,28.4,AVOID,SELL,14.850000381469727,2618.1312,2802.2394,40.9129,2.0,8.24,AVOID,STRONG_SELL,2577.2592,2802.2394,2.67,squeeze,UNGATED_SHADOW,2026-09-22,True,shadow — never published
2026-09-22T10:42:00.934285,ADA,0.2458,13.53,62.145856249999994,32.98,AVOID,SELL,14.850000381469727,0.22623338,0.25558331,0.00652221,2.0,13.53,AVOID,STRONG_SELL,0.2197177,0.25558331,2.67,squeeze,UNGATED_SHADOW,2026-09-22,True,shadow — never published
2026-09-22T10:42:00.934285,BNB,787.37,21.76,58.93115104166666,36.63,AVOID,SELL,14.850000381469727,756.45913,802.82543,10.30362,2.0,21.76,AVOID,STRONG_SELL,746.16581,802.82543,2.67,squeeze,UNGATED_SHADOW,2026-09-22,True,shadow — never published
2026-09-22T10:42:00.934285,XRP,1.5303,10.0,58.52691805555555,29.41,AVOID,SELL,14.850000381469727,1.427255,1.5818225,0.0343483,2.0,10.0,AVOID,STRONG_SELL,1.392941,1.5818225,2.67,squeeze,UNGATED_SHADOW,2026-09-22,True,shadow — never published
2026-09-22T10:42:00.934285,LTC,60.05,9.41,64.54983541666665,31.47,AVOID,SELL,14.850000381469727,55.984023,62.082988,1.355326,2.0,9.41,AVOID,STRONG_SELL,54.630053,62.082988,2.67,squeeze,UNGATED_SHADOW,2026-09-22,True,shadow — never published
2026-09-22T10:42:00.934285,VET,0.008989,28.82,61.48601180555554,41.89,AVOID,WATCH,14.850000381469727,,,0.0002886075380846068,,28.82,AVOID,SELL,0.0081231774,0.0094219113,2.0,squeeze,UNGATED_SHADOW,2026-09-22,True,shadow — never published
2026-09-22T10:42:00.934285,LINK,12.925,31.18,59.96464166666666,42.69,AVOID,WATCH,14.850000381469727,,,0.2686706336359033,,31.18,AVOID,SELL,12.118988,13.328006,2.0,squeeze,UNGATED_SHADOW,2026-09-22,True,shadow — never published
2026-09-22T10:42:00.934285,AVAX,10.857,9.41,61.324947916666666,30.18,AVOID,SELL,14.850000381469727,9.525249,11.522875,0.443917,2.0,9.41,AVOID,STRONG_SELL,9.081776,11.522875,2.67,squeeze,UNGATED_SHADOW,2026-09-22,True,shadow — never published
2026-09-22T10:42:00.934285,SOL,116.82,8.82,60.338080208333324,29.43,AVOID,SELL,14.850000381469727,110.46249,119.99876,2.11917,2.0,8.82,AVOID,STRONG_SELL,108.34544,119.99876,2.67,squeeze,UNGATED_SHADOW,2026-09-22,True,shadow — never published
2026-09-22T10:42:00.934285,XLM,0.21069,0.0,62.554824999999994,25.02,AVOID,SELL,14.850000381469727,0.19441339,0.21882831,0.00542554,2.0,0.0,AVOID,STRONG_SELL,0.18899328,0.21882831,2.67,squeeze,UNGATED_SHADOW,2026-09-22,True,shadow — never published
2026-09-22T10:42:00.934285,DOT,1.168,38.24,59.30334374999999,46.67,WATCH,WATCH,14.850000381469727,,,0.027617302098700884,,38.24,AVOID,SELL,1.0851481,1.209426,2.0,squeeze,UNGATED_SHADOW,2026-09-22,True,shadow — never published
2026-09-22T10:42:00.934285,ALGO,0.10915,8.82,63.48114999999999,30.68,AVOID,SELL,14.850000381469727,0.09890846,0.11427077,0.00341385,2.0,8.82,AVOID,STRONG_SELL,0.09549803,0.11427077,2.67,squeeze,UNGATED_SHADOW,2026-09-22,True,shadow — never published
2026-09-22T10:42:00.934285,ATOM,1.745,47.06,58.6983079861111,51.72,WATCH,WATCH,14.850000381469727,,,0.03358928979634887,,47.06,WATCH,WATCH,,,,squeeze,UNGATED_SHADOW,2026-09-22,True,shadow — never published
2026-09-22T10:42:00.934285,DOGE,0.09783,0.0,59.858482291666654,23.94,AVOID,STRONG_SELL,14.850000381469727,0.086348567,0.102136614,0.002871076,2.67,0.0,AVOID,STRONG_SELL,0.086348567,0.102136614,2.67,squeeze,UNGATED_SHADOW,2026-09-22,True,shadow — never published
2026-09-22T10:42:00.934285,BCH,271.7,18.82,60.01893125,35.3,AVOID,SELL,14.850000381469727,251.68874,281.70563,6.67042,2.0,18.82,AVOID,STRONG_SELL,245.02499,281.70563,2.67,squeeze,UNGATED_SHADOW,2026-09-22,True,shadow — never published
2026-09-22T10:42:00.934285,TRX,0.3455,14.71,60.44540555555556,33.0,AVOID,SELL,14.850000381469727,0.33606879,0.35021561,0.00314374,2.0,14.71,AVOID,STRONG_SELL,0.33292819,0.35021561,2.67,squeeze,UNGATED_SHADOW,2026-09-22,True,shadow — never published
2026-09-22T10:42:00.934285,VTHO,0.00069,43.53,54.43678333333333,47.89,WATCH,WATCH,14.850000381469727,,,2.7851305931137446e-05,,43.53,AVOID,WATCH,,,,squeeze,UNGATED_SHADOW,2026-09-22,True,shadow — never published
2026-09-22T10:42:00.934285,NEAR,4.462,9.41,60.52980277777777,29.86,AVOID,SELL,14.850000381469727,3.7947276,4.7956362,0.2224241,2.0,9.41,AVOID,STRONG_SELL,3.5725259,4.7956362,2.67,squeeze,UNGATED_SHADOW,2026-09-22,True,shadow — never published
2026-09-22T10:42:00.934285,FET,0.2104,4.71,60.92261562499999,27.2,AVOID,SELL,14.850000381469727,0.19104502,0.22007749,0.00645166,2.0,4.71,AVOID,STRONG_SELL,0.18459981,0.22007749,2.67,squeeze,UNGATED_SHADOW,2026-09-22,True,shadow — never published
2026-09-22T10:42:00.934285,AAVE,140.88,20.59,63.55547673611111,37.78,AVOID,SELL,14.850000381469727,130.77514,145.93243,3.36829,2.0,20.59,AVOID,STRONG_SELL,127.41022,145.93243,2.67,squeeze,UNGATED_SHADOW,2026-09-22,True,shadow — never published
2026-09-22T10:42:00.934285,OP,0.126,64.6,62.3783,63.71,BUY,BUY,14.850000381469727,0.13476268,0.12161866,0.00292089,2.0,64.6,BUY,BUY,0.13476268,0.12161866,2.0,squeeze,UNGATED_SHADOW,2026-09-22,True,shadow — never published
2026-09-22T10:42:00.934285,ETC,8.61,31.76,61.832816666666666,43.79,AVOID,WATCH,14.850000381469727,,,0.2519168249337429,,31.76,AVOID,SELL,7.8542495,8.9878752,2.0,squeeze,UNGATED_SHADOW,2026-09-22,True,shadow — never published
2026-09-22T15:18:49.023266,BTC,86195.89,0.0,58.5840986922435,23.43,AVOID,STRONG_SELL,14.420000076293945,82137.899,87718.017,1014.751,2.67,0.0,AVOID,STRONG_SELL,82137.899,87718.017,2.67,squeeze,UNGATED_SHADOW,2026-09-22,True,shadow — never published
2026-09-22T15:18:49.023266,ETH,2740.2,8.24,58.511357858884104,28.35,AVOID,SELL,14.420000076293945,2616.1997,2802.2001,41.3334,2.0,8.24,AVOID,STRONG_SELL,2574.9076,2802.2001,2.67,squeeze,UNGATED_SHADOW,2026-09-22,True,shadow — never published
2026-09-22T15:18:49.023266,ADA,0.25206,12.94,63.46657846839977,33.15,AVOID,SELL,14.420000076293945,0.23165171,0.26226414,0.00680276,2.0,12.94,AVOID,STRONG_SELL,0.22485575,0.26226414,2.67,squeeze,UNGATED_SHADOW,2026-09-22,True,shadow — never published
2026-09-22T15:18:49.023266,BNB,787.74,22.94,56.443888882274145,36.34,AVOID,SELL,14.420000076293945,756.62634,803.29683,10.37122,2.0,22.94,AVOID,STRONG_SELL,746.26549,803.29683,2.67,squeeze,UNGATED_SHADOW,2026-09-22,True,shadow — never published
2026-09-22T15:18:49.023266,XRP,1.5725,5.29,58.89798567603884,26.73,AVOID,SELL,14.420000076293945,1.4629082,1.6272959,0.0365306,2.0,5.29,AVOID,STRONG_SELL,1.4264142,1.6272959,2.67,squeeze,UNGATED_SHADOW,2026-09-22,True,shadow — never published
2026-09-22T15:18:49.023266,LTC,61.44,11.18,62.09277699176119,31.55,AVOID,SELL,14.420000076293945,57.137307,63.591346,1.434231,2.0,11.18,AVOID,STRONG_SELL,55.704511,63.591346,2.67,squeeze,UNGATED_SHADOW,2026-09-22,True,shadow — never published
2026-09-22T15:18:49.023266,VET,0.009056,27.06,62.315195944306886,41.16,AVOID,WATCH,14.420000076293945,,,0.00029972230577244115,,27.06,AVOID,SELL,0.0081568331,0.0095055835,2.0,squeeze,UNGATED_SHADOW,2026-09-22,True,shadow — never published
2026-09-22T15:18:49.023266,LINK,13.002,31.18,58.140913025216726,41.96,AVOID,WATCH,14.420000076293945,,,0.2864798740904817,,31.18,AVOID,SELL,12.14256,13.43172,2.0,squeeze,UNGATED_SHADOW,2026-09-22,True,shadow — never published
2026-09-22T15:18:49.023266,AVAX,11.068,10.59,61.18435233442393,30.83,AVOID,SELL,14.420000076293945,9.744941,11.72953,0.44102,2.0,10.59,AVOID,STRONG_SELL,9.304362,11.72953,2.67,squeeze,UNGATED_SHADOW,2026-09-22,True,shadow — never published
2026-09-22T15:18:49.023266,SOL,117.08,8.82,58.185875299114045,28.57,AVOID,SELL,14.420000076293945,110.73731,120.25135,2.11423,2.0,8.82,AVOID,STRONG_SELL,108.62519,120.25135,2.67,squeeze,UNGATED_SHADOW,2026-09-22,True,shadow — never published
2026-09-22T15:18:49.023266,XLM,0.21412,0.0,61.80492775494607,24.72,AVOID,STRONG_SELL,14.420000076293945,0.19166892,0.22254126,0.00561417,2.67,0.0,AVOID,STRONG_SELL,0.19166892,0.22254126,2.67,squeeze,UNGATED_SHADOW,2026-09-22,True,shadow — never published
2026-09-22T15:18:49.023266,DOT,1.157,40.0,59.77985270599567,47.91,WATCH,WATCH,14.420000076293945,,,0.028068107050834498,,40.0,AVOID,SELL,1.0727957,1.1991022,2.0,squeeze,UNGATED_SHADOW,2026-09-22,True,shadow — never published
2026-09-22T15:18:49.023266,ALGO,0.11046,11.18,62.188568893915,31.58,AVOID,SELL,14.420000076293945,0.10038964,0.11549518,0.00335679,2.0,11.18,AVOID,STRONG_SELL,0.09703621,0.11549518,2.67,squeeze,UNGATED_SHADOW,2026-09-22,True,shadow — never published
2026-09-22T15:18:49.023266,ATOM,1.747,55.88,58.67978606471357,57.0,WATCH,WATCH,14.420000076293945,,,0.03297576909660966,,55.88,WATCH,WATCH,,,,squeeze,UNGATED_SHADOW,2026-09-22,True,shadow — never published
2026-09-22T15:18:49.023266,DOGE,0.09948,0.0,58.795601083868185,23.52,AVOID,STRONG_SELL,14.420000076293945,0.087775053,0.103870453,0.002926969,2.67,0.0,AVOID,STRONG_SELL,0.087775053,0.103870453,2.67,squeeze,UNGATED_SHADOW,2026-09-22,True,shadow — never published
2026-09-22T15:18:49.023266,BCH,318.3,2.94,62.09189251127781,26.6,AVOID,SELL,14.420000076293945,287.54669,333.67666,10.2511,2.0,2.94,AVOID,STRONG_SELL,277.30584,333.67666,2.67,squeeze,UNGATED_SHADOW,2026-09-22,True,shadow — never published
2026-09-22T15:18:49.023266,TRX,0.3435,22.35,62.82760954068267,38.54,AVOID,SELL,14.420000076293945,0.33347816,0.34851092,0.00334061,2.0,22.35,AVOID,STRONG_SELL,0.33014089,0.34851092,2.67,squeeze,UNGATED_SHADOW,2026-09-22,True,shadow — never published
2026-09-22T15:18:49.023266,VTHO,0.000701,42.94,57.237003042886066,48.66,WATCH,WATCH,14.420000076293945,,,2.83619269360562e-05,,42.94,AVOID,WATCH,,,,squeeze,UNGATED_SHADOW,2026-09-22,True,shadow — never published
2026-09-22T15:18:49.023266,NEAR,4.429,9.41,60.394749766110834,29.8,AVOID,SELL,14.420000076293945,3.7211348,4.7829326,0.2359551,2.0,9.41,AVOID,STRONG_SELL,3.4854157,4.7829326,2.67,squeeze,UNGATED_SHADOW,2026-09-22,True,shadow — never published
2026-09-22T15:18:49.023266,FET,0.2042,4.71,60.579207772504994,27.06,AVOID,SELL,14.420000076293945,0.16531323,0.22364338,0.01296226,2.0,4.71,AVOID,STRONG_SELL,0.15236394,0.22364338,2.67,squeeze,UNGATED_SHADOW,2026-09-22,True,shadow — never published
2026-09-22T15:18:49.023266,AAVE,142.87,21.18,61.573658662651255,37.34,AVOID,SELL,14.420000076293945,132.99405,147.80797,3.29198,2.0,21.18,AVOID,STRONG_SELL,129.70537,147.80797,2.67,squeeze,UNGATED_SHADOW,2026-09-22,True,shadow — never published
2026-09-22T15:18:49.023266,OP,0.126,64.76,61.732155842686645,63.55,BUY,BUY,14.420000076293945,0.13413678,0.12193161,0.00271226,2.0,64.76,BUY,BUY,0.13413678,0.12193161,2.0,squeeze,UNGATED_SHADOW,2026-09-22,True,shadow — never published
2026-09-22T15:18:49.023266,ETC,8.96,32.35,60.914691096037956,43.78,AVOID,WATCH,14.420000076293945,,,0.2674941945813327,,32.35,AVOID,SELL,8.1575174,9.3612413,2.0,squeeze,UNGATED_SHADOW,2026-09-22,True,shadow — never published
2026-09-22T19:26:52.770681,BTC,86478.48,0.0,58.605774716910545,23.44,AVOID,STRONG_SELL,14.210000038146973,82476.155,87979.727,1000.831,2.67,0.0,AVOID,STRONG_SELL,82476.155,87979.727,2.67,squeeze,UNGATED_SHADOW,2026-09-22,True,shadow — never published
2026-09-22T19:26:52.770681,ETH,2758.01,8.24,58.72280050454646,28.43,AVOID,SELL,14.210000038146973,2636.0269,2819.0016,40.661,2.0,8.24,AVOID,STRONG_SELL,2595.4065,2819.0016,2.67,squeeze,UNGATED_SHADOW,2026-09-22,True,shadow — never published
2026-09-22T19:26:52.770681,ADA,0.2531,11.76,63.69721353126495,32.53,AVOID,SELL,14.210000038146973,0.2329323,0.26318385,0.00672257,2.0,11.76,AVOID,STRONG_SELL,0.22621646,0.26318385,2.67,squeeze,UNGATED_SHADOW,2026-09-22,True,shadow — never published
2026-09-22T19:26:52.770681,BNB,789.08,21.76,56.638560146725986,35.71,AVOID,SELL,14.210000038146973,759.21374,804.01313,9.95542,2.0,21.76,AVOID,STRONG_SELL,749.26828,804.01313,2.67,squeeze,UNGATED_SHADOW,2026-09-22,True,shadow — never published
2026-09-22T19:26:52.770681,XRP,1.5955,0.0,58.91977783839777,23.57,AVOID,STRONG_SELL,14.210000038146973,1.4452525,1.6518569,0.0375713,2.67,0.0,AVOID,STRONG_SELL,1.4452525,1.6518569,2.67,squeeze,UNGATED_SHADOW,2026-09-22,True,shadow — never published
2026-09-22T19:26:52.770681,LTC,63.19,6.47,62.84476105830179,29.02,AVOID,SELL,14.210000038146973,58.748928,65.410536,1.480357,2.0,6.47,AVOID,STRONG_SELL,57.270051,65.410536,2.67,squeeze,UNGATED_SHADOW,2026-09-22,True,shadow — never published
2026-09-22T19:26:52.770681,VET,0.009269,22.94,59.88261185246958,37.72,AVOID,SELL,14.210000038146973,0.0083695593,0.0097187204,0.0002998136,2.0,22.94,AVOID,STRONG_SELL,0.0080700455,0.0097187204,2.67,squeeze,UNGATED_SHADOW,2026-09-22,True,shadow — never published
2026-09-22T19:26:52.770681,LINK,13.061,30.0,56.15453842810733,40.46,AVOID,WATCH,14.210000038146973,,,0.27815988308401873,,30.0,AVOID,SELL,12.22652,13.47824,2.0,squeeze,UNGATED_SHADOW,2026-09-22,True,shadow — never published
2026-09-22T19:26:52.770681,AVAX,10.99,11.76,61.20699184318503,31.54,AVOID,SELL,14.210000038146973,9.694802,11.637599,0.431733,2.0,11.76,AVOID,STRONG_SELL,9.263501,11.637599,2.67,squeeze,UNGATED_SHADOW,2026-09-22,True,shadow — never published
2026-09-22T19:26:52.770681,SOL,118.42,8.24,58.395612617250045,28.3,AVOID,SELL,14.210000038146973,112.17036,121.54482,2.08321,2.0,8.24,AVOID,STRONG_SELL,110.08923,121.54482,2.67,squeeze,UNGATED_SHADOW,2026-09-22,True,shadow — never published
2026-09-22T19:26:52.770681,XLM,0.21747,0.0,62.033351393950475,24.81,AVOID,STRONG_SELL,14.210000038146973,0.19500869,0.2258951,0.00561673,2.67,0.0,AVOID,STRONG_SELL,0.19500869,0.2258951,2.67,squeeze,UNGATED_SHADOW,2026-09-22,True,shadow — never published
2026-09-22T19:26:52.770681,DOT,1.183,39.41,58.92799496108482,47.22,WATCH,WATCH,14.210000038146973,,,0.02706324226148918,,39.41,AVOID,SELL,1.1018103,1.2235949,2.0,squeeze,UNGATED_SHADOW,2026-09-22,True,shadow — never published
2026-09-22T19:26:52.770681,ALGO,0.11166,18.24,61.105532164560756,35.39,AVOID,SELL,14.210000038146973,0.10190395,0.11653802,0.00325202,2.0,18.24,AVOID,STRONG_SELL,0.09865519,0.11653802,2.67,squeeze,UNGATED_SHADOW,2026-09-22,True,shadow — never published
2026-09-22T19:26:52.770681,ATOM,1.785,54.12,61.85700651769283,57.21,WATCH,WATCH,14.210000038146973,,,0.03319178558970896,,54.12,WATCH,WATCH,,,,squeeze,UNGATED_SHADOW,2026-09-22,True,shadow — never published
2026-09-22T19:26:52.770681,DOGE,0.10031,0.0,59.1132539972136,23.65,AVOID,STRONG_SELL,14.210000038146973,0.08897552,0.10456149,0.00283433,2.67,0.0,AVOID,STRONG_SELL,0.08897552,0.10456149,2.67,squeeze,UNGATED_SHADOW,2026-09-22,True,shadow — never published
2026-09-22T19:26:52.770681,BCH,342.7,0.0,62.10721817711302,24.84,AVOID,STRONG_SELL,14.210000038146973,295.38732,360.44669,11.83113,2.67,0.0,AVOID,STRONG_SELL,295.38732,360.44669,2.67,squeeze,UNGATED_SHADOW,2026-09-22,True,shadow — never published
2026-09-22T19:26:52.770681,TRX,0.3429,25.29,62.83924665130617,40.31,AVOID,WATCH,14.210000038146973,,,0.003180569318715557,,25.29,AVOID,SELL,0.33335829,0.34767085,2.0,squeeze,UNGATED_SHADOW,2026-09-22,True,shadow — never published
2026-09-22T19:26:52.770681,VTHO,0.000696,47.06,55.57987063167621,50.47,WATCH,WATCH,14.210000038146973,,,2.7050360726337903e-05,,47.06,WATCH,WATCH,,,,squeeze,UNGATED_SHADOW,2026-09-22,True,shadow — never published
2026-09-22T19:26:52.770681,NEAR,4.369,10.59,60.41337613402445,30.52,AVOID,SELL,14.210000038146973,3.676768,4.715116,0.230744,2.0,10.59,AVOID,STRONG_SELL,3.4462548,4.715116,2.67,squeeze,UNGATED_SHADOW,2026-09-22,True,shadow — never published
2026-09-22T19:26:52.770681,FET,0.2051,4.12,60.80543342151698,26.79,AVOID,SELL,14.210000038146973,0.16791943,0.22369028,0.01239352,2.0,4.12,AVOID,STRONG_SELL,0.1555383,0.22369028,2.67,squeeze,UNGATED_SHADOW,2026-09-22,True,shadow — never published
2026-09-22T19:26:52.770681,AAVE,142.87,22.35,60.36432413761832,37.56,AVOID,SELL,14.199999809265137,133.69948,147.45526,3.05684,2.0,22.35,AVOID,STRONG_SELL,130.6457,147.45526,2.67,squeeze,UNGATED_SHADOW,2026-09-22,True,shadow — never published
2026-09-22T19:26:52.770681,OP,0.131,62.57,61.76641097151926,62.25,BUY,BUY,14.199999809265137,0.13962701,0.1266865,0.00287567,2.0,62.57,BUY,BUY,0.13962701,0.1266865,2.0,squeeze,UNGATED_SHADOW,2026-09-22,True,shadow — never published
2026-09-22T19:26:52.770681,ETC,9.22,25.88,60.94473822184038,39.91,AVOID,SELL,14.199999809265137,8.4062662,9.6268669,0.2712446,2.0,25.88,AVOID,SELL,8.4062662,9.6268669,2.0,squeeze,UNGATED_SHADOW,2026-09-22,True,shadow — never published
2026-09-22T22:35:27.511665,BTC,86235.77,0.0,58.715102777777766,23.49,AVOID,STRONG_SELL,14.210000038146973,82410.83,87670.481,956.474,2.67,0.0,AVOID,STRONG_SELL,82410.83,87670.481,2.67,squeeze,UNGATED_SHADOW,2026-09-22,True,shadow — never published
2026-09-22T22:35:27.511665,ETH,2751.63,7.65,58.83234687499999,28.12,AVOID,SELL,14.210000038146973,2633.3258,2810.7821,39.4347,2.0,7.65,AVOID,STRONG_SELL,2593.9305,2810.7821,2.67,squeeze,UNGATED_SHADOW,2026-09-22,True,shadow — never published
2026-09-22T22:35:27.511665,ADA,0.25169,10.59,63.816039583333314,31.88,AVOID,SELL,14.210000038146973,0.23206653,0.26150174,0.00654116,2.0,10.59,AVOID,STRONG_SELL,0.22553191,0.26150174,2.67,squeeze,UNGATED_SHADOW,2026-09-22,True,shadow — never published
2026-09-22T22:35:27.511665,BNB,784.98,22.35,59.529821875,37.22,AVOID,SELL,14.210000038146973,756.41347,799.26326,9.52218,2.0,22.35,AVOID,STRONG_SELL,746.90082,799.26326,2.67,squeeze,UNGATED_SHADOW,2026-09-22,True,shadow — never published
2026-09-22T22:35:27.511665,XRP,1.5726,0.0,59.02969166666666,23.61,AVOID,STRONG_SELL,14.210000038146973,1.4204468,1.6296717,0.0380478,2.67,0.0,AVOID,STRONG_SELL,1.4204468,1.6296717,2.67,squeeze,UNGATED_SHADOW,2026-09-22,True,shadow — never published
2026-09-22T22:35:27.511665,LTC,63.03,6.47,62.961996875,29.07,AVOID,SELL,14.210000038146973,58.636148,65.226926,1.464617,2.0,6.47,AVOID,STRONG_SELL,57.172995,65.226926,2.67,squeeze,UNGATED_SHADOW,2026-09-22,True,shadow — never published
2026-09-22T22:35:27.511665,VET,0.009241,21.76,59.998015624999994,37.06,AVOID,SELL,14.210000038146973,0.0083569173,0.0096830413,0.0002946942,2.0,21.76,AVOID,STRONG_SELL,0.0080625178,0.0096830413,2.67,squeeze,UNGATED_SHADOW,2026-09-22,True,shadow — never published
2026-09-22T22:35:27.511665,LINK,12.956,30.0,59.85673333333333,41.94,AVOID,WATCH,14.210000038146973,,,0.2728474424555686,,30.0,AVOID,SELL,12.137458,13.365271,2.0,squeeze,UNGATED_SHADOW,2026-09-22,True,shadow — never published
2026-09-22T22:35:27.511665,AVAX,11.228,12.35,61.324947916666666,31.94,AVOID,SELL,14.210000038146973,9.93876,11.87262,0.429747,2.0,12.35,AVOID,STRONG_SELL,9.509443,11.87262,2.67,squeeze,UNGATED_SHADOW,2026-09-22,True,shadow — never published
2026-09-22T22:35:27.511665,SOL,118.41,8.24,58.50815069444444,28.35,AVOID,SELL,14.210000038146973,112.38773,121.42113,2.00742,2.0,8.24,AVOID,STRONG_SELL,110.38232,121.42113,2.67,squeeze,UNGATED_SHADOW,2026-09-22,True,shadow — never published
2026-09-22T22:35:27.511665,XLM,0.21649,0.0,62.15289999999999,24.86,AVOID,STRONG_SELL,14.210000038146973,0.19452763,0.22472795,0.00549196,2.67,0.0,AVOID,STRONG_SELL,0.19452763,0.22472795,2.67,squeeze,UNGATED_SHADOW,2026-09-22,True,shadow — never published
2026-09-22T22:35:27.511665,DOT,1.202,37.65,57.07807777777778,45.42,WATCH,WATCH,14.210000038146973,,,0.027048520875464437,,37.65,AVOID,SELL,1.1208544,1.2425728,2.0,squeeze,UNGATED_SHADOW,2026-09-22,True,shadow — never published
2026-09-22T22:35:27.511665,ALGO,0.11176,24.12,61.22329270833333,38.96,AVOID,SELL,14.210000038146973,0.10231525,0.11648237,0.00314825,2.0,24.12,AVOID,STRONG_SELL,0.09917015,0.11648237,2.67,squeeze,UNGATED_SHADOW,2026-09-22,True,shadow — never published
2026-09-22T22:35:27.511665,ATOM,1.8,54.71,60.93001874999999,57.2,WATCH,WATCH,14.210000038146973,,,0.03250971927207671,,54.71,WATCH,WATCH,,,,squeeze,UNGATED_SHADOW,2026-09-22,True,shadow — never published
2026-09-22T22:35:27.511665,DOGE,0.10061,0.0,60.82057708333332,24.33,AVOID,STRONG_SELL,14.210000038146973,0.08967033,0.1047134,0.0027356,2.67,0.0,AVOID,STRONG_SELL,0.08967033,0.1047134,2.67,squeeze,UNGATED_SHADOW,2026-09-22,True,shadow — never published
2026-09-22T22:35:27.511665,BCH,338.4,0.0,62.230740624999996,24.89,AVOID,STRONG_SELL,14.210000038146973,289.63944,356.68978,12.19319,2.67,0.0,AVOID,STRONG_SELL,289.63944,356.68978,2.67,squeeze,UNGATED_SHADOW,2026-09-22,True,shadow — never published
2026-09-22T22:35:27.511665,TRX,0.3404,26.47,62.401875,40.84,AVOID,WATCH,14.210000038146973,,,0.0031462429388073015,,26.47,AVOID,SELL,0.33096127,0.34511936,2.0,squeeze,UNGATED_SHADOW,2026-09-22,True,shadow — never published
2026-09-22T22:35:27.511665,VTHO,0.00069,48.82,55.6904111111111,51.57,WATCH,WATCH,14.210000038146973,,,2.5118192103028054e-05,,48.82,WATCH,WATCH,,,,squeeze,UNGATED_SHADOW,2026-09-22,True,shadow — never published
2026-09-22T22:35:27.511665,NEAR,4.356,11.18,60.52980277777777,30.92,AVOID,SELL,14.210000038146973,3.6866417,4.6906791,0.2231194,2.0,11.18,AVOID,STRONG_SELL,3.4637454,4.6906791,2.67,squeeze,UNGATED_SHADOW,2026-09-22,True,shadow — never published
2026-09-22T22:35:27.511665,FET,0.209,2.94,60.92261562499999,26.13,AVOID,SELL,14.210000038146973,0.17387519,0.22656241,0.01170827,2.0,2.94,AVOID,STRONG_SELL,0.16217862,0.22656241,2.67,squeeze,UNGATED_SHADOW,2026-09-22,True,shadow — never published
2026-09-22T22:35:27.511665,AAVE,144.15,20.59,59.22952013888889,36.05,AVOID,SELL,14.210000038146973,135.16309,148.64346,2.99564,2.0,20.59,AVOID,STRONG_SELL,132.17045,148.64346,2.67,squeeze,UNGATED_SHADOW,2026-09-22,True,shadow — never published
2026-09-22T22:35:27.511665,OP,0.131,62.15,61.88544513888888,62.04,BUY,BUY,14.210000038146973,0.13901079,0.1269946,0.00267026,2.0,62.15,BUY,BUY,0.13901079,0.1269946,2.0,squeeze,UNGATED_SHADOW,2026-09-22,True,shadow — never published
2026-09-22T22:35:27.511665,ETC,9.36,22.35,62.007776388888885,38.21,AVOID,SELL,14.210000038146973,8.5722472,9.7538764,0.2625843,2.0,22.35,AVOID,STRONG_SELL,8.3099255,9.7538764,2.67,squeeze,UNGATED_SHADOW,2026-09-22,True,shadow — never published
2026-09-23T01:06:56.808406,BTC,86609.28,0.0,58.65631538433638,23.46,AVOID,STRONG_SELL,14.210000038146973,82888.192,88005.037,930.505,2.67,0.0,AVOID,STRONG_SELL,82888.192,88005.037,2.67,squeeze,UNGATED_SHADOW,2026-09-23,True,shadow — never published
2026-09-23T01:06:56.808406,ETH,2767.37,7.65,58.773442093109196,28.1,AVOID,SELL,14.210000038146973,2650.9224,2825.5938,38.8159,2.0,7.65,AVOID,STRONG_SELL,2612.1453,2825.5938,2.67,squeeze,UNGATED_SHADOW,2026-09-23,True,shadow — never published
2026-09-23T01:06:56.808406,ADA,0.25425,8.82,63.7560665089085,30.79,AVOID,SELL,14.210000038146973,0.23430259,0.2642237,0.00664914,2.0,8.82,AVOID,STRONG_SELL,0.2276601,0.2642237,2.67,squeeze,UNGATED_SHADOW,2026-09-23,True,shadow — never published
2026-09-23T01:06:56.808406,BNB,791.54,22.35,57.86152830618335,36.55,AVOID,SELL,14.210000038146973,763.22037,805.69982,9.43988,2.0,22.35,AVOID,STRONG_SELL,753.78993,805.69982,2.67,squeeze,UNGATED_SHADOW,2026-09-23,True,shadow — never published
2026-09-23T01:06:56.808406,XRP,1.5898,0.0,58.97058929701117,23.59,AVOID,STRONG_SELL,14.210000038146973,1.4419737,1.6452487,0.0369658,2.67,0.0,AVOID,STRONG_SELL,1.4419737,1.6452487,2.67,squeeze,UNGATED_SHADOW,2026-09-23,True,shadow — never published
2026-09-23T01:06:56.808406,LTC,62.93,6.47,62.89895735863988,29.04,AVOID,SELL,14.210000038146973,58.638464,65.075768,1.430512,2.0,6.47,AVOID,STRONG_SELL,57.209382,65.075768,2.67,squeeze,UNGATED_SHADOW,2026-09-23,True,shadow — never published
2026-09-23T01:06:56.808406,VET,0.009443,15.29,59.94163065532916,33.15,AVOID,SELL,14.210000038146973,0.0085824232,0.0098732884,0.0002868589,2.0,15.29,AVOID,STRONG_SELL,0.0082958511,0.0098732884,2.67,squeeze,UNGATED_SHADOW,2026-09-23,True,shadow — never published
2026-09-23T01:06:56.808406,LINK,13.072,26.47,56.20987952784642,38.37,AVOID,SELL,14.210000038146973,12.270063,13.472969,0.267312,2.0,26.47,AVOID,SELL,12.270063,13.472969,2.0,squeeze,UNGATED_SHADOW,2026-09-23,True,shadow — never published
2026-09-23T01:06:56.808406,AVAX,11.127,13.53,61.26731592180272,32.62,AVOID,SELL,14.210000038146973,9.26215,12.059425,0.621617,2.0,13.53,AVOID,STRONG_SELL,8.641155,12.059425,2.67,squeeze,UNGATED_SHADOW,2026-09-23,True,shadow — never published
2026-09-23T01:06:56.808406,SOL,118.98,8.24,58.45316587089591,28.33,AVOID,SELL,14.210000038146973,113.0406,121.9497,1.9798,2.0,8.24,AVOID,STRONG_SELL,111.06278,121.9497,2.67,squeeze,UNGATED_SHADOW,2026-09-23,True,shadow — never published
2026-09-23T01:06:56.808406,XLM,0.21745,0.0,62.09067057668361,24.84,AVOID,STRONG_SELL,14.210000038146973,0.19628024,0.22539065,0.00529376,2.67,0.0,AVOID,STRONG_SELL,0.19628024,0.22539065,2.67,squeeze,UNGATED_SHADOW,2026-09-23,True,shadow — never published
2026-09-23T01:06:56.808406,DOT,1.223,32.35,57.21502101065197,42.3,AVOID,WATCH,14.210000038146973,,,0.027759340812931257,,32.35,AVOID,SELL,1.139722,1.264639,2.0,squeeze,UNGATED_SHADOW,2026-09-23,True,shadow — never published
2026-09-23T01:06:56.808406,ALGO,0.11199,30.0,61.16951845726814,42.47,AVOID,WATCH,14.210000038146973,,,0.0031153129161443464,,30.0,AVOID,SELL,0.10264406,0.11666297,2.0,squeeze,UNGATED_SHADOW,2026-09-23,True,shadow — never published
2026-09-23T01:06:56.808406,ATOM,1.828,43.53,59.48637444258451,49.91,WATCH,WATCH,14.210000038146973,,,0.03608045360978551,,43.53,AVOID,WATCH,,,,squeeze,UNGATED_SHADOW,2026-09-23,True,shadow — never published
2026-09-23T01:06:56.808406,DOGE,0.10118,0.0,60.763419086381546,24.31,AVOID,STRONG_SELL,14.210000038146973,0.09060756,0.10514566,0.00264377,2.67,0.0,AVOID,STRONG_SELL,0.09060756,0.10514566,2.67,squeeze,UNGATED_SHADOW,2026-09-23,True,shadow — never published
2026-09-23T01:06:56.808406,BCH,343.7,0.0,62.17225738374306,24.87,AVOID,STRONG_SELL,14.210000038146973,295.13948,361.91475,12.14317,2.67,0.0,AVOID,STRONG_SELL,295.13948,361.91475,2.67,squeeze,UNGATED_SHADOW,2026-09-23,True,shadow — never published
2026-09-23T01:06:56.808406,TRX,0.3429,32.35,61.578804208219864,44.04,AVOID,WATCH,14.210000038146973,,,0.0030541643615455603,,32.35,AVOID,SELL,0.33373751,0.34748125,2.0,squeeze,UNGATED_SHADOW,2026-09-23,True,shadow — never published
2026-09-23T01:06:56.808406,VTHO,0.000699,49.41,59.85062165219617,53.59,WATCH,WATCH,14.210000038146973,,,2.427301511607707e-05,,49.41,WATCH,WATCH,,,,squeeze,UNGATED_SHADOW,2026-09-23,True,shadow — never published
2026-09-23T01:06:56.808406,NEAR,4.4,14.71,60.4691984500583,33.01,AVOID,SELL,14.210000038146973,3.74905,4.725475,0.2169833,2.0,14.71,AVOID,STRONG_SELL,3.5322836,4.725475,2.67,squeeze,UNGATED_SHADOW,2026-09-23,True,shadow — never published
2026-09-23T01:06:56.808406,FET,0.2102,1.76,60.86536173420877,25.4,AVOID,SELL,14.210000038146973,0.17659686,0.22700157,0.01120105,2.0,1.76,AVOID,STRONG_SELL,0.16540701,0.22700157,2.67,squeeze,UNGATED_SHADOW,2026-09-23,True,shadow — never published
2026-09-23T01:06:56.808406,AAVE,148.16,15.29,58.06411585168956,32.4,AVOID,SELL,14.210000038146973,138.79088,152.84456,3.12304,2.0,15.29,AVOID,STRONG_SELL,135.67096,152.84456,2.67,squeeze,UNGATED_SHADOW,2026-09-23,True,shadow — never published
2026-09-23T01:06:56.808406,OP,0.137,38.24,61.83108929951851,47.68,WATCH,WATCH,14.210000038146973,,,0.002882591782008268,,38.24,AVOID,SELL,0.12835222,0.14132389,2.0,squeeze,UNGATED_SHADOW,2026-09-23,True,shadow — never published
2026-09-23T01:06:56.808406,ETC,9.41,16.47,61.949502685090145,34.66,AVOID,SELL,14.210000038146973,8.5987703,9.8156148,0.2704099,2.0,16.47,AVOID,STRONG_SELL,8.3286308,9.8156148,2.67,squeeze,UNGATED_SHADOW,2026-09-23,True,shadow — never published
2026-09-23T07:04:57.069733,BTC,86462.64,0.59,58.43502500844649,23.73,AVOID,STRONG_SELL,14.869999885559082,82654.397,87891.088,952.299,2.67,0.59,AVOID,STRONG_SELL,82654.397,87891.088,2.67,squeeze,UNGATED_SHADOW,2026-09-23,True,shadow — never published
2026-09-23T07:04:57.069733,ETH,2752.55,8.24,58.55170983788813,28.36,AVOID,SELL,14.869999885559082,2632.4399,2812.605,40.0367,2.0,8.24,AVOID,STRONG_SELL,2592.4433,2812.605,2.67,squeeze,UNGATED_SHADOW,2026-09-23,True,shadow — never published
2026-09-23T07:04:57.069733,ADA,0.25811,5.88,63.511629760843476,28.93,AVOID,SELL,14.869999885559082,0.23728751,0.26852125,0.00694083,2.0,5.88,AVOID,STRONG_SELL,0.23035362,0.26852125,2.67,squeeze,UNGATED_SHADOW,2026-09-23,True,shadow — never published
2026-09-23T07:04:57.069733,BNB,791.58,21.76,57.45855555195775,36.04,AVOID,SELL,14.869999885559082,762.47835,806.13082,9.70055,2.0,21.76,AVOID,STRONG_SELL,752.7875,806.13082,2.67,squeeze,UNGATED_SHADOW,2026-09-23,True,shadow — never published
2026-09-23T07:04:57.069733,XRP,1.6221,0.0,58.74811327228173,23.5,AVOID,STRONG_SELL,14.869999885559082,1.4604735,1.6827251,0.0404167,2.67,0.0,AVOID,STRONG_SELL,1.4604735,1.6827251,2.67,squeeze,UNGATED_SHADOW,2026-09-23,True,shadow — never published
2026-09-23T07:04:57.069733,LTC,64.31,5.29,62.661660934107005,28.24,AVOID,SELL,14.869999885559082,59.805206,66.562397,1.501598,2.0,5.29,AVOID,STRONG_SELL,58.30511,66.562397,2.67,squeeze,UNGATED_SHADOW,2026-09-23,True,shadow — never published
2026-09-23T07:04:57.069733,VET,0.009924,6.47,60.29852489235877,28.0,AVOID,SELL,14.869999885559082,0.0089997348,0.0103861326,0.0003080884,2.0,6.47,AVOID,STRONG_SELL,0.0086919545,0.0103861326,2.67,squeeze,UNGATED_SHADOW,2026-09-23,True,shadow — never published
2026-09-23T07:04:57.069733,LINK,13.035,25.29,58.26112240861113,38.48,AVOID,SELL,14.869999885559082,12.214227,13.445387,0.273591,2.0,25.29,AVOID,SELL,12.214227,13.445387,2.0,squeeze,UNGATED_SHADOW,2026-09-23,True,shadow — never published
2026-09-23T07:04:57.069733,AVAX,11.148,14.71,61.03242088691995,33.24,AVOID,SELL,14.869999885559082,9.365843,12.039078,0.594052,2.0,14.71,AVOID,STRONG_SELL,8.772385,12.039078,2.67,squeeze,UNGATED_SHADOW,2026-09-23,True,shadow — never published
2026-09-23T07:04:57.069733,SOL,118.83,8.24,58.22906011026854,28.24,AVOID,SELL,14.869999885559082,112.85627,121.81687,1.99124,2.0,8.24,AVOID,STRONG_SELL,110.86702,121.81687,2.67,squeeze,UNGATED_SHADOW,2026-09-23,True,shadow — never published
2026-09-23T07:04:57.069733,XLM,0.22037,0.0,62.39116609040513,24.96,AVOID,STRONG_SELL,14.869999885559082,0.19786451,0.22881167,0.00562778,2.67,0.0,AVOID,STRONG_SELL,0.19786451,0.22881167,2.67,squeeze,UNGATED_SHADOW,2026-09-23,True,shadow — never published
2026-09-23T07:04:57.069733,DOT,1.191,35.88,58.759924024720284,45.03,WATCH,WATCH,14.869999885559082,,,0.028521428714048412,,35.88,AVOID,SELL,1.1054357,1.2337821,2.0,squeeze,UNGATED_SHADOW,2026-09-23,True,shadow — never published
2026-09-23T07:04:57.069733,ALGO,0.11197,31.18,60.93125058558063,43.08,AVOID,WATCH,14.869999885559082,,,0.003270035462950362,,31.18,AVOID,SELL,0.10215989,0.11687505,2.0,squeeze,UNGATED_SHADOW,2026-09-23,True,shadow — never published
2026-09-23T07:04:57.069733,ATOM,1.837,37.06,58.97429792429795,45.83,WATCH,WATCH,14.869999885559082,,,0.03622776814786207,,37.06,AVOID,SELL,1.7283167,1.8913417,2.0,squeeze,UNGATED_SHADOW,2026-09-23,True,shadow — never published
2026-09-23T07:04:57.069733,DOGE,0.10211,0.0,60.53045596026534,24.21,AVOID,STRONG_SELL,14.869999885559082,0.09062396,0.10641834,0.00287223,2.67,0.0,AVOID,STRONG_SELL,0.09062396,0.10641834,2.67,squeeze,UNGATED_SHADOW,2026-09-23,True,shadow — never published
2026-09-23T07:04:57.069733,BCH,354.6,0.0,61.93389286022558,24.77,AVOID,STRONG_SELL,14.869999885559082,301.96508,374.34303,13.16202,2.67,0.0,AVOID,STRONG_SELL,301.96508,374.34303,2.67,squeeze,UNGATED_SHADOW,2026-09-23,True,shadow — never published
2026-09-23T07:04:57.069733,TRX,0.3452,44.71,58.76950933255398,50.33,WATCH,WATCH,14.869999885559082,,,0.00316611180510863,,44.71,AVOID,WATCH,,,,squeeze,UNGATED_SHADOW,2026-09-23,True,shadow — never published
2026-09-23T07:04:57.069733,VTHO,0.000719,33.53,59.48026070322482,43.91,AVOID,WATCH,14.869999885559082,,,2.9523922199622586e-05,,33.53,AVOID,SELL,0.00063042823,0.00076328588,2.0,squeeze,UNGATED_SHADOW,2026-09-23,True,shadow — never published
2026-09-23T07:04:57.069733,NEAR,4.444,20.59,60.24106868147166,36.45,AVOID,SELL,14.869999885559082,3.7700719,4.780964,0.2246427,2.0,20.59,AVOID,STRONG_SELL,3.5456539,4.780964,2.67,squeeze,UNGATED_SHADOW,2026-09-23,True,shadow — never published
2026-09-23T07:04:57.069733,FET,0.2158,1.18,61.3623430495875,25.25,AVOID,SELL,14.869999885559082,0.18321035,0.23209483,0.01086322,2.0,1.18,AVOID,STRONG_SELL,0.17235799,0.23209483,2.67,squeeze,UNGATED_SHADOW,2026-09-23,True,shadow — never published
2026-09-23T07:04:57.069733,AAVE,152.44,10.0,58.33201871530819,29.33,AVOID,SELL,14.869999885559082,141.3401,157.98995,3.69997,2.0,10.0,AVOID,STRONG_SELL,137.64383,157.98995,2.67,squeeze,UNGATED_SHADOW,2026-09-23,True,shadow — never published
2026-09-23T07:04:57.069733,OP,0.136,37.06,61.590244473156034,46.87,WATCH,WATCH,14.869999885559082,,,0.002875671960844412,,37.06,AVOID,SELL,0.12737298,0.14031351,2.0,squeeze,UNGATED_SHADOW,2026-09-23,True,shadow — never published
2026-09-23T07:04:57.069733,ETC,9.44,9.41,61.71199218907368,30.33,AVOID,SELL,14.869999885559082,8.6867153,9.8166424,0.2510949,2.0,9.41,AVOID,STRONG_SELL,8.4358715,9.8166424,2.67,squeeze,UNGATED_SHADOW,2026-09-23,True,shadow — never published
