n_events,seed,BTC_net,BTC_ex,BTC_n,ETH_net,ETH_ex,ETH_n,SOL_net,SOL_ex,SOL_n
10,0,-0.4299999999999999,,10,0.7761000000000001,,10,-0.4141,,10
10,1,0.038999999999999965,,10,-0.13569999999999988,,10,0.47829999999999995,,10
10,2,0.7562000000000001,,10,0.7656000000000001,,10,0.7768,,10
10,3,-0.4293999999999999,,10,0.47830000000000006,,10,0.48040000000000005,,10
10,4,-0.4412,,10,-0.43299999999999994,,10,-0.1204,,10
10,5,0.7738000000000002,,10,0.178,,10,0.18280000000000002,,10
10,6,-0.7316,,10,-0.7263,,10,-0.4152999999999999,,10
10,7,0.4774,,10,0.1809,,10,-0.4135,,10
10,8,-0.12539999999999993,,10,0.1818,,10,0.4837000000000001,,10
10,9,-0.1334,,10,0.17239999999999994,,10,-0.11269999999999995,,10
10,10,0.058636363636363716,,11,0.33999999999999997,,11,0.07400000000000002,,11
10,11,0.7607,,10,0.46930000000000005,,10,0.4828000000000001,,10
10,12,-1.0339,,10,-0.7283,,10,-0.7180000000000001,,10
10,13,-0.01799999999999995,,10,0.1781000000000001,,10,0.4861,,10
10,14,-0.13949999999999996,,10,0.47050000000000003,,10,0.1859,,10
10,15,-0.4300999999999999,,10,-0.7232000000000001,,10,-0.7167,,10
10,16,-0.01620000000000001,,10,-0.1293999999999999,,10,0.07229999999999996,,10
10,17,0.16940000000000002,,10,-0.4243,,10,0.17109999999999997,,10
10,18,0.16069999999999998,,10,-0.1371,,10,-0.4185,,10
10,19,-0.32850000000000007,,10,0.17230000000000004,,10,-0.11739999999999999,,10
10,20,-0.42699999999999994,,10,-0.7232,,10,-0.11719999999999997,,10
10,21,0.1688,,10,0.47620000000000007,,10,0.18520000000000003,,10
10,22,-0.44719999999999993,,10,0.16400000000000006,,10,0.47309999999999997,,10
10,23,-0.42589999999999995,,10,0.47960000000000014,,10,0.18550000000000005,,10
10,24,0.33536363636363636,,11,0.07081818181818185,,11,0.6240909090909091,,11
10,25,0.17070000000000002,,10,-0.42219999999999996,,10,-0.11439999999999997,,10
10,26,-0.4282,,10,-0.4212999999999999,,10,-0.3165,,10
10,27,0.7670999999999999,,10,0.4766000000000001,,10,-0.009099999999999952,,10
10,28,0.16750000000000004,,10,-0.12739999999999999,,10,0.18740000000000007,,10
10,29,-0.13969999999999996,,10,-0.131,,10,-0.11859999999999997,,10
10,30,-0.13269999999999998,,10,0.475,,10,-0.13399999999999995,,10
10,31,0.16870000000000002,,10,-0.4239,,10,0.48599999999999993,,10
10,32,-0.7396,,10,0.16309999999999997,,10,0.18069999999999994,,10
10,33,-0.13459999999999994,,10,-0.1272999999999999,,10,-0.12399999999999993,,10
10,34,-0.4326,,10,-1.0269,,10,-0.11779999999999997,,10
10,35,-0.4343,,10,-0.42729999999999996,,10,-0.4175,,10
10,36,-0.42799999999999994,,10,0.17880000000000001,,10,-0.2273999999999999,,10
10,37,0.16259999999999997,,10,0.7702000000000001,,10,0.7719000000000001,,10
10,38,1.1944000000000001,,10,0.7759,,10,1.0858999999999999,,10
10,39,0.7681000000000001,,10,0.4726000000000001,,10,-0.11929999999999996,,10
10,40,-0.12919999999999995,,10,-0.1244999999999999,,10,-0.41819999999999985,,10
10,41,0.4598,,10,0.47020000000000006,,10,0.4765,,10
10,42,0.7661,,10,-0.42989999999999995,,10,0.7821,,10
10,43,-0.7318,,10,-0.7253999999999999,,10,-0.7154999999999999,,10
10,44,-0.2821,,10,-0.12849999999999995,,10,-0.11669999999999998,,10
10,45,0.7660000000000001,,10,0.4724000000000001,,10,0.5734,,10
10,46,0.76,,10,0.7699,,10,0.4913,,10
10,47,-0.4298,,10,-0.1242,,10,-0.11579999999999997,,10
10,48,-0.0413,,10,-0.4241,,10,-0.4129999999999999,,10
10,49,0.4598000000000001,,10,0.1654,,10,-0.7182999999999999,,10
10,50,0.4640000000000001,,10,0.1711,,10,-0.4183,,10
10,51,0.6027272727272728,,11,0.06636363636363635,,11,0.07190909090909094,,11
10,52,0.17009999999999997,,10,0.4780000000000001,,10,0.4885,,10
10,53,-0.21609090909090908,,11,0.8806363636363638,,11,0.6084545454545455,,11
10,54,-0.7357999999999999,,10,-0.7295,,10,-0.4193999999999999,,10
10,55,0.4781000000000001,,10,-0.11790000000000003,,10,-0.1123999999999999,,10
10,56,-0.008200000000000074,,10,0.4702,,10,0.18460000000000001,,10
10,57,-0.7397,,10,0.4675000000000001,,10,0.47830000000000006,,10
10,58,0.16469999999999996,,10,-0.1300999999999999,,10,0.18150000000000005,,10
10,59,-0.13739999999999997,,10,0.1699,,10,0.18440000000000006,,10
10,60,-0.758909090909091,,11,-0.4798181818181817,,11,-0.1948181818181818,,11
10,61,0.16320000000000004,,10,0.5374,,10,0.19670000000000007,,10
10,62,-0.13809999999999995,,10,-0.43389999999999995,,10,0.17710000000000004,,10
10,63,0.4681,,10,0.7774000000000001,,10,0.37329999999999985,,10
10,64,-0.15009999999999998,,10,0.1619,,10,-0.12029999999999996,,10
10,65,-0.43200000000000005,,10,0.17389999999999997,,10,-0.11309999999999998,,10
10,66,-0.3498,,10,-0.4236,,10,-0.39030000000000004,,10
10,67,0.4654000000000001,,10,0.1688,,10,0.18799999999999997,,10
10,68,0.8590909090909092,,11,0.8685454545454546,,11,1.1513636363636364,,11
10,69,-0.14289999999999997,,10,-0.4342,,10,0.18550000000000005,,10
10,70,0.7625,,10,0.17060000000000003,,10,-0.11709999999999995,,10
10,71,0.16560000000000002,,10,0.47509999999999997,,10,0.7858,,10
10,72,-0.4383000000000001,,10,-0.43100000000000005,,10,0.16710000000000005,,10
10,73,-0.14569999999999997,,10,-0.1419999999999999,,10,-0.4311,,10
10,74,-0.4351,,10,-0.7276,,10,-0.11719999999999994,,10
10,75,0.16989999999999997,,10,-0.12340000000000002,,10,0.18359999999999999,,10
10,76,0.4525,,10,0.16640000000000005,,10,-0.12689999999999996,,10
10,77,-0.4264,,10,0.17910000000000004,,10,0.18490000000000006,,10
10,78,-0.43500000000000005,,10,-0.7263999999999997,,10,-0.7182000000000001,,10
10,79,-0.14229999999999995,,10,-0.13560000000000005,,10,0.4781000000000001,,10
10,80,-0.13379999999999992,,10,-0.42639999999999995,,10,0.18870000000000003,,10
10,81,-0.13890000000000002,,10,0.16610000000000003,,10,0.7851000000000001,,10
10,82,-0.7215999999999999,,10,-0.4177999999999999,,10,-0.11329999999999993,,10
10,83,0.9649000000000001,,10,0.17100000000000007,,10,0.48739999999999994,,10
10,84,-0.4243,,10,0.1814,,10,-0.7104999999999999,,10
10,85,0.16290000000000002,,10,-0.12769999999999998,,10,-0.12069999999999996,,10
10,86,0.16019999999999995,,10,0.4664,,10,0.1831,,10
10,87,-0.4367,,10,-0.12719999999999998,,10,0.18690000000000007,,10
10,88,0.4659,,10,0.475,,10,0.16290000000000002,,10
10,89,-0.13079999999999994,,10,-0.12459999999999997,,10,0.4492000000000001,,10
10,90,0.17300000000000001,,10,0.17840000000000006,,10,-0.11319999999999997,,10
10,91,1.0650000000000002,,10,1.07,,10,0.4788999999999999,,10
10,92,-0.2235454545454546,,11,-0.21590909090909083,,11,-0.3019090909090909,,11
10,93,0.15479999999999994,,10,0.1638,,10,0.7832,,10
10,94,-0.13140000000000004,,10,-0.4257999999999999,,10,-0.43450000000000005,,10
10,95,-0.15649999999999994,,10,0.17910000000000004,,10,0.17200000000000004,,10
10,96,-0.7411000000000001,,10,-0.4333,,10,-0.4192,,10
10,97,-0.13210000000000002,,10,-0.7253,,10,-0.11889999999999992,,10
10,98,-0.4347,,10,-0.43079999999999996,,10,0.18060000000000004,,10
10,99,0.17279999999999998,,10,0.4769,,10,0.10100000000000009,,10
10,100,-0.43579999999999997,,10,-0.4304,,10,-0.1205999999999999,,10
10,101,-0.4303,,10,-0.42519999999999997,,10,-0.11559999999999988,,10
10,102,-0.4351,,10,-0.7292,,10,0.17960000000000004,,10
10,103,0.4624,,10,-0.13279999999999995,,10,0.48150000000000015,,10
10,104,-0.1313999999999999,,10,-0.7274,,10,-0.11399999999999995,,10
10,105,0.7700999999999999,,10,0.4751,,10,0.4692,,10
10,106,-0.13030000000000003,,10,-0.4250999999999999,,10,-0.11579999999999997,,10
10,107,0.17330000000000004,,10,-0.12320000000000005,,10,-0.11619999999999989,,10
10,108,-0.11690909090909081,,11,0.07409090909090915,,11,0.08027272727272732,,11
10,109,-0.43620000000000003,,10,-0.7314999999999999,,10,-0.11469999999999989,,10
10,110,0.1647,,10,0.0516,,10,-0.11399999999999996,,10
10,111,0.4772,,10,0.1817000000000001,,10,0.6192000000000001,,10
10,112,-0.13259999999999994,,10,-0.42519999999999997,,10,-0.012300000000000023,,10
10,113,1.0657,,10,0.17420000000000008,,10,0.4873000000000001,,10
10,114,-0.13930000000000003,,10,-0.13119999999999996,,10,-0.11809999999999998,,10
10,115,-0.7561,,10,-0.7476,,10,-0.42069999999999996,,10
10,116,-0.4276,,10,-0.4248,,10,-0.1187,,10
10,117,0.7697,,10,0.7765000000000001,,10,0.8036,,10
10,118,-0.13910000000000008,,10,-0.13440000000000002,,10,-0.11839999999999998,,10
10,119,-0.027000000000000003,,10,-0.12619999999999998,,10,-0.4164,,10
10,120,-1.0369000000000002,,10,-0.42919999999999997,,10,-0.7163999999999999,,10
10,121,-0.7384,,10,-0.42879999999999996,,10,-0.41899999999999993,,10
10,122,-1.0341,,10,-1.0258999999999998,,10,-0.8536999999999999,,10
10,123,-0.053400000000000024,,10,0.17350000000000004,,10,0.8002,,10
10,124,0.17160000000000003,,10,0.7765000000000001,,10,1.0856999999999999,,10
10,125,-0.13170000000000004,,10,0.17330000000000004,,10,0.18560000000000004,,10
10,126,-0.13889999999999997,,10,-0.4314,,10,0.4824,,10
10,127,-0.13669999999999996,,10,-0.1306,,10,-0.11860000000000001,,10
10,128,0.46290000000000003,,10,0.4721,,10,-0.02059999999999995,,10
10,129,-0.12779999999999997,,10,0.4785000000000001,,10,-0.11539999999999995,,10
10,130,-0.13039999999999996,,10,0.17650000000000002,,10,-0.1153,,10
10,131,-0.13879999999999998,,10,-0.12839999999999993,,10,-0.12649999999999997,,10
10,132,0.2685,,10,-0.12819999999999995,,10,0.7742999999999999,,10
10,133,-0.2935,,10,-0.12519999999999998,,10,0.18980000000000002,,10
10,134,-0.4786363636363637,,11,0.3434545454545455,,11,0.07890909090909096,,11
10,135,0.4612000000000001,,10,0.77,,10,0.19410000000000008,,10
10,136,-0.4246,,10,-0.7196,,10,-0.11389999999999997,,10
10,137,-0.13439999999999996,,10,-0.7269,,10,-0.7142999999999999,,10
10,138,-0.22618181818181815,,11,-0.2173636363636363,,11,-0.4868181818181817,,11
10,139,1.0676,,10,0.475,,10,0.1849,,10
10,140,0.4718000000000001,,10,0.47890000000000005,,10,-0.13389999999999996,,10
10,141,0.7704000000000001,,10,0.7765000000000001,,10,0.48240000000000016,,10
10,142,0.15230000000000005,,10,0.15980000000000008,,10,0.7815999999999999,,10
10,143,-0.1375,,10,0.17140000000000005,,10,0.2941000000000001,,10
10,144,0.16829999999999998,,10,-0.4241999999999999,,10,-0.42989999999999995,,10
10,145,0.4585000000000001,,10,0.7694000000000002,,10,0.17980000000000004,,10
10,146,0.1776000000000001,,10,0.18149999999999997,,10,0.7838,,10
10,147,-0.4351999999999999,,10,-0.12569999999999995,,10,0.4796,,10
10,148,-0.14089999999999994,,10,0.0498,,10,-0.10759999999999995,,10
10,149,-0.20872727272727268,,11,-0.475090909090909,,11,-0.3781818181818182,,11
10,150,-0.045499999999999964,,10,-0.1328999999999999,,10,-0.12279999999999995,,10
10,151,-0.13859999999999997,,10,-0.12899999999999998,,10,-0.7172999999999999,,10
10,152,-0.13110000000000002,,10,-0.4241,,10,-0.41559999999999997,,10
10,153,-0.44580000000000003,,10,-0.43979999999999997,,10,-0.4168,,10
10,154,-0.33720000000000006,,10,-0.42699999999999994,,10,0.17919999999999997,,10
10,155,0.16550000000000004,,10,-0.12899999999999995,,10,0.7835000000000001,,10
10,156,0.16520000000000004,,10,-0.12730000000000002,,10,0.7835000000000001,,10
10,157,-0.4225,,10,0.18240000000000003,,10,0.00820000000000003,,10
10,158,0.3288181818181819,,11,-0.21372727272727274,,11,-0.09799999999999995,,11
10,159,-0.7320999999999999,,10,-0.7265999999999999,,10,-0.418,,10
10,160,0.7722,,10,0.17690000000000003,,10,0.4797999999999999,,10
10,161,-0.7322999999999998,,10,-0.4246999999999999,,10,0.18580000000000005,,10
10,162,0.7630000000000001,,10,-0.13059999999999994,,10,0.17840000000000006,,10
10,163,-0.0324444444444444,,9,-0.696,,9,-0.3493333333333333,,9
10,164,-0.42969999999999997,,10,-0.7261999999999998,,10,-0.7204999999999999,,10
10,165,0.8707,,10,0.4748000000000001,,10,0.4697000000000001,,10
10,166,0.06372727272727276,,11,0.06936363636363646,,11,-0.1952727272727272,,11
10,167,-0.13710000000000003,,10,-0.42779999999999996,,10,-0.13409999999999997,,10
10,168,-0.14350000000000002,,10,-0.4392999999999999,,10,-0.4131,,10
10,169,0.1753,,10,-0.4196999999999999,,10,0.18470000000000003,,10
10,170,-0.43899999999999995,,10,-0.2545,,10,0.48150000000000004,,10
10,171,-0.43000000000000005,,10,-0.4266,,10,0.1863,,10
10,172,-0.42539999999999994,,10,-0.4194999999999999,,10,-0.7142000000000001,,10
10,173,-0.13469999999999993,,10,0.17430000000000004,,10,0.18650000000000005,,10
10,174,0.37440000000000007,,10,-0.4215999999999999,,10,0.18470000000000003,,10
10,175,0.7626,,10,0.47050000000000003,,10,0.4814,,10
10,176,-0.12799999999999995,,10,-0.12249999999999997,,10,0.48630000000000007,,10
10,177,-0.43859999999999993,,10,-0.12850000000000003,,10,-0.1155,,10
10,178,0.15500000000000003,,10,-0.1386,,10,0.18119999999999997,,10
10,179,-0.4377,,10,-0.13389999999999996,,10,-0.236,,10
10,180,-0.7389999999999999,,10,-0.4309999999999999,,10,-0.11859999999999997,,10
10,181,-0.138,,10,0.1692,,10,0.19350000000000006,,10
10,182,-0.7337999999999999,,10,-0.7266,,10,-0.41509999999999997,,10
10,183,-0.13099999999999995,,10,-0.7268,,10,-0.4175999999999999,,10
10,184,-0.44589999999999996,,10,-0.4412,,10,-0.1323,,10
10,185,0.4678999999999999,,10,0.2413,,10,-0.13009999999999997,,10
10,186,0.47170000000000006,,10,0.17740000000000014,,10,0.9033,,10
10,187,-0.13699999999999998,,10,-0.1286,,10,-0.41689999999999994,,10
10,188,0.8738999999999999,,10,0.4676000000000001,,10,0.06280000000000005,,10
10,189,-0.1231999999999999,,10,-0.4170999999999999,,10,-0.11239999999999994,,10
10,190,-0.1264,,10,-0.42289999999999994,,10,-0.41500000000000004,,10
10,191,-0.12669999999999998,,10,-0.4236000000000001,,10,-0.4164999999999999,,10
10,192,0.16960000000000003,,10,-0.1266,,10,-0.11279999999999997,,10
10,193,0.17340000000000005,,10,0.4772,,10,0.46900000000000014,,10
10,194,0.4708,,10,0.17449999999999993,,10,0.48180000000000006,,10
10,195,0.1647,,10,-0.1258999999999999,,10,-0.12210000000000001,,10
10,196,0.7696,,10,0.47570000000000007,,10,0.36540000000000006,,10
10,197,-0.7332999999999998,,10,-0.7247000000000001,,10,-0.41979999999999995,,10
10,198,-0.32459999999999994,,10,0.17479999999999998,,10,0.6954,,10
10,199,-0.4302999999999999,,10,-0.124,,10,-0.11839999999999999,,10
20,0,-0.8831499999999999,,20,-0.7882999999999999,,20,-0.4171999999999999,,20
20,1,-0.13139999999999996,,20,0.17355000000000004,,20,0.17995,,20
20,2,0.5336666666666666,,21,0.25428571428571434,,21,0.2662380952380953,,21
20,3,0.1657,,20,0.022700000000000053,,20,-0.11955,,20
20,4,-0.13024999999999998,,20,0.025599999999999967,,20,0.8466000000000002,,20
20,5,0.45840000000000014,,20,0.3168500000000001,,20,0.18315000000000012,,20
20,6,0.31120000000000003,,20,0.31884999999999997,,20,-0.2691,,20
20,7,-0.043649999999999856,,20,-0.12725,,20,0.035250000000000024,,20
20,8,-0.42794999999999994,,20,-0.12344999999999998,,20,-0.11455,,20
20,9,0.01940000000000004,,20,0.024449999999999993,,20,-0.060199999999999976,,20
20,10,-0.3284761904761905,,21,0.10890476190476192,,21,0.21742857142857147,,21
20,11,0.025150000000000027,,20,0.18000000000000002,,20,0.03835000000000004,,20
20,12,-0.0803333333333333,,21,-0.421047619047619,,21,0.15795238095238107,,21
20,13,0.46315,,20,0.021550000000000014,,20,0.18660000000000002,,20
20,14,-0.13729999999999998,,20,-0.2792499999999999,,20,-0.11310000000000002,,20
20,15,-0.31938095238095243,,21,-0.02885714285714284,,21,-0.22571428571428567,,21
20,16,0.16052380952380954,,21,-0.3231428571428571,,21,-0.021333333333333277,,21
20,17,0.010050000000000003,,20,-0.282,,20,-0.3280499999999999,,20
20,18,0.16830000000000003,,20,0.17435000000000006,,20,0.23310000000000003,,20
20,19,-0.28325,,20,0.022950000000000036,,20,-0.11979999999999995,,20
20,20,0.16550000000000004,,20,0.1721000000000001,,20,-0.21419999999999995,,20
20,21,0.06542105263157898,,19,0.07057894736842107,,19,0.08826315789473686,,19
20,22,-0.17919999999999991,,20,-0.42525,,20,-0.41489999999999994,,20
20,23,-0.58335,,20,-0.42794999999999994,,20,-0.27135,,20
20,24,0.10576190476190477,,21,-0.461047619047619,,21,-0.15999999999999995,,21
20,25,-0.1272,,20,-0.12229999999999994,,20,-0.11335000000000002,,20
20,26,0.3218500000000001,,20,0.17690000000000006,,20,0.6409,,20
20,27,-0.3974736842105263,,19,-0.2329473684210526,,19,0.40910526315789475,,19
20,28,-0.4632380952380952,,21,-0.3163809523809523,,21,-0.028523809523809524,,21
20,29,-0.27625,,20,0.02855000000000002,,20,0.17955,,20
20,30,0.31835,,20,0.32380000000000003,,20,0.92515,,20
20,31,-0.2820999999999999,,20,0.022950000000000102,,20,-0.03764999999999989,,20
20,32,0.3151999999999999,,20,0.3194500000000001,,20,0.02575000000000003,,20
20,33,0.16735000000000003,,20,0.3226000000000001,,20,-0.019799999999999963,,20
20,34,-0.14859999999999998,,20,0.017150000000000044,,20,-0.12349999999999998,,20
20,35,-0.13145000000000004,,20,-0.27595,,20,0.03765000000000006,,20
20,36,0.016200000000000037,,20,-0.12804999999999997,,20,0.33175,,20
20,37,0.3847894736842105,,19,0.07884210526315794,,19,0.23552631578947375,,19
20,38,0.16765000000000002,,20,0.47535,,20,0.33945,,20
20,39,-0.4673333333333333,,21,-0.02890476190476186,,21,0.21423809523809526,,21
20,40,-0.13449999999999993,,20,-0.27685,,20,-0.26759999999999995,,20
20,41,-0.13574999999999998,,20,0.019000000000000006,,20,0.030200000000000015,,20
20,42,-0.4286499999999999,,20,0.02640000000000007,,20,0.3778,,20
20,43,-0.57805,,20,-0.2713499999999999,,20,-0.03125,,20
20,44,-0.13964999999999997,,20,0.1658,,20,0.33020000000000005,,20
20,45,0.6831904761904761,,21,0.40357142857142864,,21,0.495047619047619,,21
20,46,-0.18295238095238092,,21,-0.03247619047619049,,21,-0.1635238095238095,,21
20,47,0.32495,,20,0.48000000000000015,,20,0.3284,,20
20,48,-0.43394999999999995,,20,-0.42899999999999994,,20,-0.41819999999999996,,20
20,49,-0.07594999999999999,,20,0.02030000000000003,,20,0.1824,,20
20,50,-0.2869999999999999,,20,-0.42969999999999986,,20,0.3317000000000001,,20
20,51,0.31344999999999995,,20,0.021250000000000026,,20,0.33565,,20
20,52,-0.5882499999999999,,20,-0.43075,,20,0.030300000000000014,,20
20,53,-0.030952380952380905,,21,-0.025142857142857144,,21,-0.16242857142857145,,21
20,54,0.010399999999999975,,20,-0.13205,,20,0.23635,,20
20,55,-0.24773684210526312,,19,-0.08357894736842102,,19,-0.23673684210526313,,19
20,56,0.016400000000000005,,20,-0.2764499999999999,,20,-0.5682000000000001,,20
20,57,0.36400000000000005,,20,0.3247000000000001,,20,-0.0816999999999999,,20
20,58,-0.28384999999999994,,20,-0.27749999999999997,,20,-0.2712,,20
20,59,-0.46742857142857136,,21,-0.3179523809523809,,21,-0.16152380952380946,,21
20,60,-0.1326,,20,0.023900000000000053,,20,-0.12524999999999992,,20
20,61,-0.209,,22,-0.4775,,22,-0.1409090909090909,,22
20,62,-0.58355,,20,-0.5779,,20,-0.2694499999999999,,20
20,63,0.02010000000000004,,20,0.32545,,20,0.47335000000000005,,20
20,64,-0.8539999999999999,,20,-0.42175,,20,-0.5649,,20
20,65,-0.14785714285714283,,21,-0.02242857142857139,,21,-0.016857142857142775,,21
20,66,-0.03733333333333328,,21,0.397952380952381,,21,0.12438095238095247,,21
20,67,-0.6049523809523809,,21,-0.4561904761904762,,21,-0.4453333333333332,,21
20,68,-0.4126499999999999,,20,-0.13014999999999996,,20,-0.11699999999999995,,20
20,69,0.1688500000000001,,20,0.32775000000000004,,20,-0.11534999999999998,,20
20,70,-0.27604999999999996,,20,-0.27229999999999993,,20,0.04050000000000007,,20
20,71,-0.461095238095238,,21,-0.31100000000000005,,21,-0.5874761904761905,,21
20,72,-0.13099999999999998,,20,-0.12419999999999998,,20,-0.2651,,20
20,73,0.12350000000000005,,20,0.02960000000000006,,20,0.036050000000000026,,20
20,74,-0.18485714285714283,,21,-0.4626190476190476,,21,-0.020095238095238027,,21
20,75,-0.4326499999999999,,20,0.023150000000000004,,20,-0.11769999999999996,,20
20,76,0.16295,,20,0.17120000000000007,,20,0.18370000000000006,,20
20,77,-0.28345000000000004,,20,0.17225000000000004,,20,0.2226,,20
20,78,0.26965000000000006,,20,0.0225,,20,-0.06679999999999996,,20
20,79,0.10128571428571435,,21,0.3988571428571429,,21,0.18504761904761904,,21
20,80,0.16465000000000002,,20,0.020500000000000063,,20,0.18470000000000003,,20
20,81,0.2548571428571429,,21,0.40147619047619054,,21,0.11319047619047622,,21
20,82,0.12515789473684216,,19,-0.23894736842105258,,19,-0.5448947368421053,,19
20,83,-0.03361904761904762,,21,-0.026380952380952342,,21,-0.15909523809523807,,21
20,84,0.01325000000000004,,20,0.46975000000000006,,20,-0.16465,,20
20,85,-0.15344999999999998,,20,-0.12209999999999992,,20,-0.1214,,20
20,86,0.014100000000000067,,20,0.20715000000000003,,20,0.18415000000000006,,20
20,87,-0.13365,,20,0.17245000000000002,,20,0.17385,,20
20,88,0.0663,,20,-0.1285,,20,-0.41869999999999996,,20
20,89,-0.7407142857142857,,21,-0.3062857142857143,,21,0.13023809523809526,,21
20,90,-0.28635,,20,-0.2789999999999999,,20,-0.2840999999999999,,20
20,91,-0.13489999999999996,,20,-0.39484999999999987,,20,-0.26734999999999987,,20
20,92,-0.03761904761904768,,21,-0.6006190476190475,,21,-0.16038095238095232,,21
20,93,0.01490476190476188,,21,0.25142857142857145,,21,0.3593333333333334,,21
20,94,0.15709999999999996,,20,0.4683999999999999,,20,0.47845000000000004,,20
20,95,-0.03442857142857141,,21,-0.17276190476190473,,21,-0.16104761904761905,,21
20,96,0.21715,,20,-0.2778,,20,-0.11654999999999996,,20
20,97,-0.13139999999999996,,20,-0.12464999999999996,,20,-0.11415000000000004,,20
20,98,-0.4082499999999999,,20,-0.4255999999999999,,20,0.035250000000000045,,20
20,99,-0.051684210526315826,,19,0.07826315789473685,,19,0.5620526315789475,,19
20,100,-0.4561904761904762,,21,-0.45052380952380955,,21,-0.29942857142857143,,21
20,101,-0.04119999999999998,,20,-0.27670000000000006,,20,-0.71595,,20
20,102,0.15835000000000005,,20,0.01690000000000006,,20,-0.12034999999999996,,20
20,103,-0.13085,,20,-0.2748999999999999,,20,-0.11529999999999996,,20
20,104,0.01595000000000004,,20,-0.12489999999999998,,20,0.33520000000000005,,20
20,105,-0.13034999999999997,,20,-0.27584999999999993,,20,-0.26125000000000004,,20
20,106,0.16230000000000003,,20,-0.27864999999999995,,20,-0.17614999999999995,,20
20,107,-0.28054999999999997,,20,-0.42365,,20,0.32650000000000007,,20
20,108,0.021750000000000068,,20,0.026000000000000068,,20,0.02870000000000008,,20
20,109,0.3146,,20,0.17155000000000004,,20,0.47540000000000004,,20
20,110,0.5296666666666667,,21,0.5369047619047619,,21,-0.3114761904761905,,21
20,111,-0.13945,,20,-0.12929999999999994,,20,-0.12354999999999997,,20
20,112,0.4044499999999999,,20,0.16910000000000003,,20,-0.2688499999999999,,20
20,113,-0.13574999999999995,,20,-0.4292999999999999,,20,0.1823,,20
20,114,-0.3208095238095238,,21,-0.31276190476190474,,21,-0.16342857142857142,,21
20,115,-0.42885,,20,0.02805000000000002,,20,0.13810000000000003,,20
20,116,0.46934999999999993,,20,0.77715,,20,0.36930000000000013,,20
20,117,-0.42890000000000006,,20,-0.27275,,20,-0.41759999999999986,,20
20,118,-0.175047619047619,,21,-0.5996190476190476,,21,-0.060809523809523765,,21
20,119,-0.07254999999999996,,20,0.17215000000000003,,20,-0.11515,,20
20,120,0.3141000000000001,,20,0.022700000000000064,,20,0.026549999999999997,,20
20,121,0.01120000000000001,,20,0.01970000000000006,,20,-0.06549999999999995,,20
20,122,0.15376190476190477,,21,0.25342857142857145,,21,0.5544285714285715,,21
20,123,-0.4395999999999999,,20,-0.2802,,20,-0.11279999999999998,,20
20,124,0.4622,,20,0.17150000000000004,,20,0.21475000000000005,,20
20,125,-0.10624999999999991,,20,0.020550000000000058,,20,-0.1619,,20
20,126,0.06673684210526319,,19,-0.23889473684210524,,19,0.24210526315789482,,19
20,127,0.36035,,20,0.016300000000000002,,20,0.02899999999999999,,20
20,128,-0.13064999999999993,,20,0.025750000000000085,,20,-0.11810000000000005,,20
20,129,-0.7483333333333333,,21,-0.4591428571428572,,21,0.12438095238095234,,21
20,130,-0.09774999999999998,,20,0.16984999999999997,,20,0.34440000000000004,,20
20,131,-0.14294999999999997,,20,0.01535000000000002,,20,0.6262000000000001,,20
20,132,0.16115000000000002,,20,0.16890000000000005,,20,0.32889999999999997,,20
20,133,0.015250000000000031,,20,-0.28035,,20,0.07845000000000005,,20
20,134,-0.5426499999999999,,20,-0.12974999999999992,,20,-0.11434999999999991,,20
20,135,0.31605000000000005,,20,0.47425000000000006,,20,0.03495000000000002,,20
20,136,0.2473809523809524,,21,-0.031047619047619063,,21,-0.019095238095238064,,21
20,137,-0.17566666666666658,,21,-0.4568571428571429,,21,0.05890476190476193,,21
20,138,-0.43224999999999997,,20,-0.27914999999999995,,20,-0.06204999999999995,,20
20,139,0.06820000000000002,,20,-0.27895,,20,-0.4295,,20
20,140,-0.2912,,20,0.01665000000000002,,20,0.027200000000000002,,20
20,141,0.21345000000000006,,20,0.17084999999999995,,20,-0.11829999999999999,,20
20,142,-0.13374999999999998,,20,-0.27749999999999997,,20,0.32710000000000006,,20
20,143,-0.28685,,20,0.019600000000000027,,20,0.3157,,20
20,144,-0.024857142857142793,,21,-0.4490000000000001,,21,-0.2224761904761905,,21
20,145,0.17260000000000003,,20,0.32865,,20,0.3763,,20
20,146,0.42095000000000005,,20,0.6209000000000001,,20,0.21785000000000002,,20
20,147,0.31505000000000005,,20,0.6226499999999999,,20,0.47709999999999997,,20
20,148,-0.03514285714285712,,21,-0.17204761904761906,,21,0.10942857142857143,,21
20,149,-0.08519999999999997,,20,-0.4272,,20,-0.2677999999999999,,20
20,150,0.013049999999999996,,20,0.1708,,20,-0.18355000000000005,,20
20,151,0.4009523809523811,,21,0.4056666666666667,,21,0.2683333333333335,,21
20,152,0.016050000000000054,,20,-0.12689999999999996,,20,0.33499999999999996,,20
20,153,-0.2954285714285714,,21,-0.4544285714285714,,21,-0.2192857142857143,,21
20,154,0.17250000000000004,,20,0.179,,20,0.03680000000000002,,20
20,155,-0.6032380952380951,,21,-0.31257142857142856,,21,0.4105238095238096,,21
20,156,-0.13674999999999998,,20,0.020300000000000075,,20,-0.41900000000000004,,20
20,157,0.29904761904761906,,21,-0.4541904761904762,,21,-0.26809523809523805,,21
20,158,0.16390000000000002,,20,-0.27799999999999997,,20,-0.26925,,20
20,159,-0.2774,,20,-0.12269999999999999,,20,-0.5490999999999999,,20
20,160,-0.13204999999999995,,20,-0.12540000000000004,,20,-0.11964999999999995,,20
20,161,0.021600000000000043,,20,0.17485000000000006,,20,0.027349999999999996,,20
20,162,-0.7309,,20,-0.8746,,20,-0.4135,,20
20,163,-0.58645,,20,-0.13104999999999997,,20,-0.28425,,20
20,164,-0.13265,,20,-0.12615000000000004,,20,0.16965000000000002,,20
20,165,-0.10640000000000001,,20,0.024900000000000033,,20,0.6345500000000002,,20
20,166,-0.002809523809523762,,21,-0.4553809523809524,,21,-0.01742857142857141,,21
20,167,-0.17509999999999995,,20,0.32820000000000005,,20,-0.11584999999999994,,20
20,168,-0.27859999999999996,,20,0.32670000000000005,,20,0.03385000000000003,,20
20,169,-0.2840499999999999,,20,-0.12504999999999988,,20,0.4851500000000001,,20
20,170,-0.3145238095238095,,21,-0.451,,21,-0.308047619047619,,21
20,171,0.08035000000000012,,20,0.3267500000000001,,20,0.07185000000000001,,20
20,172,-0.3193333333333333,,21,-0.027761904761904738,,21,-0.16147619047619044,,21
20,173,-0.33254999999999996,,20,-0.2741,,20,-0.5665499999999999,,20
20,174,-0.23434999999999992,,20,-0.43289999999999995,,20,0.029450000000000066,,20
20,175,-0.27854999999999996,,20,-0.27325,,20,-0.26594999999999996,,20
20,176,-0.030952380952380936,,21,0.11700000000000006,,21,0.2686190476190476,,21
20,177,0.6211,,20,0.17760000000000012,,20,0.08030000000000001,,20
20,178,0.16820000000000002,,20,0.024800000000000023,,20,-0.11609999999999995,,20
20,179,-0.29245,,20,-0.58505,,20,-0.2745999999999999,,20
20,180,-0.43635,,20,-0.27840000000000004,,20,0.1718,,20
20,181,-0.466904761904762,,21,-0.31414285714285717,,21,-0.15976190476190474,,21
20,182,-0.25015,,20,0.4758,,20,0.1750500000000001,,20
20,183,0.35585,,20,-0.43235,,20,-0.42400000000000004,,20
20,184,0.37685,,20,0.4699999999999999,,20,0.92605,,20
20,185,0.11085714285714283,,21,0.11695238095238097,,21,0.1707142857142857,,21
20,186,0.015349999999999997,,20,0.021250000000000067,,20,0.03320000000000001,,20
20,187,-0.43359999999999993,,20,-0.12834999999999996,,20,-0.12059999999999996,,20
20,188,-0.33095238095238094,,21,0.10623809523809523,,21,-0.3064285714285714,,21
20,189,0.4679500000000001,,20,0.022450000000000025,,20,0.16999999999999998,,20
20,190,-0.17752380952380947,,21,-0.030761904761904716,,21,-0.16876190476190475,,21
20,191,0.011550000000000027,,20,-0.12999999999999998,,20,-0.36294999999999994,,20
20,192,-0.13049999999999998,,20,-0.12504999999999997,,20,0.02595000000000004,,20
20,193,-0.1321,,20,-0.42675,,20,-0.1172499999999999,,20
20,194,-0.1797142857142857,,21,-0.3164285714285714,,21,0.12328571428571435,,21
20,195,-0.13705,,20,-0.28289999999999993,,20,-0.12049999999999994,,20
20,196,-0.13874999999999998,,20,0.1689500000000001,,20,0.5376500000000001,,20
20,197,-0.32219047619047614,,21,-0.17109523809523805,,21,-0.15995238095238087,,21
20,198,-0.5820000000000001,,20,-0.42684999999999995,,20,-0.4121499999999999,,20
20,199,0.10338095238095243,,21,-0.3175238095238095,,21,0.12185714285714293,,21
40,0,-0.11304878048780481,,41,-0.07831707317073171,,41,0.07865853658536588,,41
40,1,-0.009487804878048721,-0.28205,41,0.0692439024390244,0.026400000000000024,41,0.004292682926829304,-0.2013636363636363,41
40,2,-0.4529512195121951,,41,-0.37187804878048786,,41,-0.17439024390243898,,41
40,3,-0.15746341463414634,,41,-0.07868292682926825,,41,-0.00029268292682924687,,41
40,4,-0.07419047619047617,,42,-0.30883333333333335,,42,-0.014928571428571461,,42
40,5,0.06275609756097564,,41,0.36085365853658535,,41,0.3023414634146342,,41
40,6,-0.10721428571428572,,42,-0.09919047619047616,,42,0.023809523809523843,,42
40,7,-0.06095000000000002,,40,0.018750000000000024,,40,0.061125000000000054,,40
40,8,-0.031951219512195116,,41,-0.4409268292682927,,41,-0.07151219512195119,,41
40,9,0.28253658536585363,-0.030333333333333323,41,-0.0035121951219511632,-0.2727083333333333,41,0.22885365853658537,-0.015708333333333286,41
40,10,-0.2105121951219512,,41,-0.22602439024390242,,41,0.22648780487804887,,41
40,11,0.07616279069767441,,43,0.2937906976744186,,43,0.027488372093023253,,43
40,12,0.06109756097560981,,41,-0.004048780487804838,,41,0.007829268292682968,,41
40,13,0.05127500000000005,,40,0.24495,,40,0.18030000000000004,,40
40,14,0.15587804878048783,-0.03309523809523811,41,-0.035268292682926826,-0.2160454545454545,41,-0.016731707317073147,-0.48999999999999994,41
40,15,0.2602926829268292,,41,0.14609756097560983,,41,-0.2032682926829268,,41
40,16,-0.17757142857142855,,42,0.11397619047619056,,42,0.12214285714285722,,42
40,17,0.21579999999999994,-0.07155999999999998,40,0.09655000000000005,-0.19403999999999996,40,0.25895000000000007,0.061080000000000044,40
40,18,-0.21007499999999996,,40,-0.05224999999999995,,40,0.07910000000000003,,40
40,19,0.06780952380952379,,42,-0.10526190476190475,,42,0.0060476190476191054,,42
40,20,0.06504878048780492,,41,0.29021951219512204,,41,0.3501951219512195,,41
40,21,-0.35934999999999995,-0.4302999999999999,40,-0.05282499999999999,-0.1234,40,0.332875,0.3333499999999999,40
40,22,0.18254761904761907,-0.028291666666666642,42,0.04540476190476199,-0.39658333333333323,42,-0.23152380952380958,-0.6405000000000001,42
40,23,0.03752500000000004,-0.42805,40,0.020875000000000067,-0.12159999999999993,40,-0.048074999999999965,-0.26444999999999996,40
40,24,-0.18692307692307691,,39,-0.18007692307692302,,39,-0.017410256410256373,,39
40,25,-0.05430952380952377,0.049000000000000044,42,-0.027738095238095197,-0.03283333333333327,42,0.12071428571428579,-0.02041666666666664,42
40,26,0.14041463414634148,,41,0.14553658536585365,,41,0.03629268292682926,,41
40,27,-0.3064878048780488,,41,-0.15478048780487802,,41,-0.17080487804878045,,41
40,28,0.01344186046511626,,43,-0.2594418604651163,,43,-0.2534418604651163,,43
40,29,-0.4859069767441861,,43,-0.39651162790697675,,43,-0.11206976744186044,,43
40,30,-0.009634146341463356,,41,-0.004341463414634085,,41,-0.1690975609756097,,41
40,31,-0.10509523809523809,,42,-0.17002380952380947,,42,-0.018428571428571433,,42
40,32,0.16590000000000002,0.052000000000000046,40,-0.12625,-0.35077272727272724,40,-0.04584999999999996,-0.20099999999999998,40
40,33,-0.40115,,40,-0.20127499999999993,,40,-0.016449999999999965,,40
40,34,0.5070243902439026,0.2521904761904762,41,0.2923170731707318,0.11195238095238101,41,0.4406097560975609,0.222375,41
40,35,0.13402439024390247,-0.08064,41,0.14251219512195126,0.09183333333333332,41,0.08065853658536586,0.061760000000000016,41
40,36,0.17802380952380958,-0.5239565217391304,42,0.2726666666666667,-0.2559565217391304,42,0.5515476190476191,0.1521304347826088,42
40,37,-0.007487804878048763,-0.32199999999999995,41,-0.1473414634146341,-0.21322727272727277,41,0.00834146341463423,-0.19936363636363633,41
40,38,-0.15297619047619046,-0.2730833333333333,42,-0.1700238095238095,-0.2819,42,0.33050000000000007,0.15955000000000003,42
40,39,0.17678571428571427,,42,-0.10099999999999995,,42,0.5250952380952382,,42
40,40,-0.1592142857142857,-0.2512962962962962,42,-0.16764285714285715,-0.13318518518518518,42,-0.01876190476190472,-0.01640740740740736,42
40,41,0.014325000000000032,,40,0.1707,,40,0.13512500000000005,,40
40,42,0.016170731707317105,,41,0.28339024390243905,,41,0.04534146341463416,,41
40,43,-0.23453658536585364,-0.4597142857142857,41,-0.08187804878048782,-0.20300000000000004,41,-0.09324390243902436,-0.27149999999999996,41
40,44,-0.005195121951219444,,41,0.14604878048780487,,41,0.17319512195121958,,41
40,45,-0.13077499999999995,-0.21413636363636354,40,-0.04949999999999997,0.019100000000000027,40,-0.18924999999999992,-0.4678636363636363,40
40,46,-0.39344999999999997,-0.7795833333333332,40,0.020650000000000057,-0.27374999999999994,40,-0.18772499999999995,-0.6423333333333333,40
40,47,-0.007146341463414611,-0.35404545454545455,41,-0.29458536585365847,-0.4861818181818181,41,-0.2850243902439024,-0.7456818181818182,41
40,48,0.03330232558139535,-0.08530434782608695,43,0.08572093023255817,-0.0807272727272727,43,-0.11186046511627903,-0.4722272727272727,43
40,49,-0.034785714285714246,-0.19396000000000016,42,-0.4545714285714285,-0.6641599999999999,42,-0.0166428571428571,-0.41747999999999996,42
40,50,0.06529268292682928,-0.02728571428571422,41,-0.07478048780487802,-0.3065238095238095,41,0.08268292682926831,-0.1568571428571428,41
40,51,-0.21888095238095234,,42,-0.17047619047619042,,42,0.20107142857142857,,42
40,52,-0.1091666666666666,,42,-0.31499999999999995,,42,-0.2330714285714285,,42
40,53,-0.29829268292682926,,41,-0.0736341463414634,,41,-0.03699999999999994,,41
40,54,-0.07012195121951217,,41,-0.0015121951219512317,,41,-0.19187804878048773,,41
40,55,0.21259523809523811,,42,-0.09485714285714285,,42,-0.05126190476190471,,42
40,56,-0.198575,,40,-0.12937499999999996,,40,0.129425,,40
40,57,-0.2077,-0.34745454545454546,40,-0.12622499999999998,-0.20281818181818176,40,-0.26874999999999993,-0.3359999999999999,40
40,58,-0.15960975609756095,,41,-0.07731707317073164,,41,-0.0665853658536585,,41
40,59,-0.14099999999999996,-0.31687999999999994,40,-0.039000000000000014,-0.4141666666666666,40,0.032850000000000025,-0.05627999999999995,40
40,60,0.2515238095238096,,42,0.4003571428571431,,42,0.33511904761904765,,42
40,61,0.20124390243902443,0.1863913043478261,41,0.0006097560975609951,-0.10704347826086956,41,-0.24648780487804872,-0.2881304347826086,41
40,62,0.13807317073170738,-0.07781818181818173,41,-0.5141707317073172,-0.4797272727272727,41,-0.2891951219512195,-0.7515454545454543,41
40,63,-0.1585714285714285,-0.30999999999999994,42,-0.5294761904761904,-0.615,42,-0.010666666666666633,-0.35282608695652173,42
40,64,-0.13567499999999993,-0.17709523809523806,40,-0.05372499999999995,-0.17361904761904762,40,-0.04409999999999994,-0.16004761904761905,40
40,65,-0.17024999999999998,-0.3872307692307692,44,-0.002340909090909055,-0.22215384615384615,44,-0.13638636363636356,-0.43949999999999984,44
40,66,-0.5323333333333333,,42,-0.24097619047619048,,42,0.3426666666666667,,42
40,67,0.1348048780487805,,41,0.2156341463414635,,41,0.22358536585365854,,41
40,68,-0.1535365853658536,,41,-0.030219512195121947,,41,0.12090243902439027,,41
40,69,0.22451219512195122,0.01604347826086963,41,0.43948780487804884,0.28347826086956535,41,0.2968048780487805,0.2797826086956522,41
40,70,0.18175609756097566,-0.0049199999999999374,41,-0.22043902439024382,-0.42779999999999985,41,0.1483170731707318,-0.058239999999999945,41
40,71,-0.13473170731707318,-0.20899999999999996,41,0.14209756097560977,0.10557142857142855,41,-0.13897560975609755,-0.3091904761904761,41
40,72,-0.057274999999999944,,40,0.02270000000000002,,40,0.10337500000000004,,40
40,73,-0.13302439024390242,-0.45440909090909093,41,-0.35258536585365846,-0.6269090909090909,41,0.1541951219512196,-0.2000909090909091,41
40,74,-0.22846341463414632,,41,-0.36643902439024395,,41,-0.2114878048780488,,41
40,75,0.03992857142857146,-0.09365625,42,0.11666666666666667,0.0038749999999999896,42,0.1996666666666667,0.017718750000000005,42
40,76,-0.38670454545454547,,44,-0.20906818181818176,,44,-0.20118181818181824,,44
40,77,-0.00754761904761902,,42,-0.38049999999999995,,42,0.07390476190476196,,42
40,78,-0.22812195121951215,,41,-0.14753658536585362,,41,-0.26195121951219513,,41
40,79,-0.289925,,40,-0.284175,,40,-0.11899999999999997,,40
40,80,0.13358536585365854,,41,-0.005829268292682859,,41,0.007658536585365931,,41
40,81,-0.17817499999999997,,40,0.02630000000000001,,40,0.007400000000000006,,40
40,82,0.28187804878048783,0.04977272727272726,41,0.28900000000000003,0.05672727272727278,41,0.5154146341463414,0.4807000000000001,41
40,83,-0.20614999999999997,-0.2053181818181818,40,0.024725000000000042,-0.06459090909090906,40,-0.12270000000000003,-0.07118181818181814,40
40,84,0.2941136363636364,-0.24981481481481485,44,0.27145454545454556,-0.1312592592592592,44,0.4813181818181818,0.10812499999999996,44
40,85,0.10268292682926833,-0.20963636363636357,41,-0.0028780487804877858,-0.21527272727272725,41,0.08317073170731712,-0.19581818181818178,41
40,86,-0.11090476190476187,-0.5642799999999999,42,-0.24635714285714286,-0.55884,42,0.07378571428571433,-0.06175999999999993,42
40,87,-0.16325641025641024,,39,-0.02799999999999998,,39,-0.24766666666666673,,39
40,88,0.2969512195121951,,41,0.2872682926829268,,41,0.3985853658536586,,41
40,89,-0.30804651162790697,-0.5558095238095239,43,-0.2613720930232558,-0.46538095238095245,43,-0.18944186046511627,-0.45033333333333336,43
40,90,0.39102500000000007,,40,0.17222500000000002,,40,0.0005750000000000144,,40
40,91,-0.011634146341463378,-0.08255999999999993,41,-0.15082926829268292,-0.31388,41,-0.43414634146341463,-0.5427599999999999,41
40,92,-0.10366666666666664,,39,-0.09828205128205127,,39,0.2167435897435898,,39
40,93,-0.2733170731707317,-0.23966666666666667,41,-0.07482926829268287,0.056500000000000015,41,0.007097560975609798,0.07190909090909094,41
40,94,0.239925,,40,0.32120000000000004,,40,0.032450000000000034,,40
40,95,0.1378809523809524,,42,0.18926190476190477,,42,0.35364285714285715,,42
40,96,-0.21539024390243902,-0.36200000000000004,41,-0.36970731707317067,-0.38273913043478264,41,-0.28495121951219504,-0.3673478260869566,41
40,97,-0.09202439024390244,,41,0.06590243902439026,,41,0.1491707317073171,,41
40,98,-0.5301428571428571,,42,-0.5236666666666666,,42,-0.15638095238095234,,42
40,99,0.4569756097560976,,41,-0.14721951219512192,,41,0.22100000000000003,,41
40,100,0.32045238095238093,0.19586363636363632,42,0.32945238095238105,0.1403478260869566,42,0.24354761904761912,-0.24754545454545454,42
40,101,-0.153390243902439,,41,0.21814634146341466,,41,0.1487317073170732,,41
40,102,-0.026880952380952346,,42,-0.16549999999999998,,42,-0.016285714285714254,,42
40,103,-0.4341749999999999,,40,-0.12667499999999998,,40,-0.410375,,40
40,104,-0.2992682926829267,,41,-0.2495365853658536,,41,-0.14082926829268294,,41
40,105,-0.059441860465116236,-0.3984166666666666,43,0.08820930232558144,-0.24021739130434777,43,0.446093023255814,0.28460869565217395,43
40,106,0.317046511627907,,43,-0.11760465116279062,,43,-0.18272093023255812,,43
40,107,0.06647500000000002,,40,-0.2743749999999999,,40,-0.4630500000000001,,40
40,108,-0.3739761904761905,,42,-0.23657142857142857,,42,-0.0607380952380952,,42
40,109,-0.16886956521739127,,46,0.20654347826086963,,46,-0.019891304347826072,,46
40,110,0.1401951219512195,0.1277096774193548,41,-0.07395121951219506,-0.15670967741935482,41,0.15346341463414637,0.04783870967741937,41
40,111,-0.030926829268292655,,41,-0.07936585365853656,,41,0.0783658536585366,,41
40,112,-0.50885,-0.8998750000000001,40,-0.12739999999999996,-0.2697916666666666,40,-0.016699999999999937,-0.20172727272727267,40
40,113,-0.2961428571428571,-0.44914814814814813,42,-0.025761904761904694,-0.2518148148148147,42,0.010833333333333356,-0.04630769230769228,42
40,114,0.5037692307692309,,39,0.2787179487179488,,39,-0.012358974358974302,,39
40,115,0.02062500000000005,,40,0.02562500000000003,,40,0.017075000000000017,,40
40,116,0.022125000000000016,,40,-0.048074999999999986,,40,0.20665000000000006,,40
40,117,0.35551219512195126,,41,0.21441463414634146,,41,-0.19036585365853656,,41
40,118,0.00265000000000003,,40,0.25145000000000006,,40,0.339125,,40
40,119,-0.2529024390243902,-0.6873478260869565,41,-0.22336585365853656,-0.5102608695652174,41,0.2940000000000001,0.02630434782608705,41
40,120,0.28407317073170735,0.08662500000000001,41,-0.001487804878048725,-0.28037499999999993,41,0.15463414634146344,0.10595833333333332,41
40,121,-0.19899999999999998,,41,-0.002414634146341398,,41,-0.06602439024390241,,41
40,122,-0.12905,,40,-0.04882500000000002,,40,0.26612500000000006,,40
40,123,-0.006731707317073128,,41,0.014682926829268327,,41,0.1520243902439025,,41
40,124,0.4287317073170732,,41,0.29012195121951223,,41,0.08258536585365861,,41
40,125,0.06865853658536589,,41,-0.14607317073170728,,41,0.1483414634146342,,41
40,126,-0.2504285714285714,,42,-0.24340476190476187,,42,-0.09269047619047617,,42
40,127,-0.2260243902439024,,41,0.07482926829268297,,41,0.00946341463414637,,41
40,128,-0.10683333333333334,,42,-0.10102380952380949,,42,0.19540476190476197,,42
40,129,0.31540000000000007,,40,0.24882500000000007,,40,-0.14004999999999995,,40
40,130,0.039731707317073164,,41,-0.14968292682926826,,41,-0.22192682926829266,,41
40,131,-0.2372558139534883,-0.5977142857142856,43,-0.329906976744186,-0.8771904761904762,43,0.2026279069767442,-0.05979999999999997,43
40,132,-0.06392682926829266,,41,0.22178048780487805,,41,0.3552926829268293,,41
40,133,0.23752500000000004,-0.001913043478260852,40,-0.05579999999999998,-0.25552173913043474,40,-0.12187499999999996,-0.2675833333333333,40
40,134,-0.33895,,40,0.09777500000000008,,40,0.20465000000000005,,40
40,135,-0.2963333333333333,-0.42438461538461536,42,-0.24164285714285708,-0.31657142857142856,42,-0.5152142857142857,-0.5588846153846154,42
40,136,0.038700000000000026,,40,-0.20169999999999993,,40,-0.16432499999999992,,40
40,137,0.12620454545454543,,44,-0.004727272727272681,,44,-0.00015909090909090672,,44
40,138,0.09170000000000005,-0.17228571428571426,40,-0.12644999999999995,-0.1648571428571428,40,-0.143575,-0.1992272727272727,40
40,139,-0.20834999999999998,-0.3720434782608696,40,-0.0516999999999999,-0.07595454545454544,40,-0.11204999999999994,-0.3037619047619047,40
40,140,0.05978048780487806,,41,-0.07919512195121947,,41,-0.15704878048780482,,41
40,141,-0.22880952380952385,,42,-0.3146428571428571,,42,-0.08847619047619042,,42
40,142,-0.13212500000000002,,40,-0.15799999999999997,,40,0.00017500000000003624,,40
40,143,0.08138636363636363,-0.5664285714285714,44,-0.13972727272727264,-0.4628571428571428,44,0.15268181818181822,-0.41519047619047617,44
40,144,-0.2798863636363636,-0.3248235294117647,44,-0.2056136363636363,-0.491235294117647,44,0.004477272727272744,-0.1375882352941176,44
40,145,-0.0074285714285713825,,42,-0.0272380952380952,,42,0.2671190476190476,,42
40,146,-0.03404761904761901,,42,0.04521428571428572,,42,-0.09788095238095237,,42
40,147,0.17022500000000004,,40,-0.273775,,40,0.18632500000000007,,40
40,148,-0.6122093023255814,,43,-0.11937209302325584,,43,-0.22562790697674415,,43
40,149,-0.23707317073170733,,41,-0.3038780487804878,,41,-0.14124390243902435,,41
40,150,-0.07577272727272724,-0.20279310344827584,44,0.10745454545454551,0.009689655172413828,44,0.5534318181818182,0.48792857142857143,44
40,151,-0.03814285714285713,-0.2283636363636364,42,0.3280952380952381,0.20854545454545456,42,0.4833571428571428,0.4865454545454545,42
40,152,-0.28831707317073163,-0.38008333333333333,41,-0.2208536585365853,-0.3462727272727273,41,-0.11414634146341454,-0.19959090909090904,41
40,153,-0.09420000000000002,,40,0.172525,,40,-0.1806,,40
40,154,-0.05519999999999996,,40,0.025825000000000032,,40,-0.11564999999999996,,40
40,155,-0.03324999999999998,,40,0.09490000000000003,,40,0.10542500000000003,,40
40,156,-0.17757499999999996,,40,-0.10932499999999994,,40,0.10905000000000006,,40
40,157,-0.43390000000000006,,40,0.097775,,40,0.10375000000000001,,40
40,158,0.011024390243902449,-0.08682608695652168,41,0.35975609756097565,0.2508571428571428,41,0.0022682926829268504,-0.10847826086956522,41
40,159,0.05770731707317077,-0.39447826086956506,41,-0.15199999999999994,-0.3849130434782609,41,0.0053658536585366335,-0.015190476190476188,41
40,160,0.032088888888888896,-0.27982142857142855,45,-0.22871111111111098,-0.5944642857142856,45,0.21353333333333338,-0.20725,45
40,161,-0.3934047619047619,-0.6143793103448276,42,-0.3869761904761905,-0.5043793103448275,42,-0.09064285714285711,-0.2933103448275862,42
40,162,0.09027500000000006,,40,-0.12867499999999998,,40,0.18282500000000007,,40
40,163,-0.2865749999999999,,40,-0.429,,40,-0.19177499999999992,,40
40,164,-0.3153809523809524,-0.8966521739130435,42,-0.3108095238095238,-0.7314499999999999,42,-0.23259523809523805,-0.49347826086956514,42
40,165,-0.22290476190476186,,42,-0.16766666666666663,,42,0.21573809523809523,,42
40,166,-0.3594,,40,-0.12884999999999996,,40,-0.39492499999999997,,40
40,167,0.07181395348837213,,43,-0.054999999999999945,,43,0.10086046511627911,,43
40,168,-0.10278048780487802,-0.1141739130434782,41,0.06841463414634154,-0.037666666666666626,41,0.2822439024390244,-0.019124999999999986,41
40,169,-0.05723255813953486,-0.31171428571428567,43,-0.04906976744186041,-0.27324999999999994,43,0.031697674418604695,-0.14195833333333327,43
40,170,0.2907674418604652,0.33804166666666674,43,0.22776744186046521,0.09349999999999999,43,0.10437209302325584,-0.14083333333333328,43
40,171,-0.30263414634146335,,41,-0.0014634146341462831,,41,0.007439024390243933,,41
40,172,0.09034999999999997,,40,0.09575000000000004,,40,0.37090000000000006,,40
40,173,-0.2446428571428571,-0.5992857142857142,42,-0.09635714285714278,-0.3075714285714285,42,-0.0852380952380952,-0.1358333333333333,42
40,174,-0.19671428571428573,,42,-0.3662619047619047,,42,0.12873809523809526,,42
40,175,-0.11023809523809523,,42,-0.10104761904761903,,42,0.26711904761904764,,42
40,176,-0.10428571428571429,,42,-0.026595238095238047,,42,0.19666666666666666,,42
40,177,0.18223809523809523,-0.25617391304347825,42,0.47302380952380957,0.40126086956521734,42,0.10626190476190481,-0.012695652173913016,42
40,178,-0.037825,,40,0.040825000000000014,,40,-0.03949999999999994,,40
40,179,-0.009048780487804829,-0.19839999999999997,41,0.1424146341463415,-0.07443999999999988,41,-0.06526829268292682,-0.15366666666666665,41
40,180,-0.304829268292683,-0.7826956521739131,41,-0.29699999999999993,-0.6428695652173912,41,-0.14104878048780484,-0.5002173913043478,41
40,181,-0.22936585365853654,,41,-0.0765609756097561,,41,-0.21965853658536585,,41
40,182,-0.3761951219512195,,41,-0.2953414634146342,,41,-0.3592682926829268,,41
40,183,-0.5799,-0.52775,40,-0.05032499999999997,-0.0218333333333333,40,-0.12219999999999995,-0.26629166666666665,40
40,184,0.07153846153846156,,39,0.12825641025641035,,39,0.06076923076923085,,39
40,185,-0.22914634146341462,-0.44085,41,-0.15119512195121945,-0.43865,41,0.22707317073170738,-0.0631818181818181,41
40,186,0.07656097560975615,,41,-0.002024390243902389,,41,0.37146341463414645,,41
40,187,0.03464285714285717,,42,-0.17285714285714288,,42,-0.16457142857142854,,42
40,188,-0.011731707317073152,,41,-0.22378048780487803,,41,-0.14060975609756093,,41
40,189,-0.20648780487804871,-0.38480000000000003,41,0.06834146341463421,-0.13369999999999993,41,-0.015951219512195067,-0.26854999999999996,41
40,190,-0.05723255813953485,-0.2888124999999999,43,-0.40006976744186046,-0.56321875,43,-0.04397674418604651,-0.17865625,43
40,191,0.16735000000000003,,40,0.17345000000000002,,40,0.11150000000000002,,40
40,192,-0.13774999999999998,-0.5206956521739131,40,0.02100000000000004,-0.3698695652173913,40,0.027525000000000056,-0.3668695652173913,40
40,193,0.4353095238095239,0.3237000000000002,42,0.042833333333333376,-0.06953571428571428,42,0.15971428571428573,0.09500000000000001,42
40,194,-0.15164285714285713,-0.53815,42,-0.22323809523809524,-0.27929166666666666,42,0.05561904761904766,-0.41845,42
40,195,0.21034146341463417,0.020130434782608737,41,0.2913414634146342,0.024565217391304402,41,0.30031707317073175,0.161304347826087,41
40,196,-0.3781951219512194,-0.5205217391304349,41,-0.3716097560975609,-0.5151739130434783,41,0.009170731707317125,-0.23413043478260864,41
40,197,-0.03242857142857144,-0.07445454545454545,42,-0.09749999999999998,-0.2390869565217391,42,-0.23371428571428568,-0.6111363636363636,42
40,198,0.294953488372093,-0.06517857142857134,43,0.16246511627906982,0.0119310344827587,43,0.308093023255814,-0.08693103448275859,43
40,199,-0.15592682926829265,,41,-0.07634146341463412,,41,-0.04021951219512194,,41
80,0,0.06393975903614459,-0.016575757575757553,83,0.02080722891566269,-0.11899999999999997,83,0.4886867469879519,0.2866271186440678,83
80,1,-0.1109885057471264,-0.157703125,87,-0.2232183908045976,-0.3095522388059701,87,0.11964367816091957,0.056507462686567235,87
80,2,-0.1375333333333333,-0.18918918918918912,90,-0.09658888888888882,-0.24572580645161285,90,0.08097777777777786,0.04464516129032264,90
80,3,-0.060518518518518485,-0.17892187499999995,81,-0.13303703703703698,-0.23199999999999998,81,-0.0545432098765432,-0.1275,81
80,4,-0.050465116279069744,-0.10874193548387096,86,-0.05531395348837207,-0.2629193548387097,86,0.03309302325581401,-0.057866666666666615,86
80,5,0.07709523809523813,-0.06535483870967743,84,0.21095238095238103,0.09703174603174608,84,0.1768928571428572,0.08989855072463775,84
80,6,0.002928571428571434,-0.1341754385964912,84,0.0455119047619048,-0.10173809523809518,84,-0.09033333333333331,-0.25961403508771935,84
80,7,0.0009285714285714267,-0.10524615384615384,84,0.11690476190476191,-0.005799999999999955,84,0.12944047619047624,0.0018000000000000136,84
80,8,-0.3338333333333333,-0.3246052631578947,90,-0.19329999999999994,-0.23824999999999993,90,-0.3840333333333332,-0.5047763157894737,90
80,9,-0.1482261904761905,-0.22934285714285713,84,-0.16958333333333328,-0.2825076923076923,84,-0.018297619047619045,-0.23259999999999995,84
80,10,0.19344578313253014,0.09223728813559326,83,0.1351807228915663,-0.04308474576271183,83,0.185566265060241,0.017271186440678,83
80,11,-0.07794117647058821,-0.15455072463768116,85,0.06864705882352944,-0.0627101449275362,85,0.09428235294117651,0.0058550724637681534,85
80,12,-0.034414634146341445,-0.19410344827586198,82,0.05637804878048785,-0.0246612903225806,82,-0.027243902439024324,-0.1109365079365079,82
80,13,0.4111279069767442,0.2557714285714286,86,-0.083453488372093,-0.12274285714285707,86,0.057825581395348866,-0.03824285714285713,86
80,14,0.08897530864197532,-0.005080645161290314,81,0.12207407407407407,-0.0124193548387097,81,0.11690123456790129,-0.04999999999999997,81
80,15,0.0784606741573034,-0.006203124999999962,89,0.05253932584269665,-0.09089062499999997,89,0.18076404494382028,0.10651562500000006,89
80,16,-0.0286931818181818,-0.12406249999999995,88,-0.07289772727272727,-0.32714062499999996,88,0.3513977272727273,0.253640625,88
80,17,-0.03263218390804595,-0.16448484848484846,87,-0.37017241379310345,-0.42931818181818177,87,-0.2806781609195401,-0.3400441176470587,87
80,18,-0.09332941176470588,-0.2354117647058823,85,-0.07517647058823526,-0.2075322580645161,85,-0.040399999999999964,-0.17032203389830508,85
80,19,0.1142558139534884,-0.07767796610169486,86,-0.15740697674418602,-0.23097333333333334,86,-0.12612790697674414,-0.25748,86
80,20,0.03984523809523815,-0.03480303030303027,84,0.13845238095238097,-0.04690909090909091,84,0.026107142857142916,-0.1347090909090908,84
80,21,0.4113529411764705,0.1265925925925927,85,0.17241176470588238,-0.08698148148148137,85,0.19023529411764717,0.033981481481481564,85
80,22,0.10311494252873565,0.004770491803278724,87,0.2818390804597702,0.20834426229508204,87,0.14283908045977017,0.02437681159420298,87
80,23,0.013455555555555589,-0.0467297297297297,90,0.14128888888888896,0.026972972972973002,90,-0.030055555555555516,-0.12582432432432428,90
80,24,0.19117045454545456,0.038203125000000004,88,-0.10894318181818177,-0.283140625,88,0.0556022727272728,-0.12599999999999995,88
80,25,-0.14165116279069773,-0.23751515151515148,86,-0.0856976744186046,-0.3479999999999999,86,-0.02673255813953483,-0.31828787878787873,86
80,26,0.01475,-0.22108333333333335,84,-0.05249999999999998,-0.3280166666666667,84,-0.03719047619047612,-0.23663333333333328,84
80,27,-0.07279999999999999,-0.1808732394366197,85,-0.11155294117647052,-0.1986129032258064,85,-0.06522352941176468,-0.1452419354838709,85
80,28,-0.13994047619047617,-0.2740181818181818,84,-0.3118452380952381,-0.5942181818181819,84,-0.23101190476190472,-0.2541791044776119,84
80,29,0.07556790123456789,-0.05834545454545457,81,0.1592345679012346,0.03369230769230771,81,-0.07954320987654313,-0.10967187499999995,81
80,30,-0.04768235294117649,-0.14929508196721306,85,-0.1106823529411764,-0.1605757575757575,85,0.04228235294117653,-0.03259016393442621,85
80,31,0.09861445783132534,-0.03054385964912277,83,-0.0891325301204819,-0.21378787878787878,83,0.2993734939759036,0.1651228070175439,83
80,32,-0.18739772727272727,-0.3045217391304348,88,0.005636363636363672,-0.059681159420289794,88,-0.07674999999999996,-0.16057142857142856,88
80,33,0.0026436781609195654,-0.1603939393939394,87,-0.06011494252873553,-0.2814999999999999,87,-0.026954022988505744,-0.11744927536231883,87
80,34,-0.13964285714285715,-0.3701296296296296,84,-0.08858333333333326,-0.30698148148148147,84,0.040250000000000036,-0.20490740740740737,84
80,35,-0.17963414634146338,-0.2565254237288135,82,-0.0032682926829267728,-0.06746031746031741,82,-0.027231707317073132,-0.18461538461538457,82
80,36,-0.2951204819277108,-0.3169565217391304,83,-0.2637349397590361,-0.4110289855072463,83,0.18400000000000005,0.04859649122807023,83
80,37,-0.2999069767441859,-0.31122388059701495,86,-0.15388372093023253,-0.2095,86,-0.0757209302325581,-0.12074626865671642,86
80,38,-0.006094117647058792,-0.18365079365079365,85,0.1364235294117647,-0.03269841269841268,85,0.03464705882352949,-0.19279999999999994,85
80,39,-0.10796907216494843,-0.38963513513513515,97,-0.07053608247422677,-0.221,97,0.031463917525773204,-0.16852702702702693,97
80,40,-0.14004761904761903,-0.2494590163934426,84,-0.06132142857142853,-0.24121311475409835,84,0.126154761904762,0.06429508196721319,84
80,41,-0.16709638554216863,-0.29953846153846153,83,-0.3421204819277108,-0.4782307692307692,83,-0.24473493975903612,-0.25062499999999993,83
80,42,-0.04470588235294112,-0.10401538461538458,85,-0.21464705882352939,-0.2249859154929577,85,0.0423058823529412,-0.0029577464788731887,85
80,43,0.1647093023255814,0.005163934426229529,86,0.08869767441860471,0.06438095238095243,86,0.1813604651162791,0.10666153846153849,86
80,44,0.05553488372093023,-0.026515151515151554,86,-0.08740697674418602,-0.25975757575757574,86,-0.02166279069767433,-0.06876190476190469,86
80,45,-0.06645454545454545,-0.18691666666666662,88,0.09888636363636367,0.055750000000000015,88,-0.018977272727272697,-0.16112499999999993,88
80,46,-0.20467816091954022,-0.32414062499999996,87,-0.2335172413793103,-0.33652307692307687,87,-0.08481609195402297,-0.15463636363636357,87
80,47,0.08474117647058826,0.03968333333333338,85,-0.08961176470588239,-0.18046666666666666,85,-0.05719999999999996,-0.1689,85
80,48,-0.21464285714285708,-0.27846268656716416,84,-0.02928571428571422,-0.09211940298507461,84,-0.05027380952380949,-0.17021874999999995,84
80,49,0.21907594936708863,0.14255357142857145,79,0.07550632911392405,0.03724193548387101,79,0.07872151898734184,0.023090909090909106,79
80,50,-0.18759340659340656,-0.3118260869565217,91,-0.23471428571428565,-0.3606388888888889,91,-0.19337362637362632,-0.26820833333333327,91
80,51,-0.25780681818181816,-0.43946031746031744,88,-0.20809090909090908,-0.30230303030303035,88,-0.09094318181818178,-0.19925396825396818,88
80,52,-0.10690476190476193,-0.17820895522388056,84,0.07910714285714288,0.018516666666666737,84,0.10736904761904767,0.06263235294117647,84
80,53,0.017090909090909146,-0.17001666666666662,88,-0.07362500000000001,-0.2047246376811594,88,-0.3016363636363636,-0.40942028985507245,88
80,54,-0.13936904761904761,-0.272111111111111,84,-0.16819047619047617,-0.45614285714285707,84,-0.2326547619047619,-0.23489855072463767,84
80,55,-0.20025581395348838,-0.3591212121212121,86,-0.03269767441860465,-0.1424242424242424,86,-0.14865116279069762,-0.20183333333333328,86
80,56,-0.1047682926829268,-0.21755,82,0.07020731707317077,-0.029949999999999952,82,-0.03049999999999997,-0.1699833333333333,82
80,57,0.09080000000000002,-0.05648437499999996,85,0.33090588235294127,0.16567187500000002,85,0.3028352941176471,0.2946949152542374,85
80,58,-0.035858823529411714,-0.2471724137931034,85,-0.14445882352941172,-0.3568448275862069,85,-0.03171764705882344,-0.20390909090909087,85
80,59,-0.2552,-0.30612121212121207,85,-0.1777411764705882,-0.29052459016393434,85,-0.2809529411764706,-0.4333333333333333,85
80,60,-0.05895238095238095,-0.1588709677419354,84,-0.029059523809523775,-0.1515645161290323,84,0.007892857142857165,-0.10949999999999997,84
80,61,0.1892696629213484,0.032718309859154936,89,0.11734831460674164,0.09520312500000003,89,0.044988764044943855,-0.02031746031746028,89
80,62,-0.00010344827586203716,-0.15982608695652173,87,-0.061793103448275856,-0.23971014492753623,87,0.034977011494252884,-0.03726086956521731,87
80,63,0.2762352941176471,0.15926984126984137,85,0.21104705882352942,0.0695238095238095,85,0.3051764705882354,0.1276031746031747,85
80,64,-0.30109411764705885,-0.447703125,85,-0.11063529411764701,-0.28248437499999995,85,0.017164705882352988,-0.04831666666666663,85
80,65,-0.042317647058823474,-0.20244444444444445,85,-0.07094117647058817,-0.198536231884058,85,0.012294117647058818,-0.058301587301587285,85
80,66,0.3763953488372094,0.19296875000000002,86,0.5869186046511629,0.4906406250000001,86,0.36672093023255825,0.3266875,86
80,67,0.1331976744186047,0.03222222222222224,86,0.05593023255813954,-0.07233333333333332,86,0.15690697674418613,-0.0337575757575757,86
80,68,0.16837804878048784,-0.0348474576271186,82,-0.14780487804878045,-0.3165762711864406,82,-0.008390243902439023,-0.15420338983050846,82
80,69,-0.24251136363636358,-0.3632222222222223,88,-0.018659090909090844,-0.13443478260869562,88,-0.2916022727272727,-0.33241791044776114,88
80,70,-0.15411904761904757,-0.17579411764705877,84,-0.061404761904761844,-0.3006363636363636,84,-0.010892857142857093,-0.09069354838709671,84
80,71,0.083448275862069,0.04674193548387096,87,0.1482873563218391,0.08101538461538464,87,0.27112643678160925,0.15985483870967745,87
80,72,-0.22607058823529416,-0.33559375,85,0.028176470588235306,-0.15740677966101688,85,0.02970588235294124,-0.06424242424242421,85
80,73,-0.0473176470588235,-0.18391228070175433,85,-0.1472588235294117,-0.24846153846153837,85,0.10254117647058827,-0.044850746268656726,85
80,74,-0.24046987951807225,-0.37776271186440674,83,-0.12371084337349392,-0.1658305084745762,83,-0.037385542168674686,-0.10823809523809522,83
80,75,-0.05864285714285712,-0.18709374999999998,84,-0.06345238095238091,-0.2930327868852459,84,-0.009238095238095208,-0.13404918032786878,84
80,76,0.0035060240963855306,-0.06590624999999996,83,-0.08902409638554214,-0.20138461538461538,83,0.2128072289156627,0.0022881355932204256,83
80,77,0.0034216867469879604,-0.09453030303030299,83,0.09271084337349397,0.04771186440677973,83,0.06833734939759041,-0.03372413793103449,83
80,78,-0.09760465116279068,-0.15524999999999997,86,0.09054651162790708,-0.09139062499999996,86,0.253593023255814,0.12235593220338985,86
80,79,-0.2289310344827586,-0.3915161290322581,87,-0.09650574712643677,-0.2068709677419355,87,0.16393103448275861,0.15619354838709681,87
80,80,0.010447058823529436,-0.11870312499999996,85,-0.14399999999999993,-0.2586190476190476,85,-0.07524705882352938,-0.11067187499999993,85
80,81,-0.11693023255813953,-0.24128985507246367,86,-0.08515116279069762,-0.20336231884057965,86,0.005209302325581408,-0.06053623188405794,86
80,82,-0.08217647058823527,-0.16007692307692303,85,-0.17895294117647054,-0.2424153846153846,85,-0.27172941176470583,-0.3244153846153846,85
80,83,-0.012833333333333316,-0.15846666666666664,84,0.08896428571428577,0.014953125000000053,84,0.10146428571428572,0.03167187500000003,84
80,84,-0.1449259259259259,-0.15939999999999996,81,0.04619753086419751,-0.06081538461538458,81,-0.0828641975308642,-0.14106153846153843,81
80,85,-0.2151785714285714,-0.24579411764705886,84,-0.10148809523809522,-0.1064411764705882,84,-0.08740476190476187,-0.3708749999999999,84
80,86,-0.15613414634146344,-0.2633787878787879,82,-0.12893902439024385,-0.2309848484848485,82,0.15268292682926832,0.00019354838709681018,82
80,87,-0.21004597701149427,-0.43927999999999995,87,-0.27166666666666656,-0.43153333333333327,87,0.014643678160919566,-0.09738666666666665,87
80,88,-0.2736785714285714,-0.31743333333333335,84,-0.09871428571428568,-0.17741666666666664,84,0.1594404761904762,0.0541940298507463,84
80,89,0.08262790697674423,0.0054655172413793284,86,0.29753488372093023,0.16006349206349205,86,0.049569767441860486,-0.03819047619047616,86
80,90,-0.1814883720930232,-0.31266666666666665,86,-0.14273255813953484,-0.21154999999999996,86,0.09190697674418606,0.003328125000000043,86
80,91,-0.2846547619047618,-0.41110294117647056,84,-0.09917857142857142,-0.23505882352941176,84,-0.17178571428571424,-0.3244411764705882,84
80,92,-0.02377108433734936,-0.12446031746031742,83,-0.1603734939759036,-0.25947619047619047,83,0.01321686746987956,-0.09666153846153845,83
80,93,0.05110843373493976,0.006098360655737717,83,0.20230120481927716,0.012852459016393484,83,-0.0331204819277108,-0.14651612903225802,83
80,94,0.14313953488372094,0.02959375000000003,86,0.09043023255813956,0.04982812500000003,86,-0.005348837209302289,-0.21831666666666666,86
80,95,-0.04496511627906976,-0.19187931034482758,86,-0.04058139534883718,-0.09639655172413786,86,-0.0026511627906976483,-0.07704687500000001,86
80,96,0.09213636363636368,-0.06586153846153839,88,0.1324431818181818,0.032753846153846175,88,0.27273863636363643,0.1382835820895523,88
80,97,-0.19705813953488366,-0.3595245901639344,86,0.16696511627906974,0.000655737704918077,86,0.2836279069767443,0.20908196721311484,86
80,98,0.19020000000000004,0.06760317460317464,80,0.14512500000000003,-0.010285714285714252,80,-0.05798749999999997,-0.15321311475409835,80
80,99,-0.20789411764705878,-0.23413235294117646,85,-0.18058823529411763,-0.27142647058823527,85,0.04057647058823537,-0.003741935483870914,85
80,100,0.24471264367816103,0.17620895522388058,87,-0.1975862068965517,-0.26526865671641786,87,0.0827586206896552,0.00183928571428571,87
80,101,-0.1757176470588235,-0.3449999999999999,85,-0.32101176470588233,-0.4978548387096774,85,-0.04770588235294111,-0.19038709677419352,85
80,102,-0.308287356321839,-0.4045964912280702,87,-0.06458620689655166,-0.14077192982456135,87,-0.12362068965517241,-0.33977192982456134,87
80,103,-0.10348235294117644,-0.37731666666666663,85,-0.003164705882352914,-0.17044999999999996,85,-0.03979999999999996,-0.10051612903225805,85
80,104,-0.1711728395061728,-0.31887499999999996,81,0.04441975308641979,-0.04785937499999998,81,-0.05744444444444443,-0.15879687499999998,81
80,105,-0.23795180722891565,-0.3579193548387097,83,-0.3668433734939758,-0.435241935483871,83,0.0321084337349398,-0.14637096774193542,83
80,106,-0.25631460674157297,-0.3578169014084507,89,-0.04802247191011231,-0.1399577464788732,89,0.1795168539325843,-0.08011940298507456,89
80,107,-0.15785057471264363,-0.2024571428571428,87,0.006574712643678195,-0.14927419354838709,87,0.027390804597701175,-0.08224193548387092,87
80,108,-0.29267058823529407,-0.34901612903225804,85,-0.3223058823529411,-0.39083870967741935,85,-0.15741176470588236,-0.2224354838709677,85
80,109,0.21613253012048197,0.12671212121212125,83,0.2742409638554218,0.19853030303030306,83,-0.002096385542168655,-0.059742424242424194,83
80,110,0.0597529411764706,-0.04404687500000001,85,0.13681176470588235,0.08478571428571434,85,0.43,0.3451250000000002,85
80,111,-0.0670581395348837,-0.22213043478260866,86,-0.05033720930232553,-0.2027101449275362,86,0.13411627906976747,0.03878873239436624,86
80,112,-0.07127058823529406,-0.20610344827586205,85,0.04250588235294123,-0.04543103448275857,85,0.18690588235294125,0.03624137931034489,85
80,113,-0.13293749999999996,-0.24743859649122807,80,-0.16482499999999994,-0.29373684210526313,80,0.05553750000000006,-0.01871929824561399,80
80,114,0.05274418604651166,0.025148648648648686,86,-0.0877209302325581,-0.1213333333333333,86,0.10970930232558142,-0.013675675675675658,86
80,115,-0.08949425287356318,-0.15076271186440673,87,-0.1988275862068965,-0.1984605263157895,87,0.12210344827586214,0.029850000000000064,87
80,116,-0.043329411764705894,-0.0894307692307692,85,-0.07222352941176466,-0.10783870967741932,85,0.15469411764705884,0.05832258064516134,85
80,117,-0.26983529411764706,-0.310958904109589,85,-0.15675294117647054,-0.22102739726027396,85,-0.06259999999999996,-0.1932602739726027,85
80,118,-0.0908372093023256,-0.31085245901639336,86,0.018023255813953486,-0.1352295081967213,86,0.06176744186046515,-0.13337704918032786,86
80,119,-0.23116279069767437,-0.2644285714285714,86,-0.2958372093023255,-0.3682941176470588,86,0.05093023255813956,-0.04758823529411762,86
80,120,-0.1335172413793103,-0.17559459459459456,87,-0.024356321839080427,-0.0711363636363636,87,0.019149425287356348,-0.06154545454545448,87
80,121,-0.3281609195402298,-0.4238939393939394,87,-0.23362068965517235,-0.34669696969696967,87,-0.12355172413793102,-0.28088524590163927,87
80,122,-0.2595930232558139,-0.33153623188405795,86,-0.15626744186046507,-0.3787826086956521,86,-0.21270930232558136,-0.31984057971014485,86
80,123,0.03916867469879519,0.014203389830508483,83,-0.1233734939759036,-0.16489393939393937,83,0.17325301204819282,0.10038983050847461,83
80,124,-0.29732941176470584,-0.28961111111111115,85,-0.21259999999999998,-0.27438805970149255,85,0.14454117647058828,0.05465671641791046,85
80,125,-0.09245238095238088,-0.24216393442622947,84,-0.09905952380952374,-0.17835820895522386,84,-0.021285714285714318,-0.07934328358208949,84
80,126,-0.0969555555555555,-0.23453333333333332,90,0.07738888888888892,0.05713114754098368,90,0.15938888888888894,0.028852459016393526,90
80,127,-0.17895294117647056,-0.33084057971014497,85,-0.0381058823529412,-0.15899999999999995,85,-0.13887058823529408,-0.22150724637681157,85
80,128,-0.22541666666666665,-0.32882258064516123,84,-0.17157142857142857,-0.292655737704918,84,-0.16276190476190472,-0.26020895522388054,84
80,129,0.3010459770114943,0.2408358208955225,87,0.07798850574712646,-0.041686567164179095,87,0.0019885057471264833,-0.12117741935483868,87
80,130,-0.15322619047619046,-0.20032835820895523,84,-0.38605952380952385,-0.44862686567164184,84,-0.35982142857142846,-0.4627910447761193,84
80,131,-0.05598809523809522,-0.11385714285714285,84,0.23192857142857146,0.08359677419354838,84,-0.03495238095238089,-0.06015517241379307,84
80,132,0.327279069767442,0.1243387096774194,86,0.09045348837209302,-0.15049230769230768,86,0.013697674418604687,-0.11593846153846146,86
80,133,-0.2326511627906976,-0.30027692307692305,86,-0.2396744186046511,-0.2919508196721311,86,-0.13220930232558137,-0.19556716417910444,86
80,134,-0.24817647058823525,-0.33378461538461535,85,-0.2439176470588235,-0.3401692307692307,85,0.030694117647058854,-0.07980952380952379,85
80,135,-0.22878571428571423,-0.401875,84,-0.028488095238095184,-0.18735937499999994,84,-0.03904761904761904,-0.17604687499999996,84
80,136,-0.012674418604651176,-0.1273666666666667,86,-0.1502558139534883,-0.22369841269841265,86,0.20069767441860467,0.0777460317460318,86
80,137,-0.14724691358024689,-0.20316393442622946,81,-0.21343209876543207,-0.3341639344262295,81,-0.055839506172839434,-0.18403278688524585,81
80,138,-0.15077906976744182,-0.33316393442622944,86,-0.29383720930232554,-0.36542187499999995,86,-0.21010465116279065,-0.3138082191780821,86
80,139,0.09718072289156629,0.034738461538461565,83,-0.08681927710843373,-0.1715714285714285,83,0.06598795180722897,-0.047230769230769194,83
80,140,-0.1538651685393258,-0.26726984126984116,89,-0.14794382022471908,-0.27631666666666665,89,0.04826966292134835,-0.13092063492063488,89
80,141,0.08034146341463415,-0.010237288135593192,82,0.14395121951219514,0.04711864406779666,82,0.20828048780487807,0.13062711864406784,82
80,142,-0.3309772727272727,-0.4262089552238806,88,-0.29363636363636364,-0.3786268656716418,88,-0.17479545454545453,-0.4015714285714286,88
80,143,-0.046714285714285674,-0.16429687499999998,84,-0.16836904761904764,-0.23139062499999996,84,-0.14957142857142858,-0.32675806451612904,84
80,144,0.09505681818181823,-0.12224193548387093,88,0.09609090909090913,-0.2116774193548387,88,0.1277386363636364,-0.05361290322580642,88
80,145,0.040047619047619096,-0.012573529411764654,84,-0.08851190476190472,-0.17103174603174598,84,0.12825000000000003,0.037746031746031805,84
80,146,-0.07021176470588235,-0.18435294117647055,85,-0.16084705882352934,-0.300203125,85,-0.03414117647058822,-0.13428124999999996,85
80,147,-0.03227380952380948,-0.10192647058823526,84,0.04494047619047622,0.03332307692307697,84,0.010797619047619065,-0.054676470588235264,84
80,148,-0.04968674698795178,-0.12615,83,-0.15855421686746987,-0.37849999999999995,83,-0.06787951807228912,-0.2559833333333333,83
80,149,-0.13122619047619039,-0.20627272727272722,84,0.03222619047619054,-0.06523943661971826,84,-0.054714285714285715,-0.1574393939393939,84
80,150,0.3057590361445784,0.18540625000000005,83,0.13044578313253014,0.003484374999999984,83,0.2027831325301205,0.09266071428571435,83
80,151,-0.1156823529411765,-0.28591176470588237,85,-0.00310588235294113,-0.2784411764705882,85,-0.029011764705882362,-0.22382352941176473,85
80,152,0.18501204819277112,-0.010440677966101689,83,0.2379759036144579,0.15014754098360658,83,0.04542168674698798,-0.013906249999999981,83
80,153,-0.0912209302325581,-0.192140625,86,0.020302325581395397,-0.13767187499999997,86,-0.02824418604651159,-0.158234375,86
80,154,0.03804705882352943,-0.11069491525423729,85,-0.21605882352941175,-0.26903174603174596,85,-0.07849411764705877,-0.24037499999999998,85
80,155,-0.019204819277108418,-0.1697727272727272,83,0.2407951807228916,0.15630303030303036,83,0.17327710843373498,0.02563492063492064,83
80,156,-0.0808823529411764,-0.15853846153846154,85,-0.32162352941176464,-0.46773846153846144,85,0.006741176470588297,-0.060579710144927516,85
80,157,-0.2719425287356322,-0.3247272727272727,87,-0.057873563218390746,-0.17769811320754716,87,-0.08551724137931031,-0.16760377358490564,87
80,158,-0.14465882352941176,-0.285676923076923,85,-0.016364705882352885,-0.18698305084745756,85,0.009388235294117671,-0.15444067796610164,85
80,159,-0.04469411764705881,-0.11387096774193543,85,0.35044705882352944,0.18164179104477615,85,0.4494000000000001,0.4264905660377359,85
80,160,0.19565060240963855,-0.019441176470588222,83,0.2392289156626506,0.07604411764705887,83,0.05913253012048197,-0.001955882352941124,83
80,161,0.06357831325301211,-0.02682456140350874,83,-0.26056626506024094,-0.27962318840579703,83,0.06478313253012054,0.013000000000000025,83
80,162,-0.5045999999999999,-0.5129565217391303,85,-0.25227058823529414,-0.376140625,85,-0.1926705882352941,-0.23879365079365078,85
80,163,0.14148235294117648,0.04087692307692305,85,-0.07859999999999998,-0.2184821428571428,85,0.07841176470588242,-0.0010769230769230266,85
80,164,-0.1753176470588235,-0.3297,85,-0.2511176470588235,-0.4224333333333333,85,-0.2063764705882353,-0.26528333333333326,85
80,165,-0.2563658536585366,-0.3848524590163933,82,-0.14936585365853652,-0.34167213114754097,82,0.13079268292682933,0.016073529411764757,82
80,166,-0.20375903614457821,-0.2763650793650793,83,0.09248192771084342,-0.047468749999999976,83,0.17736144578313257,-0.015825396825396795,83
80,167,-0.1462413793103448,-0.3392835820895522,87,-0.007034482758620668,-0.19808955223880592,87,-0.12120689655172412,-0.34717910447761186,87
80,168,0.03626666666666672,-0.032530303030303034,90,-0.15012222222222218,-0.25366666666666665,90,-0.004122222222222195,-0.09169696969696964,90
80,169,-0.08181818181818178,-0.12621739130434778,88,-0.10947727272727267,-0.15639999999999996,88,-0.0005681818181818263,-0.06895652173913037,88
80,170,-0.1965393258426966,-0.3124864864864864,89,-0.01953932584269663,-0.14159459459459456,89,-0.10613483146067411,-0.16771666666666665,89
80,171,0.0030602409638554352,-0.09906896551724133,83,0.09097590361445783,0.012258620689655208,83,0.17371084337349402,0.06865517241379315,83
80,172,-0.08182142857142856,-0.14219354838709672,84,-0.07801190476190473,-0.170258064516129,84,-0.15665476190476185,-0.2832903225806452,84
80,173,0.03334883720930233,-0.26859016393442625,86,-0.1911046511627906,-0.34260655737704915,86,0.08417441860465126,-0.05165573770491804,86
80,174,-0.12443678160919537,-0.2647205882352941,87,0.07945977011494257,-0.09299999999999997,87,-0.08024137931034475,-0.17070588235294112,87
80,175,0.002988636363636393,-0.17640298507462682,88,0.13531818181818184,0.009567164179104505,88,-0.1276363636363636,-0.25228358208955215,88
80,176,0.07564285714285719,-0.001499999999999965,84,0.2587023809523811,0.11325396825396822,84,0.38147619047619036,0.27493650793650803,84
80,177,-0.031129411764705888,-0.2180833333333333,85,0.06967058823529416,-0.2778166666666666,85,0.0321058823529412,-0.2055333333333333,85
80,178,-0.0268522727272727,-0.17472131147540979,88,0.2010681818181819,0.04516417910447766,88,0.43157954545454547,0.2349836065573771,88
80,179,0.03790476190476194,-0.08384126984126984,84,0.007964285714285743,-0.030349206349206324,84,0.04097619047619052,-0.06587301587301583,84
80,180,-0.10479518072289153,-0.27721428571428575,83,-0.08802409638554214,-0.21666071428571423,83,0.0638433734939759,-0.03553124999999996,83
80,181,0.11289887640449442,0.0029701492537313676,89,0.05158426966292138,-0.03571641791044769,89,0.2741685393258427,0.11816417910447763,89
80,182,0.12187951807228918,0.04034375000000005,83,0.018674698795180796,-0.14243103448275857,83,0.045650602409638585,-0.015156249999999975,83
80,183,-0.03325882352941177,-0.17679999999999998,85,-0.10931764705882346,-0.133,85,0.04162352941176473,-0.11584999999999997,85
80,184,0.1208953488372093,0.022578947368421098,86,0.15823255813953488,0.12649122807017546,86,0.18150000000000008,0.06280000000000001,86
80,185,0.02357142857142859,-0.09747457627118639,84,-0.1365714285714285,-0.30922033898305085,84,-0.04517857142857139,-0.086864406779661,84
80,186,0.38119047619047614,0.1837931034482758,84,-0.043380952380952346,-0.07153448275862065,84,0.20401190476190484,0.005352941176470599,84
80,187,-0.23105813953488374,-0.37757627118644077,86,-0.12043023255813946,-0.21788135593220342,86,0.16254651162790704,0.0377692307692308,86
80,188,-0.06901190476190476,-0.21875,84,-0.03227380952380952,-0.13991044776119402,84,0.1981666666666667,0.09901492537313444,84
80,189,-0.18698823529411762,-0.23469117647058818,85,-0.2155411764705882,-0.20628767123287667,85,-0.003976470588235253,-0.1368,85
80,190,0.04862790697674423,-0.0038750000000000034,86,-0.014639534883720898,-0.07568253968253966,86,0.06743023255813957,-0.013777777777777769,86
80,191,-0.019349397590361406,-0.13413333333333333,83,-0.012915662650602415,-0.12691666666666665,83,0.007578313253012059,-0.16739999999999994,83
80,192,-0.34543820224719096,-0.42611267605633796,89,0.08651685393258432,-0.06290322580645157,89,-0.21524719101123596,-0.22415492957746477,89
80,193,-0.1707701149425287,-0.2523478260869565,87,-0.26832183908045976,-0.4022388059701492,87,0.16657471264367815,0.09639682539682543,87
80,194,-0.09429761904761902,-0.31730158730158725,84,0.006309523809523841,-0.11868253968253964,84,0.08642857142857145,0.02656666666666673,84
80,195,-0.024349397590361425,-0.3136896551724138,83,-0.12553012048192766,-0.35944827586206896,83,0.049963855421686784,-0.09174137931034479,83
80,196,-0.22911627906976736,-0.3315072463768116,86,-0.11888372093023254,-0.20619354838709675,86,0.06973255813953486,-0.05735483870967743,86
80,197,0.0029166666666666837,-0.04281249999999999,84,0.11702380952380959,0.04800000000000007,84,0.0544047619047619,-0.06357575757575755,84
80,198,-0.1309302325581395,-0.22290909090909092,86,0.0006279069767441917,-0.06559999999999998,86,0.1968023255813954,-0.003878787878787882,86
80,199,-0.042142857142857086,-0.14670370370370367,91,0.19491208791208794,0.026111111111111113,91,0.3245164835164835,0.24011111111111105,91
120,0,0.1495111111111111,0.04255102040816328,135,-0.0489481481481481,-0.19229523809523807,135,-0.08149629629629623,-0.12598095238095233,135
120,1,-0.17952631578947364,-0.3093043478260869,133,-0.12699999999999995,-0.2378586956521739,133,-0.0763082706766917,-0.17554347826086955,133
120,2,-0.09174626865671637,-0.23044329896907215,134,-0.08557462686567163,-0.25464948453608244,134,0.13352238805970154,0.019257731958762944,134
120,3,0.019946564885496194,-0.010058252427184436,131,-0.06483969465648852,-0.12238541666666664,131,0.06656488549618324,-0.050624999999999955,131
120,4,-0.17067938931297708,-0.36927835051546387,131,-0.06561068702290075,-0.217,131,-0.008618320610686993,-0.11683505154639172,131
120,5,0.08931818181818185,0.023056603773584948,132,0.10886363636363641,0.03959595959595965,132,0.041272727272727315,-0.03961320754716976,132
120,6,-0.3833798449612402,-0.5131521739130436,129,-0.23721705426356587,-0.32489215686274514,129,-0.13361240310077518,-0.23798999999999995,129
120,7,0.04488235294117651,-0.017763636363636297,136,-0.055558823529411716,-0.2212134831460673,136,0.13541911764705883,0.015550561797752853,136
120,8,-0.040546153846153794,-0.18341052631578939,130,-0.12781538461538455,-0.24210101010101007,130,-0.11855384615384615,-0.2019494949494949,130
120,9,-0.06887022900763358,-0.15594382022471912,131,-0.13209160305343504,-0.19787619047619043,131,-0.006633587786259513,-0.1286571428571429,131
120,10,0.10115789473684215,0.05420000000000004,133,0.14675939849624062,0.05800000000000003,133,0.008368421052631603,-0.029647619047619003,133
120,11,0.06056349206349209,0.01364893617021278,126,-0.29063492063492063,-0.3945106382978723,126,-0.15399206349206343,-0.2535851063829787,126
120,12,-0.049111940298507434,-0.15335353535353535,134,-0.051791044776119344,-0.14887878787878783,134,0.04680597014925372,-0.08058585858585857,134
120,13,-0.2146793893129771,-0.2519894736842105,131,-0.06957251908396941,-0.10586315789473681,131,-0.04280152671755722,-0.0851553398058252,131
120,14,-0.08824812030075184,-0.19375728155339805,133,-0.00093233082706766,-0.08258252427184463,133,-0.22748120300751876,-0.31891262135922327,133
120,15,-0.1335419847328244,-0.35702127659574473,131,-0.10564885496183206,-0.3601808510638298,131,-0.06268702290076336,-0.27453191489361706,131
120,16,0.06511718749999998,-0.005874999999999953,128,0.07294531250000004,-0.04076999999999998,128,0.009367187500000068,-0.11870999999999995,128
120,17,-0.12328148148148149,-0.3003789473684211,135,-0.005799999999999996,-0.11245918367346935,135,0.15986666666666666,-0.03988775510204077,135
120,18,0.12714728682170542,0.04222448979591846,129,0.018759689922480647,-0.133659793814433,129,0.13235658914728682,0.015412371134020646,129
120,19,-0.15484732824427477,-0.23592156862745095,131,-0.12086259541984729,-0.17281720430107522,131,-0.009931297709923638,-0.1372156862745098,131
120,20,0.010023255813953497,-0.08434831460674154,129,-0.029627906976744153,-0.13094623655913976,129,0.010201550387596943,-0.040268817204301026,129
120,21,-0.10542105263157892,-0.16989108910891088,133,-0.10172932330827061,-0.2565376344086021,133,0.06115789473684215,-0.051290322580645135,133
120,22,-0.10285714285714286,-0.27132631578947364,133,-0.14951127819548865,-0.20284761904761905,133,-0.030548872180451093,-0.1966571428571428,133
120,23,-0.1363984962406015,-0.18283168316831677,133,-0.0744586466165413,-0.13929702970297023,133,0.11466917293233087,0.005311926605504593,133
120,24,-0.12828244274809159,-0.28475490196078435,131,-0.06465648854961827,-0.11688235294117644,131,-0.032923664122137354,-0.10128571428571427,131
120,25,-0.16136923076923074,-0.18211428571428567,130,-0.22961538461538455,-0.40560638297872337,130,-0.07053846153846151,-0.18805319148936167,130
120,26,-0.09668181818181816,-0.18092452830188677,132,-0.2488030303030303,-0.3497358490566038,132,-0.0041060606060605576,-0.0840094339622641,132
120,27,0.20606153846153855,0.1067676767676768,130,0.0814769230769231,0.0323535353535354,130,0.1792461538461539,0.14973737373737375,130
120,28,-0.06394117647058817,-0.10810999999999994,136,-0.2514044117647058,-0.30539,136,-0.10395588235294113,-0.15310784313725487,136
120,29,-0.2785112781954887,-0.2953689320388349,133,0.025781954887218086,-0.020310679611650433,133,-0.1060977443609022,-0.17778160919540228,133
120,30,0.01022900763358784,-0.11426041666666663,131,-0.04200763358778626,-0.18705208333333326,131,0.04736641221374042,-0.08057692307692307,131
120,31,-0.11683088235294113,-0.3192710280373831,136,-0.1461764705882353,-0.3301495327102803,136,0.000757352941176508,-0.06701869158878501,136
120,32,-0.2353984962406015,-0.3168202247191011,133,-0.2683308270676691,-0.36895505617977514,133,-0.2152781954887217,-0.4102584269662921,133
120,33,0.1343555555555556,-0.08910752688172038,135,-0.10977037037037031,-0.2866559139784946,135,-0.12639999999999996,-0.1989247311827957,135
120,34,0.10978030303030306,0.03141414141414144,132,0.04049242424242426,0.01370526315789478,132,0.14075000000000007,0.08765263157894738,132
120,35,-0.09264925373134328,-0.14098076923076916,134,-0.15300746268656712,-0.2778365384615385,134,-0.0030895522388059283,-0.17316346153846152,134
120,36,0.13483593750000003,0.033052631578947375,128,0.015000000000000048,-0.13049473684210522,128,-0.003367187499999952,-0.1117380952380952,128
120,37,-0.24606015037593984,-0.3250198019801979,133,-0.1034360902255639,-0.19876237623762372,133,-0.023609022556390902,-0.203822429906542,133
120,38,0.09782442748091602,0.009000000000000027,131,0.07970992366412218,-0.016927710843373488,131,0.23335114503816798,0.15798019801980195,131
120,39,-0.04707751937984494,-0.1611584158415841,129,0.134108527131783,0.03862376237623764,129,0.06566666666666673,-0.0393564356435643,129
120,40,-0.0949407407407407,-0.2353529411764706,135,0.029029629629629666,-0.13219607843137246,135,0.05996296296296298,0.016284313725490246,135
120,41,-0.057353846153846096,-0.22804255319148933,130,-0.030615384615384603,-0.1372234042553191,130,0.15991538461538465,0.09722340425531915,130
120,42,-0.03168702290076331,-0.18479120879120875,131,-0.01635877862595418,-0.0685274725274725,131,0.18599236641221378,0.13374725274725277,131
120,43,-0.14246564885496182,-0.17658333333333331,131,-0.021786259541984692,-0.06790804597701144,131,0.19264885496183207,0.02621839080459773,131
120,44,-0.1266363636363636,-0.27360204081632655,132,-0.11802272727272725,-0.26407142857142857,132,-0.017318181818181788,-0.10034693877551017,132
120,45,-0.25669465648854956,-0.38119047619047625,131,-0.2505572519083969,-0.3177142857142856,131,-0.22384732824427475,-0.29995789473684203,131
120,46,-0.028029850746268632,-0.08630681818181814,134,0.048880597014925406,-0.10840909090909089,134,-0.06564179104477609,-0.14994318181818175,134
120,47,0.09136923076923081,-0.039739130434782596,130,-0.057592307692307665,-0.11660869565217385,130,-0.04839230769230765,-0.13583695652173908,130
120,48,-0.10216541353383454,-0.24139805825242708,133,-0.1730526315789473,-0.3049902912621359,133,-0.02494736842105262,-0.10222330097087375,133
120,49,-0.0631889763779527,-0.11225510204081626,127,-0.07614173228346452,-0.17160439560439558,127,0.2099685039370079,0.13641758241758242,127
120,50,0.015394160583941609,-0.09264285714285715,137,-0.172934306569343,-0.25094444444444436,137,0.15584671532846717,0.07206122448979595,137
120,51,-0.22004477611940296,-0.2560666666666666,134,-0.24317164179104472,-0.2494761904761905,134,-0.03167164179104474,-0.07230476190476187,134
120,52,-0.14382812499999997,-0.20670526315789467,128,-0.014281249999999968,-0.041584158415841566,128,0.26653906250000003,0.20782795698924733,128
120,53,-0.286275590551181,-0.32096969696969696,127,-0.05799999999999995,-0.172043956043956,127,-0.0822362204724409,-0.20826373626373623,127
120,54,-0.15896799999999994,-0.3503882352941176,125,-0.06572799999999995,-0.25179999999999997,125,-0.07399199999999999,-0.2898117647058824,125
120,55,0.14852343750000002,0.02437349397590361,128,0.10335937500000003,-0.16460240963855416,128,0.004539062500000052,-0.04070999999999998,128
120,56,-0.05923846153846152,-0.15369662921348315,130,0.028838461538461563,-0.06701010101010096,130,0.14494615384615384,-0.007666666666666634,130
120,57,-0.16470542635658914,-0.20051063829787233,129,-0.15262790697674414,-0.24519148936170215,129,-0.17479069767441857,-0.252063829787234,129
120,58,0.08517968750000002,-0.06176666666666662,128,-0.018320312500000005,-0.08073333333333334,128,0.23012500000000002,0.15875000000000003,128
120,59,-0.16375373134328355,-0.28975,134,-0.13028358208955215,-0.2196538461538461,134,0.0774776119402986,-0.03603846153846148,134
120,60,-0.3422,-0.46205050505050504,130,-0.23043076923076913,-0.2866767676767677,130,-0.1992384615384615,-0.2939191919191919,130
120,61,-0.15104545454545454,-0.2627234042553191,132,-0.18945454545454543,-0.21567676767676763,132,0.09556060606060612,0.042050505050505074,132
120,62,-0.004248062015503808,-0.10904210526315787,129,-0.003023255813953448,-0.07962105263157895,129,0.11753488372093025,0.050505263157894754,129
120,63,0.25858646616541353,0.11193000000000002,133,0.1446842105263158,0.07142528735632184,133,0.19984962406015042,0.18652873563218392,133
120,64,-0.07496183206106868,-0.18941584158415842,131,0.017473282442748116,-0.14356701030927832,131,0.07893893129770994,-0.02550515463917517,131
120,65,-0.13266153846153847,-0.28412,130,-0.17210769230769224,-0.27792999999999995,130,-0.07896153846153847,-0.18522916666666664,130
120,66,-0.04977165354330707,-0.13218681318681313,127,-0.10751968503937005,-0.17367032967032964,127,0.007716535433070913,-0.04079411764705882,127
120,67,-0.22925196850393698,-0.3354555555555555,127,-0.17508661417322832,-0.2619888888888889,127,-0.19592913385826768,-0.29997777777777773,127
120,68,-0.24955970149253734,-0.3822336448598131,134,0.008358208955223928,-0.08015306122448977,134,0.09392537313432839,-0.017439252336448528,134
120,69,0.14763281250000007,0.05129473684210524,128,0.032687500000000036,-0.04442391304347821,128,-0.059148437499999956,-0.1748043478260869,128
120,70,0.06686821705426359,-0.03776595744680848,129,0.043069767441860515,-0.007814432989690676,129,0.22789922480620156,0.19730851063829785,129
120,71,-0.26592537313432835,-0.358531914893617,134,-0.29226865671641794,-0.37880208333333326,134,0.04866417910447763,-0.04564814814814811,134
120,72,0.005832061068702312,-0.03548453608247417,131,0.02479389312977102,-0.04232989690721644,131,0.1981984732824428,0.12664948453608252,131
120,73,0.13394656488549622,0.07548351648351648,131,0.05170992366412217,-0.025952380952380914,131,0.1023435114503817,0.051418367346938824,131
120,74,-0.013131782945736399,-0.09097959183673467,129,0.0016279069767442202,-0.14174489795918363,129,0.22454263565891477,0.014701030927835108,129
120,75,-0.09727611940298506,-0.14767326732673258,134,-0.08566417910447757,-0.18769999999999995,134,-0.06368656716417907,-0.1508453608247423,134
120,76,0.1240977443609023,-0.06701999999999994,133,0.009977443609022602,-0.13061,133,0.2939849624060151,0.0923200000000001,133
120,77,-0.26641860465116274,-0.36609708737864083,129,-0.14305426356589143,-0.37544827586206897,129,-0.15728682170542632,-0.23249514563106796,129
120,78,0.038401574803149666,-0.027937499999999966,127,0.04131496062992128,-0.013749999999999976,127,0.13779527559055121,-0.07345652173913042,127
120,79,0.08172868217054263,-0.04830769230769226,129,-0.01394573643410851,-0.0877692307692307,129,0.1118217054263566,0.03034375000000004,129
120,80,0.1782558139534884,0.06984693877551022,129,-0.00674418604651158,-0.11815789473684205,129,0.30048837209302326,0.18542105263157901,129
120,81,0.13427480916030538,0.00467708333333335,131,0.0722366412213741,-0.08284374999999992,131,0.04359541984732827,0.002049504950495092,131
120,82,0.07962121212121213,-0.03900999999999996,132,0.1322424242424243,0.028230000000000022,132,0.06263636363636366,0.013766666666666694,132
120,83,-0.2094172661870503,-0.32436274509803914,139,-0.09968345323741006,-0.2592380952380952,139,-0.11242446043165465,-0.1967843137254902,139
120,84,-0.11754198473282441,-0.23774736842105262,131,-0.13416030534351142,-0.23128421052631573,131,0.31941221374045803,0.22844210526315795,131
120,85,-0.300780303030303,-0.41690291262135926,132,-0.11906818181818175,-0.21510679611650485,132,-0.10995454545454544,-0.13722549019607838,132
120,86,0.188952380952381,0.09090425531914896,126,0.11645238095238096,-0.03993617021276594,126,-0.023992063492063443,-0.14892553191489358,126
120,87,-0.14159230769230766,-0.19795959595959592,130,-0.0345307692307692,-0.06858999999999997,130,-0.023153846153846084,-0.13568686868686863,130
120,88,-0.024587786259541985,-0.1552235294117647,131,-0.12764122137404574,-0.2893647058823529,131,-0.0428320610687023,-0.13063265306122446,131
120,89,-0.2178384615384615,-0.405701030927835,130,-0.036699999999999955,-0.1965567010309278,130,-0.1641076923076923,-0.25978787878787873,130
120,90,-0.06265384615384613,-0.1419142857142857,130,-0.37943846153846145,-0.4497428571428571,130,-0.23203076923076918,-0.2893838383838384,130
120,91,-0.0339291338582677,-0.15245833333333328,127,-0.08122834645669286,-0.16248888888888888,127,-0.07307874015748031,-0.1418958333333333,127
120,92,0.09528787878787878,-0.09079787234042555,132,0.08837121212121214,0.0255744680851064,132,-0.04655303030303027,-0.18741489361702124,132
120,93,-0.11026315789473685,-0.2531078431372548,133,-0.16896240601503756,-0.19794059405940592,133,0.015939849624060178,-0.09689690721649484,133
120,94,0.01585606060606062,-0.18592134831460672,132,-0.0969924242424242,-0.24617977528089885,132,0.10103030303030307,-0.030303370786516844,132
120,95,-0.1643282442748091,-0.2476373626373626,131,-0.11226717557251903,-0.2735164835164835,131,-0.11654198473282439,-0.24905494505494502,131
120,96,-0.06908888888888888,-0.14523,135,-0.07099259259259257,-0.16276923076923075,135,0.15705185185185183,0.06,135
120,97,-0.029389312977099236,-0.10454545454545452,131,-0.042450381679389304,-0.08966666666666666,131,-0.18203816793893127,-0.24459595959595956,131
120,98,0.1858962962962963,0.08206481481481484,135,0.2391111111111111,0.13997999999999997,135,0.35334814814814824,0.24174000000000004,135
120,99,-0.08658208955223876,-0.17517894736842102,134,-0.17755223880597007,-0.27370526315789473,134,0.08500746268656718,0.0309684210526316,134
120,100,-0.13698484848484843,-0.2358131868131868,132,-0.1651212121212121,-0.17914705882352938,132,0.18361363636363637,0.12071134020618557,132
120,101,-0.23793129770992358,-0.32324038461538457,131,-0.1331832061068702,-0.1919134615384615,131,0.08960305343511452,-0.036278846153846134,131
120,102,-0.06428244274809157,-0.19031999999999996,131,-0.021458015267175546,-0.10166999999999998,131,-0.06866412213740454,-0.1686960784313725,131
120,103,-0.06628799999999997,-0.1648723404255319,125,-0.11980799999999996,-0.17715306122448973,125,0.10048000000000003,-0.029617021276595677,125
120,104,-0.12929007633587783,-0.30319999999999997,131,-0.18154961832061065,-0.39062105263157887,131,-0.017160305343511418,-0.17208421052631573,131
120,105,-0.4036590909090908,-0.5247093023255814,132,-0.0940075757575757,-0.22655813953488374,132,-0.07257575757575756,-0.2604646464646464,132
120,106,-0.26656060606060605,-0.502340909090909,132,-0.20640909090909085,-0.3803977272727273,132,-0.2522575757575758,-0.3092752293577981,132
120,107,-0.23694656488549617,-0.29112962962962957,131,-0.12201526717557248,-0.28669902912621353,131,-0.17964885496183203,-0.30561165048543676,131
120,108,-0.001640624999999958,-0.11663265306122444,128,0.14525000000000005,0.01188775510204088,128,-0.02373437499999996,-0.12224210526315787,128
120,109,0.024208955223880634,-0.059780952380952365,134,0.1808283582089553,0.12948387096774197,134,0.1834552238805971,0.0009462365591398335,134
120,110,-0.17360769230769227,-0.27746875,130,-0.17392307692307693,-0.2494583333333333,130,-0.13841538461538455,-0.22313207547169805,130
120,111,-0.042767441860465084,-0.24395652173913038,129,-0.02725581395348834,-0.10665217391304345,129,0.06141085271317834,0.024343750000000015,129
120,112,0.24060937500000004,-0.02454444444444444,128,-0.13519531249999994,-0.29466666666666663,128,-0.019789062499999968,-0.07093877551020404,128
120,113,-0.14606976744186043,-0.19963333333333327,129,0.13835658914728688,0.0063777777777778355,129,0.28272868217054264,0.11568888888888895,129
120,114,-0.15862204724409446,-0.20049,127,0.009220472440944965,-0.13382000000000002,127,0.05297637795275592,-0.029589999999999977,127
120,115,0.04533082706766921,-0.05597938144329891,133,0.05612030075187975,0.002208333333333349,133,0.23278947368421057,-0.005520833333333308,133
120,116,0.1340588235294118,0.04118000000000002,136,-0.10227941176470583,-0.18344444444444438,136,-0.025580882352941144,-0.0601,136
120,117,-0.08986713286713284,-0.14899130434782604,143,0.12662937062937066,0.06686086956521746,143,0.11526573426573432,0.025182608695652198,143
120,118,0.13032824427480916,-0.05036893203883494,131,0.1424885496183206,0.10284946236559138,131,0.18829007633587788,0.12550000000000006,131
120,119,-0.038296296296296245,-0.21082178217821781,135,-0.07165925925925924,-0.11422857142857142,135,0.21263703703703707,0.10571717171717177,135
120,120,-0.20576086956521736,-0.32779611650485435,138,-0.22115942028985505,-0.3450636363636363,138,-0.16237681159420286,-0.27301818181818177,138
120,121,-0.0276412213740458,-0.14065306122448976,131,-0.043610687022900725,-0.1646122448979591,131,0.1018549618320611,0.020857142857142935,131
120,122,0.05206060606060609,-0.05662264150943392,132,0.08680303030303033,-0.008095744680851037,132,0.09031060606060606,-0.008339622641509387,132
120,123,-0.15296268656716416,-0.2732604166666666,134,-0.019559701492537298,-0.09057291666666663,134,0.1316940298507463,0.08558490566037738,134
120,124,-0.30896212121212124,-0.38195238095238093,132,-0.05171212121212119,-0.11702857142857138,132,-0.12579545454545452,-0.19534374999999993,132
120,125,-0.20018656716417907,-0.2759484536082474,134,-0.1494328358208955,-0.23934020618556698,134,0.08602985074626868,0.04526804123711342,134
120,126,-0.08424264705882355,-0.12452941176470586,136,-0.17540441176470584,-0.2780961538461538,136,-0.022029411764705832,-0.2417938144329896,136
120,127,-0.01369924812030072,-0.1387821782178218,133,0.12196992481203012,0.00831683168316835,133,0.14470676691729326,0.08334042553191492,133
120,128,0.1380075757575758,-0.010277227722772245,132,0.11013636363636364,-0.01849504950495048,132,0.1725909090909091,0.025029702970297087,132
120,129,-0.14011538461538459,-0.2223870967741935,130,-0.022469230769230738,-0.11117475728155339,130,-0.11929230769230764,-0.17630097087378635,130
120,130,0.2430820895522388,0.02533333333333336,134,0.047880597014925405,-0.11944444444444442,134,-0.03960447761194029,-0.2105555555555555,134
120,131,-0.11346969696969697,-0.16454285714285713,132,0.01803030303030305,-0.07840384615384613,132,0.16468181818181823,0.08384615384615383,132
120,132,-0.18471317829457365,-0.24361111111111106,129,-0.08825581395348836,-0.14168181818181816,129,0.17749612403100776,-0.028954545454545396,129
120,133,-0.027462686567164125,-0.09721568627450976,134,-0.11044776119402984,-0.23707843137254897,134,-0.012753731343283514,-0.04367368421052629,134
120,134,0.02872519083969467,-0.06648453608247419,131,0.05516030534351144,-0.10126804123711339,131,0.03937404580152674,-0.03206185567010307,131
120,135,0.06399230769230775,-0.003869999999999969,130,0.036923076923076954,-0.06820212765957441,130,0.08778461538461543,-0.07591999999999999,130
120,136,-0.24029545454545456,-0.45823170731707313,132,-0.21218181818181814,-0.2616146788990825,132,-0.29495454545454547,-0.47089024390243894,132
120,137,-0.11872656249999994,-0.16900961538461537,128,-0.01921093749999995,-0.1347211538461538,128,0.05960156250000004,-0.007365384615384573,128
120,138,0.09034883720930235,-0.038090909090909036,129,-0.06807751937984492,-0.17873863636363635,129,0.1384108527131783,-0.02868181818181811,129
120,139,-0.15119685039370076,-0.26762135922330094,127,0.034125984251968514,-0.09883495145631067,127,-0.029984251968503926,-0.06269902912621357,127
120,140,0.013221374045801522,-0.1166629213483146,131,0.02458015267175575,-0.021673076923076892,131,0.14794656488549618,0.07462500000000002,131
120,141,-0.035356060606060564,-0.1428282828282828,132,-0.026371212121212066,-0.18442718446601944,132,0.19724242424242425,0.08866990291262139,132
120,142,-0.04936434108527126,-0.1349405940594059,129,0.06684496124031011,-0.018089108910891036,129,0.2358139534883721,0.2040707070707071,129
120,143,-0.21915602836879425,-0.24038461538461542,141,-0.21807801418439718,-0.26455660377358486,141,-0.12029787234042548,-0.18031132075471698,141
120,144,-0.3246821705426356,-0.3554747474747475,129,-0.28219379844961234,-0.3928787878787878,129,-0.09831782945736428,-0.19695959595959595,129
120,145,0.007218045112782015,-0.08599999999999997,133,-0.013090225563909746,-0.1406203703703703,133,-0.026030075187969882,-0.21617525773195873,133
120,146,0.0734057971014493,-0.07974999999999996,138,-0.004130434782608633,-0.04837037037037031,138,-0.05875362318840576,-0.18029629629629623,138
120,147,-0.1977142857142857,-0.26966355140186915,133,-0.22402255639097737,-0.4311290322580645,133,-0.1914661654135338,-0.4217526881720429,133
120,148,0.0035263157894737,-0.06768686868686866,133,0.03319548872180454,-0.02941414141414144,133,0.09503759398496243,0.05177777777777781,133
120,149,0.1406165413533835,-0.013307692307692291,133,0.15217293233082713,-0.13914285714285712,133,0.2429172932330827,0.10367032967032969,133
120,150,-0.004273437499999984,-0.23859999999999995,128,-0.09021093749999998,-0.17765263157894737,128,-0.02226562499999997,-0.18283157894736837,128
120,151,-0.19535555555555553,-0.28084,135,-0.11708148148148145,-0.27212,135,-0.028162962962962945,-0.09914999999999992,135
120,152,-0.07386330935251793,-0.23567924528301887,139,-0.006834532374100695,-0.07964150943396223,139,0.0943381294964029,0.0274166666666667,139
120,153,-0.12397674418604648,-0.27674999999999994,129,-0.21437209302325574,-0.36859782608695646,129,-0.01950387596899222,-0.11187878787878787,129
120,154,0.12719230769230772,0.015378947368421056,130,-0.05809999999999997,-0.14517894736842102,130,0.06559230769230774,-0.029185567010309235,130
120,155,-0.2774671532846716,-0.3934190476190475,137,-0.25835036496350366,-0.35647872340425535,137,-0.16199999999999998,-0.25078723404255315,137
120,156,-0.08296124031007748,-0.16211764705882348,129,0.06685271317829462,-0.02844117647058818,129,-0.18700775193798447,-0.24620833333333333,129
120,157,-0.0030074074074073723,-0.12927835051546385,135,0.08374814814814814,-0.06948,135,0.19694814814814815,0.09474000000000003,135
120,158,-0.03454074074074072,-0.07736999999999998,135,-0.044703703703703676,-0.08023762376237623,135,-0.07997037037037036,-0.17100990099009897,135
120,159,-0.1287575757575757,-0.23326804123711337,132,0.12943939393939394,0.0831340206185567,132,0.0188939393939394,-0.09106060606060606,132
120,160,-0.03219696969696967,-0.13517582417582416,132,-0.32254545454545447,-0.34397368421052626,132,0.10759090909090911,0.0895217391304348,132
120,161,-0.15173076923076925,-0.3626210526315789,130,-0.03356153846153842,-0.10926530612244896,130,-0.1180384615384615,-0.16236734693877541,130
120,162,-0.2097954545454545,-0.25665714285714286,132,-0.14137878787878785,-0.20091428571428568,132,-0.01346212121212115,-0.08313402061855663,132
120,163,-0.016022727272727234,-0.08002105263157891,132,-0.027742424242424193,-0.12804854368932034,132,4.545454545457409e-05,-0.13649999999999995,132
120,164,-0.29355970149253735,-0.34286,134,-0.264910447761194,-0.3086,134,-0.14927611940298502,-0.20854,134
120,165,0.22366666666666668,0.12770833333333334,132,0.039734848484848505,-0.021833333333333278,132,0.2792575757575758,0.14143181818181824,132
120,166,0.10395522388059705,0.05126168224299068,134,0.2694850746268657,0.1173177570093458,134,0.10842537313432836,-0.029653061224489782,134
120,167,-0.1471031746031746,-0.2960777777777778,126,-0.08375396825396823,-0.2431222222222222,126,0.0006269841269841743,-0.11833333333333328,126
120,168,-0.13056716417910444,-0.22480198019801975,134,0.0034552238805970353,-0.10809900990099006,134,0.1638432835820896,0.08252475247524757,134
120,169,-0.08841538461538458,-0.12441935483870965,130,-0.18460769230769228,-0.23416999999999993,130,0.04452307692307697,-0.00827083333333331,130
120,170,0.10461363636363642,0.047969072164948494,132,0.06556060606060614,-0.16178350515463913,132,-0.030083333333333295,-0.1104893617021276,132
120,171,-0.1494307692307692,-0.17266019417475723,130,-0.12678461538461533,-0.2025612244897959,130,0.05333076923076927,-0.013815533980582455,130
120,172,0.13909160305343515,0.06960000000000004,131,-0.18006870229007627,-0.25886666666666663,131,0.11356488549618322,0.09342222222222228,131
120,173,-0.09396296296296293,-0.1439803921568627,135,0.03983703703703708,-0.008463917525773175,135,-0.13452592592592588,-0.1871553398058252,135
120,174,0.07311278195488724,0.016103092783505166,133,-0.19163909774436086,-0.22468041237113398,133,-0.06401503759398493,-0.12638235294117642,133
120,175,-0.19651162790697674,-0.35491011235955044,129,-0.14626356589147285,-0.24610679611650482,129,0.051844961240310114,-0.005191011235954993,129
120,176,-0.23568461538461535,-0.3665999999999999,130,-0.056861538461538415,-0.11377142857142855,130,0.25613846153846154,0.16932222222222224,130
120,177,-0.19947761194029848,-0.29631067961165053,134,-0.17729104477611937,-0.30426262626262623,134,-0.11018656716417907,-0.2218787878787879,134
120,178,-0.049863636363636325,-0.12411827956989242,132,-0.09647727272727269,-0.11827450980392157,132,-0.05064393939393936,-0.10498969072164947,132
120,179,-0.08967669172932329,-0.19009302325581395,133,-0.17323308270676685,-0.2273240740740741,133,0.1381729323308271,0.07524418604651167,133
120,180,0.03764615384615391,-0.1339010989010989,130,-0.07902307692307688,-0.18299999999999997,130,-0.056646153846153825,-0.11138775510204078,130
120,181,-0.04276744186046507,-0.10561052631578943,129,0.09006976744186049,0.05367368421052637,129,0.15197674418604654,0.06620652173913047,129
120,182,-0.04918461538461532,-0.14254545454545453,130,-0.05783076923076922,-0.1505252525252525,130,-0.17675384615384615,-0.23967346938775513,130
120,183,-0.12046825396825397,-0.18683,126,-0.07549999999999997,-0.25105,126,0.10706349206349212,0.02687777777777784,126
120,184,0.028351145038167998,-0.12309677419354831,131,-0.11179389312977095,-0.16091397849462363,131,-0.10379389312977094,-0.19984848484848478,131
120,185,-0.032227272727272695,-0.2775,132,-0.04823484848484846,-0.21105999999999994,132,0.03215909090909093,-0.06228712871287125,132
120,186,-0.07763565891472862,-0.10644329896907216,129,-0.061782945736434086,-0.11730927835051543,129,-0.06394573643410849,-0.11095833333333331,129
120,187,-0.15792366412213737,-0.24856999999999996,131,-0.03758015267175567,-0.11976086956521736,131,-0.13703053435114498,-0.19516999999999995,131
120,188,-0.08205925925925923,-0.2664455445544554,135,-0.0910444444444444,-0.2522079207920792,135,0.09808888888888893,-0.061029702970296994,135
120,189,-0.05011851851851851,-0.078039603960396,135,-0.20611111111111113,-0.2274639175257732,135,-0.07879999999999993,-0.21439175257731952,135
120,190,0.04271755725190846,-0.016049999999999943,131,0.0494656488549619,-0.09571276595744677,131,0.10821374045801528,0.015745098039215668,131
120,191,-0.06478461538461536,-0.1049029126213592,130,-0.1376538461538461,-0.2209905660377358,130,0.13484615384615387,0.08833009708737868,130
120,192,-0.23377519379844958,-0.32983157894736836,129,-0.3075193798449612,-0.33672631578947365,129,0.04945736434108529,-0.07688372093023253,129
120,193,-0.013098484848484816,-0.040811111111111124,132,0.04062121212121216,-0.06509999999999996,132,-0.0682424242424242,-0.09105660377358485,132
120,194,-0.17853787878787875,-0.20780999999999994,132,-0.026962121212121166,-0.09287628865979376,132,-0.02596969696969692,-0.07978787878787874,132
120,195,0.04117293233082712,-0.01682828282828277,133,0.03425563909774441,0.0020404040404040577,133,0.2860075187969925,0.22097752808988774,133
120,196,0.3451145038167939,0.2802038834951457,131,0.21049618320610688,0.04940776699029132,131,0.2950152671755726,0.22861797752809,131
120,197,-0.07351587301587302,-0.21491011235955051,126,-0.09863492063492059,-0.22077528089887638,126,-0.040277777777777746,-0.1318210526315789,126
120,198,-0.17983206106870225,-0.27952,131,0.10009160305343515,-0.010839999999999978,131,-0.09992366412213739,-0.17676999999999993,131
120,199,-0.02426315789473681,-0.11703092783505153,133,0.03309774436090232,-0.04002061855670102,133,-0.030939849624060125,-0.14710309278350514,133
200,0,-0.007931914893616982,-0.06374316939890708,235,0.03252340425531918,-0.02950819672131145,235,0.031021276595744694,-0.025278688524590132,235
200,1,0.15832456140350876,0.10832919254658384,228,0.08977631578947369,-0.009142045454545424,228,0.13954824561403514,0.06377639751552795,228
200,2,-0.286086776859504,-0.3180883977900552,242,-0.1830371900826446,-0.3090391061452513,242,-0.08797107438016526,-0.16344134078212286,242
200,3,-0.07046120689655172,-0.13726060606060606,232,-0.10915086206896547,-0.19421212121212117,232,0.07704741379310348,0.0012060606060606805,232
200,4,-0.01671179039301306,-0.04721546961325963,229,-0.01599999999999996,-0.20119889502762428,229,0.15042358078602622,0.056060773480662976,229
200,5,-0.09399130434782611,-0.18810555555555553,230,0.002252173913043512,-0.11426111111111108,230,-0.08032608695652169,-0.1319039548022599,230
200,6,0.03800896860986548,-0.015422619047619011,223,-0.03131390134529143,-0.0682155688622754,223,0.07256053811659198,0.029011834319526683,223
200,7,-0.11457499999999995,-0.2398547486033519,240,-0.18999583333333328,-0.258728813559322,240,-0.06892499999999997,-0.10516759776536311,240
200,8,0.0059521739130435,-0.09484795321637425,230,-0.047486956521739086,-0.11597660818713447,230,0.06931304347826092,-0.01101169590643268,230
200,9,-0.02171052631578946,-0.07398369565217389,228,-0.01778947368421049,-0.06825806451612902,228,0.15471052631578952,0.06622857142857143,228
200,10,-0.0965388127853881,-0.12673988439306352,219,-0.0025342465753424156,-0.044052023121387236,219,0.06314611872146123,0.022826086956521753,219
200,11,-0.02616071428571424,-0.13328813559322034,224,-0.11397767857142856,-0.1650734463276836,224,0.03377678571428576,-0.04209039548022595,224
200,12,-0.03376233183856498,-0.08414130434782606,223,-0.13394170403587438,-0.1741684782608695,223,0.0166412556053812,-0.06301086956521736,223
200,13,-0.056257510729613706,-0.1923583815028901,233,-0.1060472103004291,-0.2410173410404624,233,0.13162660944206014,0.023005780346820832,233
200,14,-0.1166,-0.19572413793103446,230,0.01911739130434786,-0.0693850574712643,230,0.031234782608695673,-0.11950955414012737,230
200,15,-0.0759655172413793,-0.18132317073170728,232,-0.1502413793103448,-0.16735028248587566,232,0.040284482758620725,-0.0299024390243902,232
200,16,-0.16317372881355932,-0.1877258064516129,236,-0.041381355932203365,-0.08110119047619044,236,0.08688135593220342,0.038604790419161726,236
200,17,-0.26210593220338985,-0.34067630057803466,236,-0.22741101694915253,-0.39004624277456645,236,-0.10725423728813556,-0.21510982658959538,236
200,18,-0.017315555555555556,-0.0434090909090909,225,-0.07306222222222221,-0.11601704545454541,225,0.21606222222222224,0.1064318181818182,225
200,19,-0.14140170940170937,-0.18452197802197806,234,0.05008119658119663,-0.0007692307692307318,234,0.03673504273504278,-0.026364705882352926,234
200,20,-0.06975217391304343,-0.12735057471264366,230,0.0030304347826087276,-0.08077011494252871,230,0.08387826086956525,0.0033218390804598077,230
200,21,0.08008888888888893,-0.03851497005988021,225,-0.026724444444444405,-0.111125,225,0.09261333333333337,0.03056886227544915,225
200,22,-0.04521249999999997,-0.10526111111111108,240,-0.01477499999999996,-0.06397222222222221,240,0.13079166666666672,0.08043502824858761,240
200,23,0.011316239316239318,-0.04412068965517239,234,0.07414529914529919,-0.041978021978021925,234,0.12193589743589747,-0.024263736263736246,234
200,24,0.0011031390134529527,-0.07652795031055896,223,0.021327354260089713,-0.006494117647058772,223,0.24765470852017935,0.19183625730994153,223
200,25,-0.05427705627705625,-0.13071751412429375,231,-0.006393939393939395,-0.12054237288135589,231,-0.06393939393939392,-0.15606214689265532,231
200,26,-0.017489270386266038,-0.03863687150837986,233,0.17036480686695282,0.13630726256983242,233,-0.0376781115879828,-0.1035229885057471,233
200,27,-0.12383628318584065,-0.202438596491228,226,-0.08495132743362825,-0.20546783625730994,226,-0.05001769911504421,-0.07752941176470586,226
200,28,-0.10365065502183402,-0.16009756097560976,229,-0.09416593886462879,-0.1042469879518072,229,0.1423231441048035,0.0749698795180723,229
200,29,0.02269827586206899,-0.1353463687150838,232,-0.0833620689655172,-0.14077653631284917,232,0.001771551724137937,-0.04275722543352596,232
200,30,-0.2373805309734513,-0.2840116279069767,226,-0.04405309734513272,-0.13821052631578945,226,0.0441061946902655,-0.03680701754385963,226
200,31,-0.15212017167381972,-0.20527528089887634,233,-0.08815879828326176,-0.18806179775280896,233,-0.09083261802575102,-0.15191011235955057,233
200,32,-0.1464273127753304,-0.1885180722891566,227,-0.18117621145374446,-0.23520481927710843,227,0.03857709251101324,-0.06077108433734936,227
200,33,0.0943169642857143,-0.02818867924528297,224,0.0062857142857143155,-0.04150837988826812,224,0.025897321428571467,-0.035817610062893086,224
200,34,-0.017062240663900385,-0.11795744680851059,241,0.0016473029045643457,-0.10336158192090393,241,0.15333609958506228,0.03311299435028251,241
200,35,0.01826250000000001,-0.1155647058823529,240,-0.00847083333333331,-0.1018817204301075,240,-0.09209166666666661,-0.1954838709677419,240
200,36,-0.10805263157894732,-0.14760119047619047,228,-0.2236008771929824,-0.30648765432098757,228,-0.04282017543859645,-0.13852631578947364,228
200,37,0.05014285714285717,-0.007361963190184056,224,0.0849464285714286,0.03800613496932519,224,0.09170982142857147,-0.027739644970414153,224
200,38,-0.13234482758620686,-0.24717469879518067,232,-0.13265086206896545,-0.21340361445783135,232,-0.04128448275862067,-0.12473493975903611,232
200,39,-0.18442060085836906,-0.22309604519774012,233,-0.15335193133047204,-0.2224157303370786,233,-0.037163090128755315,-0.10616853932584268,233
200,40,-0.012353448275862064,-0.11289940828402363,232,-0.09884482758620686,-0.18517159763313606,232,0.14014224137931036,0.07202325581395354,232
200,41,0.035947598253275106,-0.09888484848484855,229,0.02252838427947604,-0.10133333333333329,229,-0.0562139737991266,-0.12019999999999995,229
200,42,0.032008810572687244,-0.003011627906976712,227,0.050167400881057304,0.018563953488372142,227,0.10084581497797358,0.044600000000000056,227
200,43,-0.0978034934497816,-0.1749421965317919,229,-0.24562008733624455,-0.3574463276836157,229,-0.09696943231441046,-0.23817514124293784,229
200,44,-0.10181512605042012,-0.2196502732240437,238,-0.18542016806722686,-0.2951311475409835,238,-0.05755462184873948,-0.07851912568306009,238
200,45,-0.08934955752212385,-0.19608074534161485,226,-0.11303097345132743,-0.21309937888198757,226,-0.02244247787610616,-0.0669565217391304,226
200,46,0.0846623931623932,-0.05773006134969325,234,-0.07559401709401706,-0.14728220858895702,234,0.179448717948718,0.07680368098159508,234
200,47,-0.02403539823008844,-0.11806250000000001,226,-0.01639823008849553,-0.06565909090909088,226,0.10421681415929206,0.03205142857142864,226
200,48,-0.28801345291479824,-0.30565294117647046,223,-0.22112556053811652,-0.2810523255813953,223,-0.01901793721973091,-0.1183411764705882,223
200,49,0.07709704641350214,0.017225433526011583,237,0.04936708860759498,0.011381502890173468,237,-0.019569620253164496,-0.041942196531791834,237
200,50,-0.07897835497835491,-0.17546745562130175,231,-0.1143203463203463,-0.19102234636871507,231,-0.11789610389610387,-0.16922807017543853,231
200,51,-0.0919074889867841,-0.19691477272727276,227,-0.02467400881057262,-0.09465909090909089,227,0.05383700440528639,-0.03593181818181816,227
200,52,-0.08900442477876104,-0.2618895705521472,226,-0.11241150442477874,-0.2408895705521472,226,-0.12452212389380529,-0.19002453987730059,226
200,53,-0.10140598290598288,-0.26177070063694263,234,-0.020935897435897386,-0.110140127388535,234,0.0236752136752137,0.0018980891719745678,234
200,54,-0.038948497854077224,-0.11965243902439018,233,-0.13793562231759654,-0.1481204188481675,233,0.053163090128755405,-0.03464814814814814,233
200,55,-0.12378666666666666,-0.19909090909090907,225,0.013760000000000055,-0.06553333333333332,225,-0.001008888888888827,-0.0957738095238095,225
200,56,0.176375,0.04845121951219509,224,-0.07594642857142854,-0.10801704545454544,224,0.22495535714285714,0.1726374269005848,224
200,57,-0.19774999999999998,-0.3044470588235294,228,-0.08014473684210523,-0.1520340909090909,228,-0.04848245614035084,-0.10163068181818179,228
200,58,0.01864628820960701,-0.04702777777777778,229,-0.028995633187772894,-0.1131833333333333,229,0.025279475982532766,-0.05798888888888886,229
200,59,-0.1402657657657657,-0.20947953216374268,222,-0.12802702702702695,-0.18347272727272723,222,-0.037211711711711705,-0.09993939393939391,222
200,60,-0.09707423580786023,-0.1979698795180723,229,-0.12456331877729256,-0.23727108433734936,229,-0.037318777292576384,-0.12763253012048187,229
200,61,-0.014431034482758587,-0.08235714285714281,232,0.044646551724137964,-0.004065476190476158,232,-0.01946982758620686,-0.08314285714285714,232
200,62,-0.17472608695652175,-0.316,230,-0.15143913043478263,-0.21568823529411763,230,-0.14809999999999995,-0.20249079754601224,230
200,63,-0.13477922077922078,-0.28528409090909085,231,-0.12931601731601727,-0.27748295454545446,231,-0.17853679653679652,-0.3488068181818181,231
200,64,0.0069439655172414206,-0.11735119047619046,232,0.008452586206896592,-0.1533095238095238,232,-0.010443965517241348,-0.05118452380952377,232
200,65,0.10751082251082257,-0.021678571428571405,231,-0.05332900432900431,-0.22682738095238095,231,0.09835497835497839,-0.013863095238095178,231
200,66,-0.07031277533039645,-0.17916091954022983,227,-0.08506167400881054,-0.17144252873563212,227,0.14068722466960357,0.062497076023391884,227
200,67,0.004779220779220807,-0.057213414634146295,231,0.09131168831168833,0.025716763005780376,231,0.18577056277056278,0.09085549132947981,231
200,68,-0.11164680851063828,-0.19829545454545452,235,0.002578723404255349,-0.1194772727272727,235,0.13237021276595745,0.06543181818181823,235
200,69,0.21261904761904765,0.08013529411764708,231,0.08027272727272733,0.015121546961325987,231,0.11494805194805197,0.06440331491712709,231
200,70,-0.11995515695067263,-0.14925139664804468,223,-0.0029820627802690067,-0.12586592178770947,223,0.13587892376681615,0.11842073170731707,223
200,71,-0.13386521739130428,-0.20000581395348835,230,-0.04144347826086951,-0.07782558139534881,230,0.17800869565217395,0.12227058823529414,230
200,72,0.06334222222222224,-0.007971590909090881,225,0.11273777777777783,0.00740449438202252,225,-0.046777777777777745,-0.07799999999999996,225
200,73,-0.0970683760683761,-0.1335776397515528,234,-0.16016239316239317,-0.256,234,0.06440598290598294,0.03206077348066301,234
200,74,-0.09590789473684207,-0.18970059880239518,228,-0.1282543859649122,-0.20761392405063284,228,0.1468508771929825,0.03475449101796411,228
200,75,-0.1609956331877729,-0.27555113636363626,229,-0.20154148471615718,-0.24497727272727274,229,-0.03627947598253272,-0.14248170731707316,229
200,76,-0.08678813559322028,-0.16719889502762428,236,-0.16932627118644067,-0.2097513812154696,236,0.02247457627118648,-0.007790055248618761,236
200,77,-0.07937872340425531,-0.17111363636363636,235,-0.03613191489361697,-0.0622413793103448,235,-0.018255319148936123,-0.0868011363636363,235
200,78,0.045066666666666685,-0.1279457831325301,240,0.06707083333333336,-0.09877108433734938,240,0.09797500000000005,0.0280542168674699,240
200,79,0.021748917748917785,-0.0831645569620253,231,0.0398614718614719,-0.02077215189873412,231,0.10403463203463206,0.03175316455696207,231
200,80,-0.19061637931034478,-0.28261988304093566,232,-0.08408189655172413,-0.1564340659340659,232,-0.08532327586206895,-0.19281318681318677,232
200,81,0.04035930735930739,-0.03322289156626503,231,-0.014450216450216402,-0.04467469879518067,231,0.2302554112554113,0.1580867052023122,231
200,82,-0.09562831858407077,-0.14860233918128649,226,0.035323008849557545,0.006783950617283985,226,0.03127876106194693,-0.04109941520467834,226
200,83,-0.10662499999999997,-0.3142155688622755,224,-0.1178883928571428,-0.313065868263473,224,0.060544642857142894,-0.04197005988023949,224
200,84,-0.16078017241379308,-0.22434523809523804,232,-0.08125431034482757,-0.12587150837988823,232,-0.13806896551724138,-0.23289880952380945,232
200,85,-0.192882096069869,-0.3038587570621469,229,-0.1251397379912663,-0.20130508474576267,229,-0.11345414847161568,-0.14892655367231636,229
200,86,-0.22281465517241372,-0.26256084656084655,232,-0.12281465517241376,-0.15156896551724136,232,-0.03637499999999997,-0.0900287356321839,232
200,87,0.011174468085106425,-0.057565476190476146,235,0.05631489361702131,0.0028941176470588495,235,0.16976595744680853,0.06456111111111114,235
200,88,-0.09974008810572682,-0.24004651162790697,227,-0.14280616740088106,-0.2674852071005917,227,0.03957709251101328,-0.034337278106508884,227
200,89,-0.07708936170212763,-0.21630167597765362,235,-0.017246808510638287,-0.14358100558659215,235,0.06411914893617027,-0.11307262569832398,235
200,90,-0.008782426778242643,-0.05729629629629628,239,-0.028615062761506247,-0.1159312169312169,239,0.05641004184100421,0.01081395348837212,239
200,91,-0.07156888888888886,-0.1733522012578616,225,-0.16152,-0.2101369047619047,225,0.010253333333333378,-0.039815476190476165,225
200,92,0.015293103448275839,-0.10691011235955053,232,-0.05975862068965511,-0.10512359550561794,232,0.06975000000000008,-0.039533707865168494,232
200,93,-0.14060425531914894,-0.29803529411764706,235,-0.12056170212765951,-0.14844705882352938,235,0.006131914893617047,-0.04314285714285711,235
200,94,0.046537117903930156,0.0005754189944134263,229,0.07525327510917033,-0.04489473684210526,229,0.027109170305676892,-0.00683040935672511,229
200,95,-0.18196460176991147,-0.23018128654970754,226,-0.2713805309734513,-0.3497391304347825,226,-0.09444247787610616,-0.22884210526315785,226
200,96,0.003709956709956738,-0.06456914893617018,231,-0.09211688311688307,-0.15165957446808506,231,-0.08020779220779214,-0.1452625,231
200,97,-0.08579385964912277,-0.13952866242038217,228,-0.09220175438596487,-0.1222429378531073,228,0.09193421052631583,0.04255307262569833,228
200,98,-0.07061111111111108,-0.1407078651685393,234,-0.07777777777777775,-0.1348651685393258,234,0.10533760683760686,-0.014337078651685351,234
200,99,-0.13416309012875532,-0.2083276836158192,233,-0.12750643776824033,-0.20148022598870052,233,0.005841201716738276,-0.12025988700564967,233
200,100,0.0714581497797357,0.01358235294117652,227,0.043484581497797395,0.002382352941176519,227,0.06259030837004408,-0.015919075144508618,227
200,101,-0.041685589519650644,-0.186167701863354,229,-0.14889082969432316,-0.28460248447204967,229,-0.12194323144104806,-0.20360571428571428,229
200,102,-0.12069130434782607,-0.17849714285714285,230,-0.2482043478260869,-0.2973742690058479,230,-0.026399999999999958,-0.07053086419753081,230
200,103,-0.10012605042016806,-0.16648618784530383,238,-0.058428571428571385,-0.11250828729281766,238,0.06618487394957985,-0.005093922651933666,238
200,104,-0.01630666666666663,-0.07199999999999998,225,-0.13391555555555554,-0.1925116279069767,225,-0.06421777777777773,-0.15277976190476186,225
200,105,-0.021604347826086886,-0.16164971751412427,230,-0.020708695652173873,-0.14946892655367228,230,0.08260434782608697,-0.0015885714285714212,230
200,106,0.059190045248868825,-0.09592546583850928,221,-0.04707239819004521,-0.17841614906832295,221,0.1398235294117647,0.051161490683229824,221
200,107,-0.09053218884120169,-0.1300765027322404,233,0.0672875536480687,-0.01245901639344259,233,0.10615879828326183,-0.009655737704917991,233
200,108,-0.24213135593220333,-0.32065116279069766,236,-0.00041101694915252534,-0.1451220930232558,236,0.04345762711864412,-0.056343023255813925,236
200,109,-0.004905579399141611,-0.1644191616766467,233,-0.17449356223175963,-0.24359281437125743,233,0.14371673819742492,0.08422598870056498,233
200,110,-0.04811255411255409,-0.1374310344827586,231,0.06054112554112554,-0.021618784530386712,231,0.023112554112554123,-0.03808287292817678,231
200,111,-0.068304932735426,-0.12034090909090907,223,-0.010461883408071722,-0.06530113636363634,223,-0.02686995515695064,-0.04590196078431369,223
200,112,0.013757446808510668,-0.07481286549707598,235,-0.024868085106382925,-0.1271052631578947,235,0.10088510638297875,0.012293103448275878,235
200,113,-0.011716814159292018,-0.12140718562874246,226,-0.10302212389380527,-0.14680446927374297,226,0.04747787610619472,0.02468715083798885,226
200,114,-0.06717256637168142,-0.1737341040462428,226,0.05895132743362834,-0.09672832369942193,226,-0.01126991150442471,-0.06578612716763005,226
200,115,-0.14767420814479637,-0.3068381502890173,221,-0.2114570135746606,-0.3442369942196531,221,-0.022022624434389113,-0.09054335260115602,221
200,116,-0.10227753303964754,-0.1909444444444444,227,0.029440528634361217,-0.09758083832335329,227,0.020572687224669643,-0.08508982035928135,227
200,117,-0.020373873873873873,-0.14364880952380948,222,-0.001563063063063021,-0.08487499999999995,222,0.10913063063063065,-0.00017751479289935195,222
200,118,-0.027982608695652136,-0.07058928571428569,230,0.03292173913043481,-0.08297023809523806,230,0.06450869565217396,-0.0007083333333332791,230
200,119,0.062231759656652404,-0.02265060240963852,233,-0.03376824034334763,-0.1259421965317919,233,0.015828326180257545,-0.05857225433526008,233
200,120,0.09657709251101323,0.06313636363636366,227,0.09676211453744497,0.05555214723926383,227,0.05059911894273133,0.009829411764705889,227
200,121,-0.046849785407725275,-0.17687421383647803,233,-0.08804721030042914,-0.16439622641509433,233,-0.04319742489270385,-0.06981132075471697,233
200,122,-0.16974678111587976,-0.32308928571428575,233,-0.03418025751072959,-0.24244047619047618,233,-0.17664806866952787,-0.24986904761904757,233
200,123,-0.07853070175438594,-0.1945266272189349,228,-0.09403508771929824,-0.16963313609467456,228,0.016504385964912313,-0.037175757575757536,228
200,124,0.0996580086580087,-0.04932758620689652,231,0.019956709956709985,-0.10506321839080456,231,0.08320779220779222,-0.0059080459770114455,231
200,125,-0.005256410256410247,-0.026522988505747132,234,0.026316239316239384,0.000764367816092,234,0.19391880341880344,0.12936144578313255,234
200,126,0.07863043478260873,-0.07267973856209144,230,0.05730434782608697,-0.08785620915032677,230,0.04828695652173918,-0.058477124183006504,230
200,127,0.08966814159292037,0.017298780487804855,226,-0.057389380530973415,-0.13302439024390236,226,0.06940707964601771,-0.08981987577639748,226
200,128,-0.16802100840336134,-0.2445,238,-0.296063025210084,-0.36639226519337015,238,-0.1656890756302521,-0.2224944444444444,238
200,129,-0.1677136563876652,-0.23976875,227,-0.1021629955947136,-0.24262499999999995,227,-0.033471365638766515,-0.14793750000000003,227
200,130,-0.09896170212765955,-0.18738285714285716,235,-0.1222510638297872,-0.15166298342541432,235,0.14188936170212765,0.0845474860335196,235
200,131,0.05520960698689959,-0.028156069364161842,229,-0.06995196506550214,-0.16149710982658955,229,0.04499126637554588,-0.05900602409638551,229
200,132,-0.1409017857142857,-0.27410365853658536,224,-0.19836160714285714,-0.2599217877094972,224,-0.1082589285714285,-0.1822234636871508,224
200,133,0.018289473684210588,-0.03154491017964071,228,0.07738596491228074,0.0462352941176471,228,0.1594912280701755,0.10859302325581396,228
200,134,-0.17944635193133046,-0.3205176470588235,233,-0.12554077253218884,-0.21296111111111107,233,-0.023755364806866953,-0.12552777777777774,233
200,135,-0.05844725738396623,-0.17301612903225802,237,-0.08259493670886073,-0.1369235294117647,237,-0.10200843881856535,-0.17229569892473118,237
200,136,0.006547826086956573,-0.0923785310734463,230,-0.1138652173913043,-0.1827659574468085,230,-0.0229043478260869,-0.09290395480225987,230
200,137,-0.02006382978723402,-0.1268196721311475,235,-0.06120425531914887,-0.17518579234972675,235,0.015331914893617044,-0.1329234972677595,235
200,138,0.20679295154185026,0.170906432748538,227,0.1475242290748899,0.11532022471910112,227,0.21981938325991193,0.17957303370786515,227
200,139,-0.046436681222707415,-0.15161309523809519,229,-0.010227074235807841,-0.08107142857142852,229,0.1045327510917031,0.07647337278106513,229
200,140,-0.20998672566371676,-0.27417791411042935,226,-0.23205752212389377,-0.288565934065934,226,-0.21838495575221234,-0.2403351648351648,226
200,141,-0.1365940170940171,-0.29687647058823524,234,-0.17854273504273502,-0.34319999999999995,234,-0.008401709401709376,-0.17002352941176468,234
200,142,0.07494298245614038,-0.0463090909090909,228,-0.02814912280701753,-0.06736309523809522,228,0.15429824561403513,0.09046590909090911,228
200,143,0.02676639344262297,-0.0808379888268156,244,0.11306557377049181,-0.012603351955307224,244,0.1858360655737705,0.12055865921787713,244
200,144,-0.15956444444444443,-0.2545988023952096,225,0.03386222222222225,-0.0679461077844311,225,0.05344888888888892,-0.05459880239520953,225
200,145,-0.07959999999999996,-0.11839411764705876,230,-0.02857391304347823,-0.07721989528795811,230,0.030182608695652174,-0.008486910994764382,230
200,146,-0.03287168141592917,-0.09097633136094674,226,-0.08574778761061945,-0.21457988165680472,226,-0.10360176991150441,-0.13679768786127164,226
200,147,-0.05661607142857139,-0.22879754601226993,224,0.006924107142857199,-0.12930061349693248,224,0.014174107142857162,-0.12287116564417173,224
200,148,-0.11631896551724137,-0.24171751412429374,232,-0.04440517241379307,-0.16590395480225986,232,0.03961637931034487,0.019362637362637398,232
200,149,-0.008420600858369067,-0.06204891304347827,233,-0.049085836909871235,-0.09985326086956518,233,0.05688412017167384,0.016858695652173915,233
200,150,-0.1435677966101695,-0.1982738095238095,236,-0.1751652542372881,-0.19133333333333327,236,0.07464830508474578,-0.03644047619047617,236
200,151,-0.17775438596491225,-0.23357558139534879,228,-0.10526754385964913,-0.2266046511627907,228,0.03244298245614038,-0.02360465116279067,228
200,152,-0.17111016949152538,-0.22993258426966287,236,-0.19238559322033894,-0.2596797752808988,236,-0.12328813559322034,-0.2713258426966292,236
200,153,-0.036043478260869524,-0.13625142857142855,230,-0.036543478260869525,-0.08751999999999997,230,-0.03769130434782606,-0.08021951219512191,230
200,154,-0.10074152542372881,-0.16787292817679556,236,-0.036046610169491504,-0.08529696969696968,236,0.05734745762711866,-0.008993939393939382,236
200,155,-0.010800884955752144,-0.07783734939759034,226,0.1314115044247788,0.06781097560975613,226,0.19873008849557527,0.08943292682926833,226
200,156,-0.20438559322033892,-0.23804705882352936,236,-0.09105084745762711,-0.11803529411764703,236,0.025588983050847485,-0.04547540983606553,236
200,157,-0.03080603448275858,-0.08511728395061725,232,0.07990517241379312,0.036530864197530905,232,0.20390086206896554,0.16611111111111118,232
200,158,-0.1419957081545064,-0.220150289017341,233,-0.21765665236051498,-0.23345762711864404,233,-0.06814592274678108,-0.11347928994082837,233
200,159,-0.04002173913043475,-0.13114450867052022,230,-0.07623478260869562,-0.2334508670520231,230,-0.09044782608695648,-0.19417341040462427,230
200,160,-0.06928448275862066,-0.12358602150537633,232,-0.05858620689655169,-0.09747777777777776,232,0.09655172413793106,0.01753888888888891,232
200,161,0.09504464285714287,0.08050588235294118,224,-0.009749999999999965,-0.09488235294117645,224,0.007642857142857166,-0.09472352941176468,224
200,162,-0.14809442060085837,-0.24825414364640874,233,-0.15685407725321884,-0.18240331491712702,233,-0.000592274678111538,-0.0644012738853503,233
200,163,-0.0006239316239316046,-0.05974683544303797,234,-0.03729487179487178,-0.06710169491525421,234,0.0813675213675214,-0.012107594936708885,234
200,164,-0.0032787610619468776,-0.08282162162162161,226,0.024026548672566435,-0.10978343949044579,226,0.1350265486725664,0.06654777070063699,226
200,165,-0.034179824561403484,-0.2010194805194805,228,-0.039947368421052634,-0.23172727272727273,228,0.2313728070175439,0.19037662337662342,228
200,166,-0.02489177489177485,-0.06381460674157298,231,-0.08470129870129868,-0.15232584269662916,231,0.09814718614718619,0.01999421965317921,231
200,167,0.01888444444444447,-0.0905900621118012,225,0.17136,0.09334090909090911,225,0.15277333333333337,0.08994318181818187,225
200,168,0.02639148936170212,-0.03314772727272723,235,0.08860425531914896,-0.0007045454545454274,235,0.12731063829787237,0.07753672316384183,235
200,169,-0.02893913043478257,-0.12501923076923072,230,0.008717391304347906,-0.08772435897435894,230,0.11682173913043482,0.020758620689655182,230
200,170,-0.0882362869198312,-0.151984126984127,237,-0.19254430379746834,-0.23623280423280418,237,-0.0028481012658227614,-0.01806857142857137,237
200,171,-0.08677578475336323,-0.2323393939393939,223,-0.119067264573991,-0.23864242424242427,223,-0.04975784753363226,-0.12676363636363636,223
200,172,-0.06539732142857138,-0.1458433734939759,224,-0.009281249999999951,-0.09410909090909086,224,0.07745535714285719,0.046938202247191044,224
200,173,0.12105803571428574,0.08411309523809528,224,0.08436607142857147,0.024563636363636423,224,0.20383035714285722,0.1822307692307693,224
200,174,-0.12670614035087718,-0.20805294117647058,228,-0.047859649122807,-0.1012173913043478,228,-0.011201754385964883,-0.06159259259259256,228
200,175,-0.0518114035087719,-0.08663803680981592,228,0.0007587719298245694,-0.08100595238095236,228,-0.09225438596491224,-0.17385714285714282,228
200,176,-0.016923423423423383,-0.14770454545454548,222,-0.12377027027027025,-0.1961761363636363,222,-0.11018018018018011,-0.17975151515151513,222
200,177,-0.1359865470852017,-0.20441714285714288,223,-0.017282511210762297,-0.07878260869565216,223,-0.012242152466367683,-0.14142857142857135,223
200,178,-0.20176754385964907,-0.2734022988505747,228,-0.2120701754385964,-0.2717988505747126,228,-0.027162280701754384,-0.07961111111111108,228
200,179,-0.08547457627118643,-0.11658563535911601,236,-0.1364110169491525,-0.18588888888888885,236,-0.12052118644067793,-0.17804972375690603,236
200,180,-0.12551315789473683,-0.2439204545454545,228,-0.17204824561403512,-0.22045454545454543,228,-0.15461403508771926,-0.17276923076923076,228
200,181,-0.07769162995594714,-0.12030128205128203,227,-0.026215859030836973,-0.08015606936416181,227,0.20224669603524228,0.16403205128205128,227
200,182,-0.20357083333333328,-0.30431578947368415,240,-0.03897916666666663,-0.11703314917127068,240,-0.08455416666666664,-0.15516022099447513,240
200,183,0.06741880341880344,-0.015443181818181767,234,0.12485470085470088,0.02465909090909091,234,0.091991452991453,-0.02527840909090908,234
200,184,-0.027056034482758607,-0.10343827160493826,232,0.02632758620689657,-0.03815254237288133,232,-0.11835344827586203,-0.18988888888888888,232
200,185,-0.09296052631578944,-0.1889204545454545,228,-0.13157456140350873,-0.17216071428571428,228,-0.031210526315789418,-0.08942261904761903,228
200,186,-0.036811659192825086,-0.15955279503105588,223,-0.05884753363228697,-0.11749068322981362,223,0.08942152466367717,-0.026422360248447168,223
200,187,0.20361504424778762,0.11265142857142857,226,0.12643362831858412,0.04861714285714289,226,0.2669823008849558,0.18064071856287425,226
200,188,-0.2261052631578947,-0.34719999999999995,228,-0.21159210526315786,-0.3612342857142856,228,-0.11900438596491222,-0.19468571428571424,228
200,189,-0.21124336283185835,-0.30824999999999997,226,-0.2668362831858407,-0.30921714285714275,226,-0.059499999999999956,-0.11853947368421049,226
200,190,0.05279653679653682,-0.007654088050314457,231,-0.10668398268398264,-0.13413586956521736,231,0.16588744588744592,0.11594565217391306,231
200,191,-0.10100888888888884,-0.17754970760233915,225,-0.012688888888888843,-0.0954878048780488,225,0.015004444444444482,-0.04708536585365851,225
200,192,0.121463963963964,0.06189880952380953,222,0.20358558558558565,0.12277906976744188,222,0.07471621621621628,-0.03549032258064512,222
200,193,0.046846846846846875,-0.0027577639751552295,222,0.04379279279279285,-0.01751428571428568,222,0.19680180180180185,0.1138057142857143,222
200,194,-0.029378260869565204,-0.07420454545454544,230,0.029891304347826116,-0.015604651162790693,230,0.06386086956521742,-0.02046666666666664,230
200,195,0.0971266968325792,0.018690058479532173,221,-0.002945701357465982,-0.08125301204819274,221,0.08393665158371043,0.013885542168674696,221
200,196,-0.0712510822510822,-0.21320833333333336,231,-0.16338528138528138,-0.34217261904761903,231,-0.11790909090909088,-0.2447142857142857,231
200,197,-0.025155172413793083,-0.0703841807909604,232,-0.07013793103448272,-0.13020359281437122,232,0.046969827586206936,-0.0027647058823529343,232
200,198,0.08652340425531914,-0.00474251497005989,235,-0.06788510638297872,-0.12097619047619042,235,0.11304255319148938,0.018742514970059895,235
200,199,-0.06810454545454539,-0.24581818181818177,220,0.02098181818181824,-0.12215584415584414,220,0.1390045454545455,0.06553246753246753,220
300,0,-0.1385487465181058,-0.22565543071161048,359,-0.02249582172701947,-0.07690974729241876,359,0.13795264623955433,0.05254512635379066,359
300,1,-0.12536752136752138,-0.22346768060836497,351,-0.1563475783475783,-0.24410266159695812,351,-0.10670940170940166,-0.2032851711026616,351
300,2,-0.08351955307262568,-0.16531294964028775,358,-0.09454189944134073,-0.13403597122302152,358,0.13610893854748604,0.06815234375000005,358
300,3,-0.1288698060941828,-0.1878537549407114,361,-0.10541274238227144,-0.11813059701492534,361,0.14213296398891972,0.07026714801444044,361
300,4,-0.016603932584269628,-0.08774007220216608,356,-0.058311797752808966,-0.12762890625,356,0.044719101123595534,-0.016738281249999987,356
300,5,-0.10678512396694216,-0.17377659574468085,363,0.010790633608815471,-0.08312452830188674,363,0.11794214876033063,0.027113207547169848,363
300,6,-0.2211284916201117,-0.2546585365853658,358,-0.14398882681564243,-0.23351219512195112,358,-0.0833212290502793,-0.12193379790940763,358
300,7,-0.008232686980609388,-0.06809523809523806,361,-0.004457063711911323,-0.05561068702290072,361,0.07450692520775627,0.04422137404580155,361
300,8,-0.10971104815864019,-0.23830111524163566,353,-0.005898016997167106,-0.09369888475836426,353,0.14615864022662894,0.04860236220472446,353
300,9,0.030296703296703326,-0.005596296296296234,364,-0.012195054945054906,-0.030985018726591727,364,-0.06364285714285711,-0.0865205992509363,364
300,10,-0.014470270270270268,-0.07317898832684824,370,-0.06921621621621618,-0.1909610894941634,370,0.014805405405405448,-0.0382334630350194,370
300,11,-0.11071944444444443,-0.1727736625514403,360,-0.18796944444444438,-0.19330769230769226,360,-0.045763888888888854,-0.11793928571428568,360
300,12,-0.1635285714285714,-0.2463884615384615,350,0.008914285714285777,-0.09724999999999998,350,-0.01014571428571424,-0.06959469696969696,350
300,13,-0.01223140495867767,-0.06849236641221375,363,0.03348209366391188,-0.07881679389312972,363,0.046931129476584066,0.0012322097378277177,363
300,14,-0.1171983914209115,-0.2526217228464419,373,-0.04448257372654153,-0.16542696629213482,373,-0.024694369973190307,-0.11799664429530198,373
300,15,-0.09528080229226359,-0.18230681818181813,349,-0.09742406876790828,-0.1668143939393939,349,-0.004189111747850967,-0.08622727272727268,349
300,16,-0.07388333333333331,-0.12932295719844353,360,-0.08458888888888884,-0.13626181818181812,360,0.07455000000000003,-0.02599636363636359,360
300,17,-0.13880617977528087,-0.2578475177304964,356,-0.08828089887640445,-0.16333333333333333,356,-0.04732865168539323,-0.08718794326241132,356
300,18,0.02650429799426938,-0.02459999999999994,349,-0.09710028653295126,-0.13144569288389507,349,-0.03405444126074496,-0.12242519685039369,349
300,19,-0.10559452054794514,-0.15905128205128202,365,-0.10791506849315063,-0.18175735294117643,365,-0.04796986301369861,-0.10351470588235293,365
300,20,-0.1908838526912181,-0.31489454545454537,353,-0.08700849858356936,-0.1720981818181818,353,-0.021832861189801683,-0.08391999999999995,353
300,21,0.05082808022922635,-0.021329501915708825,349,-0.02286819484240685,-0.06911111111111107,349,0.09863037249283671,0.05116858237547896,349
300,22,-0.09076388888888884,-0.17354255319148934,360,-0.0488833333333333,-0.11335815602836877,360,0.015225000000000004,-0.06453546099290777,360
300,23,0.028527624309392284,-0.06462055335968378,362,-0.08832044198895024,-0.16283394833948334,362,0.0014364640883978183,-0.0446408450704225,362
300,24,-0.07221546961325967,-0.09029230769230769,362,0.009207182320442023,-0.035758992805755355,362,0.06923756906077352,0.014853846153846174,362
300,25,-0.053028011204481765,-0.1476254826254826,357,-0.07019607843137252,-0.10235231316725975,357,0.1041540616246499,0.03247104247104252,357
300,26,-0.05116111111111108,-0.14033211678832114,360,-0.008502777777777719,-0.12137591240875911,360,0.02799444444444448,-0.04094890510948904,360
300,27,-0.03593277310924366,-0.12805434782608693,357,0.06209243697478994,-0.0012246376811593852,357,0.045464985994397786,0.003144927536231937,357
300,28,-0.09843839541547275,-0.15036296296296295,349,-0.08186532951289394,-0.13974999999999996,349,0.0032206303724928434,-0.06936507936507934,349
300,29,-0.15438873239436618,-0.18563250883392224,355,-0.17267042253521125,-0.181812274368231,355,-0.06701408450704223,-0.10748571428571424,355
300,30,-0.12774301675977653,-0.18632684824902726,358,-0.01353631284916199,-0.09739688715953304,358,0.04791899441340786,-0.008224334600760417,358
300,31,-0.03167499999999996,-0.07117164179104474,360,-0.01272777777777774,-0.05033208955223878,360,0.05158333333333338,0.0016417910447761508,360
300,32,-0.162075208913649,-0.21260288808664257,359,-0.08707799442896935,-0.1574259259259259,359,0.024281337047353777,-0.06181481481481478,359
300,33,-0.20447398843930634,-0.29116935483870965,346,-0.11932658959537568,-0.205868,346,0.03964161849710987,-0.01634399999999998,346
300,34,0.011839779005524916,-0.05441153846153843,362,-0.14118784530386735,-0.17740384615384613,362,0.014555248618784558,-0.031043165467625883,362
300,35,-0.16931728045325778,-0.2778880308880308,353,-0.14771954674220963,-0.17894980694980694,353,-0.0016203966005665599,-0.0870260223048327,353
300,36,-0.0726685236768802,-0.16212121212121208,359,-0.04894150417827294,-0.12024621212121209,359,0.13172701949860727,0.09825378787878791,359
300,37,-0.039448571428571395,-0.17477952755905507,350,-0.06817714285714284,-0.16041338582677162,350,0.02662857142857147,-0.042074803149606245,350
300,38,-0.10750985915492957,-0.1734656488549618,355,-0.0951070422535211,-0.12498854961832055,355,0.042932394366197196,-0.03189849624060145,355
300,39,-0.049434173669467764,-0.08902941176470587,357,-0.04009803921568623,-0.12076102941176466,357,0.010064425770308173,-0.0573051470588235,357
300,40,0.014464673913043518,-0.025788530465949797,368,-0.01670923913043475,-0.055622710622710576,368,0.06702717391304353,0.036117216117216154,368
300,41,-0.08997994269340971,-0.18799999999999994,349,-0.11410315186246417,-0.17901119402985072,349,-0.06799140401146131,-0.1519328358208955,349
300,42,-0.21695786516853927,-0.2788045977011494,356,-0.13269382022471907,-0.19183524904214558,356,0.02746067415730339,-0.05796551724137927,356
300,43,0.026065340909090916,-0.0325128205128205,352,-0.004039772727272689,-0.02883150183150179,352,0.020937500000000032,-0.055968627450980364,352
300,44,-0.045022792022792,-0.09649618320610685,351,-0.1238518518518518,-0.1408396946564885,351,-0.012717948717948709,-0.06462595419847324,351
300,45,0.01560281690140849,-0.0789340659340659,355,-0.07384225352112672,-0.13105494505494503,355,0.08374084507042258,0.036597609561753015,355
300,46,-0.07203116147308779,-0.10149264705882345,353,-0.02311614730878185,-0.045793893129770974,353,0.08472521246458928,0.018378676470588298,353
300,47,-0.116816091954023,-0.1976046511627907,348,-0.058752873563218344,-0.14517829457364337,348,0.046281609195402335,-0.032538775510204045,348
300,48,-0.07633240997229915,-0.12299259259259256,361,-0.061468144044321306,-0.11853703703703702,361,-0.04121052631578944,-0.07942222222222219,361
300,49,-0.08354415954415954,-0.1334903474903475,351,-0.05228490028490026,-0.10291119691119684,351,0.005370370370370415,-0.07608880308880306,351
300,50,-0.027874999999999962,-0.09106666666666662,352,0.09098579545454549,0.06420553359683799,352,0.038318181818181855,-0.005069767441860396,352
300,51,-0.09098033707865168,-0.17341796874999998,356,-0.10291573033707863,-0.22537109374999997,356,-0.029022471910112323,-0.07353100775193797,356
300,52,-0.05798630136986299,-0.1246470588235294,365,-0.05566849315068488,-0.11499632352941172,365,0.031800000000000044,-0.05186397058823527,365
300,53,-0.16117977528089886,-0.21718402777777773,356,-0.19735955056179771,-0.24240624999999996,356,-0.07153651685393256,-0.09479861111111108,356
300,54,-0.12308222811671084,-0.19115087719298246,377,-0.06039787798408486,-0.1308070175438596,377,0.06779045092838198,-0.016399999999999974,377
300,55,-0.08971225071225071,-0.1986785714285714,351,-0.06299715099715095,-0.13515555555555547,351,0.023774928774928813,-0.042531746031746004,351
300,56,0.014542613636363637,-0.07140996168582374,352,-0.03686647727272724,-0.07716546762589928,352,0.10046875000000005,0.05195323741007196,352
300,57,-0.18266115702479338,-0.23274809160305346,363,-0.25916804407713495,-0.3113206106870228,363,-0.07008539944903577,-0.11500381679389307,363
300,58,-0.03830833333333329,-0.1435247148288973,360,-0.027227777777777747,-0.11833079847908741,360,0.1343277777777778,0.10415985130111526,360
300,59,-0.16325761772853178,-0.2065135135135135,361,-0.1791772853185595,-0.23103861003861,361,-0.13835457063711912,-0.19177220077220072,361
300,60,-0.10646910112359546,-0.18218248175182478,356,-0.04252247191011233,-0.10074452554744526,356,-0.061081460674157276,-0.12549812734082397,356
300,61,0.006645604395604417,-0.12456317689530685,364,-0.04299175824175821,-0.15894584837545123,364,0.08961538461538467,0.03293501805054155,364
300,62,-0.04467409470752087,-0.11787636363636363,359,-0.12376044568245126,-0.20212727272727274,359,-0.037376044568245094,-0.09134545454545451,359
300,63,-0.05264345403899719,-0.1419656488549618,359,0.06703342618384404,-0.04926717557251906,359,-0.03202228412256262,-0.09153053435114498,359
300,64,-0.15834254143646406,-0.21329615384615386,362,-0.06374585635359112,-0.14549650349650345,362,0.008182320441988949,-0.06768076923076922,362
300,65,0.04145505617977533,-0.019469534050179187,356,-0.04028651685393255,-0.05247311827956986,356,-0.08944662921348309,-0.13334980988593154,356
300,66,-0.11722128851540614,-0.25442801556420236,357,-0.11736694677871146,-0.19870038910505833,357,-0.14679831932773107,-0.25150972762645907,357
300,67,-0.01834857142857138,-0.12682142857142853,350,0.02728571428571433,-0.08969841269841262,350,0.08178571428571431,0.04959523809523813,350
300,68,-0.1462451790633609,-0.2546616541353383,363,-0.06634435261707985,-0.1502593984962406,363,-0.1036418732782369,-0.15642481203007516,363
300,69,0.045964959568733185,-0.029624999999999988,371,0.04366576819407013,-0.04643749999999997,371,0.06762803234501351,0.03376173285198558,371
300,70,-0.004688953488372076,-0.09166296296296296,344,-0.050186046511627884,-0.08308778625954195,344,-0.004834302325581376,-0.03577067669172928,344
300,71,-0.06817460317460315,-0.12184154929577463,378,-0.022637566137566116,-0.13366077738515897,378,0.01769312169312172,-0.0342049469964664,378
300,72,-0.08592090395480224,-0.15085551330798472,354,-0.02721186440677962,-0.11753231939163496,354,0.029669491525423763,-0.031372623574144436,354
300,73,-0.12545961002785513,-0.16722181818181817,359,-0.05166016713091919,-0.14918909090909085,359,0.09130919220055712,-0.015210909090909039,359
300,74,-0.0746308539944903,-0.16024814814814808,363,-0.09636639118457295,-0.17892222222222218,363,-0.07632782369146002,-0.13828888888888888,363
300,75,-0.036644257703081225,-0.13815441176470583,357,-0.13142296918767502,-0.2074301470588235,357,-0.03093557422969186,-0.10695588235294115,357
300,76,-0.015941011235955028,-0.10356390977443605,356,-0.014884831460674122,-0.11507894736842102,356,-0.02733146067415729,-0.1290187969924812,356
300,77,-0.10687955182072827,-0.1933381818181818,357,-0.08564425770308118,-0.18090545454545454,357,-0.02575070028011202,-0.10147826086956518,357
300,78,-0.13424316939890704,-0.2019858657243816,366,-0.05182513661202183,-0.08633568904593636,366,0.07971857923497272,-0.007781132075471609,366
300,79,-0.12549579831932772,-0.15508455882352937,357,-0.019240896358543386,-0.04873529411764703,357,0.020582633053221316,-0.04449411764705882,357
300,80,-0.015648725212464566,-0.07149805447470814,353,-0.029152974504249272,-0.10088043478260868,353,0.03536260623229466,-0.001202898550724589,353
300,81,-0.07756043956043952,-0.17946332046332045,364,-0.010862637362637305,-0.1142509652509652,364,-0.02099725274725271,-0.11465637065637063,364
300,82,0.030362068965517252,-0.051579766536964944,348,0.02694540229885062,0.017934545454545484,348,0.15480172413793106,0.05996727272727272,348
300,83,0.022760563380281724,-0.05411740890688258,355,0.08929295774647891,0.0273036437246964,355,0.13490985915492962,0.06761785714285717,355
300,84,-0.015871794871794846,-0.12245559845559843,351,0.04115099715099719,-0.115054054054054,351,-0.08139886039886034,-0.16349049429657794,351
300,85,-0.010580555555555524,-0.09403891050583653,360,0.024033333333333386,-0.059774319066147816,360,0.09587500000000004,0.06064419475655433,360
300,86,-0.07082719546742207,-0.12407692307692304,353,-0.09805949008498578,-0.175626923076923,353,0.02304532577903686,-0.06987307692307687,353
300,87,-0.06892307692307688,-0.17707499999999995,351,-0.10257834757834755,-0.16633749999999997,351,-0.05452991452991448,-0.10998534798534794,351
300,88,-0.00783977900552483,-0.07047101449275361,362,0.000870165745856389,-0.06413768115942023,362,0.043986187845303885,-0.02793893129770987,362
300,89,0.10775069252077565,0.0751753731343284,361,-0.036182825484764494,-0.10069776119402983,361,-0.012121883656509654,-0.05972893772893768,361
300,90,0.03794413407821231,-0.022632508833922232,358,0.02092458100558663,-0.04316974169741695,358,0.020374301675977684,-0.012678966789667876,358
300,91,0.05694301994301996,0.015256000000000028,351,0.03685754985754989,0.00890109890109894,351,0.07275213675213679,0.028754578754578784,351
300,92,-0.09763055555555553,-0.13513138686131382,360,-0.16909444444444438,-0.26366058394160574,360,0.00031111111111113606,-0.0855884476534296,360
300,93,0.08179189189189191,0.022570446735395232,370,-0.010716216216216178,-0.08214336917562719,370,-0.00939729729729726,-0.04431271477663226,370
300,94,-0.050308943089430874,-0.16783773584905656,369,-0.032086720867208644,-0.11167547169811319,369,0.02518699186991874,-0.07376981132075468,369
300,95,-0.06313774104683192,-0.08488489208633089,363,-0.0936584022038567,-0.19351865671641785,363,0.18477961432506892,0.14261818181818187,363
300,96,-0.03492200557103062,-0.07752755905511811,359,-0.05950417827298047,-0.09637318840579708,359,0.1763621169916435,0.12307480314960631,359
300,97,-0.08102234636871507,-0.12548339483394833,358,0.04092178770949723,-0.060951851851851827,358,0.12152793296089387,0.060396296296296344,358
300,98,0.02834688346883471,-0.011266666666666661,369,0.07182926829268295,0.0008105263157894919,369,0.08744715447154476,0.0021575091575091526,369
300,99,-0.09568044077134982,-0.17166911764705878,363,-0.12668319559228647,-0.18181159420289852,363,0.005765840220385712,-0.05328623188405794,363
300,100,-0.12937292817679555,-0.23059851301115245,362,-0.10670165745856347,-0.17267953667953664,362,0.03634806629834257,-0.02371478873239434,362
300,101,-0.05572905027932958,-0.14084962406015034,358,-0.08807821229050278,-0.14498134328358206,358,-0.010206703910614475,-0.06158633093525175,358
300,102,-0.014124661246612437,-0.13475601374570445,369,-0.08684823848238479,-0.16899656357388315,369,0.025295392953929578,-0.026177304964538992,369
300,103,-0.11623076923076921,-0.13633680555555552,364,-0.08229120879120876,-0.1266631944444444,364,0.0552912087912088,0.003968871595330779,364
300,104,-0.056207282913165256,-0.1251060606060606,357,-0.06719607843137251,-0.1441212121212121,357,0.09658543417366947,0.02657954545454548,357
300,105,0.01244986449864502,-0.018510638297872316,369,-0.015357723577235733,-0.0870551470588235,369,-0.004653116531165282,-0.0193368794326241,369
300,106,0.05367409470752093,0.008559259259259272,359,0.03884679665738165,-0.005164122137404572,359,0.15516991643454042,0.04076404494382025,359
300,107,0.05825139664804473,-0.03349621212121205,358,-0.038061452513966455,-0.10934469696969694,358,0.1665111731843576,0.06151515151515152,358
300,108,-0.052863888888888884,-0.16219784172661872,360,-0.11055277777777774,-0.17266037735849052,360,0.03709722222222224,-0.017377697841726603,360
300,109,-0.08240782122905026,-0.13688970588235289,358,-0.006198324022346317,-0.05585144927536226,358,0.05024301675977654,-0.03062132352941173,358
300,110,0.007354466858789624,-0.0878426966292134,347,-0.026974063400576356,-0.12302621722846437,347,0.035991354466858826,-0.048979999999999975,347
300,111,-0.15130571428571424,-0.19425555555555554,350,-0.08513428571428568,-0.13061111111111107,350,-0.03282571428571426,-0.09346332046332044,350
300,112,0.00026170798898075473,-0.0163204633204633,363,0.003997245179063416,-0.01649034749034744,363,0.13907162534435263,0.06310563380281695,363
300,113,0.024555555555555567,0.00030111524163571894,351,0.04268376068376072,-0.02738372093023253,351,0.23747008547008547,0.13581782945736443,351
300,114,-0.09711864406779659,-0.16750583657587545,354,-0.1637259887005649,-0.22642801556420228,354,-0.08244915254237284,-0.16076264591439685,354
300,115,-0.018508620689655145,-0.060406374501992016,348,-0.07499425287356319,-0.14663703703703698,348,-0.01736206896551722,-0.06995555555555553,348
300,116,-0.059865951742627335,-0.12399999999999999,373,-0.07511528150134045,-0.1433713235294117,373,0.06275067024128689,-0.03399632352941174,373
300,117,-0.11046610169491522,-0.19789655172413792,354,-0.011838983050847424,-0.057492537313432804,354,0.0696892655367232,-0.00782462686567162,354
300,118,-0.07395013850415506,-0.18419433198380566,361,-0.04536288088642654,-0.2042064777327935,361,0.00115235457063713,-0.09550202429149794,361
300,119,-0.11510632183908047,-0.2287595419847328,348,-0.06571839080459767,-0.17671374045801524,348,-0.033224137931034466,-0.12186259541984729,348
300,120,-0.022606382978723367,-0.08598207885304654,376,-0.020595744680851003,-0.08678275862068961,376,0.032859042553191525,-0.052486206896551715,376
300,121,-0.02777873563218389,-0.062625,348,-0.000816091954022965,-0.06383141762452102,348,-0.006258620689655144,-0.08288888888888883,348
300,122,-0.0482237960339943,-0.16121153846153843,353,-0.0878725212464589,-0.20527307692307686,353,0.03725495750708218,-0.02447692307692304,353
300,123,-0.12581111111111107,-0.1846079136690647,360,-0.08521388888888883,-0.18774820143884888,360,0.13094722222222224,0.07238489208633095,360
300,124,-0.04787921348314606,-0.1316679245283019,356,-0.04180617977528086,-0.09143773584905658,356,0.06850000000000002,0.017030303030303066,356
300,125,-0.004999999999999985,-0.10329213483146067,357,-0.13717927170868346,-0.21262007168458777,357,0.020154061624649906,-0.03301872659176027,357
300,126,-0.15868508287292815,-0.2463358208955224,362,-0.191146408839779,-0.29217910447761186,362,-0.053558011049723735,-0.10148540145985399,362
300,127,-0.04653672316384176,-0.12098484848484846,354,-0.04494067796610166,-0.12138257575757572,354,-0.0468107344632768,-0.06590874524714825,354
300,128,-0.1333089887640449,-0.18408303249097469,356,-0.0915589887640449,-0.13676356589147284,356,0.08840449438202251,0.0452635658914729,356
300,129,-0.0965702247191011,-0.13290225563909774,356,0.01116853932584273,-0.038184210526315765,356,0.04462359550561801,0.002343629343629382,356
300,130,-0.04742535211267604,-0.09500380228136883,355,-0.005309859154929552,-0.06149429657794672,355,0.06562816901408453,0.022667857142857146,355
300,131,-0.1371867816091954,-0.19594007490636706,348,-0.18099137931034476,-0.27825468164794,348,0.002160919540229897,-0.08343253968253968,348
300,132,-0.037747222222222196,-0.1466455223880597,360,0.03395555555555561,-0.1110447761194029,360,-0.06196388888888887,-0.13792537313432834,360
300,133,-0.023430939226519315,-0.06650915750915744,362,0.009069060773480705,-0.06303370786516849,362,0.12433977900552491,0.04057303370786519,362
300,134,-0.032737891737891725,-0.10185507246376811,351,0.07328774928774934,0.041775362318840624,351,0.021410256410256442,-0.036739837398373984,351
300,135,0.0017030812324930198,-0.04278486055776888,357,0.024420168067226935,-0.0608486055776892,357,0.06479831932773113,0.009577689243027916,357
300,136,-0.05236842105263154,-0.12683745583038866,361,-0.04590858725761771,-0.09741666666666662,361,-0.00468975069252073,-0.05215909090909088,361
300,137,-0.004088319088319024,-0.10659479553903344,351,-0.0013418803418803016,-0.11549070631970258,351,0.08680341880341884,-0.008732824427480875,351
300,138,-0.04670994475138119,-0.09220141342756183,362,0.008251381215469677,-0.025706713780918673,362,0.13974033149171272,0.07733691756272405,362
300,139,-0.07269972451790631,-0.135875,363,-0.1505234159779614,-0.17868881118881116,363,0.04418181818181821,0.003635658914728719,363
300,140,-0.06431843575418991,-0.1316425992779783,358,-0.18092178770949718,-0.29306859205776165,358,-0.14724860335195528,-0.18484870848708485,358
300,141,-0.17850958904109587,-0.28943122676579924,365,-0.0687945205479452,-0.25659851301115244,365,0.01440273972602743,-0.07605576208178437,365
300,142,-0.09766391184573,-0.20446268656716415,363,-0.14341322314049582,-0.21864642857142855,363,-0.08817630853994485,-0.16442857142857137,363
300,143,-0.0354469914040114,-0.0902807692307692,349,-0.11653008595988537,-0.15422692307692307,349,0.016656160458452734,-0.05442692307692304,349
300,144,-0.07477747252747251,-0.11673090909090907,364,-0.10877747252747248,-0.15247636363636363,364,0.022104395604395633,-0.04721678321678318,364
300,145,-0.11239943342776201,-0.168699604743083,353,-0.05046458923512745,-0.14187692307692304,353,0.15123512747875356,0.09944322344322348,353
300,146,-0.00982352941176466,-0.09707942238267146,357,-0.035025210084033594,-0.12298194945848372,357,0.015683473389355777,-0.06343321299638988,357
300,147,-0.03629888268156424,-0.06435793357933581,358,-0.017298882681564223,-0.04117760617760615,358,0.11097206703910618,0.08151737451737458,358
300,148,-0.0640087463556851,-0.181019305019305,343,-0.17112536443148682,-0.18571814671814663,343,0.04406997084548108,0.004494208494208534,343
300,149,0.03814285714285716,-0.012129151291512912,357,-0.017229691876750663,-0.0896125461254612,357,-0.01790756302521006,-0.04485977859778597,357
300,150,-0.06258176943699728,-0.15339325842696624,373,-0.10076139410187665,-0.2103445692883895,373,0.019611260053619343,-0.015644599303135834,373
300,151,-0.034966480446927364,-0.10123875432525947,358,-0.023357541899441277,-0.07605536332179927,358,-0.018284916201117277,-0.0986055363321799,358
300,152,-0.07545938375350136,-0.17556643356643353,357,-0.06101680672268906,-0.15895454545454543,357,0.07611764705882357,0.01704597701149427,357
300,153,-0.08948595505617975,-0.10761510791366904,356,0.034348314606741606,0.020610486891385785,356,-0.0035870786516853585,-0.04396590909090905,356
300,154,-0.1742972972972973,-0.2236083916083916,370,-0.12018918918918915,-0.19747101449275364,370,0.016291891891891928,-0.03142391304347823,370
300,155,-0.017961002785515306,-0.05703358208955222,359,-0.03971587743732588,-0.09048880597014922,359,0.17264623955431757,0.1441808873720137,359
300,156,-0.06740883977900548,-0.09136641221374041,362,0.017627071823204447,-0.021526717557251877,362,-0.01637569060773477,-0.05412213740458014,362
300,157,-0.0791634877384196,-0.15715808823529412,367,-0.08728337874659399,-0.1394632352941176,367,0.04659128065395098,-0.02661764705882351,367
300,158,0.016639889196675903,-7.037037037035768e-05,361,0.010997229916897538,-0.031781481481481424,361,0.15782825484764545,0.1345370370370371,361
300,159,-0.09938121546961322,-0.12303773584905661,362,-0.028524861878453035,-0.05089056603773581,362,0.014491712707182386,-0.009513207547169791,362
300,160,-0.022199999999999977,-0.06027430555555551,355,0.03796619718309862,0.0023611111111111224,355,-0.021408450704225302,-0.07004580152671752,355
300,161,-0.0912809917355372,-0.21009701492537314,363,-0.07684297520661153,-0.17963805970149252,363,0.02069972451790637,-0.046063432835820865,363
300,162,-0.117836676217765,-0.2025643939393939,349,-0.06603438395415472,-0.1597121212121212,349,0.11238968481375361,0.030711111111111116,349
300,163,-0.03288636363636362,-0.10610408921933083,352,-0.1411136363636363,-0.1824423791821561,352,-0.04549999999999996,-0.07984046692607004,352
300,164,0.01396866096866098,-0.08661867704280152,351,0.023663817663817716,-0.13471984435797663,351,0.08919088319088325,-0.037101167315175085,351
300,165,-0.014250696378830047,-0.0910141843971631,359,0.11428690807799448,0.030400709219858234,359,0.17139275766016715,0.0763602941176471,359
300,166,-0.1085524861878453,-0.18278928571428577,362,-0.09767127071823202,-0.1515285714285714,362,-0.08953038674033151,-0.143725,362
300,167,-0.11956906077348062,-0.1864738675958188,362,-0.0984088397790055,-0.20515679442508705,362,-0.0777651933701657,-0.13556321839080457,362
300,168,-0.1179359331476323,-0.18587640449438195,359,-0.16046239554317546,-0.2546373626373626,359,-0.05675487465181055,-0.1396404494382022,359
300,169,-0.21206301369863012,-0.30350729927007297,365,-0.17238904109589037,-0.24154744525547445,365,-0.09929315068493148,-0.14903135888501737,365
300,170,0.03421937321937325,-0.041652509652509634,351,0.010780626780626808,-0.06360617760617758,351,0.06877777777777783,0.008338235294117702,351
300,171,-0.1063083333333333,-0.16493233082706765,360,-0.177725,-0.217003663003663,360,-0.07461666666666661,-0.19291208791208786,360
300,172,-0.12131999999999997,-0.19454651162790695,350,-0.12177714285714282,-0.18554263565891468,350,-0.046694285714285695,-0.1184302325581395,350
300,173,-0.0148788732394366,-0.07868627450980391,355,-0.02911549295774645,-0.09049803921568624,355,-0.05879436619718307,-0.12899999999999995,355
300,174,-0.01553409090909088,-0.09945126353790612,352,-0.039846590909090866,-0.06673285198555952,352,-0.1043181818181818,-0.17198916967509023,352
300,175,0.05366759776536313,-0.042628158844765326,358,-0.005279329608938509,-0.09845833333333327,358,0.08563687150837992,0.04302166064981955,358
300,176,-0.05797214484679665,-0.15137906137184112,359,-0.17015598885793867,-0.22235018050541508,359,-0.14229805013927574,-0.18196750902527073,359
300,177,-0.020183908045976993,-0.10116796874999998,348,-0.0007126436781608921,-0.04313671874999997,348,0.19091666666666668,0.11401923076923078,348
300,178,-0.11335492957746475,-0.19166030534351136,355,-0.1148197183098591,-0.18652290076335873,355,0.07852394366197187,0.0010992366412214158,355
300,179,-0.24450681198910076,-0.31090399999999996,367,-0.17013896457765662,-0.2290625,367,-0.17107901907356948,-0.18606597222222218,367
300,180,-0.07480165289256197,-0.12654863813229567,363,-0.07752617079889804,-0.13480073800738004,363,-0.019862258953168007,-0.06112949640287766,363
300,181,-0.008207756232686958,-0.12098513011152412,361,-0.095371191135734,-0.20479925650557618,361,-0.013867036011080318,-0.06973605947955387,361
300,182,-0.06608022922636103,-0.11051587301587303,349,-0.13200286532951286,-0.18309999999999996,349,-0.03759025787965613,-0.06290370370370368,349
300,183,-0.07231978319783196,-0.12569686411149822,369,-0.051487804878048736,-0.07401748251748246,369,0.04489159891598921,0.013611888111888164,369
300,184,-0.04488611111111106,-0.1876730769230769,360,-0.06324166666666661,-0.09979615384615381,360,-0.013444444444444394,-0.09555597014925366,360
300,185,0.04447605633802819,-0.030115671641791002,355,0.15349577464788736,0.0928768656716418,355,0.14057464788732396,0.08016417910447765,355
300,186,-0.05092528735632181,-0.16934220532319386,348,-0.1090114942528735,-0.1680076045627376,348,0.04818103448275865,-0.06499239543726235,348
300,187,-0.12943561643835613,-0.14825093632958797,365,-0.09899999999999998,-0.14790073529411762,365,0.031027397260274005,-0.04799999999999999,365
300,188,-0.04804871060171921,-0.13750763358778625,349,-0.05367908309455585,-0.11440458015267171,349,-0.026876790830945525,-0.08454198473282443,349
300,189,-0.08416422287390023,-0.26503017241379306,341,0.05559530791788858,-0.08584482758620685,341,0.01943988269794721,-0.13396120689655167,341
300,190,0.04705849582172705,-0.03473188405797096,359,0.08164902506963793,-0.0005869565217390626,359,0.10964902506963793,0.021521739130434852,359
300,191,-0.00749723756906076,-0.04313653136531363,362,-0.06582044198895025,-0.11168345323741005,362,0.13659116022099452,0.0703357933579336,362
300,192,0.13392307692307695,0.024681159420289873,364,0.10262087912087915,-0.029445652173913026,364,0.10837087912087914,0.036123188405797174,364
300,193,-0.07803389830508473,-0.13613754646840148,354,-0.08559604519774006,-0.15898884758364312,354,0.08145480225988704,0.03756133828996287,354
300,194,-0.18008695652173912,-0.28435401459854015,368,-0.08869565217391301,-0.1418394160583941,368,0.017475543478260882,-0.06440833333333332,368
300,195,-0.11867867036011077,-0.19327407407407404,361,-0.07991135734072016,-0.14148518518518516,361,-0.052595567867035974,-0.1336481481481481,361
300,196,-0.08467688022284121,-0.16440458015267176,359,-0.06156267409470747,-0.12152290076335874,359,-0.030997214484679618,-0.10722641509433956,359
300,197,-0.03754519774011297,-0.12185984848484849,354,-0.06620903954802257,-0.17627272727272722,354,0.007694915254237299,-0.07065909090909088,354
300,198,-0.12887714285714286,-0.1555416666666667,350,-0.007202857142857115,-0.0878735632183908,350,0.08106285714285716,0.010571984435797715,350
300,199,-0.07808069164265126,-0.17326249999999996,347,-0.10172334293948124,-0.19504832713754644,347,0.14497982708933718,0.02389591078066916,347
