symbol,timestamp,funding_rate,funding_interval_hours
BTCUSDT,2020-01-01T00:00:00Z,-0.00012359,8
ETHUSDT,2020-01-01T00:00:00Z,0.0001,8
BTCUSDT,2020-01-01T08:00:00Z,-0.00012383,8
ETHUSDT,2020-01-01T08:00:00Z,7.354e-05,8
BTCUSDT,2020-01-01T16:00:00Z,-9.664e-05,8
ETHUSDT,2020-01-01T16:00:00Z,-0.00016125,8
BTCUSDT,2020-01-02T00:00:00Z,3.662e-05,8
ETHUSDT,2020-01-02T00:00:00Z,5.047e-05,8
BTCUSDT,2020-01-02T08:00:00Z,0.0001,8
ETHUSDT,2020-01-02T08:00:00Z,0.0001,8
BTCUSDT,2020-01-02T16:00:00Z,1.04e-06,8
ETHUSDT,2020-01-02T16:00:00Z,0.0001,8
BTCUSDT,2020-01-03T00:00:00Z,-1.664e-05,8
ETHUSDT,2020-01-03T00:00:00Z,0.0001,8
BTCUSDT,2020-01-03T08:00:00Z,-1.553e-05,8
ETHUSDT,2020-01-03T08:00:00Z,0.0001,8
BTCUSDT,2020-01-03T16:00:00Z,0.0001,8
ETHUSDT,2020-01-03T16:00:00Z,0.0001,8
BTCUSDT,2020-01-04T00:00:00Z,0.0001,8
ETHUSDT,2020-01-04T00:00:00Z,0.0001,8
BTCUSDT,2020-01-04T08:00:00Z,8.4e-07,8
ETHUSDT,2020-01-04T08:00:00Z,0.0001,8
BTCUSDT,2020-01-04T16:00:00Z,7.387e-05,8
ETHUSDT,2020-01-04T16:00:00Z,0.0001,8
BTCUSDT,2020-01-05T00:00:00Z,0.0001,8
ETHUSDT,2020-01-05T00:00:00Z,0.0001,8
BTCUSDT,2020-01-05T08:00:00Z,0.0001,8
ETHUSDT,2020-01-05T08:00:00Z,0.0001,8
BTCUSDT,2020-01-05T16:00:00Z,0.0001,8
ETHUSDT,2020-01-05T16:00:00Z,0.0001,8
BTCUSDT,2020-01-06T00:00:00Z,0.0001,8
ETHUSDT,2020-01-06T00:00:00Z,0.0001,8
BTCUSDT,2020-01-06T08:00:00Z,0.0001,8
ETHUSDT,2020-01-06T08:00:00Z,0.0001,8
BTCUSDT,2020-01-06T16:00:00Z,0.0001,8
ETHUSDT,2020-01-06T16:00:00Z,0.0001,8
BTCUSDT,2020-01-07T00:00:00Z,0.0001,8
ETHUSDT,2020-01-07T00:00:00Z,0.0001,8
BTCUSDT,2020-01-07T08:00:00Z,0.0001,8
ETHUSDT,2020-01-07T08:00:00Z,0.0001,8
BTCUSDT,2020-01-07T16:00:00Z,0.0001,8
ETHUSDT,2020-01-07T16:00:00Z,0.0001,8
BTCUSDT,2020-01-08T00:00:00Z,0.00012514,8
ETHUSDT,2020-01-08T00:00:00Z,0.0001,8
BTCUSDT,2020-01-08T08:00:00Z,0.0001,8
ETHUSDT,2020-01-08T08:00:00Z,0.0001,8
BTCUSDT,2020-01-08T16:00:00Z,0.0001,8
ETHUSDT,2020-01-08T16:00:00Z,0.0001,8
BTCUSDT,2020-01-09T00:00:00Z,0.0001,8
ETHUSDT,2020-01-09T00:00:00Z,0.0001,8
BTCUSDT,2020-01-09T08:00:00Z,0.0001,8
ETHUSDT,2020-01-09T08:00:00Z,0.0001,8
BTCUSDT,2020-01-09T16:00:00Z,0.0001,8
ETHUSDT,2020-01-09T16:00:00Z,0.0001,8
BTCUSDT,2020-01-10T00:00:00Z,0.0001,8
ETHUSDT,2020-01-10T00:00:00Z,0.0001,8
BTCUSDT,2020-01-10T08:00:00Z,0.0001,8
ETHUSDT,2020-01-10T08:00:00Z,0.0001,8
BTCUSDT,2020-01-10T16:00:00Z,0.0001,8
ETHUSDT,2020-01-10T16:00:00Z,0.0001,8
BTCUSDT,2020-01-11T00:00:00Z,0.0001,8
ETHUSDT,2020-01-11T00:00:00Z,0.0001,8
BTCUSDT,2020-01-11T08:00:00Z,0.00017846,8
ETHUSDT,2020-01-11T08:00:00Z,0.0001,8
BTCUSDT,2020-01-11T16:00:00Z,0.0001,8
ETHUSDT,2020-01-11T16:00:00Z,0.0001,8
BTCUSDT,2020-01-12T00:00:00Z,0.0001,8
ETHUSDT,2020-01-12T00:00:00Z,0.0001,8
BTCUSDT,2020-01-12T08:00:00Z,0.0001,8
ETHUSDT,2020-01-12T08:00:00Z,0.0001,8
BTCUSDT,2020-01-12T16:00:00Z,0.0001,8
ETHUSDT,2020-01-12T16:00:00Z,0.0001,8
BTCUSDT,2020-01-13T00:00:00Z,0.0001,8
ETHUSDT,2020-01-13T00:00:00Z,0.0001,8
BTCUSDT,2020-01-13T08:00:00Z,0.0001,8
ETHUSDT,2020-01-13T08:00:00Z,0.0001,8
BTCUSDT,2020-01-13T16:00:00Z,0.0001,8
ETHUSDT,2020-01-13T16:00:00Z,0.0001,8
BTCUSDT,2020-01-14T00:00:00Z,0.0001,8
ETHUSDT,2020-01-14T00:00:00Z,0.0001,8
BTCUSDT,2020-01-14T08:00:00Z,0.000259,8
ETHUSDT,2020-01-14T08:00:00Z,0.0001,8
BTCUSDT,2020-01-14T16:00:00Z,0.0001,8
ETHUSDT,2020-01-14T16:00:00Z,0.0001,8
BTCUSDT,2020-01-15T00:00:00Z,0.00049392,8
ETHUSDT,2020-01-15T00:00:00Z,0.00011544,8
BTCUSDT,2020-01-15T08:00:00Z,0.00019497,8
ETHUSDT,2020-01-15T08:00:00Z,0.00020223,8
BTCUSDT,2020-01-15T16:00:00Z,0.0001,8
ETHUSDT,2020-01-15T16:00:00Z,0.00031864,8
BTCUSDT,2020-01-16T00:00:00Z,0.0001,8
ETHUSDT,2020-01-16T00:00:00Z,0.00017165,8
BTCUSDT,2020-01-16T08:00:00Z,0.00041191,8
ETHUSDT,2020-01-16T08:00:00Z,0.00038406,8
BTCUSDT,2020-01-16T16:00:00Z,0.00031466,8
ETHUSDT,2020-01-16T16:00:00Z,0.0004224,8
BTCUSDT,2020-01-17T00:00:00Z,0.0001,8
ETHUSDT,2020-01-17T00:00:00Z,0.00018772,8
BTCUSDT,2020-01-17T08:00:00Z,0.00015027,8
ETHUSDT,2020-01-17T08:00:00Z,0.0001,8
BTCUSDT,2020-01-17T16:00:00Z,0.00056749,8
ETHUSDT,2020-01-17T16:00:00Z,0.00020327,8
BTCUSDT,2020-01-18T00:00:00Z,0.0001,8
ETHUSDT,2020-01-18T00:00:00Z,0.0001,8
BTCUSDT,2020-01-18T08:00:00Z,0.00029182,8
ETHUSDT,2020-01-18T08:00:00Z,0.0001,8
BTCUSDT,2020-01-18T16:00:00Z,0.00032081,8
ETHUSDT,2020-01-18T16:00:00Z,0.00011014,8
BTCUSDT,2020-01-19T00:00:00Z,0.00020041,8
ETHUSDT,2020-01-19T00:00:00Z,0.00044662,8
BTCUSDT,2020-01-19T08:00:00Z,0.00039329,8
ETHUSDT,2020-01-19T08:00:00Z,0.00019851,8
BTCUSDT,2020-01-19T16:00:00Z,0.00092467,8
ETHUSDT,2020-01-19T16:00:00Z,0.00023852,8
BTCUSDT,2020-01-20T00:00:00Z,0.00029702,8
ETHUSDT,2020-01-20T00:00:00Z,0.00047503,8
BTCUSDT,2020-01-20T08:00:00Z,0.0001,8
ETHUSDT,2020-01-20T08:00:00Z,0.00054081,8
BTCUSDT,2020-01-20T16:00:00Z,0.00010782,8
ETHUSDT,2020-01-20T16:00:00Z,0.00038562,8
BTCUSDT,2020-01-21T00:00:00Z,0.00012057,8
ETHUSDT,2020-01-21T00:00:00Z,0.00021637,8
BTCUSDT,2020-01-21T08:00:00Z,0.00015425,8
ETHUSDT,2020-01-21T08:00:00Z,0.00016823,8
BTCUSDT,2020-01-21T16:00:00Z,0.0001574,8
ETHUSDT,2020-01-21T16:00:00Z,0.00018627,8
BTCUSDT,2020-01-22T00:00:00Z,0.0001,8
ETHUSDT,2020-01-22T00:00:00Z,0.0001535,8
BTCUSDT,2020-01-22T08:00:00Z,0.00021392,8
ETHUSDT,2020-01-22T08:00:00Z,0.0001,8
BTCUSDT,2020-01-22T16:00:00Z,0.0001,8
ETHUSDT,2020-01-22T16:00:00Z,0.0001,8
BTCUSDT,2020-01-23T00:00:00Z,0.0001,8
ETHUSDT,2020-01-23T00:00:00Z,0.0001,8
BTCUSDT,2020-01-23T08:00:00Z,0.0001,8
ETHUSDT,2020-01-23T08:00:00Z,0.0001,8
BTCUSDT,2020-01-23T16:00:00Z,0.00052304,8
ETHUSDT,2020-01-23T16:00:00Z,0.00021994,8
BTCUSDT,2020-01-24T00:00:00Z,0.00054719,8
ETHUSDT,2020-01-24T00:00:00Z,0.00017114,8
BTCUSDT,2020-01-24T08:00:00Z,0.00042124,8
ETHUSDT,2020-01-24T08:00:00Z,0.00017748,8
BTCUSDT,2020-01-24T16:00:00Z,0.00017948,8
ETHUSDT,2020-01-24T16:00:00Z,0.00025923,8
BTCUSDT,2020-01-25T00:00:00Z,0.0001,8
ETHUSDT,2020-01-25T00:00:00Z,0.0001,8
BTCUSDT,2020-01-25T08:00:00Z,0.0001,8
ETHUSDT,2020-01-25T08:00:00Z,0.0001,8
BTCUSDT,2020-01-25T16:00:00Z,0.0001,8
ETHUSDT,2020-01-25T16:00:00Z,0.00027793,8
BTCUSDT,2020-01-26T00:00:00Z,0.0001,8
ETHUSDT,2020-01-26T00:00:00Z,0.00031959,8
BTCUSDT,2020-01-26T08:00:00Z,0.0001,8
ETHUSDT,2020-01-26T08:00:00Z,0.00026387,8
BTCUSDT,2020-01-26T16:00:00Z,0.0001,8
ETHUSDT,2020-01-26T16:00:00Z,0.0001,8
BTCUSDT,2020-01-27T00:00:00Z,0.0001,8
ETHUSDT,2020-01-27T00:00:00Z,0.0001,8
BTCUSDT,2020-01-27T08:00:00Z,0.0001,8
ETHUSDT,2020-01-27T08:00:00Z,0.0001,8
BTCUSDT,2020-01-27T16:00:00Z,0.0001,8
ETHUSDT,2020-01-27T16:00:00Z,0.0001,8
BTCUSDT,2020-01-28T00:00:00Z,0.0001,8
ETHUSDT,2020-01-28T00:00:00Z,0.00010167,8
BTCUSDT,2020-01-28T08:00:00Z,0.00068689,8
ETHUSDT,2020-01-28T08:00:00Z,0.00049212,8
BTCUSDT,2020-01-28T16:00:00Z,0.00054394,8
ETHUSDT,2020-01-28T16:00:00Z,0.00091788,8
BTCUSDT,2020-01-29T00:00:00Z,0.00062324,8
ETHUSDT,2020-01-29T00:00:00Z,0.00122251,8
BTCUSDT,2020-01-29T08:00:00Z,0.00108193,8
ETHUSDT,2020-01-29T08:00:00Z,0.0010613,8
BTCUSDT,2020-01-29T16:00:00Z,0.00053694,8
ETHUSDT,2020-01-29T16:00:00Z,0.00055576,8
BTCUSDT,2020-01-30T00:00:00Z,0.000236,8
ETHUSDT,2020-01-30T00:00:00Z,0.00054882,8
BTCUSDT,2020-01-30T08:00:00Z,0.00024877,8
ETHUSDT,2020-01-30T08:00:00Z,0.00049058,8
BTCUSDT,2020-01-30T16:00:00Z,0.00034852,8
ETHUSDT,2020-01-30T16:00:00Z,0.00054951,8
BTCUSDT,2020-01-31T00:00:00Z,0.00053551,8
ETHUSDT,2020-01-31T00:00:00Z,0.00082589,8
BTCUSDT,2020-01-31T08:00:00Z,0.00077154,8
ETHUSDT,2020-01-31T08:00:00Z,0.00132017,8
BTCUSDT,2020-01-31T16:00:00Z,0.00039858,8
ETHUSDT,2020-01-31T16:00:00Z,0.00093741,8
BTCUSDT,2020-02-01T00:00:00Z,0.00074991,8
ETHUSDT,2020-02-01T00:00:00Z,0.0007201,8
BTCUSDT,2020-02-01T08:00:00Z,0.00065667,8
ETHUSDT,2020-02-01T08:00:00Z,0.00070775,8
BTCUSDT,2020-02-01T16:00:00Z,0.00049052,8
ETHUSDT,2020-02-01T16:00:00Z,0.00052861,8
BTCUSDT,2020-02-02T00:00:00Z,0.00028263,8
ETHUSDT,2020-02-02T00:00:00Z,0.000352,8
BTCUSDT,2020-02-02T08:00:00Z,0.00034916,8
ETHUSDT,2020-02-02T08:00:00Z,0.00016128,8
BTCUSDT,2020-02-02T16:00:00Z,0.00065524,8
ETHUSDT,2020-02-02T16:00:00Z,0.0001,8
BTCUSDT,2020-02-03T00:00:00Z,0.00060677,8
ETHUSDT,2020-02-03T00:00:00Z,0.0001,8
BTCUSDT,2020-02-03T08:00:00Z,0.00035862,8
ETHUSDT,2020-02-03T08:00:00Z,0.0001,8
BTCUSDT,2020-02-03T16:00:00Z,0.0001,8
ETHUSDT,2020-02-03T16:00:00Z,0.0001,8
BTCUSDT,2020-02-04T00:00:00Z,0.00099282,8
ETHUSDT,2020-02-04T00:00:00Z,0.00036575,8
BTCUSDT,2020-02-04T08:00:00Z,0.0005445,8
ETHUSDT,2020-02-04T08:00:00Z,0.00014722,8
BTCUSDT,2020-02-04T16:00:00Z,0.00038192,8
ETHUSDT,2020-02-04T16:00:00Z,0.00039381,8
BTCUSDT,2020-02-05T00:00:00Z,0.0001,8
ETHUSDT,2020-02-05T00:00:00Z,0.0001,8
BTCUSDT,2020-02-05T08:00:00Z,0.0001,8
ETHUSDT,2020-02-05T08:00:00Z,0.0001,8
BTCUSDT,2020-02-05T16:00:00Z,0.00052631,8
ETHUSDT,2020-02-05T16:00:00Z,0.00095515,8
BTCUSDT,2020-02-06T00:00:00Z,0.00164021,8
ETHUSDT,2020-02-06T00:00:00Z,0.00112654,8
BTCUSDT,2020-02-06T08:00:00Z,0.00078299,8
ETHUSDT,2020-02-06T08:00:00Z,0.00077325,8
BTCUSDT,2020-02-06T16:00:00Z,0.00055668,8
ETHUSDT,2020-02-06T16:00:00Z,0.00053238,8
BTCUSDT,2020-02-07T00:00:00Z,0.00035618,8
ETHUSDT,2020-02-07T00:00:00Z,0.00032775,8
BTCUSDT,2020-02-07T08:00:00Z,0.00019726,8
ETHUSDT,2020-02-07T08:00:00Z,0.00014913,8
BTCUSDT,2020-02-07T16:00:00Z,0.00034616,8
ETHUSDT,2020-02-07T16:00:00Z,0.00045718,8
BTCUSDT,2020-02-08T00:00:00Z,0.00039915,8
ETHUSDT,2020-02-08T00:00:00Z,0.00026524,8
BTCUSDT,2020-02-08T08:00:00Z,0.00062858,8
ETHUSDT,2020-02-08T08:00:00Z,0.00027312,8
BTCUSDT,2020-02-08T16:00:00Z,0.00099315,8
ETHUSDT,2020-02-08T16:00:00Z,0.00029946,8
BTCUSDT,2020-02-09T00:00:00Z,0.00042798,8
ETHUSDT,2020-02-09T00:00:00Z,0.00097062,8
BTCUSDT,2020-02-09T08:00:00Z,0.00081519,8
ETHUSDT,2020-02-09T08:00:00Z,0.00063224,8
BTCUSDT,2020-02-09T16:00:00Z,0.00113954,8
ETHUSDT,2020-02-09T16:00:00Z,0.00136228,8
BTCUSDT,2020-02-10T00:00:00Z,0.00106733,8
ETHUSDT,2020-02-10T00:00:00Z,0.00130685,8
BTCUSDT,2020-02-10T08:00:00Z,0.00125022,8
ETHUSDT,2020-02-10T08:00:00Z,0.00193444,8
BTCUSDT,2020-02-10T16:00:00Z,0.00097918,8
ETHUSDT,2020-02-10T16:00:00Z,0.00295694,8
BTCUSDT,2020-02-11T00:00:00Z,0.00043989,8
ETHUSDT,2020-02-11T00:00:00Z,0.0011812,8
BTCUSDT,2020-02-11T08:00:00Z,0.00064797,8
ETHUSDT,2020-02-11T08:00:00Z,0.00150902,8
BTCUSDT,2020-02-11T16:00:00Z,0.0005012,8
ETHUSDT,2020-02-11T16:00:00Z,0.00107512,8
BTCUSDT,2020-02-12T00:00:00Z,0.003,8
ETHUSDT,2020-02-12T00:00:00Z,0.0028447,8
BTCUSDT,2020-02-12T08:00:00Z,0.00108055,8
ETHUSDT,2020-02-12T08:00:00Z,0.0036719,8
BTCUSDT,2020-02-12T16:00:00Z,0.00103884,8
ETHUSDT,2020-02-12T16:00:00Z,0.00148984,8
BTCUSDT,2020-02-13T00:00:00Z,0.00093553,8
ETHUSDT,2020-02-13T00:00:00Z,0.00119193,8
BTCUSDT,2020-02-13T08:00:00Z,0.00084403,8
ETHUSDT,2020-02-13T08:00:00Z,0.00141789,8
BTCUSDT,2020-02-13T16:00:00Z,0.00070414,8
ETHUSDT,2020-02-13T16:00:00Z,0.0017895,8
BTCUSDT,2020-02-14T00:00:00Z,0.0006332,8
ETHUSDT,2020-02-14T00:00:00Z,0.00133922,8
BTCUSDT,2020-02-14T08:00:00Z,0.00074453,8
ETHUSDT,2020-02-14T08:00:00Z,0.00081527,8
BTCUSDT,2020-02-14T16:00:00Z,0.00055952,8
ETHUSDT,2020-02-14T16:00:00Z,0.00097804,8
BTCUSDT,2020-02-15T00:00:00Z,0.00059113,8
ETHUSDT,2020-02-15T00:00:00Z,0.00084363,8
BTCUSDT,2020-02-15T08:00:00Z,0.0009686,8
ETHUSDT,2020-02-15T08:00:00Z,0.00099519,8
BTCUSDT,2020-02-15T16:00:00Z,0.00087369,8
ETHUSDT,2020-02-15T16:00:00Z,0.00116429,8
BTCUSDT,2020-02-16T00:00:00Z,0.00051202,8
ETHUSDT,2020-02-16T00:00:00Z,0.00191229,8
BTCUSDT,2020-02-16T08:00:00Z,0.00036973,8
ETHUSDT,2020-02-16T08:00:00Z,0.00042143,8
BTCUSDT,2020-02-16T16:00:00Z,0.00060847,8
ETHUSDT,2020-02-16T16:00:00Z,0.00063291,8
BTCUSDT,2020-02-17T00:00:00Z,0.00043179,8
ETHUSDT,2020-02-17T00:00:00Z,0.0006537,8
BTCUSDT,2020-02-17T08:00:00Z,0.0006096,8
ETHUSDT,2020-02-17T08:00:00Z,0.00052153,8
BTCUSDT,2020-02-17T16:00:00Z,0.00091076,8
ETHUSDT,2020-02-17T16:00:00Z,0.00088411,8
BTCUSDT,2020-02-18T00:00:00Z,0.00026967,8
ETHUSDT,2020-02-18T00:00:00Z,0.00024205,8
BTCUSDT,2020-02-18T08:00:00Z,0.00013952,8
ETHUSDT,2020-02-18T08:00:00Z,0.00012422,8
BTCUSDT,2020-02-18T16:00:00Z,0.00029662,8
ETHUSDT,2020-02-18T16:00:00Z,0.00023619,8
BTCUSDT,2020-02-19T00:00:00Z,0.00046396,8
ETHUSDT,2020-02-19T00:00:00Z,0.0007174,8
BTCUSDT,2020-02-19T08:00:00Z,0.00038487,8
ETHUSDT,2020-02-19T08:00:00Z,0.00095567,8
BTCUSDT,2020-02-19T16:00:00Z,0.00040757,8
ETHUSDT,2020-02-19T16:00:00Z,0.00068394,8
BTCUSDT,2020-02-20T00:00:00Z,0.0001,8
ETHUSDT,2020-02-20T00:00:00Z,0.0001949,8
BTCUSDT,2020-02-20T08:00:00Z,0.0001,8
ETHUSDT,2020-02-20T08:00:00Z,0.0001,8
BTCUSDT,2020-02-20T16:00:00Z,0.0001,8
ETHUSDT,2020-02-20T16:00:00Z,0.00053851,8
BTCUSDT,2020-02-21T00:00:00Z,0.0001,8
ETHUSDT,2020-02-21T00:00:00Z,0.00069899,8
BTCUSDT,2020-02-21T08:00:00Z,0.0001,8
ETHUSDT,2020-02-21T08:00:00Z,0.0005353,8
BTCUSDT,2020-02-21T16:00:00Z,0.0001,8
ETHUSDT,2020-02-21T16:00:00Z,0.0005742,8
BTCUSDT,2020-02-22T00:00:00Z,0.0001,8
ETHUSDT,2020-02-22T00:00:00Z,0.00051605,8
BTCUSDT,2020-02-22T08:00:00Z,0.0001,8
ETHUSDT,2020-02-22T08:00:00Z,0.00056424,8
BTCUSDT,2020-02-22T16:00:00Z,0.00012243,8
ETHUSDT,2020-02-22T16:00:00Z,0.00045883,8
BTCUSDT,2020-02-23T00:00:00Z,0.00029663,8
ETHUSDT,2020-02-23T00:00:00Z,0.00077311,8
BTCUSDT,2020-02-23T08:00:00Z,0.0003901,8
ETHUSDT,2020-02-23T08:00:00Z,0.00043317,8
BTCUSDT,2020-02-23T16:00:00Z,0.00065308,8
ETHUSDT,2020-02-23T16:00:00Z,0.00048157,8
BTCUSDT,2020-02-24T00:00:00Z,0.00048774,8
ETHUSDT,2020-02-24T00:00:00Z,0.00054128,8
BTCUSDT,2020-02-24T08:00:00Z,0.00014587,8
ETHUSDT,2020-02-24T08:00:00Z,0.00037142,8
BTCUSDT,2020-02-24T16:00:00Z,0.0001,8
ETHUSDT,2020-02-24T16:00:00Z,0.00020954,8
BTCUSDT,2020-02-25T00:00:00Z,0.00032389,8
ETHUSDT,2020-02-25T00:00:00Z,0.00031422,8
BTCUSDT,2020-02-25T08:00:00Z,0.00027363,8
ETHUSDT,2020-02-25T08:00:00Z,0.00040545,8
BTCUSDT,2020-02-25T16:00:00Z,0.00046949,8
ETHUSDT,2020-02-25T16:00:00Z,0.00052084,8
BTCUSDT,2020-02-26T00:00:00Z,0.0003617,8
ETHUSDT,2020-02-26T00:00:00Z,0.00047129,8
BTCUSDT,2020-02-26T08:00:00Z,0.0005063,8
ETHUSDT,2020-02-26T08:00:00Z,0.00079802,8
BTCUSDT,2020-02-26T16:00:00Z,0.0003866,8
ETHUSDT,2020-02-26T16:00:00Z,0.00071497,8
BTCUSDT,2020-02-27T00:00:00Z,0.00017363,8
ETHUSDT,2020-02-27T00:00:00Z,0.0001,8
BTCUSDT,2020-02-27T08:00:00Z,0.0001,8
ETHUSDT,2020-02-27T08:00:00Z,0.00025833,8
BTCUSDT,2020-02-27T16:00:00Z,0.0001,8
ETHUSDT,2020-02-27T16:00:00Z,0.00010335,8
BTCUSDT,2020-02-28T00:00:00Z,0.0001,8
ETHUSDT,2020-02-28T00:00:00Z,0.00012465,8
BTCUSDT,2020-02-28T08:00:00Z,0.00011659,8
ETHUSDT,2020-02-28T08:00:00Z,0.00025289,8
BTCUSDT,2020-02-28T16:00:00Z,0.00023604,8
ETHUSDT,2020-02-28T16:00:00Z,0.00030522,8
BTCUSDT,2020-02-29T00:00:00Z,0.00061536,8
ETHUSDT,2020-02-29T00:00:00Z,0.00040998,8
BTCUSDT,2020-02-29T08:00:00Z,0.00060166,8
ETHUSDT,2020-02-29T08:00:00Z,0.00055451,8
BTCUSDT,2020-02-29T16:00:00Z,0.00062345,8
ETHUSDT,2020-02-29T16:00:00Z,0.00047771,8
BTCUSDT,2020-03-01T00:00:00Z,0.00049317,8
ETHUSDT,2020-03-01T00:00:00Z,0.00032216,8
BTCUSDT,2020-03-01T08:00:00Z,0.00027933,8
ETHUSDT,2020-03-01T08:00:00Z,0.00018986,8
BTCUSDT,2020-03-01T16:00:00Z,0.00031033,8
ETHUSDT,2020-03-01T16:00:00Z,0.00015628,8
BTCUSDT,2020-03-02T00:00:00Z,0.0001872,8
ETHUSDT,2020-03-02T00:00:00Z,0.00014747,8
BTCUSDT,2020-03-02T08:00:00Z,0.0001,8
ETHUSDT,2020-03-02T08:00:00Z,0.00015638,8
BTCUSDT,2020-03-02T16:00:00Z,0.0001,8
ETHUSDT,2020-03-02T16:00:00Z,0.0001,8
BTCUSDT,2020-03-03T00:00:00Z,0.0001,8
ETHUSDT,2020-03-03T00:00:00Z,0.0001,8
BTCUSDT,2020-03-03T08:00:00Z,0.0001,8
ETHUSDT,2020-03-03T08:00:00Z,0.0001,8
BTCUSDT,2020-03-03T16:00:00Z,0.0001,8
ETHUSDT,2020-03-03T16:00:00Z,0.00031403,8
BTCUSDT,2020-03-04T00:00:00Z,0.0001,8
ETHUSDT,2020-03-04T00:00:00Z,0.00030731,8
BTCUSDT,2020-03-04T08:00:00Z,0.0001,8
ETHUSDT,2020-03-04T08:00:00Z,0.00030432,8
BTCUSDT,2020-03-04T16:00:00Z,0.00024328,8
ETHUSDT,2020-03-04T16:00:00Z,0.00032821,8
BTCUSDT,2020-03-05T00:00:00Z,0.0001,8
ETHUSDT,2020-03-05T00:00:00Z,0.00029022,8
BTCUSDT,2020-03-05T08:00:00Z,0.00023481,8
ETHUSDT,2020-03-05T08:00:00Z,0.00039893,8
BTCUSDT,2020-03-05T16:00:00Z,0.00019521,8
ETHUSDT,2020-03-05T16:00:00Z,0.00036018,8
BTCUSDT,2020-03-06T00:00:00Z,0.00020373,8
ETHUSDT,2020-03-06T00:00:00Z,0.0003738,8
BTCUSDT,2020-03-06T08:00:00Z,0.00021759,8
ETHUSDT,2020-03-06T08:00:00Z,0.0001,8
BTCUSDT,2020-03-06T16:00:00Z,0.00035706,8
ETHUSDT,2020-03-06T16:00:00Z,0.0001,8
BTCUSDT,2020-03-07T00:00:00Z,0.00039476,8
ETHUSDT,2020-03-07T00:00:00Z,0.0001,8
BTCUSDT,2020-03-07T08:00:00Z,0.00032086,8
ETHUSDT,2020-03-07T08:00:00Z,0.0001,8
BTCUSDT,2020-03-07T16:00:00Z,0.00032714,8
ETHUSDT,2020-03-07T16:00:00Z,0.00013739,8
BTCUSDT,2020-03-08T00:00:00Z,0.00054685,8
ETHUSDT,2020-03-08T00:00:00Z,0.00032347,8
BTCUSDT,2020-03-08T08:00:00Z,0.00049747,8
ETHUSDT,2020-03-08T08:00:00Z,0.0004582,8
BTCUSDT,2020-03-08T16:00:00Z,0.00042921,8
ETHUSDT,2020-03-08T16:00:00Z,0.00037933,8
BTCUSDT,2020-03-09T00:00:00Z,0.0001,8
ETHUSDT,2020-03-09T00:00:00Z,0.0001,8
BTCUSDT,2020-03-09T08:00:00Z,0.0001,8
ETHUSDT,2020-03-09T08:00:00Z,0.00011432,8
BTCUSDT,2020-03-09T16:00:00Z,0.0001,8
ETHUSDT,2020-03-09T16:00:00Z,0.00016188,8
BTCUSDT,2020-03-10T00:00:00Z,0.0001,8
ETHUSDT,2020-03-10T00:00:00Z,0.00025018,8
BTCUSDT,2020-03-10T08:00:00Z,0.0001,8
ETHUSDT,2020-03-10T08:00:00Z,0.0001,8
BTCUSDT,2020-03-10T16:00:00Z,0.0001,8
ETHUSDT,2020-03-10T16:00:00Z,0.00025409,8
BTCUSDT,2020-03-11T00:00:00Z,0.0001,8
ETHUSDT,2020-03-11T00:00:00Z,0.0001,8
BTCUSDT,2020-03-11T08:00:00Z,0.0001,8
ETHUSDT,2020-03-11T08:00:00Z,0.00016304,8
BTCUSDT,2020-03-11T16:00:00Z,0.00022898,8
ETHUSDT,2020-03-11T16:00:00Z,0.00037247,8
BTCUSDT,2020-03-12T00:00:00Z,0.00010572,8
ETHUSDT,2020-03-12T00:00:00Z,0.00036391,8
BTCUSDT,2020-03-12T08:00:00Z,0.0001,8
ETHUSDT,2020-03-12T08:00:00Z,0.00054526,8
BTCUSDT,2020-03-12T16:00:00Z,-0.00015149,8
ETHUSDT,2020-03-12T16:00:00Z,0.0001,8
BTCUSDT,2020-03-13T00:00:00Z,-0.00016073,8
ETHUSDT,2020-03-13T00:00:00Z,0.0001,8
BTCUSDT,2020-03-13T08:00:00Z,-0.003,8
ETHUSDT,2020-03-13T08:00:00Z,-0.00281778,8
BTCUSDT,2020-03-13T16:00:00Z,-0.00065378,8
ETHUSDT,2020-03-13T16:00:00Z,-0.00027991,8
BTCUSDT,2020-03-14T00:00:00Z,-0.00076421,8
ETHUSDT,2020-03-14T00:00:00Z,0.0001,8
BTCUSDT,2020-03-14T08:00:00Z,-4.946e-05,8
ETHUSDT,2020-03-14T08:00:00Z,0.0001,8
BTCUSDT,2020-03-14T16:00:00Z,-0.00050325,8
ETHUSDT,2020-03-14T16:00:00Z,0.0001,8
BTCUSDT,2020-03-15T00:00:00Z,-0.00047893,8
ETHUSDT,2020-03-15T00:00:00Z,0.0001,8
BTCUSDT,2020-03-15T08:00:00Z,-0.00054208,8
ETHUSDT,2020-03-15T08:00:00Z,0.0001,8
BTCUSDT,2020-03-15T16:00:00Z,-0.0004879,8
ETHUSDT,2020-03-15T16:00:00Z,0.0001,8
BTCUSDT,2020-03-16T00:00:00Z,-0.00028282,8
ETHUSDT,2020-03-16T00:00:00Z,0.0001,8
BTCUSDT,2020-03-16T08:00:00Z,-0.00036873,8
ETHUSDT,2020-03-16T08:00:00Z,0.0001,8
BTCUSDT,2020-03-16T16:00:00Z,-0.00090358,8
ETHUSDT,2020-03-16T16:00:00Z,-0.00022932,8
BTCUSDT,2020-03-17T00:00:00Z,-0.0002383,8
ETHUSDT,2020-03-17T00:00:00Z,0.0001,8
BTCUSDT,2020-03-17T08:00:00Z,-3.681e-05,8
ETHUSDT,2020-03-17T08:00:00Z,0.0001,8
BTCUSDT,2020-03-17T16:00:00Z,-0.00010573,8
ETHUSDT,2020-03-17T16:00:00Z,0.0001,8
BTCUSDT,2020-03-18T00:00:00Z,-0.00014706,8
ETHUSDT,2020-03-18T00:00:00Z,0.0001,8
BTCUSDT,2020-03-18T08:00:00Z,-0.00035528,8
ETHUSDT,2020-03-18T08:00:00Z,0.0001,8
BTCUSDT,2020-03-18T16:00:00Z,-0.00033374,8
ETHUSDT,2020-03-18T16:00:00Z,0.0001,8
BTCUSDT,2020-03-19T00:00:00Z,-0.00015042,8
ETHUSDT,2020-03-19T00:00:00Z,0.0001,8
BTCUSDT,2020-03-19T08:00:00Z,-0.00022004,8
ETHUSDT,2020-03-19T08:00:00Z,0.0001,8
BTCUSDT,2020-03-19T16:00:00Z,-0.00027089,8
ETHUSDT,2020-03-19T16:00:00Z,0.0001,8
BTCUSDT,2020-03-20T00:00:00Z,-0.00015469,8
ETHUSDT,2020-03-20T00:00:00Z,0.0001,8
BTCUSDT,2020-03-20T08:00:00Z,-1.171e-05,8
ETHUSDT,2020-03-20T08:00:00Z,0.0001,8
BTCUSDT,2020-03-20T16:00:00Z,0.0001,8
ETHUSDT,2020-03-20T16:00:00Z,0.0001,8
BTCUSDT,2020-03-21T00:00:00Z,8.327e-05,8
ETHUSDT,2020-03-21T00:00:00Z,0.0001,8
BTCUSDT,2020-03-21T08:00:00Z,-9.15e-06,8
ETHUSDT,2020-03-21T08:00:00Z,0.0001,8
BTCUSDT,2020-03-21T16:00:00Z,-0.00011557,8
ETHUSDT,2020-03-21T16:00:00Z,0.0001,8
BTCUSDT,2020-03-22T00:00:00Z,-2.842e-05,8
ETHUSDT,2020-03-22T00:00:00Z,0.0001,8
BTCUSDT,2020-03-22T08:00:00Z,0.0001,8
ETHUSDT,2020-03-22T08:00:00Z,0.0001,8
BTCUSDT,2020-03-22T16:00:00Z,2.24e-06,8
ETHUSDT,2020-03-22T16:00:00Z,0.0001,8
BTCUSDT,2020-03-23T00:00:00Z,-0.00016796,8
ETHUSDT,2020-03-23T00:00:00Z,0.0001,8
BTCUSDT,2020-03-23T08:00:00Z,-0.00016295,8
ETHUSDT,2020-03-23T08:00:00Z,0.0001,8
BTCUSDT,2020-03-23T16:00:00Z,0.0001,8
ETHUSDT,2020-03-23T16:00:00Z,0.0001,8
BTCUSDT,2020-03-24T00:00:00Z,0.0001,8
ETHUSDT,2020-03-24T00:00:00Z,0.0001,8
BTCUSDT,2020-03-24T08:00:00Z,0.0001,8
ETHUSDT,2020-03-24T08:00:00Z,0.0001,8
BTCUSDT,2020-03-24T16:00:00Z,0.0001,8
ETHUSDT,2020-03-24T16:00:00Z,0.0001,8
BTCUSDT,2020-03-25T00:00:00Z,0.0001,8
ETHUSDT,2020-03-25T00:00:00Z,0.0001,8
BTCUSDT,2020-03-25T08:00:00Z,9.958e-05,8
ETHUSDT,2020-03-25T08:00:00Z,0.0001,8
BTCUSDT,2020-03-25T16:00:00Z,9.813e-05,8
ETHUSDT,2020-03-25T16:00:00Z,0.0001,8
BTCUSDT,2020-03-26T00:00:00Z,-1.62e-05,8
ETHUSDT,2020-03-26T00:00:00Z,0.0001,8
BTCUSDT,2020-03-26T08:00:00Z,0.0001,8
ETHUSDT,2020-03-26T08:00:00Z,0.0001,8
BTCUSDT,2020-03-26T16:00:00Z,1.599e-05,8
ETHUSDT,2020-03-26T16:00:00Z,0.0001,8
BTCUSDT,2020-03-27T00:00:00Z,6.223e-05,8
ETHUSDT,2020-03-27T00:00:00Z,0.0001,8
BTCUSDT,2020-03-27T08:00:00Z,6.838e-05,8
ETHUSDT,2020-03-27T08:00:00Z,0.0001,8
BTCUSDT,2020-03-27T16:00:00Z,1.48e-06,8
ETHUSDT,2020-03-27T16:00:00Z,0.0001,8
BTCUSDT,2020-03-28T00:00:00Z,-0.00012203,8
ETHUSDT,2020-03-28T00:00:00Z,0.0001,8
BTCUSDT,2020-03-28T08:00:00Z,-0.00041263,8
ETHUSDT,2020-03-28T08:00:00Z,-2.715e-05,8
BTCUSDT,2020-03-28T16:00:00Z,-0.0002165,8
ETHUSDT,2020-03-28T16:00:00Z,0.0001,8
BTCUSDT,2020-03-29T00:00:00Z,-0.00023282,8
ETHUSDT,2020-03-29T00:00:00Z,0.0001,8
BTCUSDT,2020-03-29T08:00:00Z,-0.0002912,8
ETHUSDT,2020-03-29T08:00:00Z,0.0001,8
BTCUSDT,2020-03-29T16:00:00Z,-0.00025613,8
ETHUSDT,2020-03-29T16:00:00Z,0.0001,8
BTCUSDT,2020-03-30T00:00:00Z,-0.0006431,8
ETHUSDT,2020-03-30T00:00:00Z,0.0001,8
BTCUSDT,2020-03-30T08:00:00Z,-0.00033817,8
ETHUSDT,2020-03-30T08:00:00Z,-9.91e-05,8
BTCUSDT,2020-03-30T16:00:00Z,-6.982e-05,8
ETHUSDT,2020-03-30T16:00:00Z,0.0001,8
BTCUSDT,2020-03-31T00:00:00Z,-5.383e-05,8
ETHUSDT,2020-03-31T00:00:00Z,0.0001,8
BTCUSDT,2020-03-31T08:00:00Z,-0.00015273,8
ETHUSDT,2020-03-31T08:00:00Z,0.0001,8
BTCUSDT,2020-03-31T16:00:00Z,-0.000162,8
ETHUSDT,2020-03-31T16:00:00Z,0.0001,8
BTCUSDT,2020-04-01T00:00:00Z,-9.237e-05,8
ETHUSDT,2020-04-01T00:00:00Z,0.0001,8
BTCUSDT,2020-04-01T08:00:00Z,-0.0004868,8
ETHUSDT,2020-04-01T08:00:00Z,0.0001,8
BTCUSDT,2020-04-01T16:00:00Z,-0.00034983,8
ETHUSDT,2020-04-01T16:00:00Z,-7.368e-05,8
BTCUSDT,2020-04-02T00:00:00Z,-0.0001933,8
ETHUSDT,2020-04-02T00:00:00Z,-5.17e-05,8
BTCUSDT,2020-04-02T08:00:00Z,3.28e-05,8
ETHUSDT,2020-04-02T08:00:00Z,0.0001,8
BTCUSDT,2020-04-02T16:00:00Z,9.417e-05,8
ETHUSDT,2020-04-02T16:00:00Z,0.0001,8
BTCUSDT,2020-04-03T00:00:00Z,9.047e-05,8
ETHUSDT,2020-04-03T00:00:00Z,0.0001,8
BTCUSDT,2020-04-03T08:00:00Z,7.9e-07,8
ETHUSDT,2020-04-03T08:00:00Z,0.0001,8
BTCUSDT,2020-04-03T16:00:00Z,0.0001,8
ETHUSDT,2020-04-03T16:00:00Z,0.0001,8
BTCUSDT,2020-04-04T00:00:00Z,6.184e-05,8
ETHUSDT,2020-04-04T00:00:00Z,4.881e-05,8
BTCUSDT,2020-04-04T08:00:00Z,5.655e-05,8
ETHUSDT,2020-04-04T08:00:00Z,0.0001,8
BTCUSDT,2020-04-04T16:00:00Z,-7.77e-05,8
ETHUSDT,2020-04-04T16:00:00Z,0.0001,8
BTCUSDT,2020-04-05T00:00:00Z,-4.495e-05,8
ETHUSDT,2020-04-05T00:00:00Z,0.0001,8
BTCUSDT,2020-04-05T08:00:00Z,4.198e-05,8
ETHUSDT,2020-04-05T08:00:00Z,3.554e-05,8
BTCUSDT,2020-04-05T16:00:00Z,3.859e-05,8
ETHUSDT,2020-04-05T16:00:00Z,0.0001,8
BTCUSDT,2020-04-06T00:00:00Z,2.364e-05,8
ETHUSDT,2020-04-06T00:00:00Z,0.0001,8
BTCUSDT,2020-04-06T08:00:00Z,6.54e-06,8
ETHUSDT,2020-04-06T08:00:00Z,7.54e-05,8
BTCUSDT,2020-04-06T16:00:00Z,-8.471e-05,8
ETHUSDT,2020-04-06T16:00:00Z,5.027e-05,8
BTCUSDT,2020-04-07T00:00:00Z,-0.00012883,8
ETHUSDT,2020-04-07T00:00:00Z,-0.00014221,8
BTCUSDT,2020-04-07T08:00:00Z,-2.915e-05,8
ETHUSDT,2020-04-07T08:00:00Z,-8.712e-05,8
BTCUSDT,2020-04-07T16:00:00Z,1.131e-05,8
ETHUSDT,2020-04-07T16:00:00Z,8.758e-05,8
BTCUSDT,2020-04-08T00:00:00Z,-2.763e-05,8
ETHUSDT,2020-04-08T00:00:00Z,0.0001,8
BTCUSDT,2020-04-08T08:00:00Z,0.0001,8
ETHUSDT,2020-04-08T08:00:00Z,0.0001,8
BTCUSDT,2020-04-08T16:00:00Z,6.677e-05,8
ETHUSDT,2020-04-08T16:00:00Z,0.0001,8
BTCUSDT,2020-04-09T00:00:00Z,0.0001,8
ETHUSDT,2020-04-09T00:00:00Z,0.0001,8
BTCUSDT,2020-04-09T08:00:00Z,-0.00010005,8
ETHUSDT,2020-04-09T08:00:00Z,0.0001,8
BTCUSDT,2020-04-09T16:00:00Z,-8.854e-05,8
ETHUSDT,2020-04-09T16:00:00Z,0.0001,8
BTCUSDT,2020-04-10T00:00:00Z,-5.003e-05,8
ETHUSDT,2020-04-10T00:00:00Z,0.0001,8
BTCUSDT,2020-04-10T08:00:00Z,0.0001,8
ETHUSDT,2020-04-10T08:00:00Z,0.0001,8
BTCUSDT,2020-04-10T16:00:00Z,0.0001,8
ETHUSDT,2020-04-10T16:00:00Z,0.0001,8
BTCUSDT,2020-04-11T00:00:00Z,0.0001,8
ETHUSDT,2020-04-11T00:00:00Z,-6.9e-06,8
BTCUSDT,2020-04-11T08:00:00Z,0.0001,8
ETHUSDT,2020-04-11T08:00:00Z,9.267e-05,8
BTCUSDT,2020-04-11T16:00:00Z,0.0001,8
ETHUSDT,2020-04-11T16:00:00Z,0.0001,8
BTCUSDT,2020-04-12T00:00:00Z,0.0001,8
ETHUSDT,2020-04-12T00:00:00Z,0.0001,8
BTCUSDT,2020-04-12T08:00:00Z,0.0001,8
ETHUSDT,2020-04-12T08:00:00Z,1.985e-05,8
BTCUSDT,2020-04-12T16:00:00Z,8.453e-05,8
ETHUSDT,2020-04-12T16:00:00Z,0.0001,8
BTCUSDT,2020-04-13T00:00:00Z,7.954e-05,8
ETHUSDT,2020-04-13T00:00:00Z,0.0001,8
BTCUSDT,2020-04-13T08:00:00Z,-0.00020271,8
ETHUSDT,2020-04-13T08:00:00Z,0.0001,8
BTCUSDT,2020-04-13T16:00:00Z,-2.882e-05,8
ETHUSDT,2020-04-13T16:00:00Z,0.0001,8
BTCUSDT,2020-04-14T00:00:00Z,-1.244e-05,8
ETHUSDT,2020-04-14T00:00:00Z,0.0001,8
BTCUSDT,2020-04-14T08:00:00Z,5.454e-05,8
ETHUSDT,2020-04-14T08:00:00Z,0.0001,8
BTCUSDT,2020-04-14T16:00:00Z,-0.00020028,8
ETHUSDT,2020-04-14T16:00:00Z,0.0001,8
BTCUSDT,2020-04-15T00:00:00Z,-0.00012803,8
ETHUSDT,2020-04-15T00:00:00Z,0.0001,8
BTCUSDT,2020-04-15T08:00:00Z,-4.63e-05,8
ETHUSDT,2020-04-15T08:00:00Z,0.0001,8
BTCUSDT,2020-04-15T16:00:00Z,2.925e-05,8
ETHUSDT,2020-04-15T16:00:00Z,0.0001,8
BTCUSDT,2020-04-16T00:00:00Z,-7.017e-05,8
ETHUSDT,2020-04-16T00:00:00Z,0.0001,8
BTCUSDT,2020-04-16T08:00:00Z,-0.00046001,8
ETHUSDT,2020-04-16T08:00:00Z,-2.526e-05,8
BTCUSDT,2020-04-16T16:00:00Z,6.364e-05,8
ETHUSDT,2020-04-16T16:00:00Z,0.0001,8
BTCUSDT,2020-04-17T00:00:00Z,5.926e-05,8
ETHUSDT,2020-04-17T00:00:00Z,0.0001,8
BTCUSDT,2020-04-17T08:00:00Z,3.345e-05,8
ETHUSDT,2020-04-17T08:00:00Z,0.0001,8
BTCUSDT,2020-04-17T16:00:00Z,-6.771e-05,8
ETHUSDT,2020-04-17T16:00:00Z,0.0001,8
BTCUSDT,2020-04-18T00:00:00Z,-3.132e-05,8
ETHUSDT,2020-04-18T00:00:00Z,0.0001,8
BTCUSDT,2020-04-18T08:00:00Z,-0.00017145,8
ETHUSDT,2020-04-18T08:00:00Z,9.454e-05,8
BTCUSDT,2020-04-18T16:00:00Z,-0.00019642,8
ETHUSDT,2020-04-18T16:00:00Z,0.0001,8
BTCUSDT,2020-04-19T00:00:00Z,-0.00019142,8
ETHUSDT,2020-04-19T00:00:00Z,0.0001,8
BTCUSDT,2020-04-19T08:00:00Z,-5.966e-05,8
ETHUSDT,2020-04-19T08:00:00Z,0.0001,8
BTCUSDT,2020-04-19T16:00:00Z,8.514e-05,8
ETHUSDT,2020-04-19T16:00:00Z,0.0001,8
BTCUSDT,2020-04-20T00:00:00Z,-1.31e-05,8
ETHUSDT,2020-04-20T00:00:00Z,0.0001,8
BTCUSDT,2020-04-20T08:00:00Z,-1.874e-05,8
ETHUSDT,2020-04-20T08:00:00Z,0.0001,8
BTCUSDT,2020-04-20T16:00:00Z,-5.762e-05,8
ETHUSDT,2020-04-20T16:00:00Z,0.0001,8
BTCUSDT,2020-04-21T00:00:00Z,-9.18e-05,8
ETHUSDT,2020-04-21T00:00:00Z,0.0001,8
BTCUSDT,2020-04-21T08:00:00Z,-7.539e-05,8
ETHUSDT,2020-04-21T08:00:00Z,0.0001,8
BTCUSDT,2020-04-21T16:00:00Z,0.0001,8
ETHUSDT,2020-04-21T16:00:00Z,0.0001,8
BTCUSDT,2020-04-22T00:00:00Z,-2.663e-05,8
ETHUSDT,2020-04-22T00:00:00Z,0.0001,8
BTCUSDT,2020-04-22T08:00:00Z,-0.00011402,8
ETHUSDT,2020-04-22T08:00:00Z,0.0001,8
BTCUSDT,2020-04-22T16:00:00Z,-0.00031244,8
ETHUSDT,2020-04-22T16:00:00Z,0.0001,8
BTCUSDT,2020-04-23T00:00:00Z,-0.0002234,8
ETHUSDT,2020-04-23T00:00:00Z,0.0001,8
BTCUSDT,2020-04-23T08:00:00Z,-0.00015491,8
ETHUSDT,2020-04-23T08:00:00Z,0.0001,8
BTCUSDT,2020-04-23T16:00:00Z,0.0001,8
ETHUSDT,2020-04-23T16:00:00Z,0.0001,8
BTCUSDT,2020-04-24T00:00:00Z,0.0001,8
ETHUSDT,2020-04-24T00:00:00Z,0.0001,8
BTCUSDT,2020-04-24T08:00:00Z,0.0001,8
ETHUSDT,2020-04-24T08:00:00Z,0.0001,8
BTCUSDT,2020-04-24T16:00:00Z,0.0001,8
ETHUSDT,2020-04-24T16:00:00Z,0.0001,8
BTCUSDT,2020-04-25T00:00:00Z,0.0001,8
ETHUSDT,2020-04-25T00:00:00Z,0.0001,8
BTCUSDT,2020-04-25T08:00:00Z,0.0001,8
ETHUSDT,2020-04-25T08:00:00Z,0.0001,8
BTCUSDT,2020-04-25T16:00:00Z,0.0001,8
ETHUSDT,2020-04-25T16:00:00Z,0.0001,8
BTCUSDT,2020-04-26T00:00:00Z,0.0001,8
ETHUSDT,2020-04-26T00:00:00Z,0.0001,8
BTCUSDT,2020-04-26T08:00:00Z,7.493e-05,8
ETHUSDT,2020-04-26T08:00:00Z,0.0001,8
BTCUSDT,2020-04-26T16:00:00Z,0.0001,8
ETHUSDT,2020-04-26T16:00:00Z,0.0001,8
BTCUSDT,2020-04-27T00:00:00Z,0.0001,8
ETHUSDT,2020-04-27T00:00:00Z,0.0001,8
BTCUSDT,2020-04-27T08:00:00Z,0.0001,8
ETHUSDT,2020-04-27T08:00:00Z,0.0001,8
BTCUSDT,2020-04-27T16:00:00Z,0.0001,8
ETHUSDT,2020-04-27T16:00:00Z,0.0001,8
BTCUSDT,2020-04-28T00:00:00Z,0.0001,8
ETHUSDT,2020-04-28T00:00:00Z,0.0001,8
BTCUSDT,2020-04-28T08:00:00Z,0.0001,8
ETHUSDT,2020-04-28T08:00:00Z,0.0001,8
BTCUSDT,2020-04-28T16:00:00Z,0.0001,8
ETHUSDT,2020-04-28T16:00:00Z,0.0001,8
BTCUSDT,2020-04-29T00:00:00Z,0.0001,8
ETHUSDT,2020-04-29T00:00:00Z,0.0001,8
BTCUSDT,2020-04-29T08:00:00Z,0.0001,8
ETHUSDT,2020-04-29T08:00:00Z,0.0001,8
BTCUSDT,2020-04-29T16:00:00Z,0.0001,8
ETHUSDT,2020-04-29T16:00:00Z,0.0001,8
BTCUSDT,2020-04-30T00:00:00Z,0.00013208,8
ETHUSDT,2020-04-30T00:00:00Z,0.0001,8
BTCUSDT,2020-04-30T08:00:00Z,0.00097517,8
ETHUSDT,2020-04-30T08:00:00Z,0.00040543,8
BTCUSDT,2020-04-30T16:00:00Z,0.0001,8
ETHUSDT,2020-04-30T16:00:00Z,0.0001,8
BTCUSDT,2020-05-01T00:00:00Z,0.00021072,8
ETHUSDT,2020-05-01T00:00:00Z,0.0001,8
BTCUSDT,2020-05-01T08:00:00Z,0.00017885,8
ETHUSDT,2020-05-01T08:00:00Z,0.0001963,8
BTCUSDT,2020-05-01T16:00:00Z,0.00013528,8
ETHUSDT,2020-05-01T16:00:00Z,0.00033541,8
BTCUSDT,2020-05-02T00:00:00Z,0.0001,8
ETHUSDT,2020-05-02T00:00:00Z,0.00020286,8
BTCUSDT,2020-05-02T08:00:00Z,0.0001,8
ETHUSDT,2020-05-02T08:00:00Z,0.00028799,8
BTCUSDT,2020-05-02T16:00:00Z,0.00010144,8
ETHUSDT,2020-05-02T16:00:00Z,0.00065493,8
BTCUSDT,2020-05-03T00:00:00Z,0.0001,8
ETHUSDT,2020-05-03T00:00:00Z,0.0002053,8
BTCUSDT,2020-05-03T08:00:00Z,0.0001981,8
ETHUSDT,2020-05-03T08:00:00Z,0.00033679,8
BTCUSDT,2020-05-03T16:00:00Z,0.00015162,8
ETHUSDT,2020-05-03T16:00:00Z,0.00030318,8
BTCUSDT,2020-05-04T00:00:00Z,0.00011925,8
ETHUSDT,2020-05-04T00:00:00Z,0.0001,8
BTCUSDT,2020-05-04T08:00:00Z,0.0001,8
ETHUSDT,2020-05-04T08:00:00Z,0.00020259,8
BTCUSDT,2020-05-04T16:00:00Z,0.0001,8
ETHUSDT,2020-05-04T16:00:00Z,0.00018353,8
BTCUSDT,2020-05-05T00:00:00Z,0.0001,8
ETHUSDT,2020-05-05T00:00:00Z,0.00021158,8
BTCUSDT,2020-05-05T08:00:00Z,0.0001,8
ETHUSDT,2020-05-05T08:00:00Z,0.00033589,8
BTCUSDT,2020-05-05T16:00:00Z,0.0001,8
ETHUSDT,2020-05-05T16:00:00Z,0.0001,8
BTCUSDT,2020-05-06T00:00:00Z,0.0001,8
ETHUSDT,2020-05-06T00:00:00Z,0.0001,8
BTCUSDT,2020-05-06T08:00:00Z,0.0001,8
ETHUSDT,2020-05-06T08:00:00Z,0.00023099,8
BTCUSDT,2020-05-06T16:00:00Z,0.00035981,8
ETHUSDT,2020-05-06T16:00:00Z,0.00058198,8
BTCUSDT,2020-05-07T00:00:00Z,0.0001,8
ETHUSDT,2020-05-07T00:00:00Z,0.0001,8
BTCUSDT,2020-05-07T08:00:00Z,0.0001,8
ETHUSDT,2020-05-07T08:00:00Z,0.0001,8
BTCUSDT,2020-05-07T16:00:00Z,0.0001,8
ETHUSDT,2020-05-07T16:00:00Z,0.00010111,8
BTCUSDT,2020-05-08T00:00:00Z,0.00016094,8
ETHUSDT,2020-05-08T00:00:00Z,0.000687,8
BTCUSDT,2020-05-08T08:00:00Z,0.00034016,8
ETHUSDT,2020-05-08T08:00:00Z,0.00027607,8
BTCUSDT,2020-05-08T16:00:00Z,0.0005319,8
ETHUSDT,2020-05-08T16:00:00Z,0.00021374,8
BTCUSDT,2020-05-09T00:00:00Z,0.00042037,8
ETHUSDT,2020-05-09T00:00:00Z,0.00039213,8
BTCUSDT,2020-05-09T08:00:00Z,0.00075816,8
ETHUSDT,2020-05-09T08:00:00Z,0.00018668,8
BTCUSDT,2020-05-09T16:00:00Z,0.00058018,8
ETHUSDT,2020-05-09T16:00:00Z,0.000217,8
BTCUSDT,2020-05-10T00:00:00Z,0.00042326,8
ETHUSDT,2020-05-10T00:00:00Z,0.00015215,8
BTCUSDT,2020-05-10T08:00:00Z,0.0001,8
ETHUSDT,2020-05-10T08:00:00Z,0.0001,8
BTCUSDT,2020-05-10T16:00:00Z,0.0001,8
ETHUSDT,2020-05-10T16:00:00Z,0.0001,8
BTCUSDT,2020-05-11T00:00:00Z,0.0001,8
ETHUSDT,2020-05-11T00:00:00Z,0.0001,8
BTCUSDT,2020-05-11T08:00:00Z,0.0001,8
ETHUSDT,2020-05-11T08:00:00Z,0.0001,8
BTCUSDT,2020-05-11T16:00:00Z,0.0001,8
ETHUSDT,2020-05-11T16:00:00Z,0.0001,8
BTCUSDT,2020-05-12T00:00:00Z,0.0001,8
ETHUSDT,2020-05-12T00:00:00Z,0.0001,8
BTCUSDT,2020-05-12T08:00:00Z,0.0001,8
ETHUSDT,2020-05-12T08:00:00Z,0.0001,8
BTCUSDT,2020-05-12T16:00:00Z,0.0001,8
ETHUSDT,2020-05-12T16:00:00Z,0.0001,8
BTCUSDT,2020-05-13T00:00:00Z,0.0001,8
ETHUSDT,2020-05-13T00:00:00Z,0.0001,8
BTCUSDT,2020-05-13T08:00:00Z,0.0001,8
ETHUSDT,2020-05-13T08:00:00Z,0.0001,8
BTCUSDT,2020-05-13T16:00:00Z,0.0001,8
ETHUSDT,2020-05-13T16:00:00Z,0.0001,8
BTCUSDT,2020-05-14T00:00:00Z,0.0001,8
ETHUSDT,2020-05-14T00:00:00Z,0.0001,8
BTCUSDT,2020-05-14T08:00:00Z,0.0001,8
ETHUSDT,2020-05-14T08:00:00Z,0.0001,8
BTCUSDT,2020-05-14T16:00:00Z,0.0001,8
ETHUSDT,2020-05-14T16:00:00Z,0.0001,8
BTCUSDT,2020-05-15T00:00:00Z,0.0001,8
ETHUSDT,2020-05-15T00:00:00Z,4.486e-05,8
BTCUSDT,2020-05-15T08:00:00Z,4.4e-05,8
ETHUSDT,2020-05-15T08:00:00Z,-3.957e-05,8
BTCUSDT,2020-05-15T16:00:00Z,0.0001,8
ETHUSDT,2020-05-15T16:00:00Z,0.0001,8
BTCUSDT,2020-05-16T00:00:00Z,0.0001,8
ETHUSDT,2020-05-16T00:00:00Z,0.0001,8
BTCUSDT,2020-05-16T08:00:00Z,0.0001,8
ETHUSDT,2020-05-16T08:00:00Z,-5.47e-05,8
BTCUSDT,2020-05-16T16:00:00Z,0.0001,8
ETHUSDT,2020-05-16T16:00:00Z,0.0001,8
BTCUSDT,2020-05-17T00:00:00Z,8.001e-05,8
ETHUSDT,2020-05-17T00:00:00Z,0.0001,8
BTCUSDT,2020-05-17T08:00:00Z,4.125e-05,8
ETHUSDT,2020-05-17T08:00:00Z,-4.057e-05,8
BTCUSDT,2020-05-17T16:00:00Z,8.88e-06,8
ETHUSDT,2020-05-17T16:00:00Z,0.0001,8
BTCUSDT,2020-05-18T00:00:00Z,0.0001,8
ETHUSDT,2020-05-18T00:00:00Z,0.0001,8
BTCUSDT,2020-05-18T08:00:00Z,0.0001,8
ETHUSDT,2020-05-18T08:00:00Z,0.0001,8
BTCUSDT,2020-05-18T16:00:00Z,-6.64e-05,8
ETHUSDT,2020-05-18T16:00:00Z,0.0001,8
BTCUSDT,2020-05-19T00:00:00Z,0.0001,8
ETHUSDT,2020-05-19T00:00:00Z,0.0001,8
BTCUSDT,2020-05-19T08:00:00Z,7.892e-05,8
ETHUSDT,2020-05-19T08:00:00Z,0.0001,8
BTCUSDT,2020-05-19T16:00:00Z,0.0001,8
ETHUSDT,2020-05-19T16:00:00Z,0.0001,8
BTCUSDT,2020-05-20T00:00:00Z,0.0001,8
ETHUSDT,2020-05-20T00:00:00Z,0.0001,8
BTCUSDT,2020-05-20T08:00:00Z,0.0001,8
ETHUSDT,2020-05-20T08:00:00Z,0.0001,8
BTCUSDT,2020-05-20T16:00:00Z,0.0001,8
ETHUSDT,2020-05-20T16:00:00Z,0.0001,8
BTCUSDT,2020-05-21T00:00:00Z,-9.027e-05,8
ETHUSDT,2020-05-21T00:00:00Z,0.0001,8
BTCUSDT,2020-05-21T08:00:00Z,6.809e-05,8
ETHUSDT,2020-05-21T08:00:00Z,0.0001,8
BTCUSDT,2020-05-21T16:00:00Z,0.0001,8
ETHUSDT,2020-05-21T16:00:00Z,0.0001,8
BTCUSDT,2020-05-22T00:00:00Z,-5.15e-05,8
ETHUSDT,2020-05-22T00:00:00Z,3.518e-05,8
BTCUSDT,2020-05-22T08:00:00Z,-2.396e-05,8
ETHUSDT,2020-05-22T08:00:00Z,0.0001,8
BTCUSDT,2020-05-22T16:00:00Z,6.867e-05,8
ETHUSDT,2020-05-22T16:00:00Z,0.0001,8
BTCUSDT,2020-05-23T00:00:00Z,-2.092e-05,8
ETHUSDT,2020-05-23T00:00:00Z,0.0001,8
BTCUSDT,2020-05-23T08:00:00Z,-1.081e-05,8
ETHUSDT,2020-05-23T08:00:00Z,0.0001,8
BTCUSDT,2020-05-23T16:00:00Z,7.023e-05,8
ETHUSDT,2020-05-23T16:00:00Z,0.0001,8
BTCUSDT,2020-05-24T00:00:00Z,0.0001,8
ETHUSDT,2020-05-24T00:00:00Z,0.0001,8
BTCUSDT,2020-05-24T08:00:00Z,7.917e-05,8
ETHUSDT,2020-05-24T08:00:00Z,0.0001,8
BTCUSDT,2020-05-24T16:00:00Z,6.724e-05,8
ETHUSDT,2020-05-24T16:00:00Z,0.0001,8
BTCUSDT,2020-05-25T00:00:00Z,6.784e-05,8
ETHUSDT,2020-05-25T00:00:00Z,0.0001,8
BTCUSDT,2020-05-25T08:00:00Z,-4.286e-05,8
ETHUSDT,2020-05-25T08:00:00Z,0.0001,8
BTCUSDT,2020-05-25T16:00:00Z,-4.226e-05,8
ETHUSDT,2020-05-25T16:00:00Z,0.0001,8
BTCUSDT,2020-05-26T00:00:00Z,-3.5e-07,8
ETHUSDT,2020-05-26T00:00:00Z,0.0001,8
BTCUSDT,2020-05-26T08:00:00Z,0.0001,8
ETHUSDT,2020-05-26T08:00:00Z,0.0001,8
BTCUSDT,2020-05-26T16:00:00Z,4.599e-05,8
ETHUSDT,2020-05-26T16:00:00Z,0.0001,8
BTCUSDT,2020-05-27T00:00:00Z,2.104e-05,8
ETHUSDT,2020-05-27T00:00:00Z,0.0001,8
BTCUSDT,2020-05-27T08:00:00Z,0.0001,8
ETHUSDT,2020-05-27T08:00:00Z,0.0001,8
BTCUSDT,2020-05-27T16:00:00Z,-0.00014025,8
ETHUSDT,2020-05-27T16:00:00Z,0.0001,8
BTCUSDT,2020-05-28T00:00:00Z,-0.00011366,8
ETHUSDT,2020-05-28T00:00:00Z,0.0001,8
BTCUSDT,2020-05-28T08:00:00Z,-6.862e-05,8
ETHUSDT,2020-05-28T08:00:00Z,0.0001,8
BTCUSDT,2020-05-28T16:00:00Z,-1.187e-05,8
ETHUSDT,2020-05-28T16:00:00Z,0.0001,8
BTCUSDT,2020-05-29T00:00:00Z,2.618e-05,8
ETHUSDT,2020-05-29T00:00:00Z,0.0001,8
BTCUSDT,2020-05-29T08:00:00Z,1.877e-05,8
ETHUSDT,2020-05-29T08:00:00Z,0.0001,8
BTCUSDT,2020-05-29T16:00:00Z,-6.04e-06,8
ETHUSDT,2020-05-29T16:00:00Z,0.0001,8
BTCUSDT,2020-05-30T00:00:00Z,0.0001,8
ETHUSDT,2020-05-30T00:00:00Z,0.0001,8
BTCUSDT,2020-05-30T08:00:00Z,0.0001,8
ETHUSDT,2020-05-30T08:00:00Z,0.0001,8
BTCUSDT,2020-05-30T16:00:00Z,0.0001,8
ETHUSDT,2020-05-30T16:00:00Z,0.0001,8
BTCUSDT,2020-05-31T00:00:00Z,0.0001,8
ETHUSDT,2020-05-31T00:00:00Z,0.0001,8
BTCUSDT,2020-05-31T08:00:00Z,0.0001,8
ETHUSDT,2020-05-31T08:00:00Z,0.0001,8
BTCUSDT,2020-05-31T16:00:00Z,0.0001,8
ETHUSDT,2020-05-31T16:00:00Z,0.0001,8
BTCUSDT,2020-06-01T00:00:00Z,0.0001,8
ETHUSDT,2020-06-01T00:00:00Z,0.0001,8
BTCUSDT,2020-06-01T08:00:00Z,-2.911e-05,8
ETHUSDT,2020-06-01T08:00:00Z,0.0001,8
BTCUSDT,2020-06-01T16:00:00Z,9.38e-06,8
ETHUSDT,2020-06-01T16:00:00Z,0.0001,8
BTCUSDT,2020-06-02T00:00:00Z,0.0003448,8
ETHUSDT,2020-06-02T00:00:00Z,0.00034764,8
BTCUSDT,2020-06-02T08:00:00Z,0.0007831,8
ETHUSDT,2020-06-02T08:00:00Z,0.00018222,8
BTCUSDT,2020-06-02T16:00:00Z,0.0001,8
ETHUSDT,2020-06-02T16:00:00Z,0.0001,8
BTCUSDT,2020-06-03T00:00:00Z,0.0001,8
ETHUSDT,2020-06-03T00:00:00Z,0.0001,8
BTCUSDT,2020-06-03T08:00:00Z,8.646e-05,8
ETHUSDT,2020-06-03T08:00:00Z,0.0001,8
BTCUSDT,2020-06-03T16:00:00Z,0.0001,8
ETHUSDT,2020-06-03T16:00:00Z,0.0001,8
BTCUSDT,2020-06-04T00:00:00Z,0.0001,8
ETHUSDT,2020-06-04T00:00:00Z,0.0001,8
BTCUSDT,2020-06-04T08:00:00Z,0.0001,8
ETHUSDT,2020-06-04T08:00:00Z,0.0001,8
BTCUSDT,2020-06-04T16:00:00Z,0.0001,8
ETHUSDT,2020-06-04T16:00:00Z,0.0001,8
BTCUSDT,2020-06-05T00:00:00Z,0.0001,8
ETHUSDT,2020-06-05T00:00:00Z,0.0001,8
BTCUSDT,2020-06-05T08:00:00Z,0.0001,8
ETHUSDT,2020-06-05T08:00:00Z,0.0001,8
BTCUSDT,2020-06-05T16:00:00Z,0.0001,8
ETHUSDT,2020-06-05T16:00:00Z,0.0001,8
BTCUSDT,2020-06-06T00:00:00Z,0.0001,8
ETHUSDT,2020-06-06T00:00:00Z,0.0001,8
BTCUSDT,2020-06-06T08:00:00Z,0.0001,8
ETHUSDT,2020-06-06T08:00:00Z,0.0001,8
BTCUSDT,2020-06-06T16:00:00Z,0.0001,8
ETHUSDT,2020-06-06T16:00:00Z,0.0001,8
BTCUSDT,2020-06-07T00:00:00Z,0.0001,8
ETHUSDT,2020-06-07T00:00:00Z,0.0001,8
BTCUSDT,2020-06-07T08:00:00Z,0.0001,8
ETHUSDT,2020-06-07T08:00:00Z,0.0001,8
BTCUSDT,2020-06-07T16:00:00Z,0.0001,8
ETHUSDT,2020-06-07T16:00:00Z,0.0001,8
BTCUSDT,2020-06-08T00:00:00Z,0.0001,8
ETHUSDT,2020-06-08T00:00:00Z,0.0001,8
BTCUSDT,2020-06-08T08:00:00Z,0.0001,8
ETHUSDT,2020-06-08T08:00:00Z,0.0002108,8
BTCUSDT,2020-06-08T16:00:00Z,0.0001,8
ETHUSDT,2020-06-08T16:00:00Z,0.00023671,8
BTCUSDT,2020-06-09T00:00:00Z,0.0001,8
ETHUSDT,2020-06-09T00:00:00Z,0.00021431,8
BTCUSDT,2020-06-09T08:00:00Z,0.0001,8
ETHUSDT,2020-06-09T08:00:00Z,0.0001,8
BTCUSDT,2020-06-09T16:00:00Z,0.0001,8
ETHUSDT,2020-06-09T16:00:00Z,0.00012471,8
BTCUSDT,2020-06-10T00:00:00Z,0.0001,8
ETHUSDT,2020-06-10T00:00:00Z,0.0001,8
BTCUSDT,2020-06-10T08:00:00Z,0.0001,8
ETHUSDT,2020-06-10T08:00:00Z,0.0001,8
BTCUSDT,2020-06-10T16:00:00Z,0.0001,8
ETHUSDT,2020-06-10T16:00:00Z,0.0001,8
BTCUSDT,2020-06-11T00:00:00Z,0.0001,8
ETHUSDT,2020-06-11T00:00:00Z,0.00023457,8
BTCUSDT,2020-06-11T08:00:00Z,0.0001,8
ETHUSDT,2020-06-11T08:00:00Z,0.0001,8
BTCUSDT,2020-06-11T16:00:00Z,0.0001,8
ETHUSDT,2020-06-11T16:00:00Z,0.0001,8
BTCUSDT,2020-06-12T00:00:00Z,0.0001,8
ETHUSDT,2020-06-12T00:00:00Z,0.0001,8
BTCUSDT,2020-06-12T08:00:00Z,-3.816e-05,8
ETHUSDT,2020-06-12T08:00:00Z,0.0001,8
BTCUSDT,2020-06-12T16:00:00Z,9.714e-05,8
ETHUSDT,2020-06-12T16:00:00Z,0.0001,8
BTCUSDT,2020-06-13T00:00:00Z,-1.942e-05,8
ETHUSDT,2020-06-13T00:00:00Z,0.0001,8
BTCUSDT,2020-06-13T08:00:00Z,7.217e-05,8
ETHUSDT,2020-06-13T08:00:00Z,0.0001,8
BTCUSDT,2020-06-13T16:00:00Z,0.0001,8
ETHUSDT,2020-06-13T16:00:00Z,0.0001,8
BTCUSDT,2020-06-14T00:00:00Z,7.102e-05,8
ETHUSDT,2020-06-14T00:00:00Z,0.0001,8
BTCUSDT,2020-06-14T08:00:00Z,0.0001,8
ETHUSDT,2020-06-14T08:00:00Z,0.0001,8
BTCUSDT,2020-06-14T16:00:00Z,0.0001,8
ETHUSDT,2020-06-14T16:00:00Z,0.0001,8
BTCUSDT,2020-06-15T00:00:00Z,0.0001,8
ETHUSDT,2020-06-15T00:00:00Z,0.0001,8
BTCUSDT,2020-06-15T08:00:00Z,-4.149e-05,8
ETHUSDT,2020-06-15T08:00:00Z,0.0001,8
BTCUSDT,2020-06-15T16:00:00Z,-0.00018213,8
ETHUSDT,2020-06-15T16:00:00Z,0.0001,8
BTCUSDT,2020-06-16T00:00:00Z,-0.00015215,8
ETHUSDT,2020-06-16T00:00:00Z,0.0001,8
BTCUSDT,2020-06-16T08:00:00Z,0.0001,8
ETHUSDT,2020-06-16T08:00:00Z,0.0001,8
BTCUSDT,2020-06-16T16:00:00Z,0.0001,8
ETHUSDT,2020-06-16T16:00:00Z,0.0001,8
BTCUSDT,2020-06-17T00:00:00Z,7.764e-05,8
ETHUSDT,2020-06-17T00:00:00Z,0.0001,8
BTCUSDT,2020-06-17T08:00:00Z,-8.32e-05,8
ETHUSDT,2020-06-17T08:00:00Z,0.0001,8
BTCUSDT,2020-06-17T16:00:00Z,7.51e-05,8
ETHUSDT,2020-06-17T16:00:00Z,0.0001,8
BTCUSDT,2020-06-18T00:00:00Z,-0.00010005,8
ETHUSDT,2020-06-18T00:00:00Z,0.0001,8
BTCUSDT,2020-06-18T08:00:00Z,-0.00011589,8
ETHUSDT,2020-06-18T08:00:00Z,0.0001,8
BTCUSDT,2020-06-18T16:00:00Z,7.624e-05,8
ETHUSDT,2020-06-18T16:00:00Z,0.0001,8
BTCUSDT,2020-06-19T00:00:00Z,-1.57e-06,8
ETHUSDT,2020-06-19T00:00:00Z,0.0001,8
BTCUSDT,2020-06-19T08:00:00Z,1.94e-05,8
ETHUSDT,2020-06-19T08:00:00Z,0.0001,8
BTCUSDT,2020-06-19T16:00:00Z,0.0001,8
ETHUSDT,2020-06-19T16:00:00Z,0.0001,8
BTCUSDT,2020-06-20T00:00:00Z,0.0001,8
ETHUSDT,2020-06-20T00:00:00Z,0.0001,8
BTCUSDT,2020-06-20T08:00:00Z,1.186e-05,8
ETHUSDT,2020-06-20T08:00:00Z,0.0001,8
BTCUSDT,2020-06-20T16:00:00Z,0.0001,8
ETHUSDT,2020-06-20T16:00:00Z,0.0001,8
BTCUSDT,2020-06-21T00:00:00Z,-3.057e-05,8
ETHUSDT,2020-06-21T00:00:00Z,0.0001,8
BTCUSDT,2020-06-21T08:00:00Z,-1.29e-05,8
ETHUSDT,2020-06-21T08:00:00Z,0.0001,8
BTCUSDT,2020-06-21T16:00:00Z,0.0001,8
ETHUSDT,2020-06-21T16:00:00Z,0.0001,8
BTCUSDT,2020-06-22T00:00:00Z,0.0001,8
ETHUSDT,2020-06-22T00:00:00Z,0.0001,8
BTCUSDT,2020-06-22T08:00:00Z,6.784e-05,8
ETHUSDT,2020-06-22T08:00:00Z,0.0001,8
BTCUSDT,2020-06-22T16:00:00Z,0.0001,8
ETHUSDT,2020-06-22T16:00:00Z,0.0001,8
BTCUSDT,2020-06-23T00:00:00Z,0.0001,8
ETHUSDT,2020-06-23T00:00:00Z,0.0001,8
BTCUSDT,2020-06-23T08:00:00Z,0.0001,8
ETHUSDT,2020-06-23T08:00:00Z,0.0001,8
BTCUSDT,2020-06-23T16:00:00Z,0.00012215,8
ETHUSDT,2020-06-23T16:00:00Z,0.0001,8
BTCUSDT,2020-06-24T00:00:00Z,0.00011286,8
ETHUSDT,2020-06-24T00:00:00Z,0.0001,8
BTCUSDT,2020-06-24T08:00:00Z,0.0001,8
ETHUSDT,2020-06-24T08:00:00Z,0.0001,8
BTCUSDT,2020-06-24T16:00:00Z,0.0001,8
ETHUSDT,2020-06-24T16:00:00Z,0.0001,8
BTCUSDT,2020-06-25T00:00:00Z,0.0001,8
ETHUSDT,2020-06-25T00:00:00Z,0.0001,8
BTCUSDT,2020-06-25T08:00:00Z,0.0001,8
ETHUSDT,2020-06-25T08:00:00Z,0.0001,8
BTCUSDT,2020-06-25T16:00:00Z,0.0001,8
ETHUSDT,2020-06-25T16:00:00Z,0.0001,8
BTCUSDT,2020-06-26T00:00:00Z,9.401e-05,8
ETHUSDT,2020-06-26T00:00:00Z,0.0001,8
BTCUSDT,2020-06-26T08:00:00Z,0.0001,8
ETHUSDT,2020-06-26T08:00:00Z,0.0001,8
BTCUSDT,2020-06-26T16:00:00Z,0.0001,8
ETHUSDT,2020-06-26T16:00:00Z,0.0001,8
BTCUSDT,2020-06-27T00:00:00Z,0.0001,8
ETHUSDT,2020-06-27T00:00:00Z,0.0001,8
BTCUSDT,2020-06-27T08:00:00Z,0.0001,8
ETHUSDT,2020-06-27T08:00:00Z,0.0001,8
BTCUSDT,2020-06-27T16:00:00Z,0.0001,8
ETHUSDT,2020-06-27T16:00:00Z,0.0001,8
BTCUSDT,2020-06-28T00:00:00Z,0.0001,8
ETHUSDT,2020-06-28T00:00:00Z,0.0001,8
BTCUSDT,2020-06-28T08:00:00Z,0.0001,8
ETHUSDT,2020-06-28T08:00:00Z,0.0001,8
BTCUSDT,2020-06-28T16:00:00Z,4.867e-05,8
ETHUSDT,2020-06-28T16:00:00Z,0.0001,8
BTCUSDT,2020-06-29T00:00:00Z,0.0001,8
ETHUSDT,2020-06-29T00:00:00Z,0.0001,8
BTCUSDT,2020-06-29T08:00:00Z,0.0001,8
ETHUSDT,2020-06-29T08:00:00Z,0.0001,8
BTCUSDT,2020-06-29T16:00:00Z,0.0001,8
ETHUSDT,2020-06-29T16:00:00Z,0.0001,8
BTCUSDT,2020-06-30T00:00:00Z,0.0001,8
ETHUSDT,2020-06-30T00:00:00Z,0.0001,8
BTCUSDT,2020-06-30T08:00:00Z,0.0001,8
ETHUSDT,2020-06-30T08:00:00Z,0.0001,8
BTCUSDT,2020-06-30T16:00:00Z,0.0001,8
ETHUSDT,2020-06-30T16:00:00Z,0.0001,8
BTCUSDT,2020-07-01T00:00:00Z,0.0001,8
ETHUSDT,2020-07-01T00:00:00Z,0.0001,8
BTCUSDT,2020-07-01T08:00:00Z,0.0001,8
ETHUSDT,2020-07-01T08:00:00Z,0.0001,8
BTCUSDT,2020-07-01T16:00:00Z,0.0001,8
ETHUSDT,2020-07-01T16:00:00Z,0.0001,8
BTCUSDT,2020-07-02T00:00:00Z,0.0001,8
ETHUSDT,2020-07-02T00:00:00Z,0.0001,8
BTCUSDT,2020-07-02T08:00:00Z,0.0001,8
ETHUSDT,2020-07-02T08:00:00Z,0.0001,8
BTCUSDT,2020-07-02T16:00:00Z,0.0001,8
ETHUSDT,2020-07-02T16:00:00Z,0.0001,8
BTCUSDT,2020-07-03T00:00:00Z,0.0001,8
ETHUSDT,2020-07-03T00:00:00Z,0.0001,8
BTCUSDT,2020-07-03T08:00:00Z,0.0001,8
ETHUSDT,2020-07-03T08:00:00Z,0.0001,8
BTCUSDT,2020-07-03T16:00:00Z,0.0001,8
ETHUSDT,2020-07-03T16:00:00Z,0.0001,8
BTCUSDT,2020-07-04T00:00:00Z,0.0001,8
ETHUSDT,2020-07-04T00:00:00Z,0.0001,8
BTCUSDT,2020-07-04T08:00:00Z,0.0001,8
ETHUSDT,2020-07-04T08:00:00Z,0.0001,8
BTCUSDT,2020-07-04T16:00:00Z,0.0001,8
ETHUSDT,2020-07-04T16:00:00Z,0.0001,8
BTCUSDT,2020-07-05T00:00:00Z,0.0001,8
ETHUSDT,2020-07-05T00:00:00Z,0.0001,8
BTCUSDT,2020-07-05T08:00:00Z,0.0001,8
ETHUSDT,2020-07-05T08:00:00Z,0.0001,8
BTCUSDT,2020-07-05T16:00:00Z,0.0001,8
ETHUSDT,2020-07-05T16:00:00Z,0.0001,8
BTCUSDT,2020-07-06T00:00:00Z,0.0001,8
ETHUSDT,2020-07-06T00:00:00Z,0.0001,8
BTCUSDT,2020-07-06T08:00:00Z,0.0001,8
ETHUSDT,2020-07-06T08:00:00Z,0.0001,8
BTCUSDT,2020-07-06T16:00:00Z,0.0001,8
ETHUSDT,2020-07-06T16:00:00Z,0.0001,8
BTCUSDT,2020-07-07T00:00:00Z,0.0001,8
ETHUSDT,2020-07-07T00:00:00Z,0.0001,8
BTCUSDT,2020-07-07T08:00:00Z,0.0001,8
ETHUSDT,2020-07-07T08:00:00Z,0.0001,8
BTCUSDT,2020-07-07T16:00:00Z,0.0001,8
ETHUSDT,2020-07-07T16:00:00Z,0.0001,8
BTCUSDT,2020-07-08T00:00:00Z,0.0001,8
ETHUSDT,2020-07-08T00:00:00Z,0.0001,8
BTCUSDT,2020-07-08T08:00:00Z,0.0001,8
ETHUSDT,2020-07-08T08:00:00Z,0.0001,8
BTCUSDT,2020-07-08T16:00:00Z,0.0001,8
ETHUSDT,2020-07-08T16:00:00Z,0.0001,8
BTCUSDT,2020-07-09T00:00:00Z,0.0001,8
ETHUSDT,2020-07-09T00:00:00Z,0.00011645,8
BTCUSDT,2020-07-09T08:00:00Z,0.0001,8
ETHUSDT,2020-07-09T08:00:00Z,0.00011218,8
BTCUSDT,2020-07-09T16:00:00Z,0.0001,8
ETHUSDT,2020-07-09T16:00:00Z,0.00010104,8
BTCUSDT,2020-07-10T00:00:00Z,0.0001,8
ETHUSDT,2020-07-10T00:00:00Z,0.0001,8
BTCUSDT,2020-07-10T08:00:00Z,0.0001,8
ETHUSDT,2020-07-10T08:00:00Z,0.0001,8
BTCUSDT,2020-07-10T16:00:00Z,0.0001,8
ETHUSDT,2020-07-10T16:00:00Z,0.0001,8
BTCUSDT,2020-07-11T00:00:00Z,0.0001,8
ETHUSDT,2020-07-11T00:00:00Z,0.0001,8
BTCUSDT,2020-07-11T08:00:00Z,0.0001,8
ETHUSDT,2020-07-11T08:00:00Z,0.0001,8
BTCUSDT,2020-07-11T16:00:00Z,0.0001,8
ETHUSDT,2020-07-11T16:00:00Z,0.0001,8
BTCUSDT,2020-07-12T00:00:00Z,0.0001,8
ETHUSDT,2020-07-12T00:00:00Z,0.0001,8
BTCUSDT,2020-07-12T08:00:00Z,0.0001,8
ETHUSDT,2020-07-12T08:00:00Z,0.0001,8
BTCUSDT,2020-07-12T16:00:00Z,0.0001,8
ETHUSDT,2020-07-12T16:00:00Z,0.0001,8
BTCUSDT,2020-07-13T00:00:00Z,0.0001,8
ETHUSDT,2020-07-13T00:00:00Z,0.0001,8
BTCUSDT,2020-07-13T08:00:00Z,0.0001,8
ETHUSDT,2020-07-13T08:00:00Z,0.0001,8
BTCUSDT,2020-07-13T16:00:00Z,0.0001,8
ETHUSDT,2020-07-13T16:00:00Z,0.00012899,8
BTCUSDT,2020-07-14T00:00:00Z,0.0001,8
ETHUSDT,2020-07-14T00:00:00Z,0.0001,8
BTCUSDT,2020-07-14T08:00:00Z,0.0001,8
ETHUSDT,2020-07-14T08:00:00Z,0.0001,8
BTCUSDT,2020-07-14T16:00:00Z,0.0001,8
ETHUSDT,2020-07-14T16:00:00Z,0.0001,8
BTCUSDT,2020-07-15T00:00:00Z,0.0001,8
ETHUSDT,2020-07-15T00:00:00Z,0.0001,8
BTCUSDT,2020-07-15T08:00:00Z,0.0001,8
ETHUSDT,2020-07-15T08:00:00Z,0.0001,8
BTCUSDT,2020-07-15T16:00:00Z,0.0001,8
ETHUSDT,2020-07-15T16:00:00Z,0.0001,8
BTCUSDT,2020-07-16T00:00:00Z,0.0001,8
ETHUSDT,2020-07-16T00:00:00Z,0.0001,8
BTCUSDT,2020-07-16T08:00:00Z,0.0001,8
ETHUSDT,2020-07-16T08:00:00Z,0.0001,8
BTCUSDT,2020-07-16T16:00:00Z,0.0001,8
ETHUSDT,2020-07-16T16:00:00Z,0.0001,8
BTCUSDT,2020-07-17T00:00:00Z,0.0001,8
ETHUSDT,2020-07-17T00:00:00Z,0.0001,8
BTCUSDT,2020-07-17T08:00:00Z,0.0001,8
ETHUSDT,2020-07-17T08:00:00Z,0.0001,8
BTCUSDT,2020-07-17T16:00:00Z,0.0001,8
ETHUSDT,2020-07-17T16:00:00Z,0.0001,8
BTCUSDT,2020-07-18T00:00:00Z,0.0001,8
ETHUSDT,2020-07-18T00:00:00Z,0.0001,8
BTCUSDT,2020-07-18T08:00:00Z,0.0001,8
ETHUSDT,2020-07-18T08:00:00Z,0.0001,8
BTCUSDT,2020-07-18T16:00:00Z,0.0001,8
ETHUSDT,2020-07-18T16:00:00Z,0.0001,8
BTCUSDT,2020-07-19T00:00:00Z,0.0001,8
ETHUSDT,2020-07-19T00:00:00Z,0.0001,8
BTCUSDT,2020-07-19T08:00:00Z,0.0001,8
ETHUSDT,2020-07-19T08:00:00Z,0.0001,8
BTCUSDT,2020-07-19T16:00:00Z,0.0001,8
ETHUSDT,2020-07-19T16:00:00Z,0.0001,8
BTCUSDT,2020-07-20T00:00:00Z,0.0001,8
ETHUSDT,2020-07-20T00:00:00Z,0.0001,8
BTCUSDT,2020-07-20T08:00:00Z,0.0001,8
ETHUSDT,2020-07-20T08:00:00Z,0.0001,8
BTCUSDT,2020-07-20T16:00:00Z,0.0001,8
ETHUSDT,2020-07-20T16:00:00Z,0.0001,8
BTCUSDT,2020-07-21T00:00:00Z,0.0001,8
ETHUSDT,2020-07-21T00:00:00Z,0.0001,8
BTCUSDT,2020-07-21T08:00:00Z,0.0001,8
ETHUSDT,2020-07-21T08:00:00Z,0.0001,8
BTCUSDT,2020-07-21T16:00:00Z,0.0001,8
ETHUSDT,2020-07-21T16:00:00Z,0.0001,8
BTCUSDT,2020-07-22T00:00:00Z,0.0001,8
ETHUSDT,2020-07-22T00:00:00Z,0.0001,8
BTCUSDT,2020-07-22T08:00:00Z,0.0001,8
ETHUSDT,2020-07-22T08:00:00Z,0.0001,8
BTCUSDT,2020-07-22T16:00:00Z,0.0001,8
ETHUSDT,2020-07-22T16:00:00Z,0.0001,8
BTCUSDT,2020-07-23T00:00:00Z,0.0001,8
ETHUSDT,2020-07-23T00:00:00Z,0.00055183,8
BTCUSDT,2020-07-23T08:00:00Z,0.0001,8
ETHUSDT,2020-07-23T08:00:00Z,0.00079591,8
BTCUSDT,2020-07-23T16:00:00Z,0.0001,8
ETHUSDT,2020-07-23T16:00:00Z,0.00047433,8
BTCUSDT,2020-07-24T00:00:00Z,0.0001,8
ETHUSDT,2020-07-24T00:00:00Z,0.00058285,8
BTCUSDT,2020-07-24T08:00:00Z,0.0001,8
ETHUSDT,2020-07-24T08:00:00Z,0.0009435,8
BTCUSDT,2020-07-24T16:00:00Z,0.0001,8
ETHUSDT,2020-07-24T16:00:00Z,0.00042763,8
BTCUSDT,2020-07-25T00:00:00Z,0.0001,8
ETHUSDT,2020-07-25T00:00:00Z,0.00032733,8
BTCUSDT,2020-07-25T08:00:00Z,0.0001,8
ETHUSDT,2020-07-25T08:00:00Z,0.00019115,8
BTCUSDT,2020-07-25T16:00:00Z,0.0001,8
ETHUSDT,2020-07-25T16:00:00Z,0.00023376,8
BTCUSDT,2020-07-26T00:00:00Z,0.0001,8
ETHUSDT,2020-07-26T00:00:00Z,0.00039999,8
BTCUSDT,2020-07-26T08:00:00Z,0.0001,8
ETHUSDT,2020-07-26T08:00:00Z,0.00091914,8
BTCUSDT,2020-07-26T16:00:00Z,0.00065437,8
ETHUSDT,2020-07-26T16:00:00Z,0.00090981,8
BTCUSDT,2020-07-27T00:00:00Z,0.00047138,8
ETHUSDT,2020-07-27T00:00:00Z,0.00069401,8
BTCUSDT,2020-07-27T08:00:00Z,0.00086993,8
ETHUSDT,2020-07-27T08:00:00Z,0.00076669,8
BTCUSDT,2020-07-27T16:00:00Z,0.00051888,8
ETHUSDT,2020-07-27T16:00:00Z,0.00091745,8
BTCUSDT,2020-07-28T00:00:00Z,0.00139484,8
ETHUSDT,2020-07-28T00:00:00Z,0.00113558,8
BTCUSDT,2020-07-28T08:00:00Z,0.00122052,8
ETHUSDT,2020-07-28T08:00:00Z,0.00120926,8
BTCUSDT,2020-07-28T16:00:00Z,0.00097576,8
ETHUSDT,2020-07-28T16:00:00Z,0.00114134,8
BTCUSDT,2020-07-29T00:00:00Z,0.00083621,8
ETHUSDT,2020-07-29T00:00:00Z,0.00086449,8
BTCUSDT,2020-07-29T08:00:00Z,0.00068208,8
ETHUSDT,2020-07-29T08:00:00Z,0.00095544,8
BTCUSDT,2020-07-29T16:00:00Z,0.00061856,8
ETHUSDT,2020-07-29T16:00:00Z,0.00071643,8
BTCUSDT,2020-07-30T00:00:00Z,0.00061759,8
ETHUSDT,2020-07-30T00:00:00Z,0.0006881,8
BTCUSDT,2020-07-30T08:00:00Z,0.00072329,8
ETHUSDT,2020-07-30T08:00:00Z,0.00062728,8
BTCUSDT,2020-07-30T16:00:00Z,0.00069174,8
ETHUSDT,2020-07-30T16:00:00Z,0.0006027,8
BTCUSDT,2020-07-31T00:00:00Z,0.00082654,8
ETHUSDT,2020-07-31T00:00:00Z,0.00108946,8
BTCUSDT,2020-07-31T08:00:00Z,0.00039348,8
ETHUSDT,2020-07-31T08:00:00Z,0.00070112,8
BTCUSDT,2020-07-31T16:00:00Z,0.00037716,8
ETHUSDT,2020-07-31T16:00:00Z,0.00061106,8
BTCUSDT,2020-08-01T00:00:00Z,0.0002791,8
ETHUSDT,2020-08-01T00:00:00Z,0.00035058,8
BTCUSDT,2020-08-01T08:00:00Z,0.00030785,8
ETHUSDT,2020-08-01T08:00:00Z,0.00044202,8
BTCUSDT,2020-08-01T16:00:00Z,0.00048996,8
ETHUSDT,2020-08-01T16:00:00Z,0.00053847,8
BTCUSDT,2020-08-02T00:00:00Z,0.00095567,8
ETHUSDT,2020-08-02T00:00:00Z,0.00163562,8
BTCUSDT,2020-08-02T08:00:00Z,0.0004243,8
ETHUSDT,2020-08-02T08:00:00Z,0.00094879,8
BTCUSDT,2020-08-02T16:00:00Z,0.00024752,8
ETHUSDT,2020-08-02T16:00:00Z,0.00033067,8
BTCUSDT,2020-08-03T00:00:00Z,0.0002585,8
ETHUSDT,2020-08-03T00:00:00Z,0.0002917,8
BTCUSDT,2020-08-03T08:00:00Z,0.00045929,8
ETHUSDT,2020-08-03T08:00:00Z,0.00050577,8
BTCUSDT,2020-08-03T16:00:00Z,0.00043731,8
ETHUSDT,2020-08-03T16:00:00Z,0.00054445,8
BTCUSDT,2020-08-04T00:00:00Z,0.00031113,8
ETHUSDT,2020-08-04T00:00:00Z,0.00036557,8
BTCUSDT,2020-08-04T08:00:00Z,0.00030647,8
ETHUSDT,2020-08-04T08:00:00Z,0.00054679,8
BTCUSDT,2020-08-04T16:00:00Z,0.00038617,8
ETHUSDT,2020-08-04T16:00:00Z,0.00063177,8
BTCUSDT,2020-08-05T00:00:00Z,0.00013898,8
ETHUSDT,2020-08-05T00:00:00Z,0.00061202,8
BTCUSDT,2020-08-05T08:00:00Z,0.00016613,8
ETHUSDT,2020-08-05T08:00:00Z,0.00053408,8
BTCUSDT,2020-08-05T16:00:00Z,0.00022044,8
ETHUSDT,2020-08-05T16:00:00Z,0.0008946,8
BTCUSDT,2020-08-06T00:00:00Z,0.00038867,8
ETHUSDT,2020-08-06T00:00:00Z,0.00062437,8
BTCUSDT,2020-08-06T08:00:00Z,0.00038696,8
ETHUSDT,2020-08-06T08:00:00Z,0.00056598,8
BTCUSDT,2020-08-06T16:00:00Z,0.00036099,8
ETHUSDT,2020-08-06T16:00:00Z,0.00069781,8
BTCUSDT,2020-08-07T00:00:00Z,0.00031707,8
ETHUSDT,2020-08-07T00:00:00Z,0.00052275,8
BTCUSDT,2020-08-07T08:00:00Z,0.00021201,8
ETHUSDT,2020-08-07T08:00:00Z,0.00046696,8
BTCUSDT,2020-08-07T16:00:00Z,0.00023934,8
ETHUSDT,2020-08-07T16:00:00Z,0.00029683,8
BTCUSDT,2020-08-08T00:00:00Z,0.0001,8
ETHUSDT,2020-08-08T00:00:00Z,0.0001,8
BTCUSDT,2020-08-08T08:00:00Z,0.0001,8
ETHUSDT,2020-08-08T08:00:00Z,0.00020749,8
BTCUSDT,2020-08-08T16:00:00Z,0.0001,8
ETHUSDT,2020-08-08T16:00:00Z,0.00044084,8
BTCUSDT,2020-08-09T00:00:00Z,0.0001,8
ETHUSDT,2020-08-09T00:00:00Z,0.00032833,8
BTCUSDT,2020-08-09T08:00:00Z,0.00021066,8
ETHUSDT,2020-08-09T08:00:00Z,0.00046489,8
BTCUSDT,2020-08-09T16:00:00Z,0.00014574,8
ETHUSDT,2020-08-09T16:00:00Z,0.00034455,8
BTCUSDT,2020-08-10T00:00:00Z,0.0001,8
ETHUSDT,2020-08-10T00:00:00Z,0.00033424,8
BTCUSDT,2020-08-10T08:00:00Z,0.00131898,8
ETHUSDT,2020-08-10T08:00:00Z,0.00108975,8
BTCUSDT,2020-08-10T16:00:00Z,0.00030218,8
ETHUSDT,2020-08-10T16:00:00Z,0.00052034,8
BTCUSDT,2020-08-11T00:00:00Z,0.00013372,8
ETHUSDT,2020-08-11T00:00:00Z,0.00048022,8
BTCUSDT,2020-08-11T08:00:00Z,0.00022736,8
ETHUSDT,2020-08-11T08:00:00Z,0.00052529,8
BTCUSDT,2020-08-11T16:00:00Z,0.00059816,8
ETHUSDT,2020-08-11T16:00:00Z,0.00052038,8
BTCUSDT,2020-08-12T00:00:00Z,0.0001,8
ETHUSDT,2020-08-12T00:00:00Z,0.00034144,8
BTCUSDT,2020-08-12T08:00:00Z,0.0001,8
ETHUSDT,2020-08-12T08:00:00Z,0.00034577,8
BTCUSDT,2020-08-12T16:00:00Z,0.0001,8
ETHUSDT,2020-08-12T16:00:00Z,0.00024038,8
BTCUSDT,2020-08-13T00:00:00Z,0.0001,8
ETHUSDT,2020-08-13T00:00:00Z,0.00031747,8
BTCUSDT,2020-08-13T08:00:00Z,0.0001,8
ETHUSDT,2020-08-13T08:00:00Z,0.0006053,8
BTCUSDT,2020-08-13T16:00:00Z,0.0001,8
ETHUSDT,2020-08-13T16:00:00Z,0.00051653,8
BTCUSDT,2020-08-14T00:00:00Z,0.00017598,8
ETHUSDT,2020-08-14T00:00:00Z,0.00136967,8
BTCUSDT,2020-08-14T08:00:00Z,0.00044038,8
ETHUSDT,2020-08-14T08:00:00Z,0.00146832,8
BTCUSDT,2020-08-14T16:00:00Z,0.00027433,8
ETHUSDT,2020-08-14T16:00:00Z,0.00124102,8
BTCUSDT,2020-08-15T00:00:00Z,0.0001,8
ETHUSDT,2020-08-15T00:00:00Z,0.0007934,8
BTCUSDT,2020-08-15T08:00:00Z,0.0003665,8
ETHUSDT,2020-08-15T08:00:00Z,0.00084015,8
BTCUSDT,2020-08-15T16:00:00Z,0.00021904,8
ETHUSDT,2020-08-15T16:00:00Z,0.00075821,8
BTCUSDT,2020-08-16T00:00:00Z,0.0001564,8
ETHUSDT,2020-08-16T00:00:00Z,0.0009221,8
BTCUSDT,2020-08-16T08:00:00Z,0.00048777,8
ETHUSDT,2020-08-16T08:00:00Z,0.00086801,8
BTCUSDT,2020-08-16T16:00:00Z,0.00031524,8
ETHUSDT,2020-08-16T16:00:00Z,0.00046248,8
BTCUSDT,2020-08-17T00:00:00Z,0.00026342,8
ETHUSDT,2020-08-17T00:00:00Z,0.00074992,8
BTCUSDT,2020-08-17T08:00:00Z,0.00039806,8
ETHUSDT,2020-08-17T08:00:00Z,0.00061133,8
BTCUSDT,2020-08-17T16:00:00Z,0.0008576,8
ETHUSDT,2020-08-17T16:00:00Z,0.00103523,8
BTCUSDT,2020-08-18T00:00:00Z,0.00119905,8
ETHUSDT,2020-08-18T00:00:00Z,0.00133232,8
BTCUSDT,2020-08-18T08:00:00Z,0.00078206,8
ETHUSDT,2020-08-18T08:00:00Z,0.00085913,8
BTCUSDT,2020-08-18T16:00:00Z,0.00100156,8
ETHUSDT,2020-08-18T16:00:00Z,0.00054732,8
BTCUSDT,2020-08-19T00:00:00Z,0.00077293,8
ETHUSDT,2020-08-19T00:00:00Z,0.00034355,8
BTCUSDT,2020-08-19T08:00:00Z,0.00054924,8
ETHUSDT,2020-08-19T08:00:00Z,0.00021587,8
BTCUSDT,2020-08-19T16:00:00Z,0.00024051,8
ETHUSDT,2020-08-19T16:00:00Z,0.00040187,8
BTCUSDT,2020-08-20T00:00:00Z,0.00024189,8
ETHUSDT,2020-08-20T00:00:00Z,0.00035614,8
BTCUSDT,2020-08-20T08:00:00Z,0.0001159,8
ETHUSDT,2020-08-20T08:00:00Z,0.00026745,8
BTCUSDT,2020-08-20T16:00:00Z,0.00018281,8
ETHUSDT,2020-08-20T16:00:00Z,0.0001,8
BTCUSDT,2020-08-21T00:00:00Z,0.0001,8
ETHUSDT,2020-08-21T00:00:00Z,0.0001,8
BTCUSDT,2020-08-21T08:00:00Z,0.0001,8
ETHUSDT,2020-08-21T08:00:00Z,0.0001,8
BTCUSDT,2020-08-21T16:00:00Z,0.0001,8
ETHUSDT,2020-08-21T16:00:00Z,0.00021092,8
BTCUSDT,2020-08-22T00:00:00Z,0.0001,8
ETHUSDT,2020-08-22T00:00:00Z,0.0001,8
BTCUSDT,2020-08-22T08:00:00Z,0.0001,8
ETHUSDT,2020-08-22T08:00:00Z,0.0001,8
BTCUSDT,2020-08-22T16:00:00Z,0.0001,8
ETHUSDT,2020-08-22T16:00:00Z,0.0001,8
BTCUSDT,2020-08-23T00:00:00Z,0.0001,8
ETHUSDT,2020-08-23T00:00:00Z,0.00016169,8
BTCUSDT,2020-08-23T08:00:00Z,0.0001,8
ETHUSDT,2020-08-23T08:00:00Z,0.00014517,8
BTCUSDT,2020-08-23T16:00:00Z,0.0001,8
ETHUSDT,2020-08-23T16:00:00Z,0.00030687,8
BTCUSDT,2020-08-24T00:00:00Z,0.0001,8
ETHUSDT,2020-08-24T00:00:00Z,0.00031572,8
BTCUSDT,2020-08-24T08:00:00Z,0.0001,8
ETHUSDT,2020-08-24T08:00:00Z,0.00022508,8
BTCUSDT,2020-08-24T16:00:00Z,0.0001,8
ETHUSDT,2020-08-24T16:00:00Z,0.00031958,8
BTCUSDT,2020-08-25T00:00:00Z,0.0001,8
ETHUSDT,2020-08-25T00:00:00Z,0.0002243,8
BTCUSDT,2020-08-25T08:00:00Z,0.0001,8
ETHUSDT,2020-08-25T08:00:00Z,0.00011335,8
BTCUSDT,2020-08-25T16:00:00Z,0.0004258,8
ETHUSDT,2020-08-25T16:00:00Z,0.00011631,8
BTCUSDT,2020-08-26T00:00:00Z,0.00023316,8
ETHUSDT,2020-08-26T00:00:00Z,0.00020921,8
BTCUSDT,2020-08-26T08:00:00Z,0.0001,8
ETHUSDT,2020-08-26T08:00:00Z,0.0001,8
BTCUSDT,2020-08-26T16:00:00Z,0.00013038,8
ETHUSDT,2020-08-26T16:00:00Z,0.00015004,8
BTCUSDT,2020-08-27T00:00:00Z,0.0001,8
ETHUSDT,2020-08-27T00:00:00Z,0.00011281,8
BTCUSDT,2020-08-27T08:00:00Z,0.0001,8
ETHUSDT,2020-08-27T08:00:00Z,0.0001,8
BTCUSDT,2020-08-27T16:00:00Z,0.0001,8
ETHUSDT,2020-08-27T16:00:00Z,0.0001,8
BTCUSDT,2020-08-28T00:00:00Z,0.0001,8
ETHUSDT,2020-08-28T00:00:00Z,0.0001,8
BTCUSDT,2020-08-28T08:00:00Z,0.0001,8
ETHUSDT,2020-08-28T08:00:00Z,0.0001,8
BTCUSDT,2020-08-28T16:00:00Z,0.0001,8
ETHUSDT,2020-08-28T16:00:00Z,0.00012226,8
BTCUSDT,2020-08-29T00:00:00Z,0.0001,8
ETHUSDT,2020-08-29T00:00:00Z,0.0001,8
BTCUSDT,2020-08-29T08:00:00Z,0.0001,8
ETHUSDT,2020-08-29T08:00:00Z,0.0001,8
BTCUSDT,2020-08-29T16:00:00Z,0.0001,8
ETHUSDT,2020-08-29T16:00:00Z,0.0001,8
BTCUSDT,2020-08-30T00:00:00Z,0.0001,8
ETHUSDT,2020-08-30T00:00:00Z,0.0001,8
BTCUSDT,2020-08-30T08:00:00Z,0.0001,8
ETHUSDT,2020-08-30T08:00:00Z,0.0001,8
BTCUSDT,2020-08-30T16:00:00Z,0.0001,8
ETHUSDT,2020-08-30T16:00:00Z,0.0001,8
BTCUSDT,2020-08-31T00:00:00Z,0.0001,8
ETHUSDT,2020-08-31T00:00:00Z,0.0001,8
BTCUSDT,2020-08-31T08:00:00Z,0.0001,8
ETHUSDT,2020-08-31T08:00:00Z,0.0001,8
BTCUSDT,2020-08-31T16:00:00Z,0.00015461,8
ETHUSDT,2020-08-31T16:00:00Z,0.0001,8
BTCUSDT,2020-09-01T00:00:00Z,0.0001,8
ETHUSDT,2020-09-01T00:00:00Z,0.0001,8
BTCUSDT,2020-09-01T08:00:00Z,0.00022961,8
ETHUSDT,2020-09-01T08:00:00Z,0.00027103,8
BTCUSDT,2020-09-01T16:00:00Z,0.0004686,8
ETHUSDT,2020-09-01T16:00:00Z,0.00055077,8
BTCUSDT,2020-09-02T00:00:00Z,0.00032895,8
ETHUSDT,2020-09-02T00:00:00Z,0.00045898,8
BTCUSDT,2020-09-02T08:00:00Z,0.00035074,8
ETHUSDT,2020-09-02T08:00:00Z,0.00060012,8
BTCUSDT,2020-09-02T16:00:00Z,0.00045038,8
ETHUSDT,2020-09-02T16:00:00Z,0.0001,8
BTCUSDT,2020-09-03T00:00:00Z,0.00021394,8
ETHUSDT,2020-09-03T00:00:00Z,0.00014859,8
BTCUSDT,2020-09-03T08:00:00Z,0.00016828,8
ETHUSDT,2020-09-03T08:00:00Z,0.0001,8
BTCUSDT,2020-09-03T16:00:00Z,0.00024709,8
ETHUSDT,2020-09-03T16:00:00Z,0.0001,8
BTCUSDT,2020-09-04T00:00:00Z,0.0001,8
ETHUSDT,2020-09-04T00:00:00Z,0.00010813,8
BTCUSDT,2020-09-04T08:00:00Z,0.0001,8
ETHUSDT,2020-09-04T08:00:00Z,0.00020118,8
BTCUSDT,2020-09-04T16:00:00Z,0.0001,8
ETHUSDT,2020-09-04T16:00:00Z,0.0001181,8
BTCUSDT,2020-09-05T00:00:00Z,0.0001,8
ETHUSDT,2020-09-05T00:00:00Z,0.0001,8
BTCUSDT,2020-09-05T08:00:00Z,0.0001,8
ETHUSDT,2020-09-05T08:00:00Z,0.0001,8
BTCUSDT,2020-09-05T16:00:00Z,0.0001,8
ETHUSDT,2020-09-05T16:00:00Z,0.0001,8
BTCUSDT,2020-09-06T00:00:00Z,0.0001,8
ETHUSDT,2020-09-06T00:00:00Z,0.0001,8
BTCUSDT,2020-09-06T08:00:00Z,0.0001,8
ETHUSDT,2020-09-06T08:00:00Z,0.0001,8
BTCUSDT,2020-09-06T16:00:00Z,0.0001,8
ETHUSDT,2020-09-06T16:00:00Z,0.0001,8
BTCUSDT,2020-09-07T00:00:00Z,0.0001,8
ETHUSDT,2020-09-07T00:00:00Z,0.0001,8
BTCUSDT,2020-09-07T08:00:00Z,0.0001,8
ETHUSDT,2020-09-07T08:00:00Z,6.48e-05,8
BTCUSDT,2020-09-07T16:00:00Z,0.0001,8
ETHUSDT,2020-09-07T16:00:00Z,0.0001,8
BTCUSDT,2020-09-08T00:00:00Z,0.0001,8
ETHUSDT,2020-09-08T00:00:00Z,0.0001,8
BTCUSDT,2020-09-08T08:00:00Z,0.0001,8
ETHUSDT,2020-09-08T08:00:00Z,0.0001,8
BTCUSDT,2020-09-08T16:00:00Z,0.0001,8
ETHUSDT,2020-09-08T16:00:00Z,0.0001,8
BTCUSDT,2020-09-09T00:00:00Z,0.0001,8
ETHUSDT,2020-09-09T00:00:00Z,0.0001,8
BTCUSDT,2020-09-09T08:00:00Z,0.0001,8
ETHUSDT,2020-09-09T08:00:00Z,0.0001,8
BTCUSDT,2020-09-09T16:00:00Z,0.0001,8
ETHUSDT,2020-09-09T16:00:00Z,0.0001,8
BTCUSDT,2020-09-10T00:00:00Z,0.0001,8
ETHUSDT,2020-09-10T00:00:00Z,0.0001,8
BTCUSDT,2020-09-10T08:00:00Z,0.0001,8
ETHUSDT,2020-09-10T08:00:00Z,0.0001,8
BTCUSDT,2020-09-10T16:00:00Z,0.0001,8
ETHUSDT,2020-09-10T16:00:00Z,6.538e-05,8
BTCUSDT,2020-09-11T00:00:00Z,0.0001,8
ETHUSDT,2020-09-11T00:00:00Z,3.498e-05,8
BTCUSDT,2020-09-11T08:00:00Z,0.0001,8
ETHUSDT,2020-09-11T08:00:00Z,9.323e-05,8
BTCUSDT,2020-09-11T16:00:00Z,0.0001,8
ETHUSDT,2020-09-11T16:00:00Z,7.151e-05,8
BTCUSDT,2020-09-12T00:00:00Z,0.0001,8
ETHUSDT,2020-09-12T00:00:00Z,0.0001,8
BTCUSDT,2020-09-12T08:00:00Z,0.0001,8
ETHUSDT,2020-09-12T08:00:00Z,0.0001,8
BTCUSDT,2020-09-12T16:00:00Z,0.0001,8
ETHUSDT,2020-09-12T16:00:00Z,3.731e-05,8
BTCUSDT,2020-09-13T00:00:00Z,0.0001,8
ETHUSDT,2020-09-13T00:00:00Z,0.0001,8
BTCUSDT,2020-09-13T08:00:00Z,0.0001,8
ETHUSDT,2020-09-13T08:00:00Z,0.0001,8
BTCUSDT,2020-09-13T16:00:00Z,0.0001,8
ETHUSDT,2020-09-13T16:00:00Z,0.0001,8
SOLUSDT,2020-09-13T16:00:00Z,0.0001,8
BTCUSDT,2020-09-14T00:00:00Z,0.0001,8
ETHUSDT,2020-09-14T00:00:00Z,0.0001,8
SOLUSDT,2020-09-14T00:00:00Z,0.0001,8
BTCUSDT,2020-09-14T08:00:00Z,0.0001,8
ETHUSDT,2020-09-14T08:00:00Z,0.0001,8
SOLUSDT,2020-09-14T08:00:00Z,0.0001,8
BTCUSDT,2020-09-14T16:00:00Z,8.68e-06,8
ETHUSDT,2020-09-14T16:00:00Z,0.0001,8
SOLUSDT,2020-09-14T16:00:00Z,0.0001,8
BTCUSDT,2020-09-15T00:00:00Z,-0.0002227,8
ETHUSDT,2020-09-15T00:00:00Z,0.0001,8
SOLUSDT,2020-09-15T00:00:00Z,0.0001,8
BTCUSDT,2020-09-15T08:00:00Z,-2.796e-05,8
ETHUSDT,2020-09-15T08:00:00Z,0.0001,8
SOLUSDT,2020-09-15T08:00:00Z,0.0001,8
BTCUSDT,2020-09-15T16:00:00Z,-5.156e-05,8
ETHUSDT,2020-09-15T16:00:00Z,0.0001,8
SOLUSDT,2020-09-15T16:00:00Z,0.0001,8
BTCUSDT,2020-09-16T00:00:00Z,-0.00011181,8
ETHUSDT,2020-09-16T00:00:00Z,0.0001,8
SOLUSDT,2020-09-16T00:00:00Z,0.0001,8
BTCUSDT,2020-09-16T08:00:00Z,-1.488e-05,8
ETHUSDT,2020-09-16T08:00:00Z,0.0001,8
SOLUSDT,2020-09-16T08:00:00Z,0.0001,8
BTCUSDT,2020-09-16T16:00:00Z,-3.198e-05,8
ETHUSDT,2020-09-16T16:00:00Z,0.0001,8
SOLUSDT,2020-09-16T16:00:00Z,0.0001,8
BTCUSDT,2020-09-17T00:00:00Z,-5.63e-06,8
ETHUSDT,2020-09-17T00:00:00Z,0.0001,8
SOLUSDT,2020-09-17T00:00:00Z,0.0001,8
BTCUSDT,2020-09-17T08:00:00Z,2.957e-05,8
ETHUSDT,2020-09-17T08:00:00Z,0.0001,8
SOLUSDT,2020-09-17T08:00:00Z,0.0001,8
BTCUSDT,2020-09-17T16:00:00Z,9.8e-07,8
ETHUSDT,2020-09-17T16:00:00Z,0.0001,8
SOLUSDT,2020-09-17T16:00:00Z,0.0001,8
BTCUSDT,2020-09-18T00:00:00Z,9.425e-05,8
ETHUSDT,2020-09-18T00:00:00Z,0.0001,8
SOLUSDT,2020-09-18T00:00:00Z,0.0001,8
BTCUSDT,2020-09-18T08:00:00Z,5.579e-05,8
ETHUSDT,2020-09-18T08:00:00Z,0.0001,8
SOLUSDT,2020-09-18T08:00:00Z,0.0001,8
BTCUSDT,2020-09-18T16:00:00Z,4.967e-05,8
ETHUSDT,2020-09-18T16:00:00Z,0.0001,8
SOLUSDT,2020-09-18T16:00:00Z,0.0001,8
BTCUSDT,2020-09-19T00:00:00Z,-0.0001155,8
ETHUSDT,2020-09-19T00:00:00Z,0.0001,8
SOLUSDT,2020-09-19T00:00:00Z,-1.36e-05,8
BTCUSDT,2020-09-19T08:00:00Z,-0.0001098,8
ETHUSDT,2020-09-19T08:00:00Z,0.0001,8
SOLUSDT,2020-09-19T08:00:00Z,0.0001,8
BTCUSDT,2020-09-19T16:00:00Z,-5.749e-05,8
ETHUSDT,2020-09-19T16:00:00Z,0.0001,8
SOLUSDT,2020-09-19T16:00:00Z,0.0001,8
BTCUSDT,2020-09-20T00:00:00Z,-6.476e-05,8
ETHUSDT,2020-09-20T00:00:00Z,0.0001,8
SOLUSDT,2020-09-20T00:00:00Z,0.0001,8
BTCUSDT,2020-09-20T08:00:00Z,-0.00011198,8
ETHUSDT,2020-09-20T08:00:00Z,0.0001,8
SOLUSDT,2020-09-20T08:00:00Z,-0.00020633,8
BTCUSDT,2020-09-20T16:00:00Z,-6.625e-05,8
ETHUSDT,2020-09-20T16:00:00Z,-8e-07,8
SOLUSDT,2020-09-20T16:00:00Z,-0.00042585,8
BTCUSDT,2020-09-21T00:00:00Z,-7.506e-05,8
ETHUSDT,2020-09-21T00:00:00Z,-1.481e-05,8
SOLUSDT,2020-09-21T00:00:00Z,0.0001,8
BTCUSDT,2020-09-21T08:00:00Z,-0.00012071,8
ETHUSDT,2020-09-21T08:00:00Z,0.0001,8
SOLUSDT,2020-09-21T08:00:00Z,0.0001,8
BTCUSDT,2020-09-21T16:00:00Z,0.0001,8
ETHUSDT,2020-09-21T16:00:00Z,5.075e-05,8
SOLUSDT,2020-09-21T16:00:00Z,0.0001,8
BTCUSDT,2020-09-22T00:00:00Z,0.0001,8
ETHUSDT,2020-09-22T00:00:00Z,-0.00022757,8
SOLUSDT,2020-09-22T00:00:00Z,-4.279e-05,8
BTCUSDT,2020-09-22T08:00:00Z,0.0001,8
ETHUSDT,2020-09-22T08:00:00Z,9.7e-07,8
SOLUSDT,2020-09-22T08:00:00Z,0.0001,8
BTCUSDT,2020-09-22T16:00:00Z,0.0001,8
ETHUSDT,2020-09-22T16:00:00Z,1.01e-05,8
SOLUSDT,2020-09-22T16:00:00Z,0.0001,8
BTCUSDT,2020-09-23T00:00:00Z,4.321e-05,8
ETHUSDT,2020-09-23T00:00:00Z,0.0001,8
SOLUSDT,2020-09-23T00:00:00Z,0.0001,8
BTCUSDT,2020-09-23T08:00:00Z,-2.604e-05,8
ETHUSDT,2020-09-23T08:00:00Z,1.632e-05,8
SOLUSDT,2020-09-23T08:00:00Z,0.0001,8
BTCUSDT,2020-09-23T16:00:00Z,-5.506e-05,8
ETHUSDT,2020-09-23T16:00:00Z,0.0001,8
SOLUSDT,2020-09-23T16:00:00Z,0.0001,8
BTCUSDT,2020-09-24T00:00:00Z,3.817e-05,8
ETHUSDT,2020-09-24T00:00:00Z,-1.579e-05,8
SOLUSDT,2020-09-24T00:00:00Z,-8.917e-05,8
BTCUSDT,2020-09-24T08:00:00Z,6.991e-05,8
ETHUSDT,2020-09-24T08:00:00Z,3.064e-05,8
SOLUSDT,2020-09-24T08:00:00Z,0.0001,8
BTCUSDT,2020-09-24T16:00:00Z,1.182e-05,8
ETHUSDT,2020-09-24T16:00:00Z,5.598e-05,8
SOLUSDT,2020-09-24T16:00:00Z,0.0001,8
BTCUSDT,2020-09-25T00:00:00Z,-0.00023219,8
ETHUSDT,2020-09-25T00:00:00Z,5.361e-05,8
SOLUSDT,2020-09-25T00:00:00Z,0.0001,8
BTCUSDT,2020-09-25T08:00:00Z,2.542e-05,8
ETHUSDT,2020-09-25T08:00:00Z,0.0001,8
SOLUSDT,2020-09-25T08:00:00Z,0.0001,8
BTCUSDT,2020-09-25T16:00:00Z,0.0001,8
ETHUSDT,2020-09-25T16:00:00Z,0.0001,8
SOLUSDT,2020-09-25T16:00:00Z,-0.00039395,8
BTCUSDT,2020-09-26T00:00:00Z,0.0001,8
ETHUSDT,2020-09-26T00:00:00Z,0.0001,8
SOLUSDT,2020-09-26T00:00:00Z,-0.00044892,8
BTCUSDT,2020-09-26T08:00:00Z,0.0001,8
ETHUSDT,2020-09-26T08:00:00Z,0.0001,8
SOLUSDT,2020-09-26T08:00:00Z,0.0001,8
BTCUSDT,2020-09-26T16:00:00Z,0.0001,8
ETHUSDT,2020-09-26T16:00:00Z,0.0001,8
SOLUSDT,2020-09-26T16:00:00Z,0.0001,8
BTCUSDT,2020-09-27T00:00:00Z,0.0001,8
ETHUSDT,2020-09-27T00:00:00Z,0.0001,8
SOLUSDT,2020-09-27T00:00:00Z,0.0001,8
BTCUSDT,2020-09-27T08:00:00Z,0.0001,8
ETHUSDT,2020-09-27T08:00:00Z,0.0001,8
SOLUSDT,2020-09-27T08:00:00Z,0.0001,8
BTCUSDT,2020-09-27T16:00:00Z,0.0001,8
ETHUSDT,2020-09-27T16:00:00Z,0.0001,8
SOLUSDT,2020-09-27T16:00:00Z,0.0001,8
BTCUSDT,2020-09-28T00:00:00Z,0.0001,8
ETHUSDT,2020-09-28T00:00:00Z,0.0001,8
SOLUSDT,2020-09-28T00:00:00Z,0.0001,8
BTCUSDT,2020-09-28T08:00:00Z,0.0001,8
ETHUSDT,2020-09-28T08:00:00Z,0.0001,8
SOLUSDT,2020-09-28T08:00:00Z,0.0001,8
BTCUSDT,2020-09-28T16:00:00Z,0.0001,8
ETHUSDT,2020-09-28T16:00:00Z,0.0001,8
SOLUSDT,2020-09-28T16:00:00Z,0.0001,8
BTCUSDT,2020-09-29T00:00:00Z,0.0001,8
ETHUSDT,2020-09-29T00:00:00Z,0.0001,8
SOLUSDT,2020-09-29T00:00:00Z,0.0001,8
BTCUSDT,2020-09-29T08:00:00Z,0.0001,8
ETHUSDT,2020-09-29T08:00:00Z,-1.526e-05,8
SOLUSDT,2020-09-29T08:00:00Z,0.0001,8
BTCUSDT,2020-09-29T16:00:00Z,0.0001,8
ETHUSDT,2020-09-29T16:00:00Z,7.388e-05,8
SOLUSDT,2020-09-29T16:00:00Z,0.0001,8
BTCUSDT,2020-09-30T00:00:00Z,0.0001,8
ETHUSDT,2020-09-30T00:00:00Z,0.0001,8
SOLUSDT,2020-09-30T00:00:00Z,0.0001,8
BTCUSDT,2020-09-30T08:00:00Z,0.0001,8
ETHUSDT,2020-09-30T08:00:00Z,0.0001,8
SOLUSDT,2020-09-30T08:00:00Z,0.0001,8
BTCUSDT,2020-09-30T16:00:00Z,0.0001,8
ETHUSDT,2020-09-30T16:00:00Z,-2.8e-06,8
SOLUSDT,2020-09-30T16:00:00Z,0.0001,8
BTCUSDT,2020-10-01T00:00:00Z,7.412e-05,8
ETHUSDT,2020-10-01T00:00:00Z,9.937e-05,8
SOLUSDT,2020-10-01T00:00:00Z,0.0001,8
BTCUSDT,2020-10-01T08:00:00Z,0.0001,8
ETHUSDT,2020-10-01T08:00:00Z,0.0001,8
SOLUSDT,2020-10-01T08:00:00Z,0.0001,8
BTCUSDT,2020-10-01T16:00:00Z,0.0001,8
ETHUSDT,2020-10-01T16:00:00Z,0.0001,8
SOLUSDT,2020-10-01T16:00:00Z,0.0001,8
BTCUSDT,2020-10-02T00:00:00Z,-2.63e-06,8
ETHUSDT,2020-10-02T00:00:00Z,4.321e-05,8
SOLUSDT,2020-10-02T00:00:00Z,0.0001,8
BTCUSDT,2020-10-02T08:00:00Z,-1.652e-05,8
ETHUSDT,2020-10-02T08:00:00Z,0.0001,8
SOLUSDT,2020-10-02T08:00:00Z,0.0001,8
BTCUSDT,2020-10-02T16:00:00Z,0.0001,8
ETHUSDT,2020-10-02T16:00:00Z,-3.462e-05,8
SOLUSDT,2020-10-02T16:00:00Z,0.0001,8
BTCUSDT,2020-10-03T00:00:00Z,0.0001,8
ETHUSDT,2020-10-03T00:00:00Z,5.867e-05,8
SOLUSDT,2020-10-03T00:00:00Z,0.0001,8
BTCUSDT,2020-10-03T08:00:00Z,0.0001,8
ETHUSDT,2020-10-03T08:00:00Z,-0.00011916,8
SOLUSDT,2020-10-03T08:00:00Z,0.0001,8
BTCUSDT,2020-10-03T16:00:00Z,9.749e-05,8
ETHUSDT,2020-10-03T16:00:00Z,-3.221e-05,8
SOLUSDT,2020-10-03T16:00:00Z,0.0001,8
BTCUSDT,2020-10-04T00:00:00Z,-2.144e-05,8
ETHUSDT,2020-10-04T00:00:00Z,-6.7e-06,8
SOLUSDT,2020-10-04T00:00:00Z,0.0001,8
BTCUSDT,2020-10-04T08:00:00Z,5.039e-05,8
ETHUSDT,2020-10-04T08:00:00Z,0.0001,8
SOLUSDT,2020-10-04T08:00:00Z,0.0001,8
BTCUSDT,2020-10-04T16:00:00Z,-7.56e-06,8
ETHUSDT,2020-10-04T16:00:00Z,-6.384e-05,8
SOLUSDT,2020-10-04T16:00:00Z,0.0001,8
BTCUSDT,2020-10-05T00:00:00Z,-3.381e-05,8
ETHUSDT,2020-10-05T00:00:00Z,0.0001,8
SOLUSDT,2020-10-05T00:00:00Z,0.0001,8
BTCUSDT,2020-10-05T08:00:00Z,-9.143e-05,8
ETHUSDT,2020-10-05T08:00:00Z,3.05e-06,8
SOLUSDT,2020-10-05T08:00:00Z,0.0001,8
BTCUSDT,2020-10-05T16:00:00Z,-6.912e-05,8
ETHUSDT,2020-10-05T16:00:00Z,-1.442e-05,8
SOLUSDT,2020-10-05T16:00:00Z,0.0001,8
BTCUSDT,2020-10-06T00:00:00Z,-1.26e-06,8
ETHUSDT,2020-10-06T00:00:00Z,-4.499e-05,8
SOLUSDT,2020-10-06T00:00:00Z,0.0001,8
BTCUSDT,2020-10-06T08:00:00Z,-8.313e-05,8
ETHUSDT,2020-10-06T08:00:00Z,9.514e-05,8
SOLUSDT,2020-10-06T08:00:00Z,0.0001,8
BTCUSDT,2020-10-06T16:00:00Z,6.937e-05,8
ETHUSDT,2020-10-06T16:00:00Z,4.4e-07,8
SOLUSDT,2020-10-06T16:00:00Z,0.0001,8
BTCUSDT,2020-10-07T00:00:00Z,5.11e-06,8
ETHUSDT,2020-10-07T00:00:00Z,-7.208e-05,8
SOLUSDT,2020-10-07T00:00:00Z,0.0001,8
BTCUSDT,2020-10-07T08:00:00Z,-8.58e-06,8
ETHUSDT,2020-10-07T08:00:00Z,2.716e-05,8
SOLUSDT,2020-10-07T08:00:00Z,0.0001,8
BTCUSDT,2020-10-07T16:00:00Z,1.553e-05,8
ETHUSDT,2020-10-07T16:00:00Z,7.205e-05,8
SOLUSDT,2020-10-07T16:00:00Z,0.0001,8
BTCUSDT,2020-10-08T00:00:00Z,2.693e-05,8
ETHUSDT,2020-10-08T00:00:00Z,0.0001,8
SOLUSDT,2020-10-08T00:00:00Z,0.0001,8
BTCUSDT,2020-10-08T08:00:00Z,3.248e-05,8
ETHUSDT,2020-10-08T08:00:00Z,0.0001,8
SOLUSDT,2020-10-08T08:00:00Z,0.0001,8
BTCUSDT,2020-10-08T16:00:00Z,8.856e-05,8
ETHUSDT,2020-10-08T16:00:00Z,0.0001,8
SOLUSDT,2020-10-08T16:00:00Z,0.0001,8
BTCUSDT,2020-10-09T00:00:00Z,6.128e-05,8
ETHUSDT,2020-10-09T00:00:00Z,0.0001,8
SOLUSDT,2020-10-09T00:00:00Z,0.0001,8
BTCUSDT,2020-10-09T08:00:00Z,0.0001,8
ETHUSDT,2020-10-09T08:00:00Z,0.0001,8
SOLUSDT,2020-10-09T08:00:00Z,0.0001,8
BTCUSDT,2020-10-09T16:00:00Z,0.0001,8
ETHUSDT,2020-10-09T16:00:00Z,0.0001,8
SOLUSDT,2020-10-09T16:00:00Z,0.0001,8
BTCUSDT,2020-10-10T00:00:00Z,0.0001,8
ETHUSDT,2020-10-10T00:00:00Z,0.0001,8
SOLUSDT,2020-10-10T00:00:00Z,0.0001,8
BTCUSDT,2020-10-10T08:00:00Z,0.0001,8
ETHUSDT,2020-10-10T08:00:00Z,0.0001733,8
SOLUSDT,2020-10-10T08:00:00Z,0.00028914,8
BTCUSDT,2020-10-10T16:00:00Z,0.0001,8
ETHUSDT,2020-10-10T16:00:00Z,0.00027917,8
SOLUSDT,2020-10-10T16:00:00Z,0.00019105,8
BTCUSDT,2020-10-11T00:00:00Z,0.0001,8
ETHUSDT,2020-10-11T00:00:00Z,0.00011995,8
SOLUSDT,2020-10-11T00:00:00Z,0.00070989,8
BTCUSDT,2020-10-11T08:00:00Z,0.0001,8
ETHUSDT,2020-10-11T08:00:00Z,0.00013127,8
SOLUSDT,2020-10-11T08:00:00Z,0.0001,8
BTCUSDT,2020-10-11T16:00:00Z,0.0001,8
ETHUSDT,2020-10-11T16:00:00Z,0.0001,8
SOLUSDT,2020-10-11T16:00:00Z,0.0001,8
BTCUSDT,2020-10-12T00:00:00Z,0.0001,8
ETHUSDT,2020-10-12T00:00:00Z,0.0001,8
SOLUSDT,2020-10-12T00:00:00Z,0.0001,8
BTCUSDT,2020-10-12T08:00:00Z,0.0001,8
ETHUSDT,2020-10-12T08:00:00Z,0.0001,8
SOLUSDT,2020-10-12T08:00:00Z,0.00022458,8
BTCUSDT,2020-10-12T16:00:00Z,0.0001,8
ETHUSDT,2020-10-12T16:00:00Z,0.0001,8
SOLUSDT,2020-10-12T16:00:00Z,0.0001,8
BTCUSDT,2020-10-13T00:00:00Z,0.0001,8
ETHUSDT,2020-10-13T00:00:00Z,0.0002191,8
SOLUSDT,2020-10-13T00:00:00Z,0.0001,8
BTCUSDT,2020-10-13T08:00:00Z,0.0001,8
ETHUSDT,2020-10-13T08:00:00Z,0.0001,8
SOLUSDT,2020-10-13T08:00:00Z,0.0001,8
BTCUSDT,2020-10-13T16:00:00Z,0.0001,8
ETHUSDT,2020-10-13T16:00:00Z,0.0001,8
SOLUSDT,2020-10-13T16:00:00Z,0.00017596,8
BTCUSDT,2020-10-14T00:00:00Z,0.0001,8
ETHUSDT,2020-10-14T00:00:00Z,0.0001,8
SOLUSDT,2020-10-14T00:00:00Z,0.0001,8
BTCUSDT,2020-10-14T08:00:00Z,0.0001,8
ETHUSDT,2020-10-14T08:00:00Z,0.0001,8
SOLUSDT,2020-10-14T08:00:00Z,0.0001,8
BTCUSDT,2020-10-14T16:00:00Z,0.0001,8
ETHUSDT,2020-10-14T16:00:00Z,0.0001,8
SOLUSDT,2020-10-14T16:00:00Z,0.00028415,8
BTCUSDT,2020-10-15T00:00:00Z,0.0001,8
ETHUSDT,2020-10-15T00:00:00Z,0.0001,8
SOLUSDT,2020-10-15T00:00:00Z,0.0001,8
BTCUSDT,2020-10-15T08:00:00Z,0.0001,8
ETHUSDT,2020-10-15T08:00:00Z,0.0001,8
SOLUSDT,2020-10-15T08:00:00Z,0.0001,8
BTCUSDT,2020-10-15T16:00:00Z,0.0001,8
ETHUSDT,2020-10-15T16:00:00Z,0.0001,8
SOLUSDT,2020-10-15T16:00:00Z,0.0001,8
BTCUSDT,2020-10-16T00:00:00Z,0.0001,8
ETHUSDT,2020-10-16T00:00:00Z,0.0001,8
SOLUSDT,2020-10-16T00:00:00Z,0.0001,8
BTCUSDT,2020-10-16T08:00:00Z,0.0001,8
ETHUSDT,2020-10-16T08:00:00Z,0.0001,8
SOLUSDT,2020-10-16T08:00:00Z,0.0001,8
BTCUSDT,2020-10-16T16:00:00Z,0.0001,8
ETHUSDT,2020-10-16T16:00:00Z,0.0001,8
SOLUSDT,2020-10-16T16:00:00Z,0.0001,8
BTCUSDT,2020-10-17T00:00:00Z,0.0001,8
ETHUSDT,2020-10-17T00:00:00Z,0.0001,8
SOLUSDT,2020-10-17T00:00:00Z,0.0001,8
BTCUSDT,2020-10-17T08:00:00Z,0.0001,8
ETHUSDT,2020-10-17T08:00:00Z,0.0001,8
SOLUSDT,2020-10-17T08:00:00Z,0.0001,8
BTCUSDT,2020-10-17T16:00:00Z,0.0001,8
ETHUSDT,2020-10-17T16:00:00Z,0.0001,8
SOLUSDT,2020-10-17T16:00:00Z,0.0001,8
BTCUSDT,2020-10-18T00:00:00Z,0.0001,8
ETHUSDT,2020-10-18T00:00:00Z,0.0001,8
SOLUSDT,2020-10-18T00:00:00Z,0.0001,8
BTCUSDT,2020-10-18T08:00:00Z,0.0001,8
ETHUSDT,2020-10-18T08:00:00Z,0.0001,8
SOLUSDT,2020-10-18T08:00:00Z,0.0001,8
BTCUSDT,2020-10-18T16:00:00Z,0.0001,8
ETHUSDT,2020-10-18T16:00:00Z,0.0001,8
SOLUSDT,2020-10-18T16:00:00Z,0.0001,8
BTCUSDT,2020-10-19T00:00:00Z,0.0001,8
ETHUSDT,2020-10-19T00:00:00Z,0.0001,8
SOLUSDT,2020-10-19T00:00:00Z,0.0001,8
BTCUSDT,2020-10-19T08:00:00Z,0.0001,8
ETHUSDT,2020-10-19T08:00:00Z,0.0001,8
SOLUSDT,2020-10-19T08:00:00Z,0.0001,8
BTCUSDT,2020-10-19T16:00:00Z,0.0001,8
ETHUSDT,2020-10-19T16:00:00Z,0.0001,8
SOLUSDT,2020-10-19T16:00:00Z,0.0001,8
BTCUSDT,2020-10-20T00:00:00Z,0.0001,8
ETHUSDT,2020-10-20T00:00:00Z,0.00011516,8
SOLUSDT,2020-10-20T00:00:00Z,0.0001,8
BTCUSDT,2020-10-20T08:00:00Z,0.0001,8
ETHUSDT,2020-10-20T08:00:00Z,0.00037754,8
SOLUSDT,2020-10-20T08:00:00Z,0.0001,8
BTCUSDT,2020-10-20T16:00:00Z,3.742e-05,8
ETHUSDT,2020-10-20T16:00:00Z,0.0001,8
SOLUSDT,2020-10-20T16:00:00Z,0.0001,8
BTCUSDT,2020-10-21T00:00:00Z,2.291e-05,8
ETHUSDT,2020-10-21T00:00:00Z,0.0001,8
SOLUSDT,2020-10-21T00:00:00Z,0.0001,8
BTCUSDT,2020-10-21T08:00:00Z,7.487e-05,8
ETHUSDT,2020-10-21T08:00:00Z,0.00031887,8
SOLUSDT,2020-10-21T08:00:00Z,0.0001,8
BTCUSDT,2020-10-21T16:00:00Z,0.0001,8
ETHUSDT,2020-10-21T16:00:00Z,0.00050823,8
SOLUSDT,2020-10-21T16:00:00Z,0.0001,8
BTCUSDT,2020-10-22T00:00:00Z,0.0001,8
ETHUSDT,2020-10-22T00:00:00Z,0.00083557,8
SOLUSDT,2020-10-22T00:00:00Z,0.00035786,8
BTCUSDT,2020-10-22T08:00:00Z,0.0001,8
ETHUSDT,2020-10-22T08:00:00Z,0.00052961,8
SOLUSDT,2020-10-22T08:00:00Z,0.0001,8
BTCUSDT,2020-10-22T16:00:00Z,0.0001,8
ETHUSDT,2020-10-22T16:00:00Z,0.00074052,8
SOLUSDT,2020-10-22T16:00:00Z,0.0001,8
BTCUSDT,2020-10-23T00:00:00Z,0.0001,8
ETHUSDT,2020-10-23T00:00:00Z,0.0005259,8
SOLUSDT,2020-10-23T00:00:00Z,0.0001,8
BTCUSDT,2020-10-23T08:00:00Z,0.0001,8
ETHUSDT,2020-10-23T08:00:00Z,0.00033468,8
SOLUSDT,2020-10-23T08:00:00Z,0.00019126,8
BTCUSDT,2020-10-23T16:00:00Z,0.0001,8
ETHUSDT,2020-10-23T16:00:00Z,0.00024975,8
SOLUSDT,2020-10-23T16:00:00Z,0.00035682,8
BTCUSDT,2020-10-24T00:00:00Z,0.0001,8
ETHUSDT,2020-10-24T00:00:00Z,0.00051273,8
SOLUSDT,2020-10-24T00:00:00Z,0.0005586,8
BTCUSDT,2020-10-24T08:00:00Z,0.0001,8
ETHUSDT,2020-10-24T08:00:00Z,0.00042291,8
SOLUSDT,2020-10-24T08:00:00Z,0.0001,8
BTCUSDT,2020-10-24T16:00:00Z,0.0001,8
ETHUSDT,2020-10-24T16:00:00Z,0.00034696,8
SOLUSDT,2020-10-24T16:00:00Z,0.0008903,8
BTCUSDT,2020-10-25T00:00:00Z,0.0001,8
ETHUSDT,2020-10-25T00:00:00Z,0.00039795,8
SOLUSDT,2020-10-25T00:00:00Z,0.00059139,8
BTCUSDT,2020-10-25T08:00:00Z,0.0001,8
ETHUSDT,2020-10-25T08:00:00Z,0.0001,8
SOLUSDT,2020-10-25T08:00:00Z,0.00027335,8
BTCUSDT,2020-10-25T16:00:00Z,0.0001,8
ETHUSDT,2020-10-25T16:00:00Z,0.0001,8
SOLUSDT,2020-10-25T16:00:00Z,0.0001986,8
BTCUSDT,2020-10-26T00:00:00Z,0.0001,8
ETHUSDT,2020-10-26T00:00:00Z,0.0001,8
SOLUSDT,2020-10-26T00:00:00Z,0.0001,8
BTCUSDT,2020-10-26T08:00:00Z,0.0001,8
ETHUSDT,2020-10-26T08:00:00Z,0.0001,8
SOLUSDT,2020-10-26T08:00:00Z,0.0001,8
BTCUSDT,2020-10-26T16:00:00Z,0.0001,8
ETHUSDT,2020-10-26T16:00:00Z,0.0002133,8
SOLUSDT,2020-10-26T16:00:00Z,0.0001,8
BTCUSDT,2020-10-27T00:00:00Z,9.274e-05,8
ETHUSDT,2020-10-27T00:00:00Z,0.0001,8
SOLUSDT,2020-10-27T00:00:00Z,0.0001,8
BTCUSDT,2020-10-27T08:00:00Z,6.127e-05,8
ETHUSDT,2020-10-27T08:00:00Z,0.0001,8
SOLUSDT,2020-10-27T08:00:00Z,0.0001,8
BTCUSDT,2020-10-27T16:00:00Z,0.0001,8
ETHUSDT,2020-10-27T16:00:00Z,0.00018409,8
SOLUSDT,2020-10-27T16:00:00Z,0.0001,8
BTCUSDT,2020-10-28T00:00:00Z,3.725e-05,8
ETHUSDT,2020-10-28T00:00:00Z,0.00015253,8
SOLUSDT,2020-10-28T00:00:00Z,0.0001,8
BTCUSDT,2020-10-28T08:00:00Z,0.0001,8
ETHUSDT,2020-10-28T08:00:00Z,0.0001,8
SOLUSDT,2020-10-28T08:00:00Z,0.0001,8
BTCUSDT,2020-10-28T16:00:00Z,0.0001,8
ETHUSDT,2020-10-28T16:00:00Z,0.0001,8
SOLUSDT,2020-10-28T16:00:00Z,0.0001,8
BTCUSDT,2020-10-29T00:00:00Z,-0.00026006,8
ETHUSDT,2020-10-29T00:00:00Z,0.0001,8
SOLUSDT,2020-10-29T00:00:00Z,0.0001,8
BTCUSDT,2020-10-29T08:00:00Z,-8.052e-05,8
ETHUSDT,2020-10-29T08:00:00Z,0.0001,8
SOLUSDT,2020-10-29T08:00:00Z,0.0001,8
BTCUSDT,2020-10-29T16:00:00Z,-3.189e-05,8
ETHUSDT,2020-10-29T16:00:00Z,0.0001,8
SOLUSDT,2020-10-29T16:00:00Z,0.0001,8
BTCUSDT,2020-10-30T00:00:00Z,-0.00015268,8
ETHUSDT,2020-10-30T00:00:00Z,0.0001,8
SOLUSDT,2020-10-30T00:00:00Z,0.0001,8
BTCUSDT,2020-10-30T08:00:00Z,-9.68e-06,8
ETHUSDT,2020-10-30T08:00:00Z,0.0001,8
SOLUSDT,2020-10-30T08:00:00Z,0.0001,8
BTCUSDT,2020-10-30T16:00:00Z,-0.00013414,8
ETHUSDT,2020-10-30T16:00:00Z,0.0001,8
SOLUSDT,2020-10-30T16:00:00Z,-2.73e-06,8
BTCUSDT,2020-10-31T00:00:00Z,-0.00024694,8
ETHUSDT,2020-10-31T00:00:00Z,0.0001,8
SOLUSDT,2020-10-31T00:00:00Z,-0.00062124,8
BTCUSDT,2020-10-31T08:00:00Z,-0.00016865,8
ETHUSDT,2020-10-31T08:00:00Z,0.0001,8
SOLUSDT,2020-10-31T08:00:00Z,4.476e-05,8
BTCUSDT,2020-10-31T16:00:00Z,9.204e-05,8
ETHUSDT,2020-10-31T16:00:00Z,0.0001,8
SOLUSDT,2020-10-31T16:00:00Z,-0.00035502,8
BTCUSDT,2020-11-01T00:00:00Z,-6.386e-05,8
ETHUSDT,2020-11-01T00:00:00Z,0.0001,8
SOLUSDT,2020-11-01T00:00:00Z,-0.0014979,8
BTCUSDT,2020-11-01T08:00:00Z,-4.096e-05,8
ETHUSDT,2020-11-01T08:00:00Z,0.0001,8
SOLUSDT,2020-11-01T08:00:00Z,0.0001,8
BTCUSDT,2020-11-01T16:00:00Z,-5.043e-05,8
ETHUSDT,2020-11-01T16:00:00Z,0.0001,8
SOLUSDT,2020-11-01T16:00:00Z,0.0001,8
BTCUSDT,2020-11-02T00:00:00Z,7.881e-05,8
ETHUSDT,2020-11-02T00:00:00Z,0.0001,8
SOLUSDT,2020-11-02T00:00:00Z,0.0001,8
BTCUSDT,2020-11-02T08:00:00Z,-3.275e-05,8
ETHUSDT,2020-11-02T08:00:00Z,0.00030095,8
SOLUSDT,2020-11-02T08:00:00Z,0.0001,8
BTCUSDT,2020-11-02T16:00:00Z,8.717e-05,8
ETHUSDT,2020-11-02T16:00:00Z,0.0001,8
SOLUSDT,2020-11-02T16:00:00Z,0.0001,8
BTCUSDT,2020-11-03T00:00:00Z,-0.00017064,8
ETHUSDT,2020-11-03T00:00:00Z,0.0001,8
SOLUSDT,2020-11-03T00:00:00Z,0.0001,8
BTCUSDT,2020-11-03T08:00:00Z,-4.67e-06,8
ETHUSDT,2020-11-03T08:00:00Z,0.0001,8
SOLUSDT,2020-11-03T08:00:00Z,0.0001,8
BTCUSDT,2020-11-03T16:00:00Z,-8.581e-05,8
ETHUSDT,2020-11-03T16:00:00Z,0.0001,8
SOLUSDT,2020-11-03T16:00:00Z,0.0001,8
BTCUSDT,2020-11-04T00:00:00Z,-7.816e-05,8
ETHUSDT,2020-11-04T00:00:00Z,0.0001,8
SOLUSDT,2020-11-04T00:00:00Z,0.0001,8
BTCUSDT,2020-11-04T08:00:00Z,-2.648e-05,8
ETHUSDT,2020-11-04T08:00:00Z,0.0001,8
SOLUSDT,2020-11-04T08:00:00Z,0.0001,8
BTCUSDT,2020-11-04T16:00:00Z,-0.00023791,8
ETHUSDT,2020-11-04T16:00:00Z,0.0001,8
SOLUSDT,2020-11-04T16:00:00Z,0.0001,8
BTCUSDT,2020-11-05T00:00:00Z,0.0001,8
ETHUSDT,2020-11-05T00:00:00Z,0.00076235,8
SOLUSDT,2020-11-05T00:00:00Z,0.0001,8
BTCUSDT,2020-11-05T08:00:00Z,0.0001,8
ETHUSDT,2020-11-05T08:00:00Z,0.00073669,8
SOLUSDT,2020-11-05T08:00:00Z,0.0001,8
BTCUSDT,2020-11-05T16:00:00Z,0.0001,8
ETHUSDT,2020-11-05T16:00:00Z,0.00069168,8
SOLUSDT,2020-11-05T16:00:00Z,0.0001,8
BTCUSDT,2020-11-06T00:00:00Z,0.0001,8
ETHUSDT,2020-11-06T00:00:00Z,0.00035727,8
SOLUSDT,2020-11-06T00:00:00Z,0.0001,8
BTCUSDT,2020-11-06T08:00:00Z,0.00023315,8
ETHUSDT,2020-11-06T08:00:00Z,0.0007547,8
SOLUSDT,2020-11-06T08:00:00Z,0.0001,8
BTCUSDT,2020-11-06T16:00:00Z,0.0003429,8
ETHUSDT,2020-11-06T16:00:00Z,0.00073654,8
SOLUSDT,2020-11-06T16:00:00Z,-0.0001338,8
BTCUSDT,2020-11-07T00:00:00Z,0.00024948,8
ETHUSDT,2020-11-07T00:00:00Z,0.00048047,8
SOLUSDT,2020-11-07T00:00:00Z,-0.00163209,8
BTCUSDT,2020-11-07T08:00:00Z,0.00037914,8
ETHUSDT,2020-11-07T08:00:00Z,0.00103009,8
SOLUSDT,2020-11-07T08:00:00Z,0.0001,8
BTCUSDT,2020-11-07T16:00:00Z,0.0003589,8
ETHUSDT,2020-11-07T16:00:00Z,0.0005895,8
SOLUSDT,2020-11-07T16:00:00Z,0.00037936,8
BTCUSDT,2020-11-08T00:00:00Z,0.0001,8
ETHUSDT,2020-11-08T00:00:00Z,0.00021269,8
SOLUSDT,2020-11-08T00:00:00Z,0.0001,8
BTCUSDT,2020-11-08T08:00:00Z,0.0001,8
ETHUSDT,2020-11-08T08:00:00Z,0.00034732,8
SOLUSDT,2020-11-08T08:00:00Z,0.0001,8
BTCUSDT,2020-11-08T16:00:00Z,0.0001,8
ETHUSDT,2020-11-08T16:00:00Z,0.00058594,8
SOLUSDT,2020-11-08T16:00:00Z,0.00010028,8
BTCUSDT,2020-11-09T00:00:00Z,0.0001,8
ETHUSDT,2020-11-09T00:00:00Z,0.00050128,8
SOLUSDT,2020-11-09T00:00:00Z,0.00027346,8
BTCUSDT,2020-11-09T08:00:00Z,0.0001,8
ETHUSDT,2020-11-09T08:00:00Z,0.00025588,8
SOLUSDT,2020-11-09T08:00:00Z,0.0001,8
BTCUSDT,2020-11-09T16:00:00Z,0.0001,8
ETHUSDT,2020-11-09T16:00:00Z,0.00028775,8
SOLUSDT,2020-11-09T16:00:00Z,0.0001,8
BTCUSDT,2020-11-10T00:00:00Z,0.0001,8
ETHUSDT,2020-11-10T00:00:00Z,0.00016695,8
SOLUSDT,2020-11-10T00:00:00Z,0.0001,8
BTCUSDT,2020-11-10T08:00:00Z,0.0001,8
ETHUSDT,2020-11-10T08:00:00Z,0.0003373,8
SOLUSDT,2020-11-10T08:00:00Z,0.00036412,8
BTCUSDT,2020-11-10T16:00:00Z,0.0001,8
ETHUSDT,2020-11-10T16:00:00Z,0.00036401,8
SOLUSDT,2020-11-10T16:00:00Z,0.0001,8
BTCUSDT,2020-11-11T00:00:00Z,0.0001,8
ETHUSDT,2020-11-11T00:00:00Z,0.00043021,8
SOLUSDT,2020-11-11T00:00:00Z,0.0001,8
BTCUSDT,2020-11-11T08:00:00Z,0.0001,8
ETHUSDT,2020-11-11T08:00:00Z,0.00018601,8
SOLUSDT,2020-11-11T08:00:00Z,0.00026794,8
BTCUSDT,2020-11-11T16:00:00Z,0.0001,8
ETHUSDT,2020-11-11T16:00:00Z,0.00041035,8
SOLUSDT,2020-11-11T16:00:00Z,0.00018849,8
BTCUSDT,2020-11-12T00:00:00Z,0.0001,8
ETHUSDT,2020-11-12T00:00:00Z,0.00039191,8
SOLUSDT,2020-11-12T00:00:00Z,0.0001,8
BTCUSDT,2020-11-12T08:00:00Z,0.0001,8
ETHUSDT,2020-11-12T08:00:00Z,0.0001,8
SOLUSDT,2020-11-12T08:00:00Z,0.0001,8
BTCUSDT,2020-11-12T16:00:00Z,0.0001,8
ETHUSDT,2020-11-12T16:00:00Z,0.0001,8
SOLUSDT,2020-11-12T16:00:00Z,0.0001,8
BTCUSDT,2020-11-13T00:00:00Z,0.0001,8
ETHUSDT,2020-11-13T00:00:00Z,0.0001,8
SOLUSDT,2020-11-13T00:00:00Z,0.0001,8
BTCUSDT,2020-11-13T08:00:00Z,0.0001,8
ETHUSDT,2020-11-13T08:00:00Z,0.0001,8
SOLUSDT,2020-11-13T08:00:00Z,0.0001,8
BTCUSDT,2020-11-13T16:00:00Z,0.0001,8
ETHUSDT,2020-11-13T16:00:00Z,0.00051032,8
SOLUSDT,2020-11-13T16:00:00Z,0.0001,8
BTCUSDT,2020-11-14T00:00:00Z,0.0001,8
ETHUSDT,2020-11-14T00:00:00Z,0.00058724,8
SOLUSDT,2020-11-14T00:00:00Z,0.0001,8
BTCUSDT,2020-11-14T08:00:00Z,0.0001,8
ETHUSDT,2020-11-14T08:00:00Z,0.00011914,8
SOLUSDT,2020-11-14T08:00:00Z,0.0001,8
BTCUSDT,2020-11-14T16:00:00Z,4.277e-05,8
ETHUSDT,2020-11-14T16:00:00Z,0.0001,8
SOLUSDT,2020-11-14T16:00:00Z,0.0001,8
BTCUSDT,2020-11-15T00:00:00Z,0.0001,8
ETHUSDT,2020-11-15T00:00:00Z,0.0001,8
SOLUSDT,2020-11-15T00:00:00Z,0.0001,8
BTCUSDT,2020-11-15T08:00:00Z,0.0001,8
ETHUSDT,2020-11-15T08:00:00Z,0.0001,8
SOLUSDT,2020-11-15T08:00:00Z,0.0001,8
BTCUSDT,2020-11-15T16:00:00Z,0.0001,8
ETHUSDT,2020-11-15T16:00:00Z,0.0001,8
SOLUSDT,2020-11-15T16:00:00Z,0.00024228,8
BTCUSDT,2020-11-16T00:00:00Z,0.0001,8
ETHUSDT,2020-11-16T00:00:00Z,0.0001,8
SOLUSDT,2020-11-16T00:00:00Z,0.0001,8
BTCUSDT,2020-11-16T08:00:00Z,0.0001,8
ETHUSDT,2020-11-16T08:00:00Z,0.0001,8
SOLUSDT,2020-11-16T08:00:00Z,0.0001,8
BTCUSDT,2020-11-16T16:00:00Z,0.0001,8
ETHUSDT,2020-11-16T16:00:00Z,0.0001,8
SOLUSDT,2020-11-16T16:00:00Z,0.0001,8
BTCUSDT,2020-11-17T00:00:00Z,0.0001,8
ETHUSDT,2020-11-17T00:00:00Z,0.0001,8
SOLUSDT,2020-11-17T00:00:00Z,0.0001,8
BTCUSDT,2020-11-17T08:00:00Z,0.0001,8
ETHUSDT,2020-11-17T08:00:00Z,0.00024182,8
SOLUSDT,2020-11-17T08:00:00Z,0.00055062,8
BTCUSDT,2020-11-17T16:00:00Z,0.0001,8
ETHUSDT,2020-11-17T16:00:00Z,0.0003788,8
SOLUSDT,2020-11-17T16:00:00Z,0.0003889,8
BTCUSDT,2020-11-18T00:00:00Z,0.00021138,8
ETHUSDT,2020-11-18T00:00:00Z,0.00089819,8
SOLUSDT,2020-11-18T00:00:00Z,0.00129737,8
BTCUSDT,2020-11-18T08:00:00Z,0.00057572,8
ETHUSDT,2020-11-18T08:00:00Z,0.00037818,8
SOLUSDT,2020-11-18T08:00:00Z,0.00033069,8
BTCUSDT,2020-11-18T16:00:00Z,0.00021486,8
ETHUSDT,2020-11-18T16:00:00Z,0.0001,8
SOLUSDT,2020-11-18T16:00:00Z,2.149e-05,8
BTCUSDT,2020-11-19T00:00:00Z,0.0001,8
ETHUSDT,2020-11-19T00:00:00Z,0.0001,8
SOLUSDT,2020-11-19T00:00:00Z,0.0001,8
BTCUSDT,2020-11-19T08:00:00Z,0.00025015,8
ETHUSDT,2020-11-19T08:00:00Z,0.00014096,8
SOLUSDT,2020-11-19T08:00:00Z,-0.00098885,8
BTCUSDT,2020-11-19T16:00:00Z,0.00052207,8
ETHUSDT,2020-11-19T16:00:00Z,0.00038994,8
SOLUSDT,2020-11-19T16:00:00Z,0.0001,8
BTCUSDT,2020-11-20T00:00:00Z,0.0003665,8
ETHUSDT,2020-11-20T00:00:00Z,0.00016511,8
SOLUSDT,2020-11-20T00:00:00Z,0.0001,8
BTCUSDT,2020-11-20T08:00:00Z,0.00039647,8
ETHUSDT,2020-11-20T08:00:00Z,0.00078136,8
SOLUSDT,2020-11-20T08:00:00Z,0.0001,8
BTCUSDT,2020-11-20T16:00:00Z,0.00038617,8
ETHUSDT,2020-11-20T16:00:00Z,0.0007993,8
SOLUSDT,2020-11-20T16:00:00Z,0.00025095,8
BTCUSDT,2020-11-21T00:00:00Z,0.0001,8
ETHUSDT,2020-11-21T00:00:00Z,0.00011376,8
SOLUSDT,2020-11-21T00:00:00Z,0.0001,8
BTCUSDT,2020-11-21T08:00:00Z,0.0001,8
ETHUSDT,2020-11-21T08:00:00Z,0.00012145,8
SOLUSDT,2020-11-21T08:00:00Z,0.0001,8
BTCUSDT,2020-11-21T16:00:00Z,0.00059438,8
ETHUSDT,2020-11-21T16:00:00Z,0.00075533,8
SOLUSDT,2020-11-21T16:00:00Z,0.00101282,8
BTCUSDT,2020-11-22T00:00:00Z,0.00080363,8
ETHUSDT,2020-11-22T00:00:00Z,0.00080539,8
SOLUSDT,2020-11-22T00:00:00Z,0.00102128,8
BTCUSDT,2020-11-22T08:00:00Z,0.00086985,8
ETHUSDT,2020-11-22T08:00:00Z,0.0008501,8
SOLUSDT,2020-11-22T08:00:00Z,-0.00055853,8
BTCUSDT,2020-11-22T16:00:00Z,0.00066537,8
ETHUSDT,2020-11-22T16:00:00Z,0.00073816,8
SOLUSDT,2020-11-22T16:00:00Z,-0.00074916,8
BTCUSDT,2020-11-23T00:00:00Z,0.00101151,8
ETHUSDT,2020-11-23T00:00:00Z,0.00158187,8
SOLUSDT,2020-11-23T00:00:00Z,-0.00047751,8
BTCUSDT,2020-11-23T08:00:00Z,0.00076207,8
ETHUSDT,2020-11-23T08:00:00Z,0.00114125,8
SOLUSDT,2020-11-23T08:00:00Z,-0.00013206,8
BTCUSDT,2020-11-23T16:00:00Z,0.00108391,8
ETHUSDT,2020-11-23T16:00:00Z,0.00085758,8
SOLUSDT,2020-11-23T16:00:00Z,-1.472e-05,8
BTCUSDT,2020-11-24T00:00:00Z,0.00050801,8
ETHUSDT,2020-11-24T00:00:00Z,0.00064276,8
SOLUSDT,2020-11-24T00:00:00Z,0.0001,8
BTCUSDT,2020-11-24T08:00:00Z,0.00060366,8
ETHUSDT,2020-11-24T08:00:00Z,0.00091981,8
SOLUSDT,2020-11-24T08:00:00Z,0.00030371,8
BTCUSDT,2020-11-24T16:00:00Z,0.00081176,8
ETHUSDT,2020-11-24T16:00:00Z,0.00116688,8
SOLUSDT,2020-11-24T16:00:00Z,0.0001,8
BTCUSDT,2020-11-25T00:00:00Z,0.00084235,8
ETHUSDT,2020-11-25T00:00:00Z,0.00073994,8
SOLUSDT,2020-11-25T00:00:00Z,0.00041817,8
BTCUSDT,2020-11-25T08:00:00Z,0.00038079,8
ETHUSDT,2020-11-25T08:00:00Z,0.00053128,8
SOLUSDT,2020-11-25T08:00:00Z,0.0001,8
BTCUSDT,2020-11-25T16:00:00Z,0.00075292,8
ETHUSDT,2020-11-25T16:00:00Z,0.00116534,8
SOLUSDT,2020-11-25T16:00:00Z,0.00068985,8
BTCUSDT,2020-11-26T00:00:00Z,0.00035414,8
ETHUSDT,2020-11-26T00:00:00Z,0.00048837,8
SOLUSDT,2020-11-26T00:00:00Z,-0.00027055,8
BTCUSDT,2020-11-26T08:00:00Z,0.0001313,8
ETHUSDT,2020-11-26T08:00:00Z,0.0001,8
SOLUSDT,2020-11-26T08:00:00Z,-0.00419164,8
BTCUSDT,2020-11-26T16:00:00Z,0.00028796,8
ETHUSDT,2020-11-26T16:00:00Z,0.00013275,8
SOLUSDT,2020-11-26T16:00:00Z,-0.00095725,8
BTCUSDT,2020-11-27T00:00:00Z,0.00010773,8
ETHUSDT,2020-11-27T00:00:00Z,0.0002475,8
SOLUSDT,2020-11-27T00:00:00Z,-0.0025881,8
BTCUSDT,2020-11-27T08:00:00Z,0.0001,8
ETHUSDT,2020-11-27T08:00:00Z,0.0001,8
SOLUSDT,2020-11-27T08:00:00Z,-0.00179633,8
BTCUSDT,2020-11-27T16:00:00Z,0.0001,8
ETHUSDT,2020-11-27T16:00:00Z,0.0001,8
SOLUSDT,2020-11-27T16:00:00Z,-0.00258539,8
BTCUSDT,2020-11-28T00:00:00Z,0.0001,8
ETHUSDT,2020-11-28T00:00:00Z,0.0001,8
SOLUSDT,2020-11-28T00:00:00Z,-0.00121635,8
BTCUSDT,2020-11-28T08:00:00Z,0.0001,8
ETHUSDT,2020-11-28T08:00:00Z,0.0001,8
SOLUSDT,2020-11-28T08:00:00Z,-0.00136122,8
BTCUSDT,2020-11-28T16:00:00Z,0.0001,8
ETHUSDT,2020-11-28T16:00:00Z,0.0001,8
SOLUSDT,2020-11-28T16:00:00Z,-0.00091001,8
BTCUSDT,2020-11-29T00:00:00Z,0.0001,8
ETHUSDT,2020-11-29T00:00:00Z,0.0001,8
SOLUSDT,2020-11-29T00:00:00Z,-0.0008815,8
BTCUSDT,2020-11-29T08:00:00Z,0.0001,8
ETHUSDT,2020-11-29T08:00:00Z,0.0001,8
SOLUSDT,2020-11-29T08:00:00Z,-0.00225574,8
BTCUSDT,2020-11-29T16:00:00Z,0.0001,8
ETHUSDT,2020-11-29T16:00:00Z,0.0001,8
SOLUSDT,2020-11-29T16:00:00Z,-0.0006728,8
BTCUSDT,2020-11-30T00:00:00Z,0.0001,8
ETHUSDT,2020-11-30T00:00:00Z,0.0001,8
SOLUSDT,2020-11-30T00:00:00Z,-0.0007644,8
BTCUSDT,2020-11-30T08:00:00Z,0.0001,8
ETHUSDT,2020-11-30T08:00:00Z,0.00036965,8
SOLUSDT,2020-11-30T08:00:00Z,-0.00090649,8
BTCUSDT,2020-11-30T16:00:00Z,0.00029481,8
ETHUSDT,2020-11-30T16:00:00Z,0.00090116,8
SOLUSDT,2020-11-30T16:00:00Z,-0.00055293,8
BTCUSDT,2020-12-01T00:00:00Z,0.00045929,8
ETHUSDT,2020-12-01T00:00:00Z,0.00039869,8
SOLUSDT,2020-12-01T00:00:00Z,-0.00099685,8
BTCUSDT,2020-12-01T08:00:00Z,0.00043287,8
ETHUSDT,2020-12-01T08:00:00Z,0.00058752,8
SOLUSDT,2020-12-01T08:00:00Z,-0.00089102,8
BTCUSDT,2020-12-01T16:00:00Z,0.00011546,8
ETHUSDT,2020-12-01T16:00:00Z,0.00031592,8
SOLUSDT,2020-12-01T16:00:00Z,-0.0012781,8
BTCUSDT,2020-12-02T00:00:00Z,0.0001,8
ETHUSDT,2020-12-02T00:00:00Z,0.00019429,8
SOLUSDT,2020-12-02T00:00:00Z,-0.0014013,8
BTCUSDT,2020-12-02T08:00:00Z,0.0001,8
ETHUSDT,2020-12-02T08:00:00Z,0.00045805,8
SOLUSDT,2020-12-02T08:00:00Z,-1.74e-06,8
BTCUSDT,2020-12-02T16:00:00Z,0.0001,8
ETHUSDT,2020-12-02T16:00:00Z,0.0001,8
SOLUSDT,2020-12-02T16:00:00Z,-0.00109398,8
BTCUSDT,2020-12-03T00:00:00Z,0.0001,8
ETHUSDT,2020-12-03T00:00:00Z,0.0001,8
SOLUSDT,2020-12-03T00:00:00Z,0.0001,8
BTCUSDT,2020-12-03T08:00:00Z,0.0001,8
ETHUSDT,2020-12-03T08:00:00Z,0.0001,8
SOLUSDT,2020-12-03T08:00:00Z,0.0001,8
BTCUSDT,2020-12-03T16:00:00Z,0.00025455,8
ETHUSDT,2020-12-03T16:00:00Z,0.00077331,8
SOLUSDT,2020-12-03T16:00:00Z,0.0001,8
BTCUSDT,2020-12-04T00:00:00Z,0.00012703,8
ETHUSDT,2020-12-04T00:00:00Z,0.00037142,8
SOLUSDT,2020-12-04T00:00:00Z,0.0001,8
BTCUSDT,2020-12-04T08:00:00Z,0.0001,8
ETHUSDT,2020-12-04T08:00:00Z,0.00015116,8
SOLUSDT,2020-12-04T08:00:00Z,-0.00024496,8
BTCUSDT,2020-12-04T16:00:00Z,0.0001,8
ETHUSDT,2020-12-04T16:00:00Z,0.0001,8
SOLUSDT,2020-12-04T16:00:00Z,-0.0011123,8
BTCUSDT,2020-12-05T00:00:00Z,0.0001,8
ETHUSDT,2020-12-05T00:00:00Z,0.00027833,8
SOLUSDT,2020-12-05T00:00:00Z,-0.00060138,8
BTCUSDT,2020-12-05T08:00:00Z,0.0001,8
ETHUSDT,2020-12-05T08:00:00Z,0.0001,8
SOLUSDT,2020-12-05T08:00:00Z,0.0001,8
BTCUSDT,2020-12-05T16:00:00Z,0.0001,8
ETHUSDT,2020-12-05T16:00:00Z,0.00016022,8
SOLUSDT,2020-12-05T16:00:00Z,-1.751e-05,8
BTCUSDT,2020-12-06T00:00:00Z,0.0001,8
ETHUSDT,2020-12-06T00:00:00Z,0.0001,8
SOLUSDT,2020-12-06T00:00:00Z,0.0001,8
BTCUSDT,2020-12-06T08:00:00Z,0.0001,8
ETHUSDT,2020-12-06T08:00:00Z,0.0001,8
SOLUSDT,2020-12-06T08:00:00Z,0.0001,8
BTCUSDT,2020-12-06T16:00:00Z,0.0001,8
ETHUSDT,2020-12-06T16:00:00Z,0.0001,8
SOLUSDT,2020-12-06T16:00:00Z,0.0001,8
BTCUSDT,2020-12-07T00:00:00Z,0.0001,8
ETHUSDT,2020-12-07T00:00:00Z,0.0001,8
SOLUSDT,2020-12-07T00:00:00Z,0.0001,8
BTCUSDT,2020-12-07T08:00:00Z,0.0001,8
ETHUSDT,2020-12-07T08:00:00Z,0.0001,8
SOLUSDT,2020-12-07T08:00:00Z,0.0001,8
BTCUSDT,2020-12-07T16:00:00Z,0.0001,8
ETHUSDT,2020-12-07T16:00:00Z,0.0001,8
SOLUSDT,2020-12-07T16:00:00Z,0.0001,8
BTCUSDT,2020-12-08T00:00:00Z,0.0001,8
ETHUSDT,2020-12-08T00:00:00Z,0.00029366,8
SOLUSDT,2020-12-08T00:00:00Z,0.0001,8
BTCUSDT,2020-12-08T08:00:00Z,0.0001,8
ETHUSDT,2020-12-08T08:00:00Z,0.00017744,8
SOLUSDT,2020-12-08T08:00:00Z,0.0001,8
BTCUSDT,2020-12-08T16:00:00Z,0.0001,8
ETHUSDT,2020-12-08T16:00:00Z,0.0001,8
SOLUSDT,2020-12-08T16:00:00Z,0.0001,8
BTCUSDT,2020-12-09T00:00:00Z,0.0001,8
ETHUSDT,2020-12-09T00:00:00Z,0.00013842,8
SOLUSDT,2020-12-09T00:00:00Z,7.7e-06,8
BTCUSDT,2020-12-09T08:00:00Z,0.0001,8
ETHUSDT,2020-12-09T08:00:00Z,0.0001,8
SOLUSDT,2020-12-09T08:00:00Z,0.0001,8
BTCUSDT,2020-12-09T16:00:00Z,0.0001,8
ETHUSDT,2020-12-09T16:00:00Z,0.0001,8
SOLUSDT,2020-12-09T16:00:00Z,1.44e-05,8
BTCUSDT,2020-12-10T00:00:00Z,0.0001,8
ETHUSDT,2020-12-10T00:00:00Z,0.0001,8
SOLUSDT,2020-12-10T00:00:00Z,-5.839e-05,8
BTCUSDT,2020-12-10T08:00:00Z,0.0001,8
ETHUSDT,2020-12-10T08:00:00Z,0.0001,8
SOLUSDT,2020-12-10T08:00:00Z,5.504e-05,8
BTCUSDT,2020-12-10T16:00:00Z,0.0001,8
ETHUSDT,2020-12-10T16:00:00Z,0.0001,8
SOLUSDT,2020-12-10T16:00:00Z,-0.00079147,8
BTCUSDT,2020-12-11T00:00:00Z,0.0001,8
ETHUSDT,2020-12-11T00:00:00Z,0.00017393,8
SOLUSDT,2020-12-11T00:00:00Z,0.0001,8
BTCUSDT,2020-12-11T08:00:00Z,0.0001,8
ETHUSDT,2020-12-11T08:00:00Z,0.00012389,8
SOLUSDT,2020-12-11T08:00:00Z,-0.00073541,8
BTCUSDT,2020-12-11T16:00:00Z,0.0001,8
ETHUSDT,2020-12-11T16:00:00Z,0.0001,8
SOLUSDT,2020-12-11T16:00:00Z,0.0001,8
BTCUSDT,2020-12-12T00:00:00Z,0.0001,8
ETHUSDT,2020-12-12T00:00:00Z,0.0001,8
SOLUSDT,2020-12-12T00:00:00Z,8.023e-05,8
BTCUSDT,2020-12-12T08:00:00Z,-2.135e-05,8
ETHUSDT,2020-12-12T08:00:00Z,0.0001,8
SOLUSDT,2020-12-12T08:00:00Z,-0.00234814,8
BTCUSDT,2020-12-12T16:00:00Z,4.314e-05,8
ETHUSDT,2020-12-12T16:00:00Z,0.0001,8
SOLUSDT,2020-12-12T16:00:00Z,-0.00143339,8
BTCUSDT,2020-12-13T00:00:00Z,0.0001,8
ETHUSDT,2020-12-13T00:00:00Z,0.0001,8
SOLUSDT,2020-12-13T00:00:00Z,-0.00173105,8
BTCUSDT,2020-12-13T08:00:00Z,0.0001,8
ETHUSDT,2020-12-13T08:00:00Z,0.0001,8
SOLUSDT,2020-12-13T08:00:00Z,-0.00055675,8
BTCUSDT,2020-12-13T16:00:00Z,0.0001,8
ETHUSDT,2020-12-13T16:00:00Z,0.0001,8
SOLUSDT,2020-12-13T16:00:00Z,-0.00072483,8
BTCUSDT,2020-12-14T00:00:00Z,0.0001,8
ETHUSDT,2020-12-14T00:00:00Z,0.0001,8
SOLUSDT,2020-12-14T00:00:00Z,-0.00035996,8
BTCUSDT,2020-12-14T08:00:00Z,0.0001,8
ETHUSDT,2020-12-14T08:00:00Z,0.0001,8
SOLUSDT,2020-12-14T08:00:00Z,-9.372e-05,8
BTCUSDT,2020-12-14T16:00:00Z,0.0001,8
ETHUSDT,2020-12-14T16:00:00Z,0.0001,8
SOLUSDT,2020-12-14T16:00:00Z,-8.654e-05,8
BTCUSDT,2020-12-15T00:00:00Z,0.0001,8
ETHUSDT,2020-12-15T00:00:00Z,0.0001,8
SOLUSDT,2020-12-15T00:00:00Z,-0.00046511,8
BTCUSDT,2020-12-15T08:00:00Z,0.0001,8
ETHUSDT,2020-12-15T08:00:00Z,0.0001,8
SOLUSDT,2020-12-15T08:00:00Z,-0.0007831,8
BTCUSDT,2020-12-15T16:00:00Z,0.0001,8
ETHUSDT,2020-12-15T16:00:00Z,0.0001,8
SOLUSDT,2020-12-15T16:00:00Z,-0.00056365,8
BTCUSDT,2020-12-16T00:00:00Z,0.0001,8
ETHUSDT,2020-12-16T00:00:00Z,0.0001,8
SOLUSDT,2020-12-16T00:00:00Z,-0.00035194,8
BTCUSDT,2020-12-16T08:00:00Z,0.0001,8
ETHUSDT,2020-12-16T08:00:00Z,0.0001,8
SOLUSDT,2020-12-16T08:00:00Z,0.0001,8
BTCUSDT,2020-12-16T16:00:00Z,0.00046054,8
ETHUSDT,2020-12-16T16:00:00Z,0.0010246,8
SOLUSDT,2020-12-16T16:00:00Z,0.0001,8
BTCUSDT,2020-12-17T00:00:00Z,0.0001,8
ETHUSDT,2020-12-17T00:00:00Z,0.00050069,8
SOLUSDT,2020-12-17T00:00:00Z,0.0001,8
BTCUSDT,2020-12-17T08:00:00Z,0.00021355,8
ETHUSDT,2020-12-17T08:00:00Z,0.00073138,8
SOLUSDT,2020-12-17T08:00:00Z,0.0001,8
BTCUSDT,2020-12-17T16:00:00Z,0.00054618,8
ETHUSDT,2020-12-17T16:00:00Z,0.00133961,8
SOLUSDT,2020-12-17T16:00:00Z,0.0001,8
BTCUSDT,2020-12-18T00:00:00Z,0.00028532,8
ETHUSDT,2020-12-18T00:00:00Z,0.00026396,8
SOLUSDT,2020-12-18T00:00:00Z,0.0001,8
BTCUSDT,2020-12-18T08:00:00Z,0.00053548,8
ETHUSDT,2020-12-18T08:00:00Z,0.00050887,8
SOLUSDT,2020-12-18T08:00:00Z,0.0001,8
BTCUSDT,2020-12-18T16:00:00Z,0.00045032,8
ETHUSDT,2020-12-18T16:00:00Z,0.00061589,8
SOLUSDT,2020-12-18T16:00:00Z,0.0001,8
BTCUSDT,2020-12-19T00:00:00Z,0.0001,8
ETHUSDT,2020-12-19T00:00:00Z,0.00064688,8
SOLUSDT,2020-12-19T00:00:00Z,0.0001,8
BTCUSDT,2020-12-19T08:00:00Z,0.00038032,8
ETHUSDT,2020-12-19T08:00:00Z,0.00052066,8
SOLUSDT,2020-12-19T08:00:00Z,0.0001,8
BTCUSDT,2020-12-19T16:00:00Z,0.00070544,8
ETHUSDT,2020-12-19T16:00:00Z,0.00088042,8
SOLUSDT,2020-12-19T16:00:00Z,0.0001,8
BTCUSDT,2020-12-20T00:00:00Z,0.00078228,8
ETHUSDT,2020-12-20T00:00:00Z,0.00072872,8
SOLUSDT,2020-12-20T00:00:00Z,0.0001,8
BTCUSDT,2020-12-20T08:00:00Z,0.00037486,8
ETHUSDT,2020-12-20T08:00:00Z,0.00030872,8
SOLUSDT,2020-12-20T08:00:00Z,0.0001,8
BTCUSDT,2020-12-20T16:00:00Z,0.00038896,8
ETHUSDT,2020-12-20T16:00:00Z,0.00058382,8
SOLUSDT,2020-12-20T16:00:00Z,0.0001,8
BTCUSDT,2020-12-21T00:00:00Z,0.00041795,8
ETHUSDT,2020-12-21T00:00:00Z,0.00019993,8
SOLUSDT,2020-12-21T00:00:00Z,0.0001,8
BTCUSDT,2020-12-21T08:00:00Z,0.00030249,8
ETHUSDT,2020-12-21T08:00:00Z,0.00041128,8
SOLUSDT,2020-12-21T08:00:00Z,0.0001,8
BTCUSDT,2020-12-21T16:00:00Z,0.00023741,8
ETHUSDT,2020-12-21T16:00:00Z,0.00017551,8
SOLUSDT,2020-12-21T16:00:00Z,0.00027015,8
BTCUSDT,2020-12-22T00:00:00Z,0.0001,8
ETHUSDT,2020-12-22T00:00:00Z,0.00013065,8
SOLUSDT,2020-12-22T00:00:00Z,0.0001,8
BTCUSDT,2020-12-22T08:00:00Z,0.0001,8
ETHUSDT,2020-12-22T08:00:00Z,0.00012634,8
SOLUSDT,2020-12-22T08:00:00Z,0.0001,8
BTCUSDT,2020-12-22T16:00:00Z,0.00019956,8
ETHUSDT,2020-12-22T16:00:00Z,0.0001,8
SOLUSDT,2020-12-22T16:00:00Z,0.0001,8
BTCUSDT,2020-12-23T00:00:00Z,0.0001131,8
ETHUSDT,2020-12-23T00:00:00Z,0.00033124,8
SOLUSDT,2020-12-23T00:00:00Z,-4.427e-05,8
BTCUSDT,2020-12-23T08:00:00Z,0.0001,8
ETHUSDT,2020-12-23T08:00:00Z,0.00019732,8
SOLUSDT,2020-12-23T08:00:00Z,0.0001,8
BTCUSDT,2020-12-23T16:00:00Z,0.00010214,8
ETHUSDT,2020-12-23T16:00:00Z,0.0001,8
SOLUSDT,2020-12-23T16:00:00Z,0.0001,8
BTCUSDT,2020-12-24T00:00:00Z,0.0001,8
ETHUSDT,2020-12-24T00:00:00Z,0.0001,8
SOLUSDT,2020-12-24T00:00:00Z,-0.00044413,8
BTCUSDT,2020-12-24T08:00:00Z,0.0001,8
ETHUSDT,2020-12-24T08:00:00Z,0.0001,8
SOLUSDT,2020-12-24T08:00:00Z,-0.00049946,8
BTCUSDT,2020-12-24T16:00:00Z,0.00027216,8
ETHUSDT,2020-12-24T16:00:00Z,0.0001,8
SOLUSDT,2020-12-24T16:00:00Z,-0.00023132,8
BTCUSDT,2020-12-25T00:00:00Z,0.00018528,8
ETHUSDT,2020-12-25T00:00:00Z,0.0001,8
SOLUSDT,2020-12-25T00:00:00Z,-0.00041957,8
BTCUSDT,2020-12-25T08:00:00Z,0.0001,8
ETHUSDT,2020-12-25T08:00:00Z,0.0001,8
SOLUSDT,2020-12-25T08:00:00Z,-0.00119,8
BTCUSDT,2020-12-25T16:00:00Z,0.00034905,8
ETHUSDT,2020-12-25T16:00:00Z,0.00010889,8
SOLUSDT,2020-12-25T16:00:00Z,-0.00128276,8
BTCUSDT,2020-12-26T00:00:00Z,0.0001,8
ETHUSDT,2020-12-26T00:00:00Z,0.0001,8
SOLUSDT,2020-12-26T00:00:00Z,-0.00143412,8
BTCUSDT,2020-12-26T08:00:00Z,0.00016965,8
ETHUSDT,2020-12-26T08:00:00Z,0.0001,8
SOLUSDT,2020-12-26T08:00:00Z,-0.00120753,8
BTCUSDT,2020-12-26T16:00:00Z,0.0001,8
ETHUSDT,2020-12-26T16:00:00Z,0.0001,8
SOLUSDT,2020-12-26T16:00:00Z,-0.00254219,8
BTCUSDT,2020-12-27T00:00:00Z,0.0001994,8
ETHUSDT,2020-12-27T00:00:00Z,0.00037063,8
SOLUSDT,2020-12-27T00:00:00Z,-0.00101518,8
BTCUSDT,2020-12-27T08:00:00Z,0.00025468,8
ETHUSDT,2020-12-27T08:00:00Z,0.00049062,8
SOLUSDT,2020-12-27T08:00:00Z,-0.00163498,8
BTCUSDT,2020-12-27T16:00:00Z,0.00071164,8
ETHUSDT,2020-12-27T16:00:00Z,0.00068798,8
SOLUSDT,2020-12-27T16:00:00Z,-0.00071416,8
BTCUSDT,2020-12-28T00:00:00Z,0.00043463,8
ETHUSDT,2020-12-28T00:00:00Z,0.0006785,8
SOLUSDT,2020-12-28T00:00:00Z,9.235e-05,8
BTCUSDT,2020-12-28T08:00:00Z,0.00036133,8
ETHUSDT,2020-12-28T08:00:00Z,0.00096296,8
SOLUSDT,2020-12-28T08:00:00Z,-6.254e-05,8
BTCUSDT,2020-12-28T16:00:00Z,0.00071278,8
ETHUSDT,2020-12-28T16:00:00Z,0.0007751,8
SOLUSDT,2020-12-28T16:00:00Z,-0.00078108,8
BTCUSDT,2020-12-29T00:00:00Z,0.00037693,8
ETHUSDT,2020-12-29T00:00:00Z,0.00063783,8
SOLUSDT,2020-12-29T00:00:00Z,-0.0004725,8
BTCUSDT,2020-12-29T08:00:00Z,0.0004893,8
ETHUSDT,2020-12-29T08:00:00Z,0.00076943,8
SOLUSDT,2020-12-29T08:00:00Z,-0.00169461,8
BTCUSDT,2020-12-29T16:00:00Z,0.00039914,8
ETHUSDT,2020-12-29T16:00:00Z,0.00062907,8
SOLUSDT,2020-12-29T16:00:00Z,-0.00039761,8
BTCUSDT,2020-12-30T00:00:00Z,0.00048979,8
ETHUSDT,2020-12-30T00:00:00Z,0.00075238,8
SOLUSDT,2020-12-30T00:00:00Z,-0.00045529,8
BTCUSDT,2020-12-30T08:00:00Z,0.00076836,8
ETHUSDT,2020-12-30T08:00:00Z,0.00090448,8
SOLUSDT,2020-12-30T08:00:00Z,-0.00154578,8
BTCUSDT,2020-12-30T16:00:00Z,0.0006288,8
ETHUSDT,2020-12-30T16:00:00Z,0.00055831,8
SOLUSDT,2020-12-30T16:00:00Z,-0.00112551,8
BTCUSDT,2020-12-31T00:00:00Z,0.00053292,8
ETHUSDT,2020-12-31T00:00:00Z,0.00078059,8
SOLUSDT,2020-12-31T00:00:00Z,-0.0008723,8
BTCUSDT,2020-12-31T08:00:00Z,0.00060345,8
ETHUSDT,2020-12-31T08:00:00Z,0.00039102,8
SOLUSDT,2020-12-31T08:00:00Z,-0.00095399,8
BTCUSDT,2020-12-31T16:00:00Z,0.00036744,8
ETHUSDT,2020-12-31T16:00:00Z,0.0003487,8
SOLUSDT,2020-12-31T16:00:00Z,-0.00161978,8
BTCUSDT,2021-01-01T00:00:00Z,0.00022753,8
ETHUSDT,2021-01-01T00:00:00Z,0.00034491,8
SOLUSDT,2021-01-01T00:00:00Z,-0.00165238,8
BTCUSDT,2021-01-01T08:00:00Z,0.00026336,8
ETHUSDT,2021-01-01T08:00:00Z,0.00061141,8
SOLUSDT,2021-01-01T08:00:00Z,-0.00204383,8
BTCUSDT,2021-01-01T16:00:00Z,0.00034457,8
ETHUSDT,2021-01-01T16:00:00Z,0.00056803,8
SOLUSDT,2021-01-01T16:00:00Z,-0.0008075,8
BTCUSDT,2021-01-02T00:00:00Z,0.0001,8
ETHUSDT,2021-01-02T00:00:00Z,0.00025572,8
SOLUSDT,2021-01-02T00:00:00Z,-0.00120567,8
BTCUSDT,2021-01-02T08:00:00Z,0.00020151,8
ETHUSDT,2021-01-02T08:00:00Z,0.00049233,8
SOLUSDT,2021-01-02T08:00:00Z,0.0001,8
BTCUSDT,2021-01-02T16:00:00Z,0.00115471,8
ETHUSDT,2021-01-02T16:00:00Z,0.00109186,8
SOLUSDT,2021-01-02T16:00:00Z,-7.871e-05,8
BTCUSDT,2021-01-03T00:00:00Z,0.00124058,8
ETHUSDT,2021-01-03T00:00:00Z,0.00062004,8
SOLUSDT,2021-01-03T00:00:00Z,-9.318e-05,8
BTCUSDT,2021-01-03T08:00:00Z,0.00114744,8
ETHUSDT,2021-01-03T08:00:00Z,0.00074404,8
SOLUSDT,2021-01-03T08:00:00Z,-0.00048296,8
BTCUSDT,2021-01-03T16:00:00Z,0.00155006,8
ETHUSDT,2021-01-03T16:00:00Z,0.00171498,8
SOLUSDT,2021-01-03T16:00:00Z,-0.00253289,8
BTCUSDT,2021-01-04T00:00:00Z,0.00164126,8
ETHUSDT,2021-01-04T00:00:00Z,0.00295549,8
SOLUSDT,2021-01-04T00:00:00Z,-0.00302774,8
BTCUSDT,2021-01-04T08:00:00Z,0.00236482,8
ETHUSDT,2021-01-04T08:00:00Z,0.00375,8
SOLUSDT,2021-01-04T08:00:00Z,0.0001,8
BTCUSDT,2021-01-04T16:00:00Z,0.00056137,8
ETHUSDT,2021-01-04T16:00:00Z,0.00085432,8
SOLUSDT,2021-01-04T16:00:00Z,-0.00240332,8
BTCUSDT,2021-01-05T00:00:00Z,0.00088338,8
ETHUSDT,2021-01-05T00:00:00Z,0.00102541,8
SOLUSDT,2021-01-05T00:00:00Z,-0.00667102,8
BTCUSDT,2021-01-05T08:00:00Z,0.00047166,8
ETHUSDT,2021-01-05T08:00:00Z,0.0004305,8
SOLUSDT,2021-01-05T08:00:00Z,-0.00285395,8
BTCUSDT,2021-01-05T16:00:00Z,0.00062904,8
ETHUSDT,2021-01-05T16:00:00Z,0.00102796,8
SOLUSDT,2021-01-05T16:00:00Z,-0.00482538,8
BTCUSDT,2021-01-06T00:00:00Z,0.00127193,8
ETHUSDT,2021-01-06T00:00:00Z,0.0018218,8
SOLUSDT,2021-01-06T00:00:00Z,-0.0075,8
BTCUSDT,2021-01-06T08:00:00Z,0.00210008,8
ETHUSDT,2021-01-06T08:00:00Z,0.00222459,8
SOLUSDT,2021-01-06T08:00:00Z,-0.0075,8
BTCUSDT,2021-01-06T16:00:00Z,0.00149253,8
ETHUSDT,2021-01-06T16:00:00Z,0.00253317,8
SOLUSDT,2021-01-06T16:00:00Z,-0.0075,8
BTCUSDT,2021-01-07T00:00:00Z,0.00100316,8
ETHUSDT,2021-01-07T00:00:00Z,0.00114512,8
SOLUSDT,2021-01-07T00:00:00Z,-0.0075,8
BTCUSDT,2021-01-07T08:00:00Z,0.00142744,8
ETHUSDT,2021-01-07T08:00:00Z,0.00165953,8
SOLUSDT,2021-01-07T08:00:00Z,-0.0075,8
BTCUSDT,2021-01-07T16:00:00Z,0.00099841,8
ETHUSDT,2021-01-07T16:00:00Z,0.00176605,8
SOLUSDT,2021-01-07T16:00:00Z,0.0,8
BTCUSDT,2021-01-08T00:00:00Z,0.00213517,8
ETHUSDT,2021-01-08T00:00:00Z,0.00171757,8
SOLUSDT,2021-01-08T00:00:00Z,-0.00094262,8
BTCUSDT,2021-01-08T08:00:00Z,0.00092044,8
ETHUSDT,2021-01-08T08:00:00Z,0.00077262,8
SOLUSDT,2021-01-08T08:00:00Z,0.00071256,8
BTCUSDT,2021-01-08T16:00:00Z,0.00131892,8
ETHUSDT,2021-01-08T16:00:00Z,0.00137534,8
SOLUSDT,2021-01-08T16:00:00Z,0.00012872,8
BTCUSDT,2021-01-09T00:00:00Z,0.00062954,8
ETHUSDT,2021-01-09T00:00:00Z,0.0006769,8
SOLUSDT,2021-01-09T00:00:00Z,0.0003294,8
BTCUSDT,2021-01-09T08:00:00Z,0.00066918,8
ETHUSDT,2021-01-09T08:00:00Z,0.00068612,8
SOLUSDT,2021-01-09T08:00:00Z,0.00138669,8
BTCUSDT,2021-01-09T16:00:00Z,0.00146942,8
ETHUSDT,2021-01-09T16:00:00Z,0.00156908,8
SOLUSDT,2021-01-09T16:00:00Z,0.00051747,8
BTCUSDT,2021-01-10T00:00:00Z,0.00145604,8
ETHUSDT,2021-01-10T00:00:00Z,0.00340522,8
SOLUSDT,2021-01-10T00:00:00Z,0.00318311,8
BTCUSDT,2021-01-10T08:00:00Z,0.00120632,8
ETHUSDT,2021-01-10T08:00:00Z,0.00202919,8
SOLUSDT,2021-01-10T08:00:00Z,0.00201398,8
BTCUSDT,2021-01-10T16:00:00Z,0.00052988,8
ETHUSDT,2021-01-10T16:00:00Z,0.00126049,8
SOLUSDT,2021-01-10T16:00:00Z,0.00080074,8
BTCUSDT,2021-01-11T00:00:00Z,0.00086486,8
ETHUSDT,2021-01-11T00:00:00Z,0.00177547,8
SOLUSDT,2021-01-11T00:00:00Z,0.00024441,8
BTCUSDT,2021-01-11T08:00:00Z,0.00081553,8
ETHUSDT,2021-01-11T08:00:00Z,0.0006624,8
SOLUSDT,2021-01-11T08:00:00Z,0.0001,8
BTCUSDT,2021-01-11T16:00:00Z,0.00053444,8
ETHUSDT,2021-01-11T16:00:00Z,0.00039691,8
SOLUSDT,2021-01-11T16:00:00Z,0.00087274,8
BTCUSDT,2021-01-12T00:00:00Z,0.00033526,8
ETHUSDT,2021-01-12T00:00:00Z,0.0001,8
SOLUSDT,2021-01-12T00:00:00Z,0.0001,8
BTCUSDT,2021-01-12T08:00:00Z,0.00050855,8
ETHUSDT,2021-01-12T08:00:00Z,0.00045084,8
SOLUSDT,2021-01-12T08:00:00Z,-4.075e-05,8
BTCUSDT,2021-01-12T16:00:00Z,0.00054945,8
ETHUSDT,2021-01-12T16:00:00Z,0.00058059,8
SOLUSDT,2021-01-12T16:00:00Z,0.0001,8
BTCUSDT,2021-01-13T00:00:00Z,0.00014768,8
ETHUSDT,2021-01-13T00:00:00Z,0.00037339,8
SOLUSDT,2021-01-13T00:00:00Z,0.00030906,8
BTCUSDT,2021-01-13T08:00:00Z,0.0002259,8
ETHUSDT,2021-01-13T08:00:00Z,0.0001184,8
SOLUSDT,2021-01-13T08:00:00Z,0.00028285,8
BTCUSDT,2021-01-13T16:00:00Z,0.0007053,8
ETHUSDT,2021-01-13T16:00:00Z,0.00040496,8
SOLUSDT,2021-01-13T16:00:00Z,0.0001,8
BTCUSDT,2021-01-14T00:00:00Z,0.00078331,8
ETHUSDT,2021-01-14T00:00:00Z,0.00054804,8
SOLUSDT,2021-01-14T00:00:00Z,0.0001,8
BTCUSDT,2021-01-14T08:00:00Z,0.00072627,8
ETHUSDT,2021-01-14T08:00:00Z,0.0005229,8
SOLUSDT,2021-01-14T08:00:00Z,0.00013077,8
BTCUSDT,2021-01-14T16:00:00Z,0.00068503,8
ETHUSDT,2021-01-14T16:00:00Z,0.0007165,8
SOLUSDT,2021-01-14T16:00:00Z,0.00127162,8
BTCUSDT,2021-01-15T00:00:00Z,0.00055628,8
ETHUSDT,2021-01-15T00:00:00Z,0.00027278,8
SOLUSDT,2021-01-15T00:00:00Z,0.0001,8
BTCUSDT,2021-01-15T08:00:00Z,0.00064483,8
ETHUSDT,2021-01-15T08:00:00Z,0.00055774,8
SOLUSDT,2021-01-15T08:00:00Z,0.0001,8
BTCUSDT,2021-01-15T16:00:00Z,0.00118185,8
ETHUSDT,2021-01-15T16:00:00Z,0.00087472,8
SOLUSDT,2021-01-15T16:00:00Z,0.00099857,8
BTCUSDT,2021-01-16T00:00:00Z,0.0001,8
ETHUSDT,2021-01-16T00:00:00Z,0.00014675,8
SOLUSDT,2021-01-16T00:00:00Z,0.00063201,8
BTCUSDT,2021-01-16T08:00:00Z,0.00032573,8
ETHUSDT,2021-01-16T08:00:00Z,0.00054404,8
SOLUSDT,2021-01-16T08:00:00Z,0.00082427,8
BTCUSDT,2021-01-16T16:00:00Z,0.00068496,8
ETHUSDT,2021-01-16T16:00:00Z,0.00152456,8
SOLUSDT,2021-01-16T16:00:00Z,0.00199151,8
BTCUSDT,2021-01-17T00:00:00Z,0.00033109,8
ETHUSDT,2021-01-17T00:00:00Z,0.00106467,8
SOLUSDT,2021-01-17T00:00:00Z,0.0011316,8
BTCUSDT,2021-01-17T08:00:00Z,0.00030276,8
ETHUSDT,2021-01-17T08:00:00Z,0.00050098,8
SOLUSDT,2021-01-17T08:00:00Z,0.00088588,8
BTCUSDT,2021-01-17T16:00:00Z,0.0001,8
ETHUSDT,2021-01-17T16:00:00Z,0.00051088,8
SOLUSDT,2021-01-17T16:00:00Z,0.00026075,8
BTCUSDT,2021-01-18T00:00:00Z,0.00055375,8
ETHUSDT,2021-01-18T00:00:00Z,0.00109082,8
SOLUSDT,2021-01-18T00:00:00Z,0.00122517,8
BTCUSDT,2021-01-18T08:00:00Z,0.00049321,8
ETHUSDT,2021-01-18T08:00:00Z,0.00028606,8
SOLUSDT,2021-01-18T08:00:00Z,0.0007264,8
BTCUSDT,2021-01-18T16:00:00Z,0.0010355,8
ETHUSDT,2021-01-18T16:00:00Z,0.00109269,8
SOLUSDT,2021-01-18T16:00:00Z,0.00146114,8
BTCUSDT,2021-01-19T00:00:00Z,0.0006167,8
ETHUSDT,2021-01-19T00:00:00Z,0.00121462,8
SOLUSDT,2021-01-19T00:00:00Z,0.00120146,8
BTCUSDT,2021-01-19T08:00:00Z,0.0014009,8
ETHUSDT,2021-01-19T08:00:00Z,0.00197982,8
SOLUSDT,2021-01-19T08:00:00Z,0.00123494,8
BTCUSDT,2021-01-19T16:00:00Z,0.00158467,8
ETHUSDT,2021-01-19T16:00:00Z,0.00199604,8
SOLUSDT,2021-01-19T16:00:00Z,0.0001,8
BTCUSDT,2021-01-20T00:00:00Z,0.00088178,8
ETHUSDT,2021-01-20T00:00:00Z,0.00153883,8
SOLUSDT,2021-01-20T00:00:00Z,0.0001,8
BTCUSDT,2021-01-20T08:00:00Z,0.00017967,8
ETHUSDT,2021-01-20T08:00:00Z,0.00072796,8
SOLUSDT,2021-01-20T08:00:00Z,0.0001,8
BTCUSDT,2021-01-20T16:00:00Z,0.00016482,8
ETHUSDT,2021-01-20T16:00:00Z,0.00048461,8
SOLUSDT,2021-01-20T16:00:00Z,-0.00034721,8
BTCUSDT,2021-01-21T00:00:00Z,0.00042078,8
ETHUSDT,2021-01-21T00:00:00Z,0.00034937,8
SOLUSDT,2021-01-21T00:00:00Z,-4.668e-05,8
BTCUSDT,2021-01-21T08:00:00Z,0.00048357,8
ETHUSDT,2021-01-21T08:00:00Z,0.00065753,8
SOLUSDT,2021-01-21T08:00:00Z,0.0001,8
BTCUSDT,2021-01-21T16:00:00Z,0.00026589,8
ETHUSDT,2021-01-21T16:00:00Z,0.00037547,8
SOLUSDT,2021-01-21T16:00:00Z,-8.357e-05,8
BTCUSDT,2021-01-22T00:00:00Z,0.0001,8
ETHUSDT,2021-01-22T00:00:00Z,0.00020251,8
SOLUSDT,2021-01-22T00:00:00Z,-0.00054589,8
BTCUSDT,2021-01-22T08:00:00Z,0.0001,8
ETHUSDT,2021-01-22T08:00:00Z,0.00016737,8
SOLUSDT,2021-01-22T08:00:00Z,-0.00028412,8
BTCUSDT,2021-01-22T16:00:00Z,0.0001,8
ETHUSDT,2021-01-22T16:00:00Z,0.0001,8
SOLUSDT,2021-01-22T16:00:00Z,0.0001,8
BTCUSDT,2021-01-23T00:00:00Z,0.0001,8
ETHUSDT,2021-01-23T00:00:00Z,0.00015431,8
SOLUSDT,2021-01-23T00:00:00Z,0.0001,8
BTCUSDT,2021-01-23T08:00:00Z,0.00012182,8
ETHUSDT,2021-01-23T08:00:00Z,0.00020659,8
SOLUSDT,2021-01-23T08:00:00Z,0.0001,8
BTCUSDT,2021-01-23T16:00:00Z,0.0001,8
ETHUSDT,2021-01-23T16:00:00Z,0.00028319,8
SOLUSDT,2021-01-23T16:00:00Z,0.0001,8
BTCUSDT,2021-01-24T00:00:00Z,0.0001,8
ETHUSDT,2021-01-24T00:00:00Z,0.00093097,8
SOLUSDT,2021-01-24T00:00:00Z,0.0001,8
BTCUSDT,2021-01-24T08:00:00Z,0.00014368,8
ETHUSDT,2021-01-24T08:00:00Z,0.00058705,8
SOLUSDT,2021-01-24T08:00:00Z,0.00014037,8
BTCUSDT,2021-01-24T16:00:00Z,0.00041388,8
ETHUSDT,2021-01-24T16:00:00Z,0.00094274,8
SOLUSDT,2021-01-24T16:00:00Z,0.0001,8
BTCUSDT,2021-01-25T00:00:00Z,0.0001,8
ETHUSDT,2021-01-25T00:00:00Z,0.00050723,8
SOLUSDT,2021-01-25T00:00:00Z,0.00019694,8
BTCUSDT,2021-01-25T08:00:00Z,0.00052253,8
ETHUSDT,2021-01-25T08:00:00Z,0.00105754,8
SOLUSDT,2021-01-25T08:00:00Z,0.0011324,8
BTCUSDT,2021-01-25T16:00:00Z,0.00042414,8
ETHUSDT,2021-01-25T16:00:00Z,0.00093264,8
SOLUSDT,2021-01-25T16:00:00Z,0.0001,8
BTCUSDT,2021-01-26T00:00:00Z,0.00013506,8
ETHUSDT,2021-01-26T00:00:00Z,0.00034093,8
SOLUSDT,2021-01-26T00:00:00Z,0.0001,8
BTCUSDT,2021-01-26T08:00:00Z,0.0001,8
ETHUSDT,2021-01-26T08:00:00Z,0.00031895,8
SOLUSDT,2021-01-26T08:00:00Z,0.0001,8
BTCUSDT,2021-01-26T16:00:00Z,0.0001,8
ETHUSDT,2021-01-26T16:00:00Z,0.0001,8
SOLUSDT,2021-01-26T16:00:00Z,0.0001,8
BTCUSDT,2021-01-27T00:00:00Z,0.0001,8
ETHUSDT,2021-01-27T00:00:00Z,0.00036342,8
SOLUSDT,2021-01-27T00:00:00Z,0.0001,8
BTCUSDT,2021-01-27T08:00:00Z,0.0001,8
ETHUSDT,2021-01-27T08:00:00Z,0.0001,8
SOLUSDT,2021-01-27T08:00:00Z,0.0001,8
BTCUSDT,2021-01-27T16:00:00Z,0.0001,8
ETHUSDT,2021-01-27T16:00:00Z,0.0001,8
SOLUSDT,2021-01-27T16:00:00Z,0.0001,8
BTCUSDT,2021-01-28T00:00:00Z,0.0001,8
ETHUSDT,2021-01-28T00:00:00Z,0.00014794,8
SOLUSDT,2021-01-28T00:00:00Z,0.0001,8
BTCUSDT,2021-01-28T08:00:00Z,0.0001,8
ETHUSDT,2021-01-28T08:00:00Z,0.0001,8
SOLUSDT,2021-01-28T08:00:00Z,0.0001,8
BTCUSDT,2021-01-28T16:00:00Z,0.00022262,8
ETHUSDT,2021-01-28T16:00:00Z,0.00056884,8
SOLUSDT,2021-01-28T16:00:00Z,0.00032246,8
BTCUSDT,2021-01-29T00:00:00Z,0.0001,8
ETHUSDT,2021-01-29T00:00:00Z,0.00112844,8
SOLUSDT,2021-01-29T00:00:00Z,0.0001027,8
BTCUSDT,2021-01-29T08:00:00Z,0.00064803,8
ETHUSDT,2021-01-29T08:00:00Z,0.00061388,8
SOLUSDT,2021-01-29T08:00:00Z,0.00046897,8
BTCUSDT,2021-01-29T16:00:00Z,0.00166789,8
ETHUSDT,2021-01-29T16:00:00Z,0.00241392,8
SOLUSDT,2021-01-29T16:00:00Z,0.00135527,8
BTCUSDT,2021-01-30T00:00:00Z,0.00039208,8
ETHUSDT,2021-01-30T00:00:00Z,0.00094051,8
SOLUSDT,2021-01-30T00:00:00Z,0.00074522,8
BTCUSDT,2021-01-30T08:00:00Z,0.000332,8
ETHUSDT,2021-01-30T08:00:00Z,0.00037882,8
SOLUSDT,2021-01-30T08:00:00Z,0.000426,8
BTCUSDT,2021-01-30T16:00:00Z,0.00052428,8
ETHUSDT,2021-01-30T16:00:00Z,0.00072777,8
SOLUSDT,2021-01-30T16:00:00Z,0.00083867,8
BTCUSDT,2021-01-31T00:00:00Z,0.00054944,8
ETHUSDT,2021-01-31T00:00:00Z,0.00115111,8
SOLUSDT,2021-01-31T00:00:00Z,0.00136282,8
BTCUSDT,2021-01-31T08:00:00Z,0.00046117,8
ETHUSDT,2021-01-31T08:00:00Z,0.00113497,8
SOLUSDT,2021-01-31T08:00:00Z,0.00068997,8
BTCUSDT,2021-01-31T16:00:00Z,0.00044234,8
ETHUSDT,2021-01-31T16:00:00Z,0.00072236,8
SOLUSDT,2021-01-31T16:00:00Z,0.00125194,8
BTCUSDT,2021-02-01T00:00:00Z,0.00013932,8
ETHUSDT,2021-02-01T00:00:00Z,0.00025014,8
SOLUSDT,2021-02-01T00:00:00Z,0.00025519,8
BTCUSDT,2021-02-01T08:00:00Z,0.00037561,8
ETHUSDT,2021-02-01T08:00:00Z,0.00055359,8
SOLUSDT,2021-02-01T08:00:00Z,0.00037017,8
BTCUSDT,2021-02-01T16:00:00Z,0.00066848,8
ETHUSDT,2021-02-01T16:00:00Z,0.00061764,8
SOLUSDT,2021-02-01T16:00:00Z,0.00023243,8
BTCUSDT,2021-02-02T00:00:00Z,0.00036787,8
ETHUSDT,2021-02-02T00:00:00Z,0.00050304,8
SOLUSDT,2021-02-02T00:00:00Z,0.00049185,8
BTCUSDT,2021-02-02T08:00:00Z,0.00044278,8
ETHUSDT,2021-02-02T08:00:00Z,0.00120708,8
SOLUSDT,2021-02-02T08:00:00Z,0.00049058,8
BTCUSDT,2021-02-02T16:00:00Z,0.00122181,8
ETHUSDT,2021-02-02T16:00:00Z,0.00165937,8
SOLUSDT,2021-02-02T16:00:00Z,0.00178222,8
BTCUSDT,2021-02-03T00:00:00Z,0.00077297,8
ETHUSDT,2021-02-03T00:00:00Z,0.00151935,8
SOLUSDT,2021-02-03T00:00:00Z,0.00185223,8
BTCUSDT,2021-02-03T08:00:00Z,0.00080805,8
ETHUSDT,2021-02-03T08:00:00Z,0.00155522,8
SOLUSDT,2021-02-03T08:00:00Z,0.00090423,8
BTCUSDT,2021-02-03T16:00:00Z,0.00075287,8
ETHUSDT,2021-02-03T16:00:00Z,0.00167923,8
SOLUSDT,2021-02-03T16:00:00Z,0.00103602,8
BTCUSDT,2021-02-04T00:00:00Z,0.00029063,8
ETHUSDT,2021-02-04T00:00:00Z,0.00146092,8
SOLUSDT,2021-02-04T00:00:00Z,0.00114612,8
BTCUSDT,2021-02-04T08:00:00Z,0.00074286,8
ETHUSDT,2021-02-04T08:00:00Z,0.00135459,8
SOLUSDT,2021-02-04T08:00:00Z,0.00196534,8
BTCUSDT,2021-02-04T16:00:00Z,0.00061936,8
ETHUSDT,2021-02-04T16:00:00Z,0.00145079,8
SOLUSDT,2021-02-04T16:00:00Z,0.00116031,8
BTCUSDT,2021-02-05T00:00:00Z,0.00056635,8
ETHUSDT,2021-02-05T00:00:00Z,0.00113736,8
SOLUSDT,2021-02-05T00:00:00Z,0.00139904,8
BTCUSDT,2021-02-05T08:00:00Z,0.00074838,8
ETHUSDT,2021-02-05T08:00:00Z,0.0017643,8
SOLUSDT,2021-02-05T08:00:00Z,0.00250409,8
BTCUSDT,2021-02-05T16:00:00Z,0.00099154,8
ETHUSDT,2021-02-05T16:00:00Z,0.00155465,8
SOLUSDT,2021-02-05T16:00:00Z,0.00248849,8
BTCUSDT,2021-02-06T00:00:00Z,0.00034782,8
ETHUSDT,2021-02-06T00:00:00Z,0.00117123,8
SOLUSDT,2021-02-06T00:00:00Z,0.0012523,8
BTCUSDT,2021-02-06T08:00:00Z,0.00069827,8
ETHUSDT,2021-02-06T08:00:00Z,0.00107002,8
SOLUSDT,2021-02-06T08:00:00Z,0.00177772,8
BTCUSDT,2021-02-06T16:00:00Z,0.00102371,8
ETHUSDT,2021-02-06T16:00:00Z,0.00143968,8
SOLUSDT,2021-02-06T16:00:00Z,0.0015495,8
BTCUSDT,2021-02-07T00:00:00Z,0.00155546,8
ETHUSDT,2021-02-07T00:00:00Z,0.00171115,8
SOLUSDT,2021-02-07T00:00:00Z,0.00069317,8
BTCUSDT,2021-02-07T08:00:00Z,0.00065121,8
ETHUSDT,2021-02-07T08:00:00Z,0.00051183,8
SOLUSDT,2021-02-07T08:00:00Z,0.0001,8
BTCUSDT,2021-02-07T16:00:00Z,0.00106206,8
ETHUSDT,2021-02-07T16:00:00Z,0.00065683,8
SOLUSDT,2021-02-07T16:00:00Z,0.0001,8
BTCUSDT,2021-02-08T00:00:00Z,0.00059267,8
ETHUSDT,2021-02-08T00:00:00Z,0.0001,8
SOLUSDT,2021-02-08T00:00:00Z,0.00045129,8
BTCUSDT,2021-02-08T08:00:00Z,0.00057887,8
ETHUSDT,2021-02-08T08:00:00Z,0.00039877,8
SOLUSDT,2021-02-08T08:00:00Z,0.00085861,8
BTCUSDT,2021-02-08T16:00:00Z,0.00248993,8
ETHUSDT,2021-02-08T16:00:00Z,0.00284408,8
SOLUSDT,2021-02-08T16:00:00Z,0.00189272,8
BTCUSDT,2021-02-09T00:00:00Z,0.00131125,8
ETHUSDT,2021-02-09T00:00:00Z,0.00227548,8
SOLUSDT,2021-02-09T00:00:00Z,0.00209319,8
BTCUSDT,2021-02-09T08:00:00Z,0.00186573,8
ETHUSDT,2021-02-09T08:00:00Z,0.00193315,8
SOLUSDT,2021-02-09T08:00:00Z,0.00304915,8
BTCUSDT,2021-02-09T16:00:00Z,0.00161159,8
ETHUSDT,2021-02-09T16:00:00Z,0.00143234,8
SOLUSDT,2021-02-09T16:00:00Z,0.0028669,8
BTCUSDT,2021-02-10T00:00:00Z,0.00124313,8
ETHUSDT,2021-02-10T00:00:00Z,0.00156788,8
SOLUSDT,2021-02-10T00:00:00Z,0.00243443,8
BTCUSDT,2021-02-10T08:00:00Z,0.0017535,8
ETHUSDT,2021-02-10T08:00:00Z,0.00218071,8
SOLUSDT,2021-02-10T08:00:00Z,0.00332469,8
BTCUSDT,2021-02-10T16:00:00Z,0.00112397,8
ETHUSDT,2021-02-10T16:00:00Z,0.00085146,8
SOLUSDT,2021-02-10T16:00:00Z,0.00113941,8
BTCUSDT,2021-02-11T00:00:00Z,0.00076742,8
ETHUSDT,2021-02-11T00:00:00Z,0.00071884,8
SOLUSDT,2021-02-11T00:00:00Z,0.0016268,8
BTCUSDT,2021-02-11T08:00:00Z,0.0008307,8
ETHUSDT,2021-02-11T08:00:00Z,0.00065956,8
SOLUSDT,2021-02-11T08:00:00Z,0.00151791,8
BTCUSDT,2021-02-11T16:00:00Z,0.0017411,8
ETHUSDT,2021-02-11T16:00:00Z,0.00180566,8
SOLUSDT,2021-02-11T16:00:00Z,0.00128569,8
BTCUSDT,2021-02-12T00:00:00Z,0.00128772,8
ETHUSDT,2021-02-12T00:00:00Z,0.00092117,8
SOLUSDT,2021-02-12T00:00:00Z,0.00211126,8
BTCUSDT,2021-02-12T08:00:00Z,0.0012563,8
ETHUSDT,2021-02-12T08:00:00Z,0.00050482,8
SOLUSDT,2021-02-12T08:00:00Z,0.00076834,8
BTCUSDT,2021-02-12T16:00:00Z,0.00105533,8
ETHUSDT,2021-02-12T16:00:00Z,0.00153886,8
SOLUSDT,2021-02-12T16:00:00Z,0.00087438,8
BTCUSDT,2021-02-13T00:00:00Z,0.00139999,8
ETHUSDT,2021-02-13T00:00:00Z,0.00228313,8
SOLUSDT,2021-02-13T00:00:00Z,0.0026051,8
BTCUSDT,2021-02-13T08:00:00Z,0.00141609,8
ETHUSDT,2021-02-13T08:00:00Z,0.00173035,8
SOLUSDT,2021-02-13T08:00:00Z,0.00188627,8
BTCUSDT,2021-02-13T16:00:00Z,0.00075946,8
ETHUSDT,2021-02-13T16:00:00Z,0.00094692,8
SOLUSDT,2021-02-13T16:00:00Z,0.0014149,8
BTCUSDT,2021-02-14T00:00:00Z,0.00085048,8
ETHUSDT,2021-02-14T00:00:00Z,0.00110785,8
SOLUSDT,2021-02-14T00:00:00Z,0.00251514,8
BTCUSDT,2021-02-14T08:00:00Z,0.00146185,8
ETHUSDT,2021-02-14T08:00:00Z,0.00176822,8
SOLUSDT,2021-02-14T08:00:00Z,0.00252331,8
BTCUSDT,2021-02-14T16:00:00Z,0.00149489,8
ETHUSDT,2021-02-14T16:00:00Z,0.0012426,8
SOLUSDT,2021-02-14T16:00:00Z,0.00257419,8
BTCUSDT,2021-02-15T00:00:00Z,0.0011786,8
ETHUSDT,2021-02-15T00:00:00Z,0.0007946,8
SOLUSDT,2021-02-15T00:00:00Z,0.00066418,8
BTCUSDT,2021-02-15T08:00:00Z,0.00040617,8
ETHUSDT,2021-02-15T08:00:00Z,0.00013827,8
SOLUSDT,2021-02-15T08:00:00Z,0.0001,8
BTCUSDT,2021-02-15T16:00:00Z,0.00068133,8
ETHUSDT,2021-02-15T16:00:00Z,0.00081146,8
SOLUSDT,2021-02-15T16:00:00Z,0.0001,8
BTCUSDT,2021-02-16T00:00:00Z,0.000996,8
ETHUSDT,2021-02-16T00:00:00Z,0.00104485,8
SOLUSDT,2021-02-16T00:00:00Z,0.0001,8
BTCUSDT,2021-02-16T08:00:00Z,0.00123546,8
ETHUSDT,2021-02-16T08:00:00Z,0.00112937,8
SOLUSDT,2021-02-16T08:00:00Z,0.00158627,8
BTCUSDT,2021-02-16T16:00:00Z,0.00141818,8
ETHUSDT,2021-02-16T16:00:00Z,0.00114441,8
SOLUSDT,2021-02-16T16:00:00Z,0.00147931,8
BTCUSDT,2021-02-17T00:00:00Z,0.00104066,8
ETHUSDT,2021-02-17T00:00:00Z,0.00092761,8
SOLUSDT,2021-02-17T00:00:00Z,0.0001,8
BTCUSDT,2021-02-17T08:00:00Z,0.00093436,8
ETHUSDT,2021-02-17T08:00:00Z,0.00106083,8
SOLUSDT,2021-02-17T08:00:00Z,0.00100129,8
BTCUSDT,2021-02-17T16:00:00Z,0.00147112,8
ETHUSDT,2021-02-17T16:00:00Z,0.00232282,8
SOLUSDT,2021-02-17T16:00:00Z,0.00142102,8
BTCUSDT,2021-02-18T00:00:00Z,0.00132249,8
ETHUSDT,2021-02-18T00:00:00Z,0.0019495,8
SOLUSDT,2021-02-18T00:00:00Z,0.00104079,8
BTCUSDT,2021-02-18T08:00:00Z,0.00154303,8
ETHUSDT,2021-02-18T08:00:00Z,0.00202078,8
SOLUSDT,2021-02-18T08:00:00Z,0.00155495,8
BTCUSDT,2021-02-18T16:00:00Z,0.00125842,8
ETHUSDT,2021-02-18T16:00:00Z,0.00118984,8
SOLUSDT,2021-02-18T16:00:00Z,0.00083108,8
BTCUSDT,2021-02-19T00:00:00Z,0.00091255,8
ETHUSDT,2021-02-19T00:00:00Z,0.00082051,8
SOLUSDT,2021-02-19T00:00:00Z,0.00094704,8
BTCUSDT,2021-02-19T08:00:00Z,0.00084526,8
ETHUSDT,2021-02-19T08:00:00Z,0.00139773,8
SOLUSDT,2021-02-19T08:00:00Z,0.00094971,8
BTCUSDT,2021-02-19T16:00:00Z,0.00128791,8
ETHUSDT,2021-02-19T16:00:00Z,0.00169023,8
SOLUSDT,2021-02-19T16:00:00Z,0.00077114,8
BTCUSDT,2021-02-20T00:00:00Z,0.00156318,8
ETHUSDT,2021-02-20T00:00:00Z,0.00196264,8
SOLUSDT,2021-02-20T00:00:00Z,0.00134072,8
BTCUSDT,2021-02-20T08:00:00Z,0.00116465,8
ETHUSDT,2021-02-20T08:00:00Z,0.00189841,8
SOLUSDT,2021-02-20T08:00:00Z,0.00167508,8
BTCUSDT,2021-02-20T16:00:00Z,0.00122535,8
ETHUSDT,2021-02-20T16:00:00Z,0.0018588,8
SOLUSDT,2021-02-20T16:00:00Z,0.00248155,8
BTCUSDT,2021-02-21T00:00:00Z,0.00100357,8
ETHUSDT,2021-02-21T00:00:00Z,0.00051516,8
SOLUSDT,2021-02-21T00:00:00Z,0.00087849,8
BTCUSDT,2021-02-21T08:00:00Z,0.00099022,8
ETHUSDT,2021-02-21T08:00:00Z,0.0004355,8
SOLUSDT,2021-02-21T08:00:00Z,0.00097512,8
BTCUSDT,2021-02-21T16:00:00Z,0.0012582,8
ETHUSDT,2021-02-21T16:00:00Z,0.00107233,8
SOLUSDT,2021-02-21T16:00:00Z,0.00101935,8
BTCUSDT,2021-02-22T00:00:00Z,0.00117049,8
ETHUSDT,2021-02-22T00:00:00Z,0.00077647,8
SOLUSDT,2021-02-22T00:00:00Z,0.00090367,8
BTCUSDT,2021-02-22T08:00:00Z,0.00091782,8
ETHUSDT,2021-02-22T08:00:00Z,0.00047334,8
SOLUSDT,2021-02-22T08:00:00Z,0.00060976,8
BTCUSDT,2021-02-22T16:00:00Z,0.00077864,8
ETHUSDT,2021-02-22T16:00:00Z,0.00034567,8
SOLUSDT,2021-02-22T16:00:00Z,0.0001,8
BTCUSDT,2021-02-23T00:00:00Z,0.00024947,8
ETHUSDT,2021-02-23T00:00:00Z,0.0001,8
SOLUSDT,2021-02-23T00:00:00Z,-0.00114458,8
BTCUSDT,2021-02-23T08:00:00Z,0.0002962,8
ETHUSDT,2021-02-23T08:00:00Z,0.00026168,8
SOLUSDT,2021-02-23T08:00:00Z,0.0001,8
BTCUSDT,2021-02-23T16:00:00Z,0.00013281,8
ETHUSDT,2021-02-23T16:00:00Z,0.0001,8
SOLUSDT,2021-02-23T16:00:00Z,0.0001,8
BTCUSDT,2021-02-24T00:00:00Z,0.0001,8
ETHUSDT,2021-02-24T00:00:00Z,0.00013438,8
SOLUSDT,2021-02-24T00:00:00Z,0.0001,8
BTCUSDT,2021-02-24T08:00:00Z,0.00051791,8
ETHUSDT,2021-02-24T08:00:00Z,0.00039328,8
SOLUSDT,2021-02-24T08:00:00Z,0.00031868,8
BTCUSDT,2021-02-24T16:00:00Z,0.00037289,8
ETHUSDT,2021-02-24T16:00:00Z,0.00028758,8
SOLUSDT,2021-02-24T16:00:00Z,0.0001,8
BTCUSDT,2021-02-25T00:00:00Z,0.00017706,8
ETHUSDT,2021-02-25T00:00:00Z,0.0004677,8
SOLUSDT,2021-02-25T00:00:00Z,0.0001,8
BTCUSDT,2021-02-25T08:00:00Z,0.00018247,8
ETHUSDT,2021-02-25T08:00:00Z,0.00016178,8
SOLUSDT,2021-02-25T08:00:00Z,0.0001,8
BTCUSDT,2021-02-25T16:00:00Z,0.00034053,8
ETHUSDT,2021-02-25T16:00:00Z,0.0001,8
SOLUSDT,2021-02-25T16:00:00Z,0.00038425,8
BTCUSDT,2021-02-26T00:00:00Z,0.0001,8
ETHUSDT,2021-02-26T00:00:00Z,0.0001,8
SOLUSDT,2021-02-26T00:00:00Z,0.0001,8
BTCUSDT,2021-02-26T08:00:00Z,0.0001,8
ETHUSDT,2021-02-26T08:00:00Z,0.00014852,8
SOLUSDT,2021-02-26T08:00:00Z,0.0001,8
BTCUSDT,2021-02-26T16:00:00Z,0.0001,8
ETHUSDT,2021-02-26T16:00:00Z,0.00037736,8
SOLUSDT,2021-02-26T16:00:00Z,0.0001,8
BTCUSDT,2021-02-27T00:00:00Z,0.00030164,8
ETHUSDT,2021-02-27T00:00:00Z,0.00018181,8
SOLUSDT,2021-02-27T00:00:00Z,0.0001,8
BTCUSDT,2021-02-27T08:00:00Z,0.0004457,8
ETHUSDT,2021-02-27T08:00:00Z,0.0006196,8
SOLUSDT,2021-02-27T08:00:00Z,0.0001,8
BTCUSDT,2021-02-27T16:00:00Z,0.00010038,8
ETHUSDT,2021-02-27T16:00:00Z,0.0001,8
SOLUSDT,2021-02-27T16:00:00Z,0.00013802,8
BTCUSDT,2021-02-28T00:00:00Z,0.0001,8
ETHUSDT,2021-02-28T00:00:00Z,0.0001,8
SOLUSDT,2021-02-28T00:00:00Z,0.0001,8
BTCUSDT,2021-02-28T08:00:00Z,0.0001,8
ETHUSDT,2021-02-28T08:00:00Z,0.0001,8
SOLUSDT,2021-02-28T08:00:00Z,0.0001,8
BTCUSDT,2021-02-28T16:00:00Z,0.00037706,8
ETHUSDT,2021-02-28T16:00:00Z,0.0001,8
SOLUSDT,2021-02-28T16:00:00Z,0.0001,8
BTCUSDT,2021-03-01T00:00:00Z,0.00016921,8
ETHUSDT,2021-03-01T00:00:00Z,0.0001,8
SOLUSDT,2021-03-01T00:00:00Z,0.0001,8
BTCUSDT,2021-03-01T08:00:00Z,0.0001,8
ETHUSDT,2021-03-01T08:00:00Z,0.00033427,8
SOLUSDT,2021-03-01T08:00:00Z,0.00012534,8
BTCUSDT,2021-03-01T16:00:00Z,0.0001,8
ETHUSDT,2021-03-01T16:00:00Z,0.00049119,8
SOLUSDT,2021-03-01T16:00:00Z,0.00038175,8
BTCUSDT,2021-03-02T00:00:00Z,0.0001,8
ETHUSDT,2021-03-02T00:00:00Z,0.00049538,8
SOLUSDT,2021-03-02T00:00:00Z,0.00021657,8
BTCUSDT,2021-03-02T08:00:00Z,0.0001,8
ETHUSDT,2021-03-02T08:00:00Z,0.00035713,8
SOLUSDT,2021-03-02T08:00:00Z,0.00051119,8
BTCUSDT,2021-03-02T16:00:00Z,0.0001,8
ETHUSDT,2021-03-02T16:00:00Z,0.00039154,8
SOLUSDT,2021-03-02T16:00:00Z,0.00023872,8
BTCUSDT,2021-03-03T00:00:00Z,0.0001,8
ETHUSDT,2021-03-03T00:00:00Z,0.0001,8
SOLUSDT,2021-03-03T00:00:00Z,0.0007243,8
BTCUSDT,2021-03-03T08:00:00Z,0.0001,8
ETHUSDT,2021-03-03T08:00:00Z,0.0001,8
SOLUSDT,2021-03-03T08:00:00Z,0.00026329,8
BTCUSDT,2021-03-03T16:00:00Z,0.00045078,8
ETHUSDT,2021-03-03T16:00:00Z,0.00087091,8
SOLUSDT,2021-03-03T16:00:00Z,0.00096015,8
BTCUSDT,2021-03-04T00:00:00Z,0.0001,8
ETHUSDT,2021-03-04T00:00:00Z,0.00047552,8
SOLUSDT,2021-03-04T00:00:00Z,0.00017193,8
BTCUSDT,2021-03-04T08:00:00Z,0.0001,8
ETHUSDT,2021-03-04T08:00:00Z,0.00015927,8
SOLUSDT,2021-03-04T08:00:00Z,0.00048191,8
BTCUSDT,2021-03-04T16:00:00Z,0.0001,8
ETHUSDT,2021-03-04T16:00:00Z,0.00033061,8
SOLUSDT,2021-03-04T16:00:00Z,0.00058971,8
BTCUSDT,2021-03-05T00:00:00Z,0.0001,8
ETHUSDT,2021-03-05T00:00:00Z,0.00024885,8
SOLUSDT,2021-03-05T00:00:00Z,0.00018864,8
BTCUSDT,2021-03-05T08:00:00Z,0.0001,8
ETHUSDT,2021-03-05T08:00:00Z,0.00022561,8
SOLUSDT,2021-03-05T08:00:00Z,0.0001,8
BTCUSDT,2021-03-05T16:00:00Z,0.0001,8
ETHUSDT,2021-03-05T16:00:00Z,0.0001,8
SOLUSDT,2021-03-05T16:00:00Z,0.00018812,8
BTCUSDT,2021-03-06T00:00:00Z,0.0001,8
ETHUSDT,2021-03-06T00:00:00Z,0.00031476,8
SOLUSDT,2021-03-06T00:00:00Z,0.00051149,8
BTCUSDT,2021-03-06T08:00:00Z,0.0001,8
ETHUSDT,2021-03-06T08:00:00Z,0.00057512,8
SOLUSDT,2021-03-06T08:00:00Z,0.00058979,8
BTCUSDT,2021-03-06T16:00:00Z,0.0001,8
ETHUSDT,2021-03-06T16:00:00Z,0.00032891,8
SOLUSDT,2021-03-06T16:00:00Z,0.00023359,8
BTCUSDT,2021-03-07T00:00:00Z,0.0001,8
ETHUSDT,2021-03-07T00:00:00Z,0.00066496,8
SOLUSDT,2021-03-07T00:00:00Z,0.0006165,8
BTCUSDT,2021-03-07T08:00:00Z,0.0001,8
ETHUSDT,2021-03-07T08:00:00Z,0.00023263,8
SOLUSDT,2021-03-07T08:00:00Z,0.0009311,8
BTCUSDT,2021-03-07T16:00:00Z,0.00017606,8
ETHUSDT,2021-03-07T16:00:00Z,0.00056927,8
SOLUSDT,2021-03-07T16:00:00Z,0.00051022,8
BTCUSDT,2021-03-08T00:00:00Z,0.0001,8
ETHUSDT,2021-03-08T00:00:00Z,0.00011144,8
SOLUSDT,2021-03-08T00:00:00Z,0.0004945,8
BTCUSDT,2021-03-08T08:00:00Z,0.0001,8
ETHUSDT,2021-03-08T08:00:00Z,0.00045102,8
SOLUSDT,2021-03-08T08:00:00Z,0.00048468,8
BTCUSDT,2021-03-08T16:00:00Z,0.00024757,8
ETHUSDT,2021-03-08T16:00:00Z,0.00056057,8
SOLUSDT,2021-03-08T16:00:00Z,0.00127854,8
BTCUSDT,2021-03-09T00:00:00Z,0.00072419,8
ETHUSDT,2021-03-09T00:00:00Z,0.00014784,8
SOLUSDT,2021-03-09T00:00:00Z,0.00142095,8
BTCUSDT,2021-03-09T08:00:00Z,0.00041976,8
ETHUSDT,2021-03-09T08:00:00Z,0.00085203,8
SOLUSDT,2021-03-09T08:00:00Z,0.00139988,8
BTCUSDT,2021-03-09T16:00:00Z,0.00057038,8
ETHUSDT,2021-03-09T16:00:00Z,0.00101744,8
SOLUSDT,2021-03-09T16:00:00Z,0.00131768,8
BTCUSDT,2021-03-10T00:00:00Z,0.00024344,8
ETHUSDT,2021-03-10T00:00:00Z,0.00058485,8
SOLUSDT,2021-03-10T00:00:00Z,0.00167246,8
BTCUSDT,2021-03-10T08:00:00Z,0.00048586,8
ETHUSDT,2021-03-10T08:00:00Z,0.0005129,8
SOLUSDT,2021-03-10T08:00:00Z,0.00078312,8
BTCUSDT,2021-03-10T16:00:00Z,0.00056915,8
ETHUSDT,2021-03-10T16:00:00Z,0.00105856,8
SOLUSDT,2021-03-10T16:00:00Z,0.00110016,8
BTCUSDT,2021-03-11T00:00:00Z,0.00095931,8
ETHUSDT,2021-03-11T00:00:00Z,0.00079368,8
SOLUSDT,2021-03-11T00:00:00Z,0.00059116,8
BTCUSDT,2021-03-11T08:00:00Z,0.00099305,8
ETHUSDT,2021-03-11T08:00:00Z,0.00034874,8
SOLUSDT,2021-03-11T08:00:00Z,0.00064766,8
BTCUSDT,2021-03-11T16:00:00Z,0.00085439,8
ETHUSDT,2021-03-11T16:00:00Z,0.00080049,8
SOLUSDT,2021-03-11T16:00:00Z,0.00068954,8
BTCUSDT,2021-03-12T00:00:00Z,0.00102002,8
ETHUSDT,2021-03-12T00:00:00Z,0.00132622,8
SOLUSDT,2021-03-12T00:00:00Z,0.00065755,8
BTCUSDT,2021-03-12T08:00:00Z,0.00067147,8
ETHUSDT,2021-03-12T08:00:00Z,0.00072213,8
SOLUSDT,2021-03-12T08:00:00Z,0.00087095,8
BTCUSDT,2021-03-12T16:00:00Z,0.00051199,8
ETHUSDT,2021-03-12T16:00:00Z,0.00034512,8
SOLUSDT,2021-03-12T16:00:00Z,0.00056749,8
BTCUSDT,2021-03-13T00:00:00Z,0.00047834,8
ETHUSDT,2021-03-13T00:00:00Z,0.00030351,8
SOLUSDT,2021-03-13T00:00:00Z,0.00077028,8
BTCUSDT,2021-03-13T08:00:00Z,0.00060567,8
ETHUSDT,2021-03-13T08:00:00Z,0.00039972,8
SOLUSDT,2021-03-13T08:00:00Z,0.0004546,8
BTCUSDT,2021-03-13T16:00:00Z,0.00057114,8
ETHUSDT,2021-03-13T16:00:00Z,0.00155198,8
SOLUSDT,2021-03-13T16:00:00Z,0.00143906,8
BTCUSDT,2021-03-14T00:00:00Z,0.00081828,8
ETHUSDT,2021-03-14T00:00:00Z,0.00113056,8
SOLUSDT,2021-03-14T00:00:00Z,0.00115139,8
BTCUSDT,2021-03-14T08:00:00Z,0.00084593,8
ETHUSDT,2021-03-14T08:00:00Z,0.001048,8
SOLUSDT,2021-03-14T08:00:00Z,0.00123232,8
BTCUSDT,2021-03-14T16:00:00Z,0.00115069,8
ETHUSDT,2021-03-14T16:00:00Z,0.00113023,8
SOLUSDT,2021-03-14T16:00:00Z,0.00131239,8
BTCUSDT,2021-03-15T00:00:00Z,0.0008201,8
ETHUSDT,2021-03-15T00:00:00Z,0.00077413,8
SOLUSDT,2021-03-15T00:00:00Z,0.00131865,8
BTCUSDT,2021-03-15T08:00:00Z,0.0010521,8
ETHUSDT,2021-03-15T08:00:00Z,0.00081452,8
SOLUSDT,2021-03-15T08:00:00Z,0.00074456,8
BTCUSDT,2021-03-15T16:00:00Z,0.00015776,8
ETHUSDT,2021-03-15T16:00:00Z,0.00013021,8
SOLUSDT,2021-03-15T16:00:00Z,0.00089187,8
BTCUSDT,2021-03-16T00:00:00Z,0.00022573,8
ETHUSDT,2021-03-16T00:00:00Z,0.0001,8
SOLUSDT,2021-03-16T00:00:00Z,0.00091104,8
BTCUSDT,2021-03-16T08:00:00Z,0.00035862,8
ETHUSDT,2021-03-16T08:00:00Z,0.00045668,8
SOLUSDT,2021-03-16T08:00:00Z,0.00038295,8
BTCUSDT,2021-03-16T16:00:00Z,0.00040673,8
ETHUSDT,2021-03-16T16:00:00Z,0.00039653,8
SOLUSDT,2021-03-16T16:00:00Z,0.0008697,8
BTCUSDT,2021-03-17T00:00:00Z,0.00035367,8
ETHUSDT,2021-03-17T00:00:00Z,0.00064671,8
SOLUSDT,2021-03-17T00:00:00Z,0.00083967,8
BTCUSDT,2021-03-17T08:00:00Z,0.00019234,8
ETHUSDT,2021-03-17T08:00:00Z,0.00034812,8
SOLUSDT,2021-03-17T08:00:00Z,0.00114411,8
BTCUSDT,2021-03-17T16:00:00Z,0.00024575,8
ETHUSDT,2021-03-17T16:00:00Z,0.00031521,8
SOLUSDT,2021-03-17T16:00:00Z,0.00074567,8
BTCUSDT,2021-03-18T00:00:00Z,0.00030265,8
ETHUSDT,2021-03-18T00:00:00Z,0.00099682,8
SOLUSDT,2021-03-18T00:00:00Z,0.00143186,8
BTCUSDT,2021-03-18T08:00:00Z,0.00029259,8
ETHUSDT,2021-03-18T08:00:00Z,0.00067631,8
SOLUSDT,2021-03-18T08:00:00Z,0.00099333,8
BTCUSDT,2021-03-18T16:00:00Z,0.00032547,8
ETHUSDT,2021-03-18T16:00:00Z,0.00038027,8
SOLUSDT,2021-03-18T16:00:00Z,0.00185766,8
BTCUSDT,2021-03-19T00:00:00Z,0.00032006,8
ETHUSDT,2021-03-19T00:00:00Z,0.0001,8
SOLUSDT,2021-03-19T00:00:00Z,0.0002296,8
BTCUSDT,2021-03-19T08:00:00Z,0.00012887,8
ETHUSDT,2021-03-19T08:00:00Z,0.0001,8
SOLUSDT,2021-03-19T08:00:00Z,0.00044739,8
BTCUSDT,2021-03-19T16:00:00Z,0.0003326,8
ETHUSDT,2021-03-19T16:00:00Z,0.00037762,8
SOLUSDT,2021-03-19T16:00:00Z,0.00018788,8
BTCUSDT,2021-03-20T00:00:00Z,0.0004928,8
ETHUSDT,2021-03-20T00:00:00Z,0.00061811,8
SOLUSDT,2021-03-20T00:00:00Z,0.00011949,8
BTCUSDT,2021-03-20T08:00:00Z,0.00044452,8
ETHUSDT,2021-03-20T08:00:00Z,0.000511,8
SOLUSDT,2021-03-20T08:00:00Z,0.0001,8
BTCUSDT,2021-03-20T16:00:00Z,0.00048936,8
ETHUSDT,2021-03-20T16:00:00Z,0.00102646,8
SOLUSDT,2021-03-20T16:00:00Z,0.00027957,8
BTCUSDT,2021-03-21T00:00:00Z,0.00031366,8
ETHUSDT,2021-03-21T00:00:00Z,0.00068264,8
SOLUSDT,2021-03-21T00:00:00Z,0.00012712,8
BTCUSDT,2021-03-21T08:00:00Z,0.00042375,8
ETHUSDT,2021-03-21T08:00:00Z,0.0001,8
SOLUSDT,2021-03-21T08:00:00Z,0.0001,8
BTCUSDT,2021-03-21T16:00:00Z,0.0001,8
ETHUSDT,2021-03-21T16:00:00Z,0.00019064,8
SOLUSDT,2021-03-21T16:00:00Z,0.0001,8
BTCUSDT,2021-03-22T00:00:00Z,0.00051919,8
ETHUSDT,2021-03-22T00:00:00Z,0.00053821,8
SOLUSDT,2021-03-22T00:00:00Z,0.0001,8
BTCUSDT,2021-03-22T08:00:00Z,0.00045562,8
ETHUSDT,2021-03-22T08:00:00Z,0.00042754,8
SOLUSDT,2021-03-22T08:00:00Z,-0.00015996,8
BTCUSDT,2021-03-22T16:00:00Z,0.00048977,8
ETHUSDT,2021-03-22T16:00:00Z,0.00044797,8
SOLUSDT,2021-03-22T16:00:00Z,0.00018783,8
BTCUSDT,2021-03-23T00:00:00Z,0.0002421,8
ETHUSDT,2021-03-23T00:00:00Z,0.0001,8
SOLUSDT,2021-03-23T00:00:00Z,0.0001,8
BTCUSDT,2021-03-23T08:00:00Z,0.00026619,8
ETHUSDT,2021-03-23T08:00:00Z,0.00019899,8
SOLUSDT,2021-03-23T08:00:00Z,0.0001,8
BTCUSDT,2021-03-23T16:00:00Z,0.00042245,8
ETHUSDT,2021-03-23T16:00:00Z,0.0003309,8
SOLUSDT,2021-03-23T16:00:00Z,7.387e-05,8
BTCUSDT,2021-03-24T00:00:00Z,0.00053454,8
ETHUSDT,2021-03-24T00:00:00Z,0.00050608,8
SOLUSDT,2021-03-24T00:00:00Z,0.0001,8
BTCUSDT,2021-03-24T08:00:00Z,0.00016567,8
ETHUSDT,2021-03-24T08:00:00Z,0.00010655,8
SOLUSDT,2021-03-24T08:00:00Z,0.0001,8
BTCUSDT,2021-03-24T16:00:00Z,0.00026422,8
ETHUSDT,2021-03-24T16:00:00Z,0.0004169,8
SOLUSDT,2021-03-24T16:00:00Z,0.0001,8
BTCUSDT,2021-03-25T00:00:00Z,0.00011828,8
ETHUSDT,2021-03-25T00:00:00Z,0.0001,8
SOLUSDT,2021-03-25T00:00:00Z,0.0001,8
BTCUSDT,2021-03-25T08:00:00Z,0.0001,8
ETHUSDT,2021-03-25T08:00:00Z,0.0001,8
SOLUSDT,2021-03-25T08:00:00Z,0.0001,8
BTCUSDT,2021-03-25T16:00:00Z,0.0001,8
ETHUSDT,2021-03-25T16:00:00Z,0.00035938,8
SOLUSDT,2021-03-25T16:00:00Z,0.0001,8
BTCUSDT,2021-03-26T00:00:00Z,0.00016,8
ETHUSDT,2021-03-26T00:00:00Z,0.00042431,8
SOLUSDT,2021-03-26T00:00:00Z,0.0001,8
BTCUSDT,2021-03-26T08:00:00Z,0.0001,8
ETHUSDT,2021-03-26T08:00:00Z,0.0001,8
SOLUSDT,2021-03-26T08:00:00Z,0.0001,8
BTCUSDT,2021-03-26T16:00:00Z,0.0001,8
ETHUSDT,2021-03-26T16:00:00Z,0.0001,8
SOLUSDT,2021-03-26T16:00:00Z,0.00031536,8
BTCUSDT,2021-03-27T00:00:00Z,0.0001,8
ETHUSDT,2021-03-27T00:00:00Z,0.0001,8
SOLUSDT,2021-03-27T00:00:00Z,0.0001,8
BTCUSDT,2021-03-27T08:00:00Z,0.0001,8
ETHUSDT,2021-03-27T08:00:00Z,0.00015922,8
SOLUSDT,2021-03-27T08:00:00Z,0.00014263,8
BTCUSDT,2021-03-27T16:00:00Z,0.0001,8
ETHUSDT,2021-03-27T16:00:00Z,0.00034067,8
SOLUSDT,2021-03-27T16:00:00Z,0.00034532,8
BTCUSDT,2021-03-28T00:00:00Z,0.0001,8
ETHUSDT,2021-03-28T00:00:00Z,0.00025751,8
SOLUSDT,2021-03-28T00:00:00Z,0.000344,8
BTCUSDT,2021-03-28T08:00:00Z,0.0001,8
ETHUSDT,2021-03-28T08:00:00Z,0.00029541,8
SOLUSDT,2021-03-28T08:00:00Z,0.00033489,8
BTCUSDT,2021-03-28T16:00:00Z,0.0001,8
ETHUSDT,2021-03-28T16:00:00Z,0.00031424,8
SOLUSDT,2021-03-28T16:00:00Z,0.00081974,8
BTCUSDT,2021-03-29T00:00:00Z,0.0001,8
ETHUSDT,2021-03-29T00:00:00Z,0.00022015,8
SOLUSDT,2021-03-29T00:00:00Z,0.00085582,8
BTCUSDT,2021-03-29T08:00:00Z,0.0001,8
ETHUSDT,2021-03-29T08:00:00Z,0.00043803,8
SOLUSDT,2021-03-29T08:00:00Z,0.00075959,8
BTCUSDT,2021-03-29T16:00:00Z,0.00018171,8
ETHUSDT,2021-03-29T16:00:00Z,0.00084253,8
SOLUSDT,2021-03-29T16:00:00Z,0.00077512,8
BTCUSDT,2021-03-30T00:00:00Z,0.00032026,8
ETHUSDT,2021-03-30T00:00:00Z,0.00074011,8
SOLUSDT,2021-03-30T00:00:00Z,0.00045834,8
BTCUSDT,2021-03-30T08:00:00Z,0.00027258,8
ETHUSDT,2021-03-30T08:00:00Z,0.00056645,8
SOLUSDT,2021-03-30T08:00:00Z,0.00119744,8
BTCUSDT,2021-03-30T16:00:00Z,0.00083501,8
ETHUSDT,2021-03-30T16:00:00Z,0.00036654,8
SOLUSDT,2021-03-30T16:00:00Z,0.00134349,8
BTCUSDT,2021-03-31T00:00:00Z,0.00080754,8
ETHUSDT,2021-03-31T00:00:00Z,0.00076506,8
SOLUSDT,2021-03-31T00:00:00Z,0.00089395,8
BTCUSDT,2021-03-31T08:00:00Z,0.00070889,8
ETHUSDT,2021-03-31T08:00:00Z,0.0010713,8
SOLUSDT,2021-03-31T08:00:00Z,0.00054855,8
BTCUSDT,2021-03-31T16:00:00Z,0.00058414,8
ETHUSDT,2021-03-31T16:00:00Z,0.00038554,8
SOLUSDT,2021-03-31T16:00:00Z,0.00057877,8
BTCUSDT,2021-04-01T00:00:00Z,0.00109277,8
ETHUSDT,2021-04-01T00:00:00Z,0.00156864,8
SOLUSDT,2021-04-01T00:00:00Z,0.00103263,8
BTCUSDT,2021-04-01T08:00:00Z,0.00095247,8
ETHUSDT,2021-04-01T08:00:00Z,0.00109222,8
SOLUSDT,2021-04-01T08:00:00Z,0.00104792,8
BTCUSDT,2021-04-01T16:00:00Z,0.00051932,8
ETHUSDT,2021-04-01T16:00:00Z,0.00064672,8
SOLUSDT,2021-04-01T16:00:00Z,0.00084334,8
BTCUSDT,2021-04-02T00:00:00Z,0.00071058,8
ETHUSDT,2021-04-02T00:00:00Z,0.00050452,8
SOLUSDT,2021-04-02T00:00:00Z,0.000564,8
BTCUSDT,2021-04-02T08:00:00Z,0.00106221,8
ETHUSDT,2021-04-02T08:00:00Z,0.00121799,8
SOLUSDT,2021-04-02T08:00:00Z,0.00150169,8
BTCUSDT,2021-04-02T16:00:00Z,0.0010197,8
ETHUSDT,2021-04-02T16:00:00Z,0.00116568,8
SOLUSDT,2021-04-02T16:00:00Z,0.00096656,8
BTCUSDT,2021-04-03T00:00:00Z,0.00063267,8
ETHUSDT,2021-04-03T00:00:00Z,0.00082856,8
SOLUSDT,2021-04-03T00:00:00Z,0.00090108,8
BTCUSDT,2021-04-03T08:00:00Z,0.00107843,8
ETHUSDT,2021-04-03T08:00:00Z,0.00143194,8
SOLUSDT,2021-04-03T08:00:00Z,0.00142513,8
BTCUSDT,2021-04-03T16:00:00Z,0.00101313,8
ETHUSDT,2021-04-03T16:00:00Z,0.00086456,8
SOLUSDT,2021-04-03T16:00:00Z,0.00167753,8
BTCUSDT,2021-04-04T00:00:00Z,0.0005209,8
ETHUSDT,2021-04-04T00:00:00Z,0.00060523,8
SOLUSDT,2021-04-04T00:00:00Z,0.00016572,8
BTCUSDT,2021-04-04T08:00:00Z,0.00048495,8
ETHUSDT,2021-04-04T08:00:00Z,0.00106146,8
SOLUSDT,2021-04-04T08:00:00Z,0.00080358,8
BTCUSDT,2021-04-04T16:00:00Z,0.00026521,8
ETHUSDT,2021-04-04T16:00:00Z,0.00038114,8
SOLUSDT,2021-04-04T16:00:00Z,0.0001,8
BTCUSDT,2021-04-05T00:00:00Z,0.00039464,8
ETHUSDT,2021-04-05T00:00:00Z,0.00072788,8
SOLUSDT,2021-04-05T00:00:00Z,0.00085227,8
BTCUSDT,2021-04-05T08:00:00Z,0.00043217,8
ETHUSDT,2021-04-05T08:00:00Z,0.00074688,8
SOLUSDT,2021-04-05T08:00:00Z,0.00012199,8
BTCUSDT,2021-04-05T16:00:00Z,0.00037409,8
ETHUSDT,2021-04-05T16:00:00Z,0.00085226,8
SOLUSDT,2021-04-05T16:00:00Z,0.00136006,8
BTCUSDT,2021-04-06T00:00:00Z,0.00097189,8
ETHUSDT,2021-04-06T00:00:00Z,0.00161366,8
SOLUSDT,2021-04-06T00:00:00Z,0.00140962,8
BTCUSDT,2021-04-06T08:00:00Z,0.00057776,8
ETHUSDT,2021-04-06T08:00:00Z,0.00064189,8
SOLUSDT,2021-04-06T08:00:00Z,0.00149504,8
BTCUSDT,2021-04-06T16:00:00Z,0.00083736,8
ETHUSDT,2021-04-06T16:00:00Z,0.00061542,8
SOLUSDT,2021-04-06T16:00:00Z,0.00046872,8
BTCUSDT,2021-04-07T00:00:00Z,0.00057609,8
ETHUSDT,2021-04-07T00:00:00Z,0.00049128,8
SOLUSDT,2021-04-07T00:00:00Z,0.0001,8
BTCUSDT,2021-04-07T08:00:00Z,0.00053749,8
ETHUSDT,2021-04-07T08:00:00Z,0.00069613,8
SOLUSDT,2021-04-07T08:00:00Z,0.0001,8
BTCUSDT,2021-04-07T16:00:00Z,0.0005366,8
ETHUSDT,2021-04-07T16:00:00Z,0.00032907,8
SOLUSDT,2021-04-07T16:00:00Z,0.0001,8
BTCUSDT,2021-04-08T00:00:00Z,0.00040784,8
ETHUSDT,2021-04-08T00:00:00Z,0.00021468,8
SOLUSDT,2021-04-08T00:00:00Z,0.00030698,8
BTCUSDT,2021-04-08T08:00:00Z,0.00024943,8
ETHUSDT,2021-04-08T08:00:00Z,0.00026979,8
SOLUSDT,2021-04-08T08:00:00Z,0.0001,8
BTCUSDT,2021-04-08T16:00:00Z,0.00026225,8
ETHUSDT,2021-04-08T16:00:00Z,0.00031551,8
SOLUSDT,2021-04-08T16:00:00Z,0.00017952,8
BTCUSDT,2021-04-09T00:00:00Z,0.00019611,8
ETHUSDT,2021-04-09T00:00:00Z,0.00038906,8
SOLUSDT,2021-04-09T00:00:00Z,0.0001,8
BTCUSDT,2021-04-09T08:00:00Z,0.00026301,8
ETHUSDT,2021-04-09T08:00:00Z,0.00043318,8
SOLUSDT,2021-04-09T08:00:00Z,0.0001,8
BTCUSDT,2021-04-09T16:00:00Z,0.00021785,8
ETHUSDT,2021-04-09T16:00:00Z,0.00064034,8
SOLUSDT,2021-04-09T16:00:00Z,0.00027232,8
BTCUSDT,2021-04-10T00:00:00Z,0.00012959,8
ETHUSDT,2021-04-10T00:00:00Z,0.0001,8
SOLUSDT,2021-04-10T00:00:00Z,0.0001,8
BTCUSDT,2021-04-10T08:00:00Z,0.00148624,8
ETHUSDT,2021-04-10T08:00:00Z,0.00209663,8
SOLUSDT,2021-04-10T08:00:00Z,0.00091825,8
BTCUSDT,2021-04-10T16:00:00Z,0.00119652,8
ETHUSDT,2021-04-10T16:00:00Z,0.00120257,8
SOLUSDT,2021-04-10T16:00:00Z,0.00083453,8
BTCUSDT,2021-04-11T00:00:00Z,0.00086735,8
ETHUSDT,2021-04-11T00:00:00Z,0.00055892,8
SOLUSDT,2021-04-11T00:00:00Z,0.00076444,8
BTCUSDT,2021-04-11T08:00:00Z,0.00099427,8
ETHUSDT,2021-04-11T08:00:00Z,0.00086343,8
SOLUSDT,2021-04-11T08:00:00Z,0.00076346,8
BTCUSDT,2021-04-11T16:00:00Z,0.00105998,8
ETHUSDT,2021-04-11T16:00:00Z,0.00091114,8
SOLUSDT,2021-04-11T16:00:00Z,0.00042257,8
BTCUSDT,2021-04-12T00:00:00Z,0.00093793,8
ETHUSDT,2021-04-12T00:00:00Z,0.00099657,8
SOLUSDT,2021-04-12T00:00:00Z,0.00113291,8
BTCUSDT,2021-04-12T08:00:00Z,0.00106358,8
ETHUSDT,2021-04-12T08:00:00Z,0.00164512,8
SOLUSDT,2021-04-12T08:00:00Z,0.00086506,8
BTCUSDT,2021-04-12T16:00:00Z,0.00094343,8
ETHUSDT,2021-04-12T16:00:00Z,0.00067862,8
SOLUSDT,2021-04-12T16:00:00Z,0.00065468,8
BTCUSDT,2021-04-13T00:00:00Z,0.00084072,8
ETHUSDT,2021-04-13T00:00:00Z,0.00047138,8
SOLUSDT,2021-04-13T00:00:00Z,0.00065355,8
BTCUSDT,2021-04-13T08:00:00Z,0.00089928,8
ETHUSDT,2021-04-13T08:00:00Z,0.00117821,8
SOLUSDT,2021-04-13T08:00:00Z,0.00106733,8
BTCUSDT,2021-04-13T16:00:00Z,0.0012267,8
ETHUSDT,2021-04-13T16:00:00Z,0.00167603,8
SOLUSDT,2021-04-13T16:00:00Z,0.00161617,8
BTCUSDT,2021-04-14T00:00:00Z,0.00090508,8
ETHUSDT,2021-04-14T00:00:00Z,0.00152762,8
SOLUSDT,2021-04-14T00:00:00Z,0.00082883,8
BTCUSDT,2021-04-14T08:00:00Z,0.00108567,8
ETHUSDT,2021-04-14T08:00:00Z,0.00203587,8
SOLUSDT,2021-04-14T08:00:00Z,0.00150253,8
BTCUSDT,2021-04-14T16:00:00Z,0.00104786,8
ETHUSDT,2021-04-14T16:00:00Z,0.00095658,8
SOLUSDT,2021-04-14T16:00:00Z,0.0005878,8
BTCUSDT,2021-04-15T00:00:00Z,0.00076335,8
ETHUSDT,2021-04-15T00:00:00Z,0.00113562,8
SOLUSDT,2021-04-15T00:00:00Z,0.0010579,8
BTCUSDT,2021-04-15T08:00:00Z,0.00082082,8
ETHUSDT,2021-04-15T08:00:00Z,0.00110097,8
SOLUSDT,2021-04-15T08:00:00Z,0.00141831,8
BTCUSDT,2021-04-15T16:00:00Z,0.00110324,8
ETHUSDT,2021-04-15T16:00:00Z,0.00104862,8
SOLUSDT,2021-04-15T16:00:00Z,0.00054664,8
BTCUSDT,2021-04-16T00:00:00Z,0.00109647,8
ETHUSDT,2021-04-16T00:00:00Z,0.00146805,8
SOLUSDT,2021-04-16T00:00:00Z,0.00074493,8
BTCUSDT,2021-04-16T08:00:00Z,0.00120022,8
ETHUSDT,2021-04-16T08:00:00Z,0.00135711,8
SOLUSDT,2021-04-16T08:00:00Z,0.00063461,8
BTCUSDT,2021-04-16T16:00:00Z,0.00115519,8
ETHUSDT,2021-04-16T16:00:00Z,0.0010812,8
SOLUSDT,2021-04-16T16:00:00Z,0.0017762,8
BTCUSDT,2021-04-17T00:00:00Z,0.00054906,8
ETHUSDT,2021-04-17T00:00:00Z,0.00076639,8
SOLUSDT,2021-04-17T00:00:00Z,0.00114295,8
BTCUSDT,2021-04-17T08:00:00Z,0.00054007,8
ETHUSDT,2021-04-17T08:00:00Z,0.0009833,8
SOLUSDT,2021-04-17T08:00:00Z,0.00069825,8
BTCUSDT,2021-04-17T16:00:00Z,0.00087572,8
ETHUSDT,2021-04-17T16:00:00Z,0.00063599,8
SOLUSDT,2021-04-17T16:00:00Z,0.00098868,8
BTCUSDT,2021-04-18T00:00:00Z,0.00081624,8
ETHUSDT,2021-04-18T00:00:00Z,0.00052118,8
SOLUSDT,2021-04-18T00:00:00Z,0.00069042,8
BTCUSDT,2021-04-18T08:00:00Z,0.00058448,8
ETHUSDT,2021-04-18T08:00:00Z,0.00022241,8
SOLUSDT,2021-04-18T08:00:00Z,-0.00081587,8
BTCUSDT,2021-04-18T16:00:00Z,0.0001,8
ETHUSDT,2021-04-18T16:00:00Z,0.00044396,8
SOLUSDT,2021-04-18T16:00:00Z,0.0003846,8
BTCUSDT,2021-04-19T00:00:00Z,0.0001,8
ETHUSDT,2021-04-19T00:00:00Z,0.0001,8
SOLUSDT,2021-04-19T00:00:00Z,0.00011935,8
BTCUSDT,2021-04-19T08:00:00Z,0.0001,8
ETHUSDT,2021-04-19T08:00:00Z,0.0001,8
SOLUSDT,2021-04-19T08:00:00Z,0.00052771,8
BTCUSDT,2021-04-19T16:00:00Z,0.0001,8
ETHUSDT,2021-04-19T16:00:00Z,0.0005192,8
SOLUSDT,2021-04-19T16:00:00Z,0.0001,8
BTCUSDT,2021-04-20T00:00:00Z,0.0001,8
ETHUSDT,2021-04-20T00:00:00Z,0.0001,8
SOLUSDT,2021-04-20T00:00:00Z,0.00069128,8
BTCUSDT,2021-04-20T08:00:00Z,0.0001,8
ETHUSDT,2021-04-20T08:00:00Z,0.00021279,8
SOLUSDT,2021-04-20T08:00:00Z,0.00031573,8
BTCUSDT,2021-04-20T16:00:00Z,0.0001,8
ETHUSDT,2021-04-20T16:00:00Z,0.0001,8
SOLUSDT,2021-04-20T16:00:00Z,0.00013798,8
BTCUSDT,2021-04-21T00:00:00Z,0.0001,8
ETHUSDT,2021-04-21T00:00:00Z,0.0001,8
SOLUSDT,2021-04-21T00:00:00Z,0.0001,8
BTCUSDT,2021-04-21T08:00:00Z,0.0001,8
ETHUSDT,2021-04-21T08:00:00Z,0.0001,8
SOLUSDT,2021-04-21T08:00:00Z,0.00029116,8
BTCUSDT,2021-04-21T16:00:00Z,0.0001,8
ETHUSDT,2021-04-21T16:00:00Z,0.0001,8
SOLUSDT,2021-04-21T16:00:00Z,0.0001,8
BTCUSDT,2021-04-22T00:00:00Z,0.0001,8
ETHUSDT,2021-04-22T00:00:00Z,0.00023315,8
SOLUSDT,2021-04-22T00:00:00Z,0.0001,8
BTCUSDT,2021-04-22T08:00:00Z,0.0001,8
ETHUSDT,2021-04-22T08:00:00Z,0.00011151,8
SOLUSDT,2021-04-22T08:00:00Z,0.0001,8
BTCUSDT,2021-04-22T16:00:00Z,0.0001,8
ETHUSDT,2021-04-22T16:00:00Z,0.0001,8
SOLUSDT,2021-04-22T16:00:00Z,0.0001,8
BTCUSDT,2021-04-23T00:00:00Z,0.0001,8
ETHUSDT,2021-04-23T00:00:00Z,0.0003898,8
SOLUSDT,2021-04-23T00:00:00Z,0.0001,8
BTCUSDT,2021-04-23T08:00:00Z,0.00047618,8
ETHUSDT,2021-04-23T08:00:00Z,0.00041263,8
SOLUSDT,2021-04-23T08:00:00Z,0.00022517,8
BTCUSDT,2021-04-23T16:00:00Z,0.0001,8
ETHUSDT,2021-04-23T16:00:00Z,0.0001,8
SOLUSDT,2021-04-23T16:00:00Z,0.0001,8
BTCUSDT,2021-04-24T00:00:00Z,0.0001,8
ETHUSDT,2021-04-24T00:00:00Z,0.00010335,8
SOLUSDT,2021-04-24T00:00:00Z,0.0001,8
BTCUSDT,2021-04-24T08:00:00Z,0.00027672,8
ETHUSDT,2021-04-24T08:00:00Z,0.00030056,8
SOLUSDT,2021-04-24T08:00:00Z,0.0001,8
BTCUSDT,2021-04-24T16:00:00Z,0.0001676,8
ETHUSDT,2021-04-24T16:00:00Z,0.0001,8
SOLUSDT,2021-04-24T16:00:00Z,0.0001,8
BTCUSDT,2021-04-25T00:00:00Z,0.000217,8
ETHUSDT,2021-04-25T00:00:00Z,0.0001,8
SOLUSDT,2021-04-25T00:00:00Z,0.0001,8
BTCUSDT,2021-04-25T08:00:00Z,0.00038558,8
ETHUSDT,2021-04-25T08:00:00Z,0.0001,8
SOLUSDT,2021-04-25T08:00:00Z,0.0001537,8
BTCUSDT,2021-04-25T16:00:00Z,0.0001,8
ETHUSDT,2021-04-25T16:00:00Z,0.0001,8
SOLUSDT,2021-04-25T16:00:00Z,5.25e-05,8
BTCUSDT,2021-04-26T00:00:00Z,0.0001,8
ETHUSDT,2021-04-26T00:00:00Z,0.0001,8
SOLUSDT,2021-04-26T00:00:00Z,0.0001,8
BTCUSDT,2021-04-26T08:00:00Z,0.0001,8
ETHUSDT,2021-04-26T08:00:00Z,0.0001,8
SOLUSDT,2021-04-26T08:00:00Z,0.0001,8
BTCUSDT,2021-04-26T16:00:00Z,0.0001,8
ETHUSDT,2021-04-26T16:00:00Z,0.0001,8
SOLUSDT,2021-04-26T16:00:00Z,0.0001,8
BTCUSDT,2021-04-27T00:00:00Z,0.0001,8
ETHUSDT,2021-04-27T00:00:00Z,0.0001,8
SOLUSDT,2021-04-27T00:00:00Z,0.00041422,8
BTCUSDT,2021-04-27T08:00:00Z,0.0001,8
ETHUSDT,2021-04-27T08:00:00Z,0.0001,8
SOLUSDT,2021-04-27T08:00:00Z,0.00028532,8
BTCUSDT,2021-04-27T16:00:00Z,0.0001,8
ETHUSDT,2021-04-27T16:00:00Z,0.00040663,8
SOLUSDT,2021-04-27T16:00:00Z,0.00055267,8
BTCUSDT,2021-04-28T00:00:00Z,0.0001,8
ETHUSDT,2021-04-28T00:00:00Z,0.00034144,8
SOLUSDT,2021-04-28T00:00:00Z,0.00067111,8
BTCUSDT,2021-04-28T08:00:00Z,0.0001,8
ETHUSDT,2021-04-28T08:00:00Z,0.00019211,8
SOLUSDT,2021-04-28T08:00:00Z,0.00018219,8
BTCUSDT,2021-04-28T16:00:00Z,0.0001,8
ETHUSDT,2021-04-28T16:00:00Z,0.0001,8
SOLUSDT,2021-04-28T16:00:00Z,0.0002257,8
BTCUSDT,2021-04-29T00:00:00Z,0.0001,8
ETHUSDT,2021-04-29T00:00:00Z,0.0001,8
SOLUSDT,2021-04-29T00:00:00Z,0.0001,8
BTCUSDT,2021-04-29T08:00:00Z,0.0001,8
ETHUSDT,2021-04-29T08:00:00Z,0.0001,8
SOLUSDT,2021-04-29T08:00:00Z,0.00047434,8
BTCUSDT,2021-04-29T16:00:00Z,0.0001,8
ETHUSDT,2021-04-29T16:00:00Z,0.0001,8
SOLUSDT,2021-04-29T16:00:00Z,0.00013104,8
BTCUSDT,2021-04-30T00:00:00Z,0.0001,8
ETHUSDT,2021-04-30T00:00:00Z,0.00014665,8
SOLUSDT,2021-04-30T00:00:00Z,0.00019041,8
BTCUSDT,2021-04-30T08:00:00Z,0.0001,8
ETHUSDT,2021-04-30T08:00:00Z,0.00011668,8
SOLUSDT,2021-04-30T08:00:00Z,0.00045193,8
BTCUSDT,2021-04-30T16:00:00Z,0.0001,8
ETHUSDT,2021-04-30T16:00:00Z,0.00051157,8
SOLUSDT,2021-04-30T16:00:00Z,0.00034639,8
BTCUSDT,2021-05-01T00:00:00Z,0.00011209,8
ETHUSDT,2021-05-01T00:00:00Z,0.0001,8
SOLUSDT,2021-05-01T00:00:00Z,0.00050075,8
BTCUSDT,2021-05-01T08:00:00Z,0.0001,8
ETHUSDT,2021-05-01T08:00:00Z,0.00035155,8
SOLUSDT,2021-05-01T08:00:00Z,0.00104765,8
BTCUSDT,2021-05-01T16:00:00Z,0.00032496,8
ETHUSDT,2021-05-01T16:00:00Z,0.00012262,8
SOLUSDT,2021-05-01T16:00:00Z,0.00040718,8
BTCUSDT,2021-05-02T00:00:00Z,0.00015819,8
ETHUSDT,2021-05-02T00:00:00Z,0.00023451,8
SOLUSDT,2021-05-02T00:00:00Z,0.0004006,8
BTCUSDT,2021-05-02T08:00:00Z,0.00045285,8
ETHUSDT,2021-05-02T08:00:00Z,0.00039722,8
SOLUSDT,2021-05-02T08:00:00Z,0.00061887,8
BTCUSDT,2021-05-02T16:00:00Z,0.00045283,8
ETHUSDT,2021-05-02T16:00:00Z,0.0001,8
SOLUSDT,2021-05-02T16:00:00Z,0.00062817,8
BTCUSDT,2021-05-03T00:00:00Z,0.00040313,8
ETHUSDT,2021-05-03T00:00:00Z,0.0001,8
SOLUSDT,2021-05-03T00:00:00Z,0.00027681,8
BTCUSDT,2021-05-03T08:00:00Z,0.00036188,8
ETHUSDT,2021-05-03T08:00:00Z,0.0001,8
SOLUSDT,2021-05-03T08:00:00Z,0.00047332,8
BTCUSDT,2021-05-03T16:00:00Z,0.00067307,8
ETHUSDT,2021-05-03T16:00:00Z,0.00061627,8
SOLUSDT,2021-05-03T16:00:00Z,0.00068101,8
BTCUSDT,2021-05-04T00:00:00Z,0.00050959,8
ETHUSDT,2021-05-04T00:00:00Z,0.00031687,8
SOLUSDT,2021-05-04T00:00:00Z,0.00089378,8
BTCUSDT,2021-05-04T08:00:00Z,0.00012186,8
ETHUSDT,2021-05-04T08:00:00Z,0.00070707,8
SOLUSDT,2021-05-04T08:00:00Z,0.00033292,8
BTCUSDT,2021-05-04T16:00:00Z,0.00066426,8
ETHUSDT,2021-05-04T16:00:00Z,0.00071637,8
SOLUSDT,2021-05-04T16:00:00Z,0.00048984,8
BTCUSDT,2021-05-05T00:00:00Z,0.00044701,8
ETHUSDT,2021-05-05T00:00:00Z,0.00038408,8
SOLUSDT,2021-05-05T00:00:00Z,0.00021686,8
BTCUSDT,2021-05-05T08:00:00Z,0.00042458,8
ETHUSDT,2021-05-05T08:00:00Z,0.00078274,8
SOLUSDT,2021-05-05T08:00:00Z,0.00060678,8
BTCUSDT,2021-05-05T16:00:00Z,0.00011734,8
ETHUSDT,2021-05-05T16:00:00Z,0.00087977,8
SOLUSDT,2021-05-05T16:00:00Z,0.00075134,8
BTCUSDT,2021-05-06T00:00:00Z,0.00076121,8
ETHUSDT,2021-05-06T00:00:00Z,0.00068239,8
SOLUSDT,2021-05-06T00:00:00Z,0.00077937,8
BTCUSDT,2021-05-06T08:00:00Z,0.00059968,8
ETHUSDT,2021-05-06T08:00:00Z,0.00066648,8
SOLUSDT,2021-05-06T08:00:00Z,0.00117706,8
BTCUSDT,2021-05-06T16:00:00Z,0.0009352,8
ETHUSDT,2021-05-06T16:00:00Z,0.00110886,8
SOLUSDT,2021-05-06T16:00:00Z,0.00172483,8
BTCUSDT,2021-05-07T00:00:00Z,0.00044645,8
ETHUSDT,2021-05-07T00:00:00Z,0.00026032,8
SOLUSDT,2021-05-07T00:00:00Z,0.00090695,8
BTCUSDT,2021-05-07T08:00:00Z,0.00053313,8
ETHUSDT,2021-05-07T08:00:00Z,0.00049147,8
SOLUSDT,2021-05-07T08:00:00Z,0.00086546,8
BTCUSDT,2021-05-07T16:00:00Z,0.00017144,8
ETHUSDT,2021-05-07T16:00:00Z,0.00038025,8
SOLUSDT,2021-05-07T16:00:00Z,0.00119054,8
BTCUSDT,2021-05-08T00:00:00Z,0.0005937,8
ETHUSDT,2021-05-08T00:00:00Z,0.00047199,8
SOLUSDT,2021-05-08T00:00:00Z,0.00075413,8
BTCUSDT,2021-05-08T08:00:00Z,0.00046279,8
ETHUSDT,2021-05-08T08:00:00Z,0.00070136,8
SOLUSDT,2021-05-08T08:00:00Z,0.00082146,8
BTCUSDT,2021-05-08T16:00:00Z,0.00046426,8
ETHUSDT,2021-05-08T16:00:00Z,0.00030149,8
SOLUSDT,2021-05-08T16:00:00Z,0.00072061,8
BTCUSDT,2021-05-09T00:00:00Z,0.00048942,8
ETHUSDT,2021-05-09T00:00:00Z,0.00058991,8
SOLUSDT,2021-05-09T00:00:00Z,0.00043005,8
BTCUSDT,2021-05-09T08:00:00Z,0.00043845,8
ETHUSDT,2021-05-09T08:00:00Z,0.00041522,8
SOLUSDT,2021-05-09T08:00:00Z,0.00044195,8
BTCUSDT,2021-05-09T16:00:00Z,0.00063864,8
ETHUSDT,2021-05-09T16:00:00Z,0.00054148,8
SOLUSDT,2021-05-09T16:00:00Z,0.00057052,8
BTCUSDT,2021-05-10T00:00:00Z,0.00033531,8
ETHUSDT,2021-05-10T00:00:00Z,0.00068787,8
SOLUSDT,2021-05-10T00:00:00Z,0.00057419,8
BTCUSDT,2021-05-10T08:00:00Z,0.00090258,8
ETHUSDT,2021-05-10T08:00:00Z,0.0006638,8
SOLUSDT,2021-05-10T08:00:00Z,0.00074243,8
BTCUSDT,2021-05-10T16:00:00Z,0.00098653,8
ETHUSDT,2021-05-10T16:00:00Z,0.00075749,8
SOLUSDT,2021-05-10T16:00:00Z,0.00111008,8
BTCUSDT,2021-05-11T00:00:00Z,0.00039557,8
ETHUSDT,2021-05-11T00:00:00Z,0.00041169,8
SOLUSDT,2021-05-11T00:00:00Z,0.0001,8
BTCUSDT,2021-05-11T08:00:00Z,0.00050874,8
ETHUSDT,2021-05-11T08:00:00Z,0.00043204,8
SOLUSDT,2021-05-11T08:00:00Z,0.0001,8
BTCUSDT,2021-05-11T16:00:00Z,0.00025625,8
ETHUSDT,2021-05-11T16:00:00Z,0.00029649,8
SOLUSDT,2021-05-11T16:00:00Z,0.00037151,8
BTCUSDT,2021-05-12T00:00:00Z,0.00016659,8
ETHUSDT,2021-05-12T00:00:00Z,0.0001,8
SOLUSDT,2021-05-12T00:00:00Z,0.0001,8
BTCUSDT,2021-05-12T08:00:00Z,0.00033736,8
ETHUSDT,2021-05-12T08:00:00Z,0.00047462,8
SOLUSDT,2021-05-12T08:00:00Z,0.00036144,8
BTCUSDT,2021-05-12T16:00:00Z,0.00039761,8
ETHUSDT,2021-05-12T16:00:00Z,0.00054381,8
SOLUSDT,2021-05-12T16:00:00Z,0.00034871,8
BTCUSDT,2021-05-13T00:00:00Z,0.00011638,8
ETHUSDT,2021-05-13T00:00:00Z,0.00040983,8
SOLUSDT,2021-05-13T00:00:00Z,0.00022113,8
BTCUSDT,2021-05-13T08:00:00Z,0.0001,8
ETHUSDT,2021-05-13T08:00:00Z,0.00014687,8
SOLUSDT,2021-05-13T08:00:00Z,0.0001,8
BTCUSDT,2021-05-13T16:00:00Z,0.00022863,8
ETHUSDT,2021-05-13T16:00:00Z,0.0001,8
SOLUSDT,2021-05-13T16:00:00Z,0.0001,8
BTCUSDT,2021-05-14T00:00:00Z,0.0004004,8
ETHUSDT,2021-05-14T00:00:00Z,0.0001,8
SOLUSDT,2021-05-14T00:00:00Z,0.0001,8
BTCUSDT,2021-05-14T08:00:00Z,0.00035219,8
ETHUSDT,2021-05-14T08:00:00Z,0.0001,8
SOLUSDT,2021-05-14T08:00:00Z,0.0001,8
BTCUSDT,2021-05-14T16:00:00Z,0.00015069,8
ETHUSDT,2021-05-14T16:00:00Z,0.0001,8
SOLUSDT,2021-05-14T16:00:00Z,0.00014439,8
BTCUSDT,2021-05-15T00:00:00Z,0.0001,8
ETHUSDT,2021-05-15T00:00:00Z,0.00038785,8
SOLUSDT,2021-05-15T00:00:00Z,0.0002179,8
BTCUSDT,2021-05-15T08:00:00Z,0.00010123,8
ETHUSDT,2021-05-15T08:00:00Z,0.00052101,8
SOLUSDT,2021-05-15T08:00:00Z,0.00039831,8
BTCUSDT,2021-05-15T16:00:00Z,0.00020153,8
ETHUSDT,2021-05-15T16:00:00Z,0.00046056,8
SOLUSDT,2021-05-15T16:00:00Z,0.00046368,8
BTCUSDT,2021-05-16T00:00:00Z,0.00040248,8
ETHUSDT,2021-05-16T00:00:00Z,0.00030702,8
SOLUSDT,2021-05-16T00:00:00Z,0.00014056,8
BTCUSDT,2021-05-16T08:00:00Z,0.00016682,8
ETHUSDT,2021-05-16T08:00:00Z,0.00013134,8
SOLUSDT,2021-05-16T08:00:00Z,0.00057802,8
BTCUSDT,2021-05-16T16:00:00Z,0.00036196,8
ETHUSDT,2021-05-16T16:00:00Z,0.00018829,8
SOLUSDT,2021-05-16T16:00:00Z,0.00044938,8
BTCUSDT,2021-05-17T00:00:00Z,0.0001,8
ETHUSDT,2021-05-17T00:00:00Z,0.00015608,8
SOLUSDT,2021-05-17T00:00:00Z,0.00063116,8
BTCUSDT,2021-05-17T08:00:00Z,0.00063989,8
ETHUSDT,2021-05-17T08:00:00Z,0.000335,8
SOLUSDT,2021-05-17T08:00:00Z,0.0003684,8
BTCUSDT,2021-05-17T16:00:00Z,0.00059294,8
ETHUSDT,2021-05-17T16:00:00Z,0.0007001,8
SOLUSDT,2021-05-17T16:00:00Z,0.00040371,8
BTCUSDT,2021-05-18T00:00:00Z,0.00054643,8
ETHUSDT,2021-05-18T00:00:00Z,0.00018459,8
SOLUSDT,2021-05-18T00:00:00Z,0.0001,8
BTCUSDT,2021-05-18T08:00:00Z,0.00014723,8
ETHUSDT,2021-05-18T08:00:00Z,0.0001,8
SOLUSDT,2021-05-18T08:00:00Z,0.00021292,8
BTCUSDT,2021-05-18T16:00:00Z,0.00021809,8
ETHUSDT,2021-05-18T16:00:00Z,0.0006146,8
SOLUSDT,2021-05-18T16:00:00Z,0.00048279,8
BTCUSDT,2021-05-19T00:00:00Z,0.0001,8
ETHUSDT,2021-05-19T00:00:00Z,0.0001,8
SOLUSDT,2021-05-19T00:00:00Z,0.0001,8
BTCUSDT,2021-05-19T08:00:00Z,0.00035813,8
ETHUSDT,2021-05-19T08:00:00Z,0.00053311,8
SOLUSDT,2021-05-19T08:00:00Z,0.00023608,8
BTCUSDT,2021-05-19T16:00:00Z,-0.00089697,8
ETHUSDT,2021-05-19T16:00:00Z,-0.00356332,8
SOLUSDT,2021-05-19T16:00:00Z,-0.00536402,8
BTCUSDT,2021-05-20T00:00:00Z,0.0001,8
ETHUSDT,2021-05-20T00:00:00Z,0.00011828,8
SOLUSDT,2021-05-20T00:00:00Z,0.00011177,8
BTCUSDT,2021-05-20T08:00:00Z,0.0001,8
ETHUSDT,2021-05-20T08:00:00Z,0.0001,8
SOLUSDT,2021-05-20T08:00:00Z,0.0001,8
BTCUSDT,2021-05-20T16:00:00Z,0.0001,8
ETHUSDT,2021-05-20T16:00:00Z,0.0001,8
SOLUSDT,2021-05-20T16:00:00Z,0.0001,8
BTCUSDT,2021-05-21T00:00:00Z,0.0001,8
ETHUSDT,2021-05-21T00:00:00Z,0.0001,8
SOLUSDT,2021-05-21T00:00:00Z,0.0001,8
BTCUSDT,2021-05-21T08:00:00Z,-1.001e-05,8
ETHUSDT,2021-05-21T08:00:00Z,0.0001,8
SOLUSDT,2021-05-21T08:00:00Z,0.0001,8
BTCUSDT,2021-05-21T16:00:00Z,7.546e-05,8
ETHUSDT,2021-05-21T16:00:00Z,0.0001,8
SOLUSDT,2021-05-21T16:00:00Z,0.0001,8
BTCUSDT,2021-05-22T00:00:00Z,-0.00024448,8
ETHUSDT,2021-05-22T00:00:00Z,0.0001,8
SOLUSDT,2021-05-22T00:00:00Z,0.0001,8
BTCUSDT,2021-05-22T08:00:00Z,0.0001,8
ETHUSDT,2021-05-22T08:00:00Z,0.0001,8
SOLUSDT,2021-05-22T08:00:00Z,0.0001,8
BTCUSDT,2021-05-22T16:00:00Z,0.0001,8
ETHUSDT,2021-05-22T16:00:00Z,0.0001,8
SOLUSDT,2021-05-22T16:00:00Z,0.0001,8
BTCUSDT,2021-05-23T00:00:00Z,-5.011e-05,8
ETHUSDT,2021-05-23T00:00:00Z,0.0001,8
SOLUSDT,2021-05-23T00:00:00Z,0.0001,8
BTCUSDT,2021-05-23T08:00:00Z,-1.059e-05,8
ETHUSDT,2021-05-23T08:00:00Z,0.0001,8
SOLUSDT,2021-05-23T08:00:00Z,0.0001,8
BTCUSDT,2021-05-23T16:00:00Z,4.696e-05,8
ETHUSDT,2021-05-23T16:00:00Z,0.0001,8
SOLUSDT,2021-05-23T16:00:00Z,0.0001,8
BTCUSDT,2021-05-24T00:00:00Z,-8.534e-05,8
ETHUSDT,2021-05-24T00:00:00Z,0.0001,8
SOLUSDT,2021-05-24T00:00:00Z,0.0001,8
BTCUSDT,2021-05-24T08:00:00Z,-9.905e-05,8
ETHUSDT,2021-05-24T08:00:00Z,0.0001,8
SOLUSDT,2021-05-24T08:00:00Z,0.0001,8
BTCUSDT,2021-05-24T16:00:00Z,2.089e-05,8
ETHUSDT,2021-05-24T16:00:00Z,0.0001,8
SOLUSDT,2021-05-24T16:00:00Z,0.0001,8
BTCUSDT,2021-05-25T00:00:00Z,0.0001,8
ETHUSDT,2021-05-25T00:00:00Z,0.0001,8
SOLUSDT,2021-05-25T00:00:00Z,0.0001,8
BTCUSDT,2021-05-25T08:00:00Z,0.0001,8
ETHUSDT,2021-05-25T08:00:00Z,0.0001,8
SOLUSDT,2021-05-25T08:00:00Z,0.0001,8
BTCUSDT,2021-05-25T16:00:00Z,0.0001,8
ETHUSDT,2021-05-25T16:00:00Z,0.0001,8
SOLUSDT,2021-05-25T16:00:00Z,0.0001,8
BTCUSDT,2021-05-26T00:00:00Z,0.0001,8
ETHUSDT,2021-05-26T00:00:00Z,0.0001,8
SOLUSDT,2021-05-26T00:00:00Z,0.0001,8
BTCUSDT,2021-05-26T08:00:00Z,0.0001,8
ETHUSDT,2021-05-26T08:00:00Z,0.0001,8
SOLUSDT,2021-05-26T08:00:00Z,0.0001,8
BTCUSDT,2021-05-26T16:00:00Z,0.0001,8
ETHUSDT,2021-05-26T16:00:00Z,0.0001,8
SOLUSDT,2021-05-26T16:00:00Z,0.0001,8
BTCUSDT,2021-05-27T00:00:00Z,0.0001,8
ETHUSDT,2021-05-27T00:00:00Z,0.0001,8
SOLUSDT,2021-05-27T00:00:00Z,0.0001,8
BTCUSDT,2021-05-27T08:00:00Z,0.0001,8
ETHUSDT,2021-05-27T08:00:00Z,0.0001,8
SOLUSDT,2021-05-27T08:00:00Z,0.0001,8
BTCUSDT,2021-05-27T16:00:00Z,0.0001,8
ETHUSDT,2021-05-27T16:00:00Z,0.0001,8
SOLUSDT,2021-05-27T16:00:00Z,0.0001,8
BTCUSDT,2021-05-28T00:00:00Z,0.0001,8
ETHUSDT,2021-05-28T00:00:00Z,0.0001,8
SOLUSDT,2021-05-28T00:00:00Z,0.0001,8
BTCUSDT,2021-05-28T08:00:00Z,0.0001,8
ETHUSDT,2021-05-28T08:00:00Z,0.0001,8
SOLUSDT,2021-05-28T08:00:00Z,0.0001,8
BTCUSDT,2021-05-28T16:00:00Z,0.0001,8
ETHUSDT,2021-05-28T16:00:00Z,0.0001,8
SOLUSDT,2021-05-28T16:00:00Z,0.0001,8
BTCUSDT,2021-05-29T00:00:00Z,0.0001,8
ETHUSDT,2021-05-29T00:00:00Z,0.0001,8
SOLUSDT,2021-05-29T00:00:00Z,0.0001,8
BTCUSDT,2021-05-29T08:00:00Z,0.0001,8
ETHUSDT,2021-05-29T08:00:00Z,0.0001,8
SOLUSDT,2021-05-29T08:00:00Z,0.0001,8
BTCUSDT,2021-05-29T16:00:00Z,0.00010375,8
ETHUSDT,2021-05-29T16:00:00Z,0.0001,8
SOLUSDT,2021-05-29T16:00:00Z,0.0001,8
BTCUSDT,2021-05-30T00:00:00Z,0.0001,8
ETHUSDT,2021-05-30T00:00:00Z,0.0001,8
SOLUSDT,2021-05-30T00:00:00Z,0.0001,8
BTCUSDT,2021-05-30T08:00:00Z,0.0001,8
ETHUSDT,2021-05-30T08:00:00Z,0.0001,8
SOLUSDT,2021-05-30T08:00:00Z,0.0001,8
BTCUSDT,2021-05-30T16:00:00Z,0.0001,8
ETHUSDT,2021-05-30T16:00:00Z,0.0001,8
SOLUSDT,2021-05-30T16:00:00Z,0.0001,8
BTCUSDT,2021-05-31T00:00:00Z,0.0001,8
ETHUSDT,2021-05-31T00:00:00Z,0.0001,8
SOLUSDT,2021-05-31T00:00:00Z,0.0001,8
BTCUSDT,2021-05-31T08:00:00Z,0.0001,8
ETHUSDT,2021-05-31T08:00:00Z,0.0001,8
SOLUSDT,2021-05-31T08:00:00Z,0.0001,8
BTCUSDT,2021-05-31T16:00:00Z,0.0001,8
ETHUSDT,2021-05-31T16:00:00Z,0.0001,8
SOLUSDT,2021-05-31T16:00:00Z,0.0001,8
BTCUSDT,2021-06-01T00:00:00Z,0.0001,8
ETHUSDT,2021-06-01T00:00:00Z,0.0001,8
SOLUSDT,2021-06-01T00:00:00Z,0.0001,8
BTCUSDT,2021-06-01T08:00:00Z,0.0001,8
ETHUSDT,2021-06-01T08:00:00Z,0.0001,8
SOLUSDT,2021-06-01T08:00:00Z,0.0001,8
BTCUSDT,2021-06-01T16:00:00Z,0.0001,8
ETHUSDT,2021-06-01T16:00:00Z,0.0001,8
SOLUSDT,2021-06-01T16:00:00Z,0.0001,8
BTCUSDT,2021-06-02T00:00:00Z,0.0001,8
ETHUSDT,2021-06-02T00:00:00Z,0.0001,8
SOLUSDT,2021-06-02T00:00:00Z,0.0001,8
BTCUSDT,2021-06-02T08:00:00Z,0.0001,8
ETHUSDT,2021-06-02T08:00:00Z,0.0001,8
SOLUSDT,2021-06-02T08:00:00Z,0.0001,8
BTCUSDT,2021-06-02T16:00:00Z,0.0001,8
ETHUSDT,2021-06-02T16:00:00Z,0.0001,8
SOLUSDT,2021-06-02T16:00:00Z,0.0001,8
BTCUSDT,2021-06-03T00:00:00Z,0.0001,8
ETHUSDT,2021-06-03T00:00:00Z,0.0001,8
SOLUSDT,2021-06-03T00:00:00Z,0.0001,8
BTCUSDT,2021-06-03T08:00:00Z,0.0001,8
ETHUSDT,2021-06-03T08:00:00Z,0.0001,8
SOLUSDT,2021-06-03T08:00:00Z,0.0001,8
BTCUSDT,2021-06-03T16:00:00Z,0.0001,8
ETHUSDT,2021-06-03T16:00:00Z,0.0001,8
SOLUSDT,2021-06-03T16:00:00Z,0.0001,8
BTCUSDT,2021-06-04T00:00:00Z,0.0001,8
ETHUSDT,2021-06-04T00:00:00Z,0.0001,8
SOLUSDT,2021-06-04T00:00:00Z,0.0001,8
BTCUSDT,2021-06-04T08:00:00Z,0.00020566,8
ETHUSDT,2021-06-04T08:00:00Z,0.0001,8
SOLUSDT,2021-06-04T08:00:00Z,0.0001,8
BTCUSDT,2021-06-04T16:00:00Z,0.0001,8
ETHUSDT,2021-06-04T16:00:00Z,0.0001,8
SOLUSDT,2021-06-04T16:00:00Z,0.0001,8
BTCUSDT,2021-06-05T00:00:00Z,0.0001,8
ETHUSDT,2021-06-05T00:00:00Z,0.0001,8
SOLUSDT,2021-06-05T00:00:00Z,0.0001,8
BTCUSDT,2021-06-05T08:00:00Z,0.0001,8
ETHUSDT,2021-06-05T08:00:00Z,0.0001,8
SOLUSDT,2021-06-05T08:00:00Z,0.0001,8
BTCUSDT,2021-06-05T16:00:00Z,0.0001,8
ETHUSDT,2021-06-05T16:00:00Z,0.0001,8
SOLUSDT,2021-06-05T16:00:00Z,0.0001,8
BTCUSDT,2021-06-06T00:00:00Z,0.0001,8
ETHUSDT,2021-06-06T00:00:00Z,0.0001,8
SOLUSDT,2021-06-06T00:00:00Z,0.0001,8
BTCUSDT,2021-06-06T08:00:00Z,0.0001,8
ETHUSDT,2021-06-06T08:00:00Z,0.0001,8
SOLUSDT,2021-06-06T08:00:00Z,0.0001,8
BTCUSDT,2021-06-06T16:00:00Z,0.0001,8
ETHUSDT,2021-06-06T16:00:00Z,0.0001,8
SOLUSDT,2021-06-06T16:00:00Z,0.0001,8
BTCUSDT,2021-06-07T00:00:00Z,0.0001,8
ETHUSDT,2021-06-07T00:00:00Z,0.0001,8
SOLUSDT,2021-06-07T00:00:00Z,0.0001,8
BTCUSDT,2021-06-07T08:00:00Z,0.0001,8
ETHUSDT,2021-06-07T08:00:00Z,0.0001,8
SOLUSDT,2021-06-07T08:00:00Z,0.0001,8
BTCUSDT,2021-06-07T16:00:00Z,0.0001,8
ETHUSDT,2021-06-07T16:00:00Z,0.0001,8
SOLUSDT,2021-06-07T16:00:00Z,0.0001,8
BTCUSDT,2021-06-08T00:00:00Z,0.0001,8
ETHUSDT,2021-06-08T00:00:00Z,0.0001,8
SOLUSDT,2021-06-08T00:00:00Z,0.0001,8
BTCUSDT,2021-06-08T08:00:00Z,1.015e-05,8
ETHUSDT,2021-06-08T08:00:00Z,0.0001,8
SOLUSDT,2021-06-08T08:00:00Z,0.0001,8
BTCUSDT,2021-06-08T16:00:00Z,0.0001,8
ETHUSDT,2021-06-08T16:00:00Z,0.0001,8
SOLUSDT,2021-06-08T16:00:00Z,0.0001,8
BTCUSDT,2021-06-09T00:00:00Z,0.0001,8
ETHUSDT,2021-06-09T00:00:00Z,0.0001,8
SOLUSDT,2021-06-09T00:00:00Z,-1.63e-05,8
BTCUSDT,2021-06-09T08:00:00Z,-5.397e-05,8
ETHUSDT,2021-06-09T08:00:00Z,0.0001,8
SOLUSDT,2021-06-09T08:00:00Z,1.053e-05,8
BTCUSDT,2021-06-09T16:00:00Z,-0.00014842,8
ETHUSDT,2021-06-09T16:00:00Z,0.0001,8
SOLUSDT,2021-06-09T16:00:00Z,-6.088e-05,8
BTCUSDT,2021-06-10T00:00:00Z,-0.00016793,8
ETHUSDT,2021-06-10T00:00:00Z,0.0001,8
SOLUSDT,2021-06-10T00:00:00Z,0.0001,8
BTCUSDT,2021-06-10T08:00:00Z,6.027e-05,8
ETHUSDT,2021-06-10T08:00:00Z,0.0001,8
SOLUSDT,2021-06-10T08:00:00Z,0.0001,8
BTCUSDT,2021-06-10T16:00:00Z,0.0001,8
ETHUSDT,2021-06-10T16:00:00Z,0.0001,8
SOLUSDT,2021-06-10T16:00:00Z,0.0001,8
BTCUSDT,2021-06-11T00:00:00Z,0.0001,8
ETHUSDT,2021-06-11T00:00:00Z,0.0001,8
SOLUSDT,2021-06-11T00:00:00Z,0.0001,8
BTCUSDT,2021-06-11T08:00:00Z,2.612e-05,8
ETHUSDT,2021-06-11T08:00:00Z,0.0001,8
SOLUSDT,2021-06-11T08:00:00Z,0.0001,8
BTCUSDT,2021-06-11T16:00:00Z,4.776e-05,8
ETHUSDT,2021-06-11T16:00:00Z,8.683e-05,8
SOLUSDT,2021-06-11T16:00:00Z,0.0001,8
BTCUSDT,2021-06-12T00:00:00Z,-7.78e-05,8
ETHUSDT,2021-06-12T00:00:00Z,0.0001,8
SOLUSDT,2021-06-12T00:00:00Z,0.0001,8
BTCUSDT,2021-06-12T08:00:00Z,0.0001,8
ETHUSDT,2021-06-12T08:00:00Z,0.0001,8
SOLUSDT,2021-06-12T08:00:00Z,0.0001,8
BTCUSDT,2021-06-12T16:00:00Z,-8.14e-06,8
ETHUSDT,2021-06-12T16:00:00Z,0.0001,8
SOLUSDT,2021-06-12T16:00:00Z,0.0001,8
BTCUSDT,2021-06-13T00:00:00Z,9.64e-05,8
ETHUSDT,2021-06-13T00:00:00Z,0.0001,8
SOLUSDT,2021-06-13T00:00:00Z,0.0001,8
BTCUSDT,2021-06-13T08:00:00Z,2.852e-05,8
ETHUSDT,2021-06-13T08:00:00Z,0.0001,8
SOLUSDT,2021-06-13T08:00:00Z,0.0001,8
BTCUSDT,2021-06-13T16:00:00Z,-6.559e-05,8
ETHUSDT,2021-06-13T16:00:00Z,0.0001,8
SOLUSDT,2021-06-13T16:00:00Z,0.0001,8
BTCUSDT,2021-06-14T00:00:00Z,0.0001,8
ETHUSDT,2021-06-14T00:00:00Z,0.0001,8
SOLUSDT,2021-06-14T00:00:00Z,0.0001,8
BTCUSDT,2021-06-14T08:00:00Z,0.0001,8
ETHUSDT,2021-06-14T08:00:00Z,0.0001,8
SOLUSDT,2021-06-14T08:00:00Z,0.0001,8
BTCUSDT,2021-06-14T16:00:00Z,-3.144e-05,8
ETHUSDT,2021-06-14T16:00:00Z,3.785e-05,8
SOLUSDT,2021-06-14T16:00:00Z,0.0001,8
BTCUSDT,2021-06-15T00:00:00Z,8.002e-05,8
ETHUSDT,2021-06-15T00:00:00Z,0.0001,8
SOLUSDT,2021-06-15T00:00:00Z,0.0001,8
BTCUSDT,2021-06-15T08:00:00Z,0.0001,8
ETHUSDT,2021-06-15T08:00:00Z,0.0001,8
SOLUSDT,2021-06-15T08:00:00Z,0.0001,8
BTCUSDT,2021-06-15T16:00:00Z,0.0001,8
ETHUSDT,2021-06-15T16:00:00Z,0.0001,8
SOLUSDT,2021-06-15T16:00:00Z,0.0001,8
BTCUSDT,2021-06-16T00:00:00Z,0.0001,8
ETHUSDT,2021-06-16T00:00:00Z,0.0001,8
SOLUSDT,2021-06-16T00:00:00Z,0.0001,8
BTCUSDT,2021-06-16T08:00:00Z,0.0001,8
ETHUSDT,2021-06-16T08:00:00Z,0.0001,8
SOLUSDT,2021-06-16T08:00:00Z,0.0001,8
BTCUSDT,2021-06-16T16:00:00Z,0.0001,8
ETHUSDT,2021-06-16T16:00:00Z,0.0001,8
SOLUSDT,2021-06-16T16:00:00Z,0.0001,8
BTCUSDT,2021-06-17T00:00:00Z,0.0001,8
ETHUSDT,2021-06-17T00:00:00Z,0.0001,8
SOLUSDT,2021-06-17T00:00:00Z,0.0001,8
BTCUSDT,2021-06-17T08:00:00Z,0.0001,8
ETHUSDT,2021-06-17T08:00:00Z,0.0001,8
SOLUSDT,2021-06-17T08:00:00Z,0.0001,8
BTCUSDT,2021-06-17T16:00:00Z,0.0001,8
ETHUSDT,2021-06-17T16:00:00Z,0.0001,8
SOLUSDT,2021-06-17T16:00:00Z,0.0001,8
BTCUSDT,2021-06-18T00:00:00Z,5.342e-05,8
ETHUSDT,2021-06-18T00:00:00Z,-5.78e-06,8
SOLUSDT,2021-06-18T00:00:00Z,0.0001,8
BTCUSDT,2021-06-18T08:00:00Z,3.45e-06,8
ETHUSDT,2021-06-18T08:00:00Z,9.549e-05,8
SOLUSDT,2021-06-18T08:00:00Z,0.0001,8
BTCUSDT,2021-06-18T16:00:00Z,0.0001,8
ETHUSDT,2021-06-18T16:00:00Z,0.0001,8
SOLUSDT,2021-06-18T16:00:00Z,0.0001,8
BTCUSDT,2021-06-19T00:00:00Z,-5.205e-05,8
ETHUSDT,2021-06-19T00:00:00Z,-0.00018201,8
SOLUSDT,2021-06-19T00:00:00Z,0.0001,8
BTCUSDT,2021-06-19T08:00:00Z,-9.441e-05,8
ETHUSDT,2021-06-19T08:00:00Z,-1.78e-06,8
SOLUSDT,2021-06-19T08:00:00Z,5.286e-05,8
BTCUSDT,2021-06-19T16:00:00Z,7.475e-05,8
ETHUSDT,2021-06-19T16:00:00Z,0.0001,8
SOLUSDT,2021-06-19T16:00:00Z,0.0001,8
BTCUSDT,2021-06-20T00:00:00Z,0.0001,8
ETHUSDT,2021-06-20T00:00:00Z,4.657e-05,8
SOLUSDT,2021-06-20T00:00:00Z,5.139e-05,8
BTCUSDT,2021-06-20T08:00:00Z,0.0001,8
ETHUSDT,2021-06-20T08:00:00Z,7.41e-06,8
SOLUSDT,2021-06-20T08:00:00Z,1.243e-05,8
BTCUSDT,2021-06-20T16:00:00Z,-0.00018437,8
ETHUSDT,2021-06-20T16:00:00Z,-0.00024432,8
SOLUSDT,2021-06-20T16:00:00Z,-0.00015506,8
BTCUSDT,2021-06-21T00:00:00Z,-1.617e-05,8
ETHUSDT,2021-06-21T00:00:00Z,4.439e-05,8
SOLUSDT,2021-06-21T00:00:00Z,0.0001,8
BTCUSDT,2021-06-21T08:00:00Z,0.0001,8
ETHUSDT,2021-06-21T08:00:00Z,-7.382e-05,8
SOLUSDT,2021-06-21T08:00:00Z,-0.00014527,8
BTCUSDT,2021-06-21T16:00:00Z,-0.00019854,8
ETHUSDT,2021-06-21T16:00:00Z,-7.303e-05,8
SOLUSDT,2021-06-21T16:00:00Z,-0.00012222,8
BTCUSDT,2021-06-22T00:00:00Z,7.947e-05,8
ETHUSDT,2021-06-22T00:00:00Z,0.0001,8
SOLUSDT,2021-06-22T00:00:00Z,-0.00015939,8
BTCUSDT,2021-06-22T08:00:00Z,0.0001,8
ETHUSDT,2021-06-22T08:00:00Z,4.434e-05,8
SOLUSDT,2021-06-22T08:00:00Z,8.849e-05,8
BTCUSDT,2021-06-22T16:00:00Z,-0.00032806,8
ETHUSDT,2021-06-22T16:00:00Z,-7.59e-06,8
SOLUSDT,2021-06-22T16:00:00Z,-0.00063866,8
BTCUSDT,2021-06-23T00:00:00Z,6.7e-07,8
ETHUSDT,2021-06-23T00:00:00Z,4.046e-05,8
SOLUSDT,2021-06-23T00:00:00Z,3.778e-05,8
BTCUSDT,2021-06-23T08:00:00Z,-0.00013693,8
ETHUSDT,2021-06-23T08:00:00Z,-9.115e-05,8
SOLUSDT,2021-06-23T08:00:00Z,-0.00016983,8
BTCUSDT,2021-06-23T16:00:00Z,-0.00019895,8
ETHUSDT,2021-06-23T16:00:00Z,-6.683e-05,8
SOLUSDT,2021-06-23T16:00:00Z,-0.00048376,8
BTCUSDT,2021-06-24T00:00:00Z,-7.785e-05,8
ETHUSDT,2021-06-24T00:00:00Z,-4.432e-05,8
SOLUSDT,2021-06-24T00:00:00Z,-0.00040513,8
BTCUSDT,2021-06-24T08:00:00Z,0.0001,8
ETHUSDT,2021-06-24T08:00:00Z,0.0001,8
SOLUSDT,2021-06-24T08:00:00Z,-3.98e-05,8
BTCUSDT,2021-06-24T16:00:00Z,-0.00018863,8
ETHUSDT,2021-06-24T16:00:00Z,0.0001,8
SOLUSDT,2021-06-24T16:00:00Z,-3.274e-05,8
BTCUSDT,2021-06-25T00:00:00Z,2.372e-05,8
ETHUSDT,2021-06-25T00:00:00Z,0.0001,8
SOLUSDT,2021-06-25T00:00:00Z,-8.45e-06,8
BTCUSDT,2021-06-25T08:00:00Z,0.0001,8
ETHUSDT,2021-06-25T08:00:00Z,0.0001,8
SOLUSDT,2021-06-25T08:00:00Z,-5.36e-06,8
BTCUSDT,2021-06-25T16:00:00Z,0.0001,8
ETHUSDT,2021-06-25T16:00:00Z,7.207e-05,8
SOLUSDT,2021-06-25T16:00:00Z,8.509e-05,8
BTCUSDT,2021-06-26T00:00:00Z,-0.00011029,8
ETHUSDT,2021-06-26T00:00:00Z,4.234e-05,8
SOLUSDT,2021-06-26T00:00:00Z,1.487e-05,8
BTCUSDT,2021-06-26T08:00:00Z,-0.00013121,8
ETHUSDT,2021-06-26T08:00:00Z,-5.794e-05,8
SOLUSDT,2021-06-26T08:00:00Z,2.356e-05,8
BTCUSDT,2021-06-26T16:00:00Z,-0.00010371,8
ETHUSDT,2021-06-26T16:00:00Z,-0.00014961,8
SOLUSDT,2021-06-26T16:00:00Z,-0.00027879,8
BTCUSDT,2021-06-27T00:00:00Z,-0.00023578,8
ETHUSDT,2021-06-27T00:00:00Z,-6.018e-05,8
SOLUSDT,2021-06-27T00:00:00Z,-0.00010767,8
BTCUSDT,2021-06-27T08:00:00Z,-0.00052905,8
ETHUSDT,2021-06-27T08:00:00Z,-0.00027281,8
SOLUSDT,2021-06-27T08:00:00Z,0.0001,8
BTCUSDT,2021-06-27T16:00:00Z,-0.00026102,8
ETHUSDT,2021-06-27T16:00:00Z,-0.00013791,8
SOLUSDT,2021-06-27T16:00:00Z,0.0001,8
BTCUSDT,2021-06-28T00:00:00Z,-2.914e-05,8
ETHUSDT,2021-06-28T00:00:00Z,-4.311e-05,8
SOLUSDT,2021-06-28T00:00:00Z,0.0001,8
BTCUSDT,2021-06-28T08:00:00Z,3.312e-05,8
ETHUSDT,2021-06-28T08:00:00Z,0.0001,8
SOLUSDT,2021-06-28T08:00:00Z,0.0001,8
BTCUSDT,2021-06-28T16:00:00Z,0.0001,8
ETHUSDT,2021-06-28T16:00:00Z,-2.358e-05,8
SOLUSDT,2021-06-28T16:00:00Z,0.0001,8
BTCUSDT,2021-06-29T00:00:00Z,8.346e-05,8
ETHUSDT,2021-06-29T00:00:00Z,8.669e-05,8
SOLUSDT,2021-06-29T00:00:00Z,0.0001,8
BTCUSDT,2021-06-29T08:00:00Z,0.0001,8
ETHUSDT,2021-06-29T08:00:00Z,6.012e-05,8
SOLUSDT,2021-06-29T08:00:00Z,0.0001,8
BTCUSDT,2021-06-29T16:00:00Z,3.883e-05,8
ETHUSDT,2021-06-29T16:00:00Z,-0.00011947,8
SOLUSDT,2021-06-29T16:00:00Z,-4.814e-05,8
BTCUSDT,2021-06-30T00:00:00Z,0.0001,8
ETHUSDT,2021-06-30T00:00:00Z,0.0001,8
SOLUSDT,2021-06-30T00:00:00Z,0.0001,8
BTCUSDT,2021-06-30T08:00:00Z,0.0001,8
ETHUSDT,2021-06-30T08:00:00Z,0.0001,8
SOLUSDT,2021-06-30T08:00:00Z,0.0001,8
BTCUSDT,2021-06-30T16:00:00Z,0.0001,8
ETHUSDT,2021-06-30T16:00:00Z,0.0001,8
SOLUSDT,2021-06-30T16:00:00Z,0.0001,8
BTCUSDT,2021-07-01T00:00:00Z,0.0001,8
ETHUSDT,2021-07-01T00:00:00Z,0.0001,8
SOLUSDT,2021-07-01T00:00:00Z,8.824e-05,8
BTCUSDT,2021-07-01T08:00:00Z,0.0001,8
ETHUSDT,2021-07-01T08:00:00Z,0.0001,8
SOLUSDT,2021-07-01T08:00:00Z,0.0001,8
BTCUSDT,2021-07-01T16:00:00Z,0.0001,8
ETHUSDT,2021-07-01T16:00:00Z,4.853e-05,8
SOLUSDT,2021-07-01T16:00:00Z,0.0001,8
BTCUSDT,2021-07-02T00:00:00Z,8.304e-05,8
ETHUSDT,2021-07-02T00:00:00Z,-9.5e-07,8
SOLUSDT,2021-07-02T00:00:00Z,0.0001,8
BTCUSDT,2021-07-02T08:00:00Z,0.0001,8
ETHUSDT,2021-07-02T08:00:00Z,-2.734e-05,8
SOLUSDT,2021-07-02T08:00:00Z,0.0001,8
BTCUSDT,2021-07-02T16:00:00Z,-0.00012187,8
ETHUSDT,2021-07-02T16:00:00Z,-0.00014398,8
SOLUSDT,2021-07-02T16:00:00Z,0.0001,8
BTCUSDT,2021-07-03T00:00:00Z,-4.866e-05,8
ETHUSDT,2021-07-03T00:00:00Z,7.139e-05,8
SOLUSDT,2021-07-03T00:00:00Z,0.0001,8
BTCUSDT,2021-07-03T08:00:00Z,-0.0001355,8
ETHUSDT,2021-07-03T08:00:00Z,2.925e-05,8
SOLUSDT,2021-07-03T08:00:00Z,0.0001,8
BTCUSDT,2021-07-03T16:00:00Z,3.53e-05,8
ETHUSDT,2021-07-03T16:00:00Z,-3.943e-05,8
SOLUSDT,2021-07-03T16:00:00Z,0.0001,8
BTCUSDT,2021-07-04T00:00:00Z,3.235e-05,8
ETHUSDT,2021-07-04T00:00:00Z,0.0001,8
SOLUSDT,2021-07-04T00:00:00Z,0.0001,8
BTCUSDT,2021-07-04T08:00:00Z,-0.0001527,8
ETHUSDT,2021-07-04T08:00:00Z,0.0001,8
SOLUSDT,2021-07-04T08:00:00Z,0.0001,8
BTCUSDT,2021-07-04T16:00:00Z,4.428e-05,8
ETHUSDT,2021-07-04T16:00:00Z,0.0001,8
SOLUSDT,2021-07-04T16:00:00Z,0.0001,8
BTCUSDT,2021-07-05T00:00:00Z,0.0001,8
ETHUSDT,2021-07-05T00:00:00Z,2.596e-05,8
SOLUSDT,2021-07-05T00:00:00Z,0.0001,8
BTCUSDT,2021-07-05T08:00:00Z,0.0001,8
ETHUSDT,2021-07-05T08:00:00Z,0.0001,8
SOLUSDT,2021-07-05T08:00:00Z,0.0001,8
BTCUSDT,2021-07-05T16:00:00Z,-0.0001044,8
ETHUSDT,2021-07-05T16:00:00Z,7.226e-05,8
SOLUSDT,2021-07-05T16:00:00Z,0.0001,8
BTCUSDT,2021-07-06T00:00:00Z,-6.81e-06,8
ETHUSDT,2021-07-06T00:00:00Z,2.925e-05,8
SOLUSDT,2021-07-06T00:00:00Z,0.0001,8
BTCUSDT,2021-07-06T08:00:00Z,-0.0001114,8
ETHUSDT,2021-07-06T08:00:00Z,-3.935e-05,8
SOLUSDT,2021-07-06T08:00:00Z,0.0001,8
BTCUSDT,2021-07-06T16:00:00Z,-8.213e-05,8
ETHUSDT,2021-07-06T16:00:00Z,9.559e-05,8
SOLUSDT,2021-07-06T16:00:00Z,0.0001,8
BTCUSDT,2021-07-07T00:00:00Z,-0.00013362,8
ETHUSDT,2021-07-07T00:00:00Z,3.679e-05,8
SOLUSDT,2021-07-07T00:00:00Z,0.0001,8
BTCUSDT,2021-07-07T08:00:00Z,0.0001,8
ETHUSDT,2021-07-07T08:00:00Z,9.363e-05,8
SOLUSDT,2021-07-07T08:00:00Z,0.0001,8
BTCUSDT,2021-07-07T16:00:00Z,0.0001,8
ETHUSDT,2021-07-07T16:00:00Z,0.0001,8
SOLUSDT,2021-07-07T16:00:00Z,0.0001,8
BTCUSDT,2021-07-08T00:00:00Z,1.382e-05,8
ETHUSDT,2021-07-08T00:00:00Z,-1.075e-05,8
SOLUSDT,2021-07-08T00:00:00Z,0.0001,8
BTCUSDT,2021-07-08T08:00:00Z,-6.403e-05,8
ETHUSDT,2021-07-08T08:00:00Z,8.639e-05,8
SOLUSDT,2021-07-08T08:00:00Z,0.0001,8
BTCUSDT,2021-07-08T16:00:00Z,-0.0002808,8
ETHUSDT,2021-07-08T16:00:00Z,0.0001,8
SOLUSDT,2021-07-08T16:00:00Z,0.0001,8
BTCUSDT,2021-07-09T00:00:00Z,-0.00010885,8
ETHUSDT,2021-07-09T00:00:00Z,0.0001,8
SOLUSDT,2021-07-09T00:00:00Z,0.0001,8
BTCUSDT,2021-07-09T08:00:00Z,-0.00017364,8
ETHUSDT,2021-07-09T08:00:00Z,2.471e-05,8
SOLUSDT,2021-07-09T08:00:00Z,0.0001,8
BTCUSDT,2021-07-09T16:00:00Z,-0.00018845,8
ETHUSDT,2021-07-09T16:00:00Z,0.0001,8
SOLUSDT,2021-07-09T16:00:00Z,2.573e-05,8
BTCUSDT,2021-07-10T00:00:00Z,-8.1e-07,8
ETHUSDT,2021-07-10T00:00:00Z,0.0001,8
SOLUSDT,2021-07-10T00:00:00Z,0.0001,8
BTCUSDT,2021-07-10T08:00:00Z,7.847e-05,8
ETHUSDT,2021-07-10T08:00:00Z,0.0001,8
SOLUSDT,2021-07-10T08:00:00Z,0.0001,8
BTCUSDT,2021-07-10T16:00:00Z,7.2e-07,8
ETHUSDT,2021-07-10T16:00:00Z,0.0001,8
SOLUSDT,2021-07-10T16:00:00Z,0.0001,8
BTCUSDT,2021-07-11T00:00:00Z,7.785e-05,8
ETHUSDT,2021-07-11T00:00:00Z,0.0001,8
SOLUSDT,2021-07-11T00:00:00Z,0.0001,8
BTCUSDT,2021-07-11T08:00:00Z,0.0001,8
ETHUSDT,2021-07-11T08:00:00Z,0.0001,8
SOLUSDT,2021-07-11T08:00:00Z,0.0001,8
BTCUSDT,2021-07-11T16:00:00Z,-3.373e-05,8
ETHUSDT,2021-07-11T16:00:00Z,0.0001,8
SOLUSDT,2021-07-11T16:00:00Z,0.0001,8
BTCUSDT,2021-07-12T00:00:00Z,8.851e-05,8
ETHUSDT,2021-07-12T00:00:00Z,0.0001,8
SOLUSDT,2021-07-12T00:00:00Z,0.0001,8
BTCUSDT,2021-07-12T08:00:00Z,3.463e-05,8
ETHUSDT,2021-07-12T08:00:00Z,0.0001,8
SOLUSDT,2021-07-12T08:00:00Z,0.0001,8
BTCUSDT,2021-07-12T16:00:00Z,0.0001,8
ETHUSDT,2021-07-12T16:00:00Z,0.0001,8
SOLUSDT,2021-07-12T16:00:00Z,0.0001,8
BTCUSDT,2021-07-13T00:00:00Z,0.0001,8
ETHUSDT,2021-07-13T00:00:00Z,0.0001,8
SOLUSDT,2021-07-13T00:00:00Z,0.0001,8
BTCUSDT,2021-07-13T08:00:00Z,0.0001,8
ETHUSDT,2021-07-13T08:00:00Z,-1.436e-05,8
SOLUSDT,2021-07-13T08:00:00Z,0.0001,8
BTCUSDT,2021-07-13T16:00:00Z,5.2e-07,8
ETHUSDT,2021-07-13T16:00:00Z,0.0001,8
SOLUSDT,2021-07-13T16:00:00Z,0.0001,8
BTCUSDT,2021-07-14T00:00:00Z,0.0001,8
ETHUSDT,2021-07-14T00:00:00Z,0.0001,8
SOLUSDT,2021-07-14T00:00:00Z,0.0001,8
BTCUSDT,2021-07-14T08:00:00Z,1.317e-05,8
ETHUSDT,2021-07-14T08:00:00Z,0.0001,8
SOLUSDT,2021-07-14T08:00:00Z,0.0001,8
BTCUSDT,2021-07-14T16:00:00Z,-0.00011753,8
ETHUSDT,2021-07-14T16:00:00Z,-1.55e-05,8
SOLUSDT,2021-07-14T16:00:00Z,0.0001,8
BTCUSDT,2021-07-15T00:00:00Z,-4.883e-05,8
ETHUSDT,2021-07-15T00:00:00Z,5.808e-05,8
SOLUSDT,2021-07-15T00:00:00Z,0.0001,8
BTCUSDT,2021-07-15T08:00:00Z,0.0001,8
ETHUSDT,2021-07-15T08:00:00Z,0.0001,8
SOLUSDT,2021-07-15T08:00:00Z,0.0001,8
BTCUSDT,2021-07-15T16:00:00Z,1.576e-05,8
ETHUSDT,2021-07-15T16:00:00Z,9.847e-05,8
SOLUSDT,2021-07-15T16:00:00Z,0.0001,8
BTCUSDT,2021-07-16T00:00:00Z,-0.00011529,8
ETHUSDT,2021-07-16T00:00:00Z,0.0001,8
SOLUSDT,2021-07-16T00:00:00Z,0.0001,8
BTCUSDT,2021-07-16T08:00:00Z,6.105e-05,8
ETHUSDT,2021-07-16T08:00:00Z,0.0001,8
SOLUSDT,2021-07-16T08:00:00Z,0.0001,8
BTCUSDT,2021-07-16T16:00:00Z,1.073e-05,8
ETHUSDT,2021-07-16T16:00:00Z,6.785e-05,8
SOLUSDT,2021-07-16T16:00:00Z,0.0001,8
BTCUSDT,2021-07-17T00:00:00Z,0.0001,8
ETHUSDT,2021-07-17T00:00:00Z,0.0001,8
SOLUSDT,2021-07-17T00:00:00Z,0.0001,8
BTCUSDT,2021-07-17T08:00:00Z,-4.343e-05,8
ETHUSDT,2021-07-17T08:00:00Z,0.0001,8
SOLUSDT,2021-07-17T08:00:00Z,0.0001,8
BTCUSDT,2021-07-17T16:00:00Z,2.365e-05,8
ETHUSDT,2021-07-17T16:00:00Z,5.313e-05,8
SOLUSDT,2021-07-17T16:00:00Z,0.0001,8
BTCUSDT,2021-07-18T00:00:00Z,0.0001,8
ETHUSDT,2021-07-18T00:00:00Z,0.0001,8
SOLUSDT,2021-07-18T00:00:00Z,0.0001,8
BTCUSDT,2021-07-18T08:00:00Z,0.0001,8
ETHUSDT,2021-07-18T08:00:00Z,0.0001,8
SOLUSDT,2021-07-18T08:00:00Z,0.0001,8
BTCUSDT,2021-07-18T16:00:00Z,-4.434e-05,8
ETHUSDT,2021-07-18T16:00:00Z,0.0001,8
SOLUSDT,2021-07-18T16:00:00Z,0.0001,8
BTCUSDT,2021-07-19T00:00:00Z,-7.51e-05,8
ETHUSDT,2021-07-19T00:00:00Z,1.98e-06,8
SOLUSDT,2021-07-19T00:00:00Z,0.0001,8
BTCUSDT,2021-07-19T08:00:00Z,3.183e-05,8
ETHUSDT,2021-07-19T08:00:00Z,6.91e-06,8
SOLUSDT,2021-07-19T08:00:00Z,0.0001,8
BTCUSDT,2021-07-19T16:00:00Z,-1.23e-05,8
ETHUSDT,2021-07-19T16:00:00Z,3.1e-06,8
SOLUSDT,2021-07-19T16:00:00Z,0.0001,8
BTCUSDT,2021-07-20T00:00:00Z,-0.00015687,8
ETHUSDT,2021-07-20T00:00:00Z,-2.156e-05,8
SOLUSDT,2021-07-20T00:00:00Z,9.854e-05,8
BTCUSDT,2021-07-20T08:00:00Z,-0.00012569,8
ETHUSDT,2021-07-20T08:00:00Z,-0.00041611,8
SOLUSDT,2021-07-20T08:00:00Z,-8.31e-06,8
BTCUSDT,2021-07-20T16:00:00Z,-0.00018939,8
ETHUSDT,2021-07-20T16:00:00Z,-5.126e-05,8
SOLUSDT,2021-07-20T16:00:00Z,-0.00011297,8
BTCUSDT,2021-07-21T00:00:00Z,-0.00022869,8
ETHUSDT,2021-07-21T00:00:00Z,1.65e-06,8
SOLUSDT,2021-07-21T00:00:00Z,-0.00011333,8
BTCUSDT,2021-07-21T08:00:00Z,-0.00039139,8
ETHUSDT,2021-07-21T08:00:00Z,-0.00025489,8
SOLUSDT,2021-07-21T08:00:00Z,2.876e-05,8
BTCUSDT,2021-07-21T16:00:00Z,-0.00032314,8
ETHUSDT,2021-07-21T16:00:00Z,-0.00028858,8
SOLUSDT,2021-07-21T16:00:00Z,8.264e-05,8
BTCUSDT,2021-07-22T00:00:00Z,-0.00016261,8
ETHUSDT,2021-07-22T00:00:00Z,0.0001,8
SOLUSDT,2021-07-22T00:00:00Z,0.0001,8
BTCUSDT,2021-07-22T08:00:00Z,1.362e-05,8
ETHUSDT,2021-07-22T08:00:00Z,0.0001,8
SOLUSDT,2021-07-22T08:00:00Z,0.0001,8
BTCUSDT,2021-07-22T16:00:00Z,1.374e-05,8
ETHUSDT,2021-07-22T16:00:00Z,0.0001,8
SOLUSDT,2021-07-22T16:00:00Z,0.0001,8
BTCUSDT,2021-07-23T00:00:00Z,3.44e-06,8
ETHUSDT,2021-07-23T00:00:00Z,8.643e-05,8
SOLUSDT,2021-07-23T00:00:00Z,0.0001,8
BTCUSDT,2021-07-23T08:00:00Z,-0.00016985,8
ETHUSDT,2021-07-23T08:00:00Z,0.0001,8
SOLUSDT,2021-07-23T08:00:00Z,0.0001,8
BTCUSDT,2021-07-23T16:00:00Z,-9.9e-06,8
ETHUSDT,2021-07-23T16:00:00Z,0.0001,8
SOLUSDT,2021-07-23T16:00:00Z,0.0001,8
BTCUSDT,2021-07-24T00:00:00Z,-7.246e-05,8
ETHUSDT,2021-07-24T00:00:00Z,0.0001,8
SOLUSDT,2021-07-24T00:00:00Z,0.0001,8
BTCUSDT,2021-07-24T08:00:00Z,-0.00013379,8
ETHUSDT,2021-07-24T08:00:00Z,0.0001,8
SOLUSDT,2021-07-24T08:00:00Z,0.0001,8
BTCUSDT,2021-07-24T16:00:00Z,-0.00010603,8
ETHUSDT,2021-07-24T16:00:00Z,-2.614e-05,8
SOLUSDT,2021-07-24T16:00:00Z,0.0001,8
BTCUSDT,2021-07-25T00:00:00Z,-0.00025685,8
ETHUSDT,2021-07-25T00:00:00Z,-1.521e-05,8
SOLUSDT,2021-07-25T00:00:00Z,0.0001,8
BTCUSDT,2021-07-25T08:00:00Z,-0.00021708,8
ETHUSDT,2021-07-25T08:00:00Z,4.969e-05,8
SOLUSDT,2021-07-25T08:00:00Z,0.0001,8
BTCUSDT,2021-07-25T16:00:00Z,-5.198e-05,8
ETHUSDT,2021-07-25T16:00:00Z,0.0001,8
SOLUSDT,2021-07-25T16:00:00Z,0.0001,8
BTCUSDT,2021-07-26T00:00:00Z,-0.00054841,8
ETHUSDT,2021-07-26T00:00:00Z,0.0001,8
SOLUSDT,2021-07-26T00:00:00Z,0.0001,8
BTCUSDT,2021-07-26T08:00:00Z,0.0001,8
ETHUSDT,2021-07-26T08:00:00Z,0.0001,8
SOLUSDT,2021-07-26T08:00:00Z,0.0001,8
BTCUSDT,2021-07-26T16:00:00Z,0.0001,8
ETHUSDT,2021-07-26T16:00:00Z,0.0001,8
SOLUSDT,2021-07-26T16:00:00Z,0.0001,8
BTCUSDT,2021-07-27T00:00:00Z,0.0001,8
ETHUSDT,2021-07-27T00:00:00Z,0.0001,8
SOLUSDT,2021-07-27T00:00:00Z,0.0001,8
BTCUSDT,2021-07-27T08:00:00Z,0.0001,8
ETHUSDT,2021-07-27T08:00:00Z,0.0001,8
SOLUSDT,2021-07-27T08:00:00Z,0.0001,8
BTCUSDT,2021-07-27T16:00:00Z,-2.248e-05,8
ETHUSDT,2021-07-27T16:00:00Z,0.0001,8
SOLUSDT,2021-07-27T16:00:00Z,0.0001,8
BTCUSDT,2021-07-28T00:00:00Z,-2.037e-05,8
ETHUSDT,2021-07-28T00:00:00Z,0.0001,8
SOLUSDT,2021-07-28T00:00:00Z,0.0001,8
BTCUSDT,2021-07-28T08:00:00Z,0.0001,8
ETHUSDT,2021-07-28T08:00:00Z,0.0001,8
SOLUSDT,2021-07-28T08:00:00Z,0.0001,8
BTCUSDT,2021-07-28T16:00:00Z,0.0001,8
ETHUSDT,2021-07-28T16:00:00Z,5.618e-05,8
SOLUSDT,2021-07-28T16:00:00Z,0.0001,8
BTCUSDT,2021-07-29T00:00:00Z,1.493e-05,8
ETHUSDT,2021-07-29T00:00:00Z,5.723e-05,8
SOLUSDT,2021-07-29T00:00:00Z,0.0001,8
BTCUSDT,2021-07-29T08:00:00Z,8.276e-05,8
ETHUSDT,2021-07-29T08:00:00Z,0.0001,8
SOLUSDT,2021-07-29T08:00:00Z,0.0001,8
BTCUSDT,2021-07-29T16:00:00Z,0.0001,8
ETHUSDT,2021-07-29T16:00:00Z,0.0001,8
SOLUSDT,2021-07-29T16:00:00Z,0.0001,8
BTCUSDT,2021-07-30T00:00:00Z,0.0001,8
ETHUSDT,2021-07-30T00:00:00Z,0.0001,8
SOLUSDT,2021-07-30T00:00:00Z,0.0001,8
BTCUSDT,2021-07-30T08:00:00Z,0.0001,8
ETHUSDT,2021-07-30T08:00:00Z,0.0001,8
SOLUSDT,2021-07-30T08:00:00Z,0.0001,8
BTCUSDT,2021-07-30T16:00:00Z,-2.377e-05,8
ETHUSDT,2021-07-30T16:00:00Z,0.0001,8
SOLUSDT,2021-07-30T16:00:00Z,0.0001,8
BTCUSDT,2021-07-31T00:00:00Z,0.0001,8
ETHUSDT,2021-07-31T00:00:00Z,0.0001,8
SOLUSDT,2021-07-31T00:00:00Z,0.0001,8
BTCUSDT,2021-07-31T08:00:00Z,0.0001,8
ETHUSDT,2021-07-31T08:00:00Z,0.0001,8
SOLUSDT,2021-07-31T08:00:00Z,0.0001,8
BTCUSDT,2021-07-31T16:00:00Z,0.0001,8
ETHUSDT,2021-07-31T16:00:00Z,0.0001,8
SOLUSDT,2021-07-31T16:00:00Z,0.0001,8
BTCUSDT,2021-08-01T00:00:00Z,0.0001,8
ETHUSDT,2021-08-01T00:00:00Z,0.0001,8
SOLUSDT,2021-08-01T00:00:00Z,0.0001,8
BTCUSDT,2021-08-01T08:00:00Z,0.0001,8
ETHUSDT,2021-08-01T08:00:00Z,0.0001,8
SOLUSDT,2021-08-01T08:00:00Z,0.0001,8
BTCUSDT,2021-08-01T16:00:00Z,0.0001,8
ETHUSDT,2021-08-01T16:00:00Z,0.0001,8
SOLUSDT,2021-08-01T16:00:00Z,0.0001,8
BTCUSDT,2021-08-02T00:00:00Z,0.0001,8
ETHUSDT,2021-08-02T00:00:00Z,0.0001,8
SOLUSDT,2021-08-02T00:00:00Z,0.0001,8
BTCUSDT,2021-08-02T08:00:00Z,0.0001,8
ETHUSDT,2021-08-02T08:00:00Z,0.0001,8
SOLUSDT,2021-08-02T08:00:00Z,0.0001,8
BTCUSDT,2021-08-02T16:00:00Z,0.0001,8
ETHUSDT,2021-08-02T16:00:00Z,0.0001,8
SOLUSDT,2021-08-02T16:00:00Z,0.0001,8
BTCUSDT,2021-08-03T00:00:00Z,0.0001,8
ETHUSDT,2021-08-03T00:00:00Z,0.0001,8
SOLUSDT,2021-08-03T00:00:00Z,0.0001,8
BTCUSDT,2021-08-03T08:00:00Z,0.0001,8
ETHUSDT,2021-08-03T08:00:00Z,0.0001,8
SOLUSDT,2021-08-03T08:00:00Z,0.0001,8
BTCUSDT,2021-08-03T16:00:00Z,0.0001,8
ETHUSDT,2021-08-03T16:00:00Z,7.59e-06,8
SOLUSDT,2021-08-03T16:00:00Z,0.0001,8
BTCUSDT,2021-08-04T00:00:00Z,0.0001,8
ETHUSDT,2021-08-04T00:00:00Z,2.73e-06,8
SOLUSDT,2021-08-04T00:00:00Z,0.0001,8
BTCUSDT,2021-08-04T08:00:00Z,0.0001,8
ETHUSDT,2021-08-04T08:00:00Z,0.0001,8
SOLUSDT,2021-08-04T08:00:00Z,0.0001,8
BTCUSDT,2021-08-04T16:00:00Z,1.272e-05,8
ETHUSDT,2021-08-04T16:00:00Z,9.39e-05,8
SOLUSDT,2021-08-04T16:00:00Z,0.0001,8
BTCUSDT,2021-08-05T00:00:00Z,0.0001,8
ETHUSDT,2021-08-05T00:00:00Z,0.0001,8
SOLUSDT,2021-08-05T00:00:00Z,0.0001,8
BTCUSDT,2021-08-05T08:00:00Z,0.0001,8
ETHUSDT,2021-08-05T08:00:00Z,0.0001,8
SOLUSDT,2021-08-05T08:00:00Z,0.0001,8
BTCUSDT,2021-08-05T16:00:00Z,0.0001,8
ETHUSDT,2021-08-05T16:00:00Z,0.0001,8
SOLUSDT,2021-08-05T16:00:00Z,0.00010194,8
BTCUSDT,2021-08-06T00:00:00Z,0.0001,8
ETHUSDT,2021-08-06T00:00:00Z,0.0001,8
SOLUSDT,2021-08-06T00:00:00Z,0.0001,8
BTCUSDT,2021-08-06T08:00:00Z,0.0001,8
ETHUSDT,2021-08-06T08:00:00Z,0.0001,8
SOLUSDT,2021-08-06T08:00:00Z,0.0001,8
BTCUSDT,2021-08-06T16:00:00Z,0.0001,8
ETHUSDT,2021-08-06T16:00:00Z,0.0001,8
SOLUSDT,2021-08-06T16:00:00Z,0.0001,8
BTCUSDT,2021-08-07T00:00:00Z,0.0001,8
ETHUSDT,2021-08-07T00:00:00Z,0.0001,8
SOLUSDT,2021-08-07T00:00:00Z,0.00017964,8
BTCUSDT,2021-08-07T08:00:00Z,0.0001,8
ETHUSDT,2021-08-07T08:00:00Z,0.0001,8
SOLUSDT,2021-08-07T08:00:00Z,0.00013994,8
BTCUSDT,2021-08-07T16:00:00Z,0.0001,8
ETHUSDT,2021-08-07T16:00:00Z,0.00018202,8
SOLUSDT,2021-08-07T16:00:00Z,0.00057549,8
BTCUSDT,2021-08-08T00:00:00Z,0.0001,8
ETHUSDT,2021-08-08T00:00:00Z,0.00013627,8
SOLUSDT,2021-08-08T00:00:00Z,0.00031014,8
BTCUSDT,2021-08-08T08:00:00Z,0.0001,8
ETHUSDT,2021-08-08T08:00:00Z,0.0001,8
SOLUSDT,2021-08-08T08:00:00Z,0.00022565,8
BTCUSDT,2021-08-08T16:00:00Z,0.0001,8
ETHUSDT,2021-08-08T16:00:00Z,0.0001,8
SOLUSDT,2021-08-08T16:00:00Z,0.00025136,8
BTCUSDT,2021-08-09T00:00:00Z,0.0001,8
ETHUSDT,2021-08-09T00:00:00Z,0.00014093,8
SOLUSDT,2021-08-09T00:00:00Z,0.0001,8
BTCUSDT,2021-08-09T08:00:00Z,0.0001,8
ETHUSDT,2021-08-09T08:00:00Z,0.00021302,8
SOLUSDT,2021-08-09T08:00:00Z,0.00012233,8
BTCUSDT,2021-08-09T16:00:00Z,0.0001,8
ETHUSDT,2021-08-09T16:00:00Z,0.0001,8
SOLUSDT,2021-08-09T16:00:00Z,0.0001,8
BTCUSDT,2021-08-10T00:00:00Z,0.0001,8
ETHUSDT,2021-08-10T00:00:00Z,0.00045734,8
SOLUSDT,2021-08-10T00:00:00Z,0.00013435,8
BTCUSDT,2021-08-10T08:00:00Z,0.0001,8
ETHUSDT,2021-08-10T08:00:00Z,0.0001,8
SOLUSDT,2021-08-10T08:00:00Z,0.00018125,8
BTCUSDT,2021-08-10T16:00:00Z,0.0001,8
ETHUSDT,2021-08-10T16:00:00Z,0.0001,8
SOLUSDT,2021-08-10T16:00:00Z,0.000245,8
BTCUSDT,2021-08-11T00:00:00Z,0.0001,8
ETHUSDT,2021-08-11T00:00:00Z,0.00043227,8
SOLUSDT,2021-08-11T00:00:00Z,0.00015242,8
BTCUSDT,2021-08-11T08:00:00Z,0.0001,8
ETHUSDT,2021-08-11T08:00:00Z,0.00025633,8
SOLUSDT,2021-08-11T08:00:00Z,0.00032506,8
BTCUSDT,2021-08-11T16:00:00Z,0.0001,8
ETHUSDT,2021-08-11T16:00:00Z,0.0001,8
SOLUSDT,2021-08-11T16:00:00Z,0.00041409,8
BTCUSDT,2021-08-12T00:00:00Z,0.0001,8
ETHUSDT,2021-08-12T00:00:00Z,0.0001,8
SOLUSDT,2021-08-12T00:00:00Z,0.00028542,8
BTCUSDT,2021-08-12T08:00:00Z,0.0001,8
ETHUSDT,2021-08-12T08:00:00Z,0.0001371,8
SOLUSDT,2021-08-12T08:00:00Z,0.0001,8
BTCUSDT,2021-08-12T16:00:00Z,0.0001,8
ETHUSDT,2021-08-12T16:00:00Z,0.00018477,8
SOLUSDT,2021-08-12T16:00:00Z,0.0001822,8
BTCUSDT,2021-08-13T00:00:00Z,0.0001,8
ETHUSDT,2021-08-13T00:00:00Z,0.0001,8
SOLUSDT,2021-08-13T00:00:00Z,0.0001,8
BTCUSDT,2021-08-13T08:00:00Z,0.0001,8
ETHUSDT,2021-08-13T08:00:00Z,0.0001,8
SOLUSDT,2021-08-13T08:00:00Z,0.0001,8
BTCUSDT,2021-08-13T16:00:00Z,0.0001,8
ETHUSDT,2021-08-13T16:00:00Z,0.00042196,8
SOLUSDT,2021-08-13T16:00:00Z,0.00013008,8
BTCUSDT,2021-08-14T00:00:00Z,0.0001,8
ETHUSDT,2021-08-14T00:00:00Z,0.0001,8
SOLUSDT,2021-08-14T00:00:00Z,0.00010458,8
BTCUSDT,2021-08-14T08:00:00Z,0.0001,8
ETHUSDT,2021-08-14T08:00:00Z,0.00025028,8
SOLUSDT,2021-08-14T08:00:00Z,0.00029733,8
BTCUSDT,2021-08-14T16:00:00Z,0.0001,8
ETHUSDT,2021-08-14T16:00:00Z,0.00051663,8
SOLUSDT,2021-08-14T16:00:00Z,0.00010998,8
BTCUSDT,2021-08-15T00:00:00Z,0.0001,8
ETHUSDT,2021-08-15T00:00:00Z,0.00037689,8
SOLUSDT,2021-08-15T00:00:00Z,0.00021955,8
BTCUSDT,2021-08-15T08:00:00Z,0.0001,8
ETHUSDT,2021-08-15T08:00:00Z,0.00015074,8
SOLUSDT,2021-08-15T08:00:00Z,0.00027631,8
BTCUSDT,2021-08-15T16:00:00Z,0.0001,8
ETHUSDT,2021-08-15T16:00:00Z,0.0001,8
SOLUSDT,2021-08-15T16:00:00Z,0.00040055,8
BTCUSDT,2021-08-16T00:00:00Z,0.0001,8
ETHUSDT,2021-08-16T00:00:00Z,0.00025793,8
SOLUSDT,2021-08-16T00:00:00Z,0.00069957,8
BTCUSDT,2021-08-16T08:00:00Z,0.0001,8
ETHUSDT,2021-08-16T08:00:00Z,0.0001,8
SOLUSDT,2021-08-16T08:00:00Z,0.0008687,8
BTCUSDT,2021-08-16T16:00:00Z,0.00013924,8
ETHUSDT,2021-08-16T16:00:00Z,0.0001,8
SOLUSDT,2021-08-16T16:00:00Z,0.00020261,8
BTCUSDT,2021-08-17T00:00:00Z,0.0001,8
ETHUSDT,2021-08-17T00:00:00Z,0.0001,8
SOLUSDT,2021-08-17T00:00:00Z,0.00084422,8
BTCUSDT,2021-08-17T08:00:00Z,0.0001,8
ETHUSDT,2021-08-17T08:00:00Z,0.0001,8
SOLUSDT,2021-08-17T08:00:00Z,0.00048943,8
BTCUSDT,2021-08-17T16:00:00Z,0.0001,8
ETHUSDT,2021-08-17T16:00:00Z,0.0001,8
SOLUSDT,2021-08-17T16:00:00Z,0.00059362,8
BTCUSDT,2021-08-18T00:00:00Z,0.0001,8
ETHUSDT,2021-08-18T00:00:00Z,0.0001,8
SOLUSDT,2021-08-18T00:00:00Z,0.0001,8
BTCUSDT,2021-08-18T08:00:00Z,0.0001,8
ETHUSDT,2021-08-18T08:00:00Z,0.0001,8
SOLUSDT,2021-08-18T08:00:00Z,0.0001,8
BTCUSDT,2021-08-18T16:00:00Z,0.0001,8
ETHUSDT,2021-08-18T16:00:00Z,0.0001,8
SOLUSDT,2021-08-18T16:00:00Z,0.0001,8
BTCUSDT,2021-08-19T00:00:00Z,0.0001,8
ETHUSDT,2021-08-19T00:00:00Z,0.0001,8
SOLUSDT,2021-08-19T00:00:00Z,0.00043629,8
BTCUSDT,2021-08-19T08:00:00Z,0.0001,8
ETHUSDT,2021-08-19T08:00:00Z,0.0001,8
SOLUSDT,2021-08-19T08:00:00Z,0.00019732,8
BTCUSDT,2021-08-19T16:00:00Z,0.0001,8
ETHUSDT,2021-08-19T16:00:00Z,0.0001,8
SOLUSDT,2021-08-19T16:00:00Z,0.0001,8
BTCUSDT,2021-08-20T00:00:00Z,0.0001,8
ETHUSDT,2021-08-20T00:00:00Z,0.00023469,8
SOLUSDT,2021-08-20T00:00:00Z,0.00012284,8
BTCUSDT,2021-08-20T08:00:00Z,0.00011483,8
ETHUSDT,2021-08-20T08:00:00Z,0.00015342,8
SOLUSDT,2021-08-20T08:00:00Z,0.00053092,8
BTCUSDT,2021-08-20T16:00:00Z,0.00014278,8
ETHUSDT,2021-08-20T16:00:00Z,0.00036239,8
SOLUSDT,2021-08-20T16:00:00Z,0.00060041,8
BTCUSDT,2021-08-21T00:00:00Z,0.0001,8
ETHUSDT,2021-08-21T00:00:00Z,0.0001,8
SOLUSDT,2021-08-21T00:00:00Z,0.00053411,8
BTCUSDT,2021-08-21T08:00:00Z,0.00020013,8
ETHUSDT,2021-08-21T08:00:00Z,0.0001,8
SOLUSDT,2021-08-21T08:00:00Z,0.00058059,8
BTCUSDT,2021-08-21T16:00:00Z,0.00016694,8
ETHUSDT,2021-08-21T16:00:00Z,0.00036746,8
SOLUSDT,2021-08-21T16:00:00Z,0.00023414,8
BTCUSDT,2021-08-22T00:00:00Z,0.0001,8
ETHUSDT,2021-08-22T00:00:00Z,0.0002266,8
SOLUSDT,2021-08-22T00:00:00Z,0.0001,8
BTCUSDT,2021-08-22T08:00:00Z,0.0001,8
ETHUSDT,2021-08-22T08:00:00Z,0.00018006,8
SOLUSDT,2021-08-22T08:00:00Z,0.00023923,8
BTCUSDT,2021-08-22T16:00:00Z,0.00014813,8
ETHUSDT,2021-08-22T16:00:00Z,0.0001,8
SOLUSDT,2021-08-22T16:00:00Z,0.00023249,8
BTCUSDT,2021-08-23T00:00:00Z,0.0001,8
ETHUSDT,2021-08-23T00:00:00Z,0.0001,8
SOLUSDT,2021-08-23T00:00:00Z,0.0001,8
BTCUSDT,2021-08-23T08:00:00Z,0.0003918,8
ETHUSDT,2021-08-23T08:00:00Z,0.00113675,8
SOLUSDT,2021-08-23T08:00:00Z,0.0003922,8
BTCUSDT,2021-08-23T16:00:00Z,0.00023983,8
ETHUSDT,2021-08-23T16:00:00Z,0.00035008,8
SOLUSDT,2021-08-23T16:00:00Z,0.00041888,8
BTCUSDT,2021-08-24T00:00:00Z,0.000293,8
ETHUSDT,2021-08-24T00:00:00Z,0.00032752,8
SOLUSDT,2021-08-24T00:00:00Z,0.00037756,8
BTCUSDT,2021-08-24T08:00:00Z,0.0001,8
ETHUSDT,2021-08-24T08:00:00Z,0.00030158,8
SOLUSDT,2021-08-24T08:00:00Z,0.00071925,8
BTCUSDT,2021-08-24T16:00:00Z,0.00041348,8
ETHUSDT,2021-08-24T16:00:00Z,0.00056014,8
SOLUSDT,2021-08-24T16:00:00Z,0.00025647,8
BTCUSDT,2021-08-25T00:00:00Z,0.00019568,8
ETHUSDT,2021-08-25T00:00:00Z,0.00019472,8
SOLUSDT,2021-08-25T00:00:00Z,0.0001,8
BTCUSDT,2021-08-25T08:00:00Z,0.0001,8
ETHUSDT,2021-08-25T08:00:00Z,0.00016989,8
SOLUSDT,2021-08-25T08:00:00Z,0.0001,8
BTCUSDT,2021-08-25T16:00:00Z,0.0001,8
ETHUSDT,2021-08-25T16:00:00Z,0.0001,8
SOLUSDT,2021-08-25T16:00:00Z,0.0001,8
BTCUSDT,2021-08-26T00:00:00Z,0.0001,8
ETHUSDT,2021-08-26T00:00:00Z,0.0001,8
SOLUSDT,2021-08-26T00:00:00Z,0.0001,8
BTCUSDT,2021-08-26T08:00:00Z,0.00021865,8
ETHUSDT,2021-08-26T08:00:00Z,0.0001,8
SOLUSDT,2021-08-26T08:00:00Z,0.0001,8
BTCUSDT,2021-08-26T16:00:00Z,0.0001,8
ETHUSDT,2021-08-26T16:00:00Z,0.0001,8
SOLUSDT,2021-08-26T16:00:00Z,0.0001,8
BTCUSDT,2021-08-27T00:00:00Z,0.0001,8
ETHUSDT,2021-08-27T00:00:00Z,0.0001,8
SOLUSDT,2021-08-27T00:00:00Z,0.0001,8
BTCUSDT,2021-08-27T08:00:00Z,0.0001,8
ETHUSDT,2021-08-27T08:00:00Z,0.0001,8
SOLUSDT,2021-08-27T08:00:00Z,0.0001,8
BTCUSDT,2021-08-27T16:00:00Z,0.0001,8
ETHUSDT,2021-08-27T16:00:00Z,0.0001,8
SOLUSDT,2021-08-27T16:00:00Z,0.0001,8
BTCUSDT,2021-08-28T00:00:00Z,0.0001,8
ETHUSDT,2021-08-28T00:00:00Z,0.0001,8
SOLUSDT,2021-08-28T00:00:00Z,9.474e-05,8
BTCUSDT,2021-08-28T08:00:00Z,0.0003224,8
ETHUSDT,2021-08-28T08:00:00Z,0.00014426,8
SOLUSDT,2021-08-28T08:00:00Z,0.0001,8
BTCUSDT,2021-08-28T16:00:00Z,0.00023137,8
ETHUSDT,2021-08-28T16:00:00Z,0.00011073,8
SOLUSDT,2021-08-28T16:00:00Z,0.0001,8
BTCUSDT,2021-08-29T00:00:00Z,0.0001,8
ETHUSDT,2021-08-29T00:00:00Z,0.00016779,8
SOLUSDT,2021-08-29T00:00:00Z,0.0001,8
BTCUSDT,2021-08-29T08:00:00Z,0.0001,8
ETHUSDT,2021-08-29T08:00:00Z,0.0001,8
SOLUSDT,2021-08-29T08:00:00Z,0.0001,8
BTCUSDT,2021-08-29T16:00:00Z,0.0001,8
ETHUSDT,2021-08-29T16:00:00Z,0.0001,8
SOLUSDT,2021-08-29T16:00:00Z,0.00014102,8
BTCUSDT,2021-08-30T00:00:00Z,0.0001,8
ETHUSDT,2021-08-30T00:00:00Z,0.0001,8
SOLUSDT,2021-08-30T00:00:00Z,0.0001,8
BTCUSDT,2021-08-30T08:00:00Z,0.0001,8
ETHUSDT,2021-08-30T08:00:00Z,0.0001,8
SOLUSDT,2021-08-30T08:00:00Z,0.0002077,8
BTCUSDT,2021-08-30T16:00:00Z,0.0002255,8
ETHUSDT,2021-08-30T16:00:00Z,0.0001,8
SOLUSDT,2021-08-30T16:00:00Z,0.0001,8
BTCUSDT,2021-08-31T00:00:00Z,0.00036162,8
ETHUSDT,2021-08-31T00:00:00Z,0.0001,8
SOLUSDT,2021-08-31T00:00:00Z,0.00031369,8
BTCUSDT,2021-08-31T08:00:00Z,0.00027795,8
ETHUSDT,2021-08-31T08:00:00Z,0.0001,8
SOLUSDT,2021-08-31T08:00:00Z,0.0001,8
BTCUSDT,2021-08-31T16:00:00Z,0.00023354,8
ETHUSDT,2021-08-31T16:00:00Z,0.00020707,8
SOLUSDT,2021-08-31T16:00:00Z,0.0005946,8
BTCUSDT,2021-09-01T00:00:00Z,0.00044618,8
ETHUSDT,2021-09-01T00:00:00Z,0.0001,8
SOLUSDT,2021-09-01T00:00:00Z,0.00068753,8
BTCUSDT,2021-09-01T08:00:00Z,0.00027256,8
ETHUSDT,2021-09-01T08:00:00Z,0.0001,8
SOLUSDT,2021-09-01T08:00:00Z,0.00042945,8
BTCUSDT,2021-09-01T16:00:00Z,0.00033967,8
ETHUSDT,2021-09-01T16:00:00Z,0.0001,8
SOLUSDT,2021-09-01T16:00:00Z,0.00030261,8
BTCUSDT,2021-09-02T00:00:00Z,0.0004052,8
ETHUSDT,2021-09-02T00:00:00Z,0.00025742,8
SOLUSDT,2021-09-02T00:00:00Z,0.00095456,8
BTCUSDT,2021-09-02T08:00:00Z,0.0004869,8
ETHUSDT,2021-09-02T08:00:00Z,0.00079808,8
SOLUSDT,2021-09-02T08:00:00Z,0.00086089,8
BTCUSDT,2021-09-02T16:00:00Z,0.00057405,8
ETHUSDT,2021-09-02T16:00:00Z,0.0002889,8
SOLUSDT,2021-09-02T16:00:00Z,0.00082164,8
BTCUSDT,2021-09-03T00:00:00Z,0.00047856,8
ETHUSDT,2021-09-03T00:00:00Z,0.00027417,8
SOLUSDT,2021-09-03T00:00:00Z,0.00069243,8
BTCUSDT,2021-09-03T08:00:00Z,0.00033375,8
ETHUSDT,2021-09-03T08:00:00Z,0.00037778,8
SOLUSDT,2021-09-03T08:00:00Z,0.0001,8
BTCUSDT,2021-09-03T16:00:00Z,0.00024375,8
ETHUSDT,2021-09-03T16:00:00Z,0.00065309,8
SOLUSDT,2021-09-03T16:00:00Z,0.00082931,8
BTCUSDT,2021-09-04T00:00:00Z,0.00043928,8
ETHUSDT,2021-09-04T00:00:00Z,0.00076883,8
SOLUSDT,2021-09-04T00:00:00Z,0.00038232,8
BTCUSDT,2021-09-04T08:00:00Z,0.00011799,8
ETHUSDT,2021-09-04T08:00:00Z,0.0007142,8
SOLUSDT,2021-09-04T08:00:00Z,0.00050916,8
BTCUSDT,2021-09-04T16:00:00Z,0.00019219,8
ETHUSDT,2021-09-04T16:00:00Z,0.0007567,8
SOLUSDT,2021-09-04T16:00:00Z,0.00092071,8
BTCUSDT,2021-09-05T00:00:00Z,0.0001,8
ETHUSDT,2021-09-05T00:00:00Z,0.00070354,8
SOLUSDT,2021-09-05T00:00:00Z,0.0005137,8
BTCUSDT,2021-09-05T08:00:00Z,0.0001,8
ETHUSDT,2021-09-05T08:00:00Z,0.00058378,8
SOLUSDT,2021-09-05T08:00:00Z,0.00094466,8
BTCUSDT,2021-09-05T16:00:00Z,0.0001,8
ETHUSDT,2021-09-05T16:00:00Z,0.00080725,8
SOLUSDT,2021-09-05T16:00:00Z,0.00121532,8
BTCUSDT,2021-09-06T00:00:00Z,0.00026783,8
ETHUSDT,2021-09-06T00:00:00Z,0.00085353,8
SOLUSDT,2021-09-06T00:00:00Z,0.00077047,8
BTCUSDT,2021-09-06T08:00:00Z,0.0001,8
ETHUSDT,2021-09-06T08:00:00Z,0.00041269,8
SOLUSDT,2021-09-06T08:00:00Z,0.00093618,8
BTCUSDT,2021-09-06T16:00:00Z,0.0001,8
ETHUSDT,2021-09-06T16:00:00Z,0.00044698,8
SOLUSDT,2021-09-06T16:00:00Z,0.00028808,8
BTCUSDT,2021-09-07T00:00:00Z,0.0001,8
ETHUSDT,2021-09-07T00:00:00Z,0.00058234,8
SOLUSDT,2021-09-07T00:00:00Z,0.0001,8
BTCUSDT,2021-09-07T08:00:00Z,0.0001,8
ETHUSDT,2021-09-07T08:00:00Z,0.00066382,8
SOLUSDT,2021-09-07T08:00:00Z,0.0001,8
BTCUSDT,2021-09-07T16:00:00Z,0.00022977,8
ETHUSDT,2021-09-07T16:00:00Z,0.0001,8
SOLUSDT,2021-09-07T16:00:00Z,0.0001,8
BTCUSDT,2021-09-08T00:00:00Z,0.0001,8
ETHUSDT,2021-09-08T00:00:00Z,0.0001,8
SOLUSDT,2021-09-08T00:00:00Z,0.00032269,8
BTCUSDT,2021-09-08T08:00:00Z,0.0001,8
ETHUSDT,2021-09-08T08:00:00Z,0.0001,8
SOLUSDT,2021-09-08T08:00:00Z,0.00034589,8
BTCUSDT,2021-09-08T16:00:00Z,0.0001,8
ETHUSDT,2021-09-08T16:00:00Z,0.0001,8
SOLUSDT,2021-09-08T16:00:00Z,0.00023683,8
BTCUSDT,2021-09-09T00:00:00Z,0.0001,8
ETHUSDT,2021-09-09T00:00:00Z,0.0001,8
SOLUSDT,2021-09-09T00:00:00Z,0.0001,8
BTCUSDT,2021-09-09T08:00:00Z,0.0001,8
ETHUSDT,2021-09-09T08:00:00Z,0.0001,8
SOLUSDT,2021-09-09T08:00:00Z,0.00030828,8
BTCUSDT,2021-09-09T16:00:00Z,0.0001,8
ETHUSDT,2021-09-09T16:00:00Z,0.0001,8
SOLUSDT,2021-09-09T16:00:00Z,0.0001,8
BTCUSDT,2021-09-10T00:00:00Z,0.0001,8
ETHUSDT,2021-09-10T00:00:00Z,0.0001,8
SOLUSDT,2021-09-10T00:00:00Z,0.00010525,8
BTCUSDT,2021-09-10T08:00:00Z,0.0001,8
ETHUSDT,2021-09-10T08:00:00Z,0.0001,8
SOLUSDT,2021-09-10T08:00:00Z,0.00024568,8
BTCUSDT,2021-09-10T16:00:00Z,0.00011115,8
ETHUSDT,2021-09-10T16:00:00Z,0.0001,8
SOLUSDT,2021-09-10T16:00:00Z,0.00027075,8
BTCUSDT,2021-09-11T00:00:00Z,0.0001,8
ETHUSDT,2021-09-11T00:00:00Z,0.0001,8
SOLUSDT,2021-09-11T00:00:00Z,0.00013268,8
BTCUSDT,2021-09-11T08:00:00Z,0.0001,8
ETHUSDT,2021-09-11T08:00:00Z,0.0001,8
SOLUSDT,2021-09-11T08:00:00Z,0.00010914,8
BTCUSDT,2021-09-11T16:00:00Z,0.0001,8
ETHUSDT,2021-09-11T16:00:00Z,0.0001,8
SOLUSDT,2021-09-11T16:00:00Z,0.0001,8
BTCUSDT,2021-09-12T00:00:00Z,0.0001,8
ETHUSDT,2021-09-12T00:00:00Z,0.0001,8
SOLUSDT,2021-09-12T00:00:00Z,0.0001,8
BTCUSDT,2021-09-12T08:00:00Z,0.0001,8
ETHUSDT,2021-09-12T08:00:00Z,0.0001,8
SOLUSDT,2021-09-12T08:00:00Z,0.00020096,8
BTCUSDT,2021-09-12T16:00:00Z,0.0001,8
ETHUSDT,2021-09-12T16:00:00Z,0.0001,8
SOLUSDT,2021-09-12T16:00:00Z,0.00034487,8
BTCUSDT,2021-09-13T00:00:00Z,0.0001,8
ETHUSDT,2021-09-13T00:00:00Z,0.0001,8
SOLUSDT,2021-09-13T00:00:00Z,0.0002385,8
BTCUSDT,2021-09-13T08:00:00Z,0.0001,8
ETHUSDT,2021-09-13T08:00:00Z,0.0001,8
SOLUSDT,2021-09-13T08:00:00Z,0.00016658,8
BTCUSDT,2021-09-13T16:00:00Z,0.0001,8
ETHUSDT,2021-09-13T16:00:00Z,0.0001,8
SOLUSDT,2021-09-13T16:00:00Z,0.0001,8
BTCUSDT,2021-09-14T00:00:00Z,0.0001,8
ETHUSDT,2021-09-14T00:00:00Z,0.0001,8
SOLUSDT,2021-09-14T00:00:00Z,0.0001,8
BTCUSDT,2021-09-14T08:00:00Z,0.0001,8
ETHUSDT,2021-09-14T08:00:00Z,0.0001,8
SOLUSDT,2021-09-14T08:00:00Z,0.0001,8
BTCUSDT,2021-09-14T16:00:00Z,0.0001,8
ETHUSDT,2021-09-14T16:00:00Z,0.0001,8
SOLUSDT,2021-09-14T16:00:00Z,0.0001,8
BTCUSDT,2021-09-15T00:00:00Z,0.0001,8
ETHUSDT,2021-09-15T00:00:00Z,0.0001,8
SOLUSDT,2021-09-15T00:00:00Z,0.00018155,8
BTCUSDT,2021-09-15T08:00:00Z,0.0001,8
ETHUSDT,2021-09-15T08:00:00Z,0.0001,8
SOLUSDT,2021-09-15T08:00:00Z,0.000248,8
BTCUSDT,2021-09-15T16:00:00Z,0.0001,8
ETHUSDT,2021-09-15T16:00:00Z,0.0001,8
SOLUSDT,2021-09-15T16:00:00Z,0.00037517,8
BTCUSDT,2021-09-16T00:00:00Z,0.0001,8
ETHUSDT,2021-09-16T00:00:00Z,0.0001,8
SOLUSDT,2021-09-16T00:00:00Z,0.00039901,8
BTCUSDT,2021-09-16T08:00:00Z,0.0001,8
ETHUSDT,2021-09-16T08:00:00Z,0.0001,8
SOLUSDT,2021-09-16T08:00:00Z,0.00055144,8
BTCUSDT,2021-09-16T16:00:00Z,0.0001,8
ETHUSDT,2021-09-16T16:00:00Z,0.0001,8
SOLUSDT,2021-09-16T16:00:00Z,0.00051906,8
BTCUSDT,2021-09-17T00:00:00Z,0.0001,8
ETHUSDT,2021-09-17T00:00:00Z,0.0001,8
SOLUSDT,2021-09-17T00:00:00Z,0.00049934,8
BTCUSDT,2021-09-17T08:00:00Z,0.0001,8
ETHUSDT,2021-09-17T08:00:00Z,0.0001,8
SOLUSDT,2021-09-17T08:00:00Z,0.00056357,8
BTCUSDT,2021-09-17T16:00:00Z,0.0001,8
ETHUSDT,2021-09-17T16:00:00Z,0.0001,8
SOLUSDT,2021-09-17T16:00:00Z,0.00013659,8
BTCUSDT,2021-09-18T00:00:00Z,0.0001,8
ETHUSDT,2021-09-18T00:00:00Z,0.0001,8
SOLUSDT,2021-09-18T00:00:00Z,0.0001,8
BTCUSDT,2021-09-18T08:00:00Z,0.0001,8
ETHUSDT,2021-09-18T08:00:00Z,0.0001,8
SOLUSDT,2021-09-18T08:00:00Z,0.0001,8
BTCUSDT,2021-09-18T16:00:00Z,0.0001,8
ETHUSDT,2021-09-18T16:00:00Z,0.0001,8
SOLUSDT,2021-09-18T16:00:00Z,0.0001,8
BTCUSDT,2021-09-19T00:00:00Z,0.0001,8
ETHUSDT,2021-09-19T00:00:00Z,0.0001,8
SOLUSDT,2021-09-19T00:00:00Z,0.0001,8
BTCUSDT,2021-09-19T08:00:00Z,0.0001,8
ETHUSDT,2021-09-19T08:00:00Z,0.0001,8
SOLUSDT,2021-09-19T08:00:00Z,0.00012745,8
BTCUSDT,2021-09-19T16:00:00Z,0.0001,8
ETHUSDT,2021-09-19T16:00:00Z,0.0001,8
SOLUSDT,2021-09-19T16:00:00Z,0.0001,8
BTCUSDT,2021-09-20T00:00:00Z,0.0001,8
ETHUSDT,2021-09-20T00:00:00Z,0.0001,8
SOLUSDT,2021-09-20T00:00:00Z,0.00020317,8
BTCUSDT,2021-09-20T08:00:00Z,0.0001,8
ETHUSDT,2021-09-20T08:00:00Z,0.0001,8
SOLUSDT,2021-09-20T08:00:00Z,0.0001,8
BTCUSDT,2021-09-20T16:00:00Z,0.0001,8
ETHUSDT,2021-09-20T16:00:00Z,0.0001,8
SOLUSDT,2021-09-20T16:00:00Z,0.0001,8
BTCUSDT,2021-09-21T00:00:00Z,0.0001,8
ETHUSDT,2021-09-21T00:00:00Z,0.0001,8
SOLUSDT,2021-09-21T00:00:00Z,0.0001,8
BTCUSDT,2021-09-21T08:00:00Z,0.0001,8
ETHUSDT,2021-09-21T08:00:00Z,0.0001,8
SOLUSDT,2021-09-21T08:00:00Z,0.0001,8
BTCUSDT,2021-09-21T16:00:00Z,0.0001,8
ETHUSDT,2021-09-21T16:00:00Z,0.0001,8
SOLUSDT,2021-09-21T16:00:00Z,0.0001,8
BTCUSDT,2021-09-22T00:00:00Z,0.0001,8
ETHUSDT,2021-09-22T00:00:00Z,0.0001,8
SOLUSDT,2021-09-22T00:00:00Z,0.0001,8
BTCUSDT,2021-09-22T08:00:00Z,0.0001,8
ETHUSDT,2021-09-22T08:00:00Z,0.0001,8
SOLUSDT,2021-09-22T08:00:00Z,0.0001,8
BTCUSDT,2021-09-22T16:00:00Z,0.0001,8
ETHUSDT,2021-09-22T16:00:00Z,0.0001,8
SOLUSDT,2021-09-22T16:00:00Z,0.0001,8
BTCUSDT,2021-09-23T00:00:00Z,4.744e-05,8
ETHUSDT,2021-09-23T00:00:00Z,0.0001,8
SOLUSDT,2021-09-23T00:00:00Z,0.0001,8
BTCUSDT,2021-09-23T08:00:00Z,7.835e-05,8
ETHUSDT,2021-09-23T08:00:00Z,0.0001,8
SOLUSDT,2021-09-23T08:00:00Z,0.0001,8
BTCUSDT,2021-09-23T16:00:00Z,0.0001,8
ETHUSDT,2021-09-23T16:00:00Z,0.0001,8
SOLUSDT,2021-09-23T16:00:00Z,0.0001,8
BTCUSDT,2021-09-24T00:00:00Z,-7.856e-05,8
ETHUSDT,2021-09-24T00:00:00Z,5.5e-07,8
SOLUSDT,2021-09-24T00:00:00Z,0.0001,8
BTCUSDT,2021-09-24T08:00:00Z,-8.536e-05,8
ETHUSDT,2021-09-24T08:00:00Z,8.75e-06,8
SOLUSDT,2021-09-24T08:00:00Z,0.0001,8
BTCUSDT,2021-09-24T16:00:00Z,3.978e-05,8
ETHUSDT,2021-09-24T16:00:00Z,-0.0001122,8
SOLUSDT,2021-09-24T16:00:00Z,0.0001,8
BTCUSDT,2021-09-25T00:00:00Z,0.0001,8
ETHUSDT,2021-09-25T00:00:00Z,-7.48e-06,8
SOLUSDT,2021-09-25T00:00:00Z,0.0001,8
BTCUSDT,2021-09-25T08:00:00Z,5.629e-05,8
ETHUSDT,2021-09-25T08:00:00Z,-1.988e-05,8
SOLUSDT,2021-09-25T08:00:00Z,0.0001,8
BTCUSDT,2021-09-25T16:00:00Z,0.0001,8
ETHUSDT,2021-09-25T16:00:00Z,3.479e-05,8
SOLUSDT,2021-09-25T16:00:00Z,0.0001,8
BTCUSDT,2021-09-26T00:00:00Z,2.457e-05,8
ETHUSDT,2021-09-26T00:00:00Z,0.0001,8
SOLUSDT,2021-09-26T00:00:00Z,0.0001,8
BTCUSDT,2021-09-26T08:00:00Z,0.0001,8
ETHUSDT,2021-09-26T08:00:00Z,2.634e-05,8
SOLUSDT,2021-09-26T08:00:00Z,0.0001,8
BTCUSDT,2021-09-26T16:00:00Z,-1.686e-05,8
ETHUSDT,2021-09-26T16:00:00Z,2.827e-05,8
SOLUSDT,2021-09-26T16:00:00Z,0.0001,8
BTCUSDT,2021-09-27T00:00:00Z,0.0001,8
ETHUSDT,2021-09-27T00:00:00Z,0.0001,8
SOLUSDT,2021-09-27T00:00:00Z,0.0001,8
BTCUSDT,2021-09-27T08:00:00Z,0.0001,8
ETHUSDT,2021-09-27T08:00:00Z,0.0001,8
SOLUSDT,2021-09-27T08:00:00Z,0.0001,8
BTCUSDT,2021-09-27T16:00:00Z,0.0001,8
ETHUSDT,2021-09-27T16:00:00Z,0.0001,8
SOLUSDT,2021-09-27T16:00:00Z,0.0001,8
BTCUSDT,2021-09-28T00:00:00Z,2.549e-05,8
ETHUSDT,2021-09-28T00:00:00Z,-8.56e-06,8
SOLUSDT,2021-09-28T00:00:00Z,0.0001,8
BTCUSDT,2021-09-28T08:00:00Z,3.318e-05,8
ETHUSDT,2021-09-28T08:00:00Z,2.806e-05,8
SOLUSDT,2021-09-28T08:00:00Z,0.0001,8
BTCUSDT,2021-09-28T16:00:00Z,9.756e-05,8
ETHUSDT,2021-09-28T16:00:00Z,1.524e-05,8
SOLUSDT,2021-09-28T16:00:00Z,0.0001,8
BTCUSDT,2021-09-29T00:00:00Z,4.448e-05,8
ETHUSDT,2021-09-29T00:00:00Z,-8.501e-05,8
SOLUSDT,2021-09-29T00:00:00Z,0.0001,8
BTCUSDT,2021-09-29T08:00:00Z,3.757e-05,8
ETHUSDT,2021-09-29T08:00:00Z,-2.112e-05,8
SOLUSDT,2021-09-29T08:00:00Z,0.0001,8
BTCUSDT,2021-09-29T16:00:00Z,5.661e-05,8
ETHUSDT,2021-09-29T16:00:00Z,0.0001,8
SOLUSDT,2021-09-29T16:00:00Z,0.0001,8
BTCUSDT,2021-09-30T00:00:00Z,0.0001,8
ETHUSDT,2021-09-30T00:00:00Z,-0.00012951,8
SOLUSDT,2021-09-30T00:00:00Z,0.0001,8
BTCUSDT,2021-09-30T08:00:00Z,0.0001,8
ETHUSDT,2021-09-30T08:00:00Z,0.0001,8
SOLUSDT,2021-09-30T08:00:00Z,0.0001,8
BTCUSDT,2021-09-30T16:00:00Z,9.235e-05,8
ETHUSDT,2021-09-30T16:00:00Z,0.0001,8
SOLUSDT,2021-09-30T16:00:00Z,0.0001,8
BTCUSDT,2021-10-01T00:00:00Z,2.202e-05,8
ETHUSDT,2021-10-01T00:00:00Z,4.598e-05,8
SOLUSDT,2021-10-01T00:00:00Z,0.0001,8
BTCUSDT,2021-10-01T08:00:00Z,-2.693e-05,8
ETHUSDT,2021-10-01T08:00:00Z,2.073e-05,8
SOLUSDT,2021-10-01T08:00:00Z,0.0001,8
BTCUSDT,2021-10-01T16:00:00Z,0.0001,8
ETHUSDT,2021-10-01T16:00:00Z,0.0001,8
SOLUSDT,2021-10-01T16:00:00Z,0.0001,8
BTCUSDT,2021-10-02T00:00:00Z,5.277e-05,8
ETHUSDT,2021-10-02T00:00:00Z,0.0001,8
SOLUSDT,2021-10-02T00:00:00Z,0.0001,8
BTCUSDT,2021-10-02T08:00:00Z,3.519e-05,8
ETHUSDT,2021-10-02T08:00:00Z,0.0001,8
SOLUSDT,2021-10-02T08:00:00Z,0.0001,8
BTCUSDT,2021-10-02T16:00:00Z,5.938e-05,8
ETHUSDT,2021-10-02T16:00:00Z,0.0001,8
SOLUSDT,2021-10-02T16:00:00Z,0.0001,8
BTCUSDT,2021-10-03T00:00:00Z,0.0001,8
ETHUSDT,2021-10-03T00:00:00Z,0.0001,8
SOLUSDT,2021-10-03T00:00:00Z,0.0001,8
BTCUSDT,2021-10-03T08:00:00Z,0.0001,8
ETHUSDT,2021-10-03T08:00:00Z,0.0001,8
SOLUSDT,2021-10-03T08:00:00Z,0.0001,8
BTCUSDT,2021-10-03T16:00:00Z,0.0001,8
ETHUSDT,2021-10-03T16:00:00Z,0.0001,8
SOLUSDT,2021-10-03T16:00:00Z,0.0001,8
BTCUSDT,2021-10-04T00:00:00Z,0.0001,8
ETHUSDT,2021-10-04T00:00:00Z,0.0001,8
SOLUSDT,2021-10-04T00:00:00Z,0.0001,8
BTCUSDT,2021-10-04T08:00:00Z,0.0001,8
ETHUSDT,2021-10-04T08:00:00Z,0.0001,8
SOLUSDT,2021-10-04T08:00:00Z,0.0001,8
BTCUSDT,2021-10-04T16:00:00Z,0.0001,8
ETHUSDT,2021-10-04T16:00:00Z,0.0001,8
SOLUSDT,2021-10-04T16:00:00Z,0.0001,8
BTCUSDT,2021-10-05T00:00:00Z,0.0001,8
ETHUSDT,2021-10-05T00:00:00Z,0.0001,8
SOLUSDT,2021-10-05T00:00:00Z,0.0001,8
BTCUSDT,2021-10-05T08:00:00Z,-2.427e-05,8
ETHUSDT,2021-10-05T08:00:00Z,0.0001,8
SOLUSDT,2021-10-05T08:00:00Z,0.0001,8
BTCUSDT,2021-10-05T16:00:00Z,1.61e-06,8
ETHUSDT,2021-10-05T16:00:00Z,0.0001,8
SOLUSDT,2021-10-05T16:00:00Z,0.00011849,8
BTCUSDT,2021-10-06T00:00:00Z,0.0001,8
ETHUSDT,2021-10-06T00:00:00Z,0.0001,8
SOLUSDT,2021-10-06T00:00:00Z,0.00032276,8
BTCUSDT,2021-10-06T08:00:00Z,0.0001,8
ETHUSDT,2021-10-06T08:00:00Z,0.0001,8
SOLUSDT,2021-10-06T08:00:00Z,0.0004101,8
BTCUSDT,2021-10-06T16:00:00Z,0.0001,8
ETHUSDT,2021-10-06T16:00:00Z,0.00014323,8
SOLUSDT,2021-10-06T16:00:00Z,0.00010653,8
BTCUSDT,2021-10-07T00:00:00Z,0.0001,8
ETHUSDT,2021-10-07T00:00:00Z,0.00031991,8
SOLUSDT,2021-10-07T00:00:00Z,0.00040009,8
BTCUSDT,2021-10-07T08:00:00Z,0.0002918,8
ETHUSDT,2021-10-07T08:00:00Z,0.00019601,8
SOLUSDT,2021-10-07T08:00:00Z,0.00036912,8
BTCUSDT,2021-10-07T16:00:00Z,0.00032669,8
ETHUSDT,2021-10-07T16:00:00Z,0.00024648,8
SOLUSDT,2021-10-07T16:00:00Z,0.00044623,8
BTCUSDT,2021-10-08T00:00:00Z,0.00033379,8
ETHUSDT,2021-10-08T00:00:00Z,0.00018942,8
SOLUSDT,2021-10-08T00:00:00Z,0.00020717,8
BTCUSDT,2021-10-08T08:00:00Z,0.00023355,8
ETHUSDT,2021-10-08T08:00:00Z,0.0001,8
SOLUSDT,2021-10-08T08:00:00Z,0.00021534,8
BTCUSDT,2021-10-08T16:00:00Z,0.00013417,8
ETHUSDT,2021-10-08T16:00:00Z,0.00026363,8
SOLUSDT,2021-10-08T16:00:00Z,0.00010759,8
BTCUSDT,2021-10-09T00:00:00Z,0.0001,8
ETHUSDT,2021-10-09T00:00:00Z,0.0001,8
SOLUSDT,2021-10-09T00:00:00Z,0.00020149,8
BTCUSDT,2021-10-09T08:00:00Z,0.0001,8
ETHUSDT,2021-10-09T08:00:00Z,0.0001,8
SOLUSDT,2021-10-09T08:00:00Z,0.0001,8
BTCUSDT,2021-10-09T16:00:00Z,0.00015717,8
ETHUSDT,2021-10-09T16:00:00Z,0.0001,8
SOLUSDT,2021-10-09T16:00:00Z,0.00038839,8
BTCUSDT,2021-10-10T00:00:00Z,0.0001,8
ETHUSDT,2021-10-10T00:00:00Z,0.0001,8
SOLUSDT,2021-10-10T00:00:00Z,0.0002851,8
BTCUSDT,2021-10-10T08:00:00Z,0.00020906,8
ETHUSDT,2021-10-10T08:00:00Z,0.0001,8
SOLUSDT,2021-10-10T08:00:00Z,0.00052509,8
BTCUSDT,2021-10-10T16:00:00Z,0.0001,8
ETHUSDT,2021-10-10T16:00:00Z,0.0001,8
SOLUSDT,2021-10-10T16:00:00Z,0.00030808,8
BTCUSDT,2021-10-11T00:00:00Z,0.0001,8
ETHUSDT,2021-10-11T00:00:00Z,0.0001,8
SOLUSDT,2021-10-11T00:00:00Z,0.0001,8
BTCUSDT,2021-10-11T08:00:00Z,0.0001,8
ETHUSDT,2021-10-11T08:00:00Z,0.0001,8
SOLUSDT,2021-10-11T08:00:00Z,0.00011273,8
BTCUSDT,2021-10-11T16:00:00Z,0.0001,8
ETHUSDT,2021-10-11T16:00:00Z,0.0003307,8
SOLUSDT,2021-10-11T16:00:00Z,0.00029944,8
BTCUSDT,2021-10-12T00:00:00Z,0.0001,8
ETHUSDT,2021-10-12T00:00:00Z,0.0001,8
SOLUSDT,2021-10-12T00:00:00Z,0.0001,8
BTCUSDT,2021-10-12T08:00:00Z,0.0001,8
ETHUSDT,2021-10-12T08:00:00Z,0.0001,8
SOLUSDT,2021-10-12T08:00:00Z,0.0001,8
BTCUSDT,2021-10-12T16:00:00Z,0.0001,8
ETHUSDT,2021-10-12T16:00:00Z,0.0001,8
SOLUSDT,2021-10-12T16:00:00Z,0.0001,8
BTCUSDT,2021-10-13T00:00:00Z,0.0001,8
ETHUSDT,2021-10-13T00:00:00Z,0.0001,8
SOLUSDT,2021-10-13T00:00:00Z,0.0001,8
BTCUSDT,2021-10-13T08:00:00Z,0.0001,8
ETHUSDT,2021-10-13T08:00:00Z,0.0001,8
SOLUSDT,2021-10-13T08:00:00Z,0.0001,8
BTCUSDT,2021-10-13T16:00:00Z,0.0001,8
ETHUSDT,2021-10-13T16:00:00Z,0.0001,8
SOLUSDT,2021-10-13T16:00:00Z,0.0001,8
BTCUSDT,2021-10-14T00:00:00Z,0.0001,8
ETHUSDT,2021-10-14T00:00:00Z,0.00018908,8
SOLUSDT,2021-10-14T00:00:00Z,0.0001,8
BTCUSDT,2021-10-14T08:00:00Z,0.00022797,8
ETHUSDT,2021-10-14T08:00:00Z,0.00028381,8
SOLUSDT,2021-10-14T08:00:00Z,0.00016917,8
BTCUSDT,2021-10-14T16:00:00Z,0.00017282,8
ETHUSDT,2021-10-14T16:00:00Z,0.00032142,8
SOLUSDT,2021-10-14T16:00:00Z,0.00025417,8
BTCUSDT,2021-10-15T00:00:00Z,0.0001,8
ETHUSDT,2021-10-15T00:00:00Z,0.00041315,8
SOLUSDT,2021-10-15T00:00:00Z,0.0002448,8
BTCUSDT,2021-10-15T08:00:00Z,0.00036685,8
ETHUSDT,2021-10-15T08:00:00Z,0.00039194,8
SOLUSDT,2021-10-15T08:00:00Z,0.0001,8
BTCUSDT,2021-10-15T16:00:00Z,0.0001,8
ETHUSDT,2021-10-15T16:00:00Z,0.00023043,8
SOLUSDT,2021-10-15T16:00:00Z,0.0001,8
BTCUSDT,2021-10-16T00:00:00Z,0.00048084,8
ETHUSDT,2021-10-16T00:00:00Z,0.00031365,8
SOLUSDT,2021-10-16T00:00:00Z,0.0001,8
BTCUSDT,2021-10-16T08:00:00Z,0.00027876,8
ETHUSDT,2021-10-16T08:00:00Z,0.00024049,8
SOLUSDT,2021-10-16T08:00:00Z,0.00034779,8
BTCUSDT,2021-10-16T16:00:00Z,0.00043303,8
ETHUSDT,2021-10-16T16:00:00Z,0.00052591,8
SOLUSDT,2021-10-16T16:00:00Z,0.00023732,8
BTCUSDT,2021-10-17T00:00:00Z,0.00031281,8
ETHUSDT,2021-10-17T00:00:00Z,0.00033305,8
SOLUSDT,2021-10-17T00:00:00Z,0.00032388,8
BTCUSDT,2021-10-17T08:00:00Z,0.00040131,8
ETHUSDT,2021-10-17T08:00:00Z,0.00037505,8
SOLUSDT,2021-10-17T08:00:00Z,0.00017979,8
BTCUSDT,2021-10-17T16:00:00Z,0.0004425,8
ETHUSDT,2021-10-17T16:00:00Z,0.00053706,8
SOLUSDT,2021-10-17T16:00:00Z,0.00045211,8
BTCUSDT,2021-10-18T00:00:00Z,0.00038415,8
ETHUSDT,2021-10-18T00:00:00Z,0.00023924,8
SOLUSDT,2021-10-18T00:00:00Z,0.0001,8
BTCUSDT,2021-10-18T08:00:00Z,0.00022227,8
ETHUSDT,2021-10-18T08:00:00Z,0.0003827,8
SOLUSDT,2021-10-18T08:00:00Z,0.00023752,8
BTCUSDT,2021-10-18T16:00:00Z,0.0001,8
ETHUSDT,2021-10-18T16:00:00Z,0.0001968,8
SOLUSDT,2021-10-18T16:00:00Z,0.00018197,8
BTCUSDT,2021-10-19T00:00:00Z,0.0001,8
ETHUSDT,2021-10-19T00:00:00Z,0.00036846,8
SOLUSDT,2021-10-19T00:00:00Z,0.00031947,8
BTCUSDT,2021-10-19T08:00:00Z,0.00014974,8
ETHUSDT,2021-10-19T08:00:00Z,0.00035703,8
SOLUSDT,2021-10-19T08:00:00Z,0.00028792,8
BTCUSDT,2021-10-19T16:00:00Z,0.0001,8
ETHUSDT,2021-10-19T16:00:00Z,0.00020322,8
SOLUSDT,2021-10-19T16:00:00Z,0.00020799,8
BTCUSDT,2021-10-20T00:00:00Z,0.0001,8
ETHUSDT,2021-10-20T00:00:00Z,0.00030103,8
SOLUSDT,2021-10-20T00:00:00Z,0.00023648,8
BTCUSDT,2021-10-20T08:00:00Z,0.0001,8
ETHUSDT,2021-10-20T08:00:00Z,0.00022709,8
SOLUSDT,2021-10-20T08:00:00Z,0.00014874,8
BTCUSDT,2021-10-20T16:00:00Z,0.00063237,8
ETHUSDT,2021-10-20T16:00:00Z,0.00072515,8
SOLUSDT,2021-10-20T16:00:00Z,0.00013881,8
BTCUSDT,2021-10-21T00:00:00Z,0.00068927,8
ETHUSDT,2021-10-21T00:00:00Z,0.00050619,8
SOLUSDT,2021-10-21T00:00:00Z,0.00019697,8
BTCUSDT,2021-10-21T08:00:00Z,0.00057124,8
ETHUSDT,2021-10-21T08:00:00Z,0.00051537,8
SOLUSDT,2021-10-21T08:00:00Z,0.00056063,8
BTCUSDT,2021-10-21T16:00:00Z,0.00062183,8
ETHUSDT,2021-10-21T16:00:00Z,0.00080402,8
SOLUSDT,2021-10-21T16:00:00Z,0.00051729,8
BTCUSDT,2021-10-22T00:00:00Z,0.00033487,8
ETHUSDT,2021-10-22T00:00:00Z,0.00035282,8
SOLUSDT,2021-10-22T00:00:00Z,0.0001,8
BTCUSDT,2021-10-22T08:00:00Z,0.00024509,8
ETHUSDT,2021-10-22T08:00:00Z,0.00034276,8
SOLUSDT,2021-10-22T08:00:00Z,0.0003116,8
BTCUSDT,2021-10-22T16:00:00Z,0.00033222,8
ETHUSDT,2021-10-22T16:00:00Z,0.00032256,8
SOLUSDT,2021-10-22T16:00:00Z,0.00041034,8
BTCUSDT,2021-10-23T00:00:00Z,0.00026183,8
ETHUSDT,2021-10-23T00:00:00Z,0.00023902,8
SOLUSDT,2021-10-23T00:00:00Z,0.00053716,8
BTCUSDT,2021-10-23T08:00:00Z,0.00014854,8
ETHUSDT,2021-10-23T08:00:00Z,0.00015138,8
SOLUSDT,2021-10-23T08:00:00Z,0.00026164,8
BTCUSDT,2021-10-23T16:00:00Z,0.0001739,8
ETHUSDT,2021-10-23T16:00:00Z,0.00024606,8
SOLUSDT,2021-10-23T16:00:00Z,0.00041495,8
BTCUSDT,2021-10-24T00:00:00Z,0.00030335,8
ETHUSDT,2021-10-24T00:00:00Z,0.00018961,8
SOLUSDT,2021-10-24T00:00:00Z,0.00039863,8
BTCUSDT,2021-10-24T08:00:00Z,0.00037238,8
ETHUSDT,2021-10-24T08:00:00Z,0.00046408,8
SOLUSDT,2021-10-24T08:00:00Z,0.00081955,8
BTCUSDT,2021-10-24T16:00:00Z,0.00032862,8
ETHUSDT,2021-10-24T16:00:00Z,0.00039289,8
SOLUSDT,2021-10-24T16:00:00Z,0.00074679,8
BTCUSDT,2021-10-25T00:00:00Z,0.00048777,8
ETHUSDT,2021-10-25T00:00:00Z,0.00019298,8
SOLUSDT,2021-10-25T00:00:00Z,0.00034564,8
BTCUSDT,2021-10-25T08:00:00Z,0.00020028,8
ETHUSDT,2021-10-25T08:00:00Z,0.00047527,8
SOLUSDT,2021-10-25T08:00:00Z,0.00031844,8
BTCUSDT,2021-10-25T16:00:00Z,0.00017861,8
ETHUSDT,2021-10-25T16:00:00Z,0.00048823,8
SOLUSDT,2021-10-25T16:00:00Z,0.00025157,8
BTCUSDT,2021-10-26T00:00:00Z,0.00040992,8
ETHUSDT,2021-10-26T00:00:00Z,0.00039142,8
SOLUSDT,2021-10-26T00:00:00Z,0.00043842,8
BTCUSDT,2021-10-26T08:00:00Z,0.00060638,8
ETHUSDT,2021-10-26T08:00:00Z,0.00037012,8
SOLUSDT,2021-10-26T08:00:00Z,0.00056465,8
BTCUSDT,2021-10-26T16:00:00Z,0.00055995,8
ETHUSDT,2021-10-26T16:00:00Z,0.00043832,8
SOLUSDT,2021-10-26T16:00:00Z,0.00053961,8
BTCUSDT,2021-10-27T00:00:00Z,0.00033175,8
ETHUSDT,2021-10-27T00:00:00Z,0.00030844,8
SOLUSDT,2021-10-27T00:00:00Z,0.00031408,8
BTCUSDT,2021-10-27T08:00:00Z,0.00030309,8
ETHUSDT,2021-10-27T08:00:00Z,0.00059665,8
SOLUSDT,2021-10-27T08:00:00Z,0.00054673,8
BTCUSDT,2021-10-27T16:00:00Z,0.00023017,8
ETHUSDT,2021-10-27T16:00:00Z,0.00012399,8
SOLUSDT,2021-10-27T16:00:00Z,0.0001,8
BTCUSDT,2021-10-28T00:00:00Z,0.00015574,8
ETHUSDT,2021-10-28T00:00:00Z,0.00019556,8
SOLUSDT,2021-10-28T00:00:00Z,0.0001,8
BTCUSDT,2021-10-28T08:00:00Z,0.0001,8
ETHUSDT,2021-10-28T08:00:00Z,0.0001,8
SOLUSDT,2021-10-28T08:00:00Z,0.0001,8
BTCUSDT,2021-10-28T16:00:00Z,0.00013782,8
ETHUSDT,2021-10-28T16:00:00Z,0.0001,8
SOLUSDT,2021-10-28T16:00:00Z,0.0001,8
BTCUSDT,2021-10-29T00:00:00Z,0.0002352,8
ETHUSDT,2021-10-29T00:00:00Z,0.00025971,8
SOLUSDT,2021-10-29T00:00:00Z,0.0001,8
BTCUSDT,2021-10-29T08:00:00Z,0.00024122,8
ETHUSDT,2021-10-29T08:00:00Z,0.00040402,8
SOLUSDT,2021-10-29T08:00:00Z,0.0001,8
BTCUSDT,2021-10-29T16:00:00Z,0.00017968,8
ETHUSDT,2021-10-29T16:00:00Z,0.00037311,8
SOLUSDT,2021-10-29T16:00:00Z,0.0001,8
BTCUSDT,2021-10-30T00:00:00Z,0.00016972,8
ETHUSDT,2021-10-30T00:00:00Z,0.00013087,8
SOLUSDT,2021-10-30T00:00:00Z,0.0001,8
BTCUSDT,2021-10-30T08:00:00Z,0.00038483,8
ETHUSDT,2021-10-30T08:00:00Z,0.00046654,8
SOLUSDT,2021-10-30T08:00:00Z,0.00010269,8
BTCUSDT,2021-10-30T16:00:00Z,0.00023181,8
ETHUSDT,2021-10-30T16:00:00Z,0.00024213,8
SOLUSDT,2021-10-30T16:00:00Z,0.0001,8
BTCUSDT,2021-10-31T00:00:00Z,0.00019088,8
ETHUSDT,2021-10-31T00:00:00Z,0.00013682,8
SOLUSDT,2021-10-31T00:00:00Z,0.0001,8
BTCUSDT,2021-10-31T08:00:00Z,0.00048915,8
ETHUSDT,2021-10-31T08:00:00Z,0.0001,8
SOLUSDT,2021-10-31T08:00:00Z,0.00027856,8
BTCUSDT,2021-10-31T16:00:00Z,0.00043874,8
ETHUSDT,2021-10-31T16:00:00Z,0.00021779,8
SOLUSDT,2021-10-31T16:00:00Z,0.0001,8
BTCUSDT,2021-11-01T00:00:00Z,0.00032554,8
ETHUSDT,2021-11-01T00:00:00Z,0.00024088,8
SOLUSDT,2021-11-01T00:00:00Z,0.00021406,8
BTCUSDT,2021-11-01T08:00:00Z,0.00031437,8
ETHUSDT,2021-11-01T08:00:00Z,0.00013798,8
SOLUSDT,2021-11-01T08:00:00Z,0.0001,8
BTCUSDT,2021-11-01T16:00:00Z,0.00056812,8
ETHUSDT,2021-11-01T16:00:00Z,0.00026687,8
SOLUSDT,2021-11-01T16:00:00Z,0.00047033,8
BTCUSDT,2021-11-02T00:00:00Z,0.00015524,8
ETHUSDT,2021-11-02T00:00:00Z,0.00020736,8
SOLUSDT,2021-11-02T00:00:00Z,0.00021978,8
BTCUSDT,2021-11-02T08:00:00Z,0.00033216,8
ETHUSDT,2021-11-02T08:00:00Z,0.00045079,8
SOLUSDT,2021-11-02T08:00:00Z,0.00043741,8
BTCUSDT,2021-11-02T16:00:00Z,0.00047797,8
ETHUSDT,2021-11-02T16:00:00Z,0.00052167,8
SOLUSDT,2021-11-02T16:00:00Z,0.00044948,8
BTCUSDT,2021-11-03T00:00:00Z,0.0008207,8
ETHUSDT,2021-11-03T00:00:00Z,0.0001,8
SOLUSDT,2021-11-03T00:00:00Z,0.00057713,8
BTCUSDT,2021-11-03T08:00:00Z,0.00043965,8
ETHUSDT,2021-11-03T08:00:00Z,0.00044614,8
SOLUSDT,2021-11-03T08:00:00Z,0.00031299,8
BTCUSDT,2021-11-03T16:00:00Z,0.00031399,8
ETHUSDT,2021-11-03T16:00:00Z,0.00025564,8
SOLUSDT,2021-11-03T16:00:00Z,0.0001,8
BTCUSDT,2021-11-04T00:00:00Z,0.00045987,8
ETHUSDT,2021-11-04T00:00:00Z,0.00047967,8
SOLUSDT,2021-11-04T00:00:00Z,0.0001,8
BTCUSDT,2021-11-04T08:00:00Z,0.0005075,8
ETHUSDT,2021-11-04T08:00:00Z,0.0003137,8
SOLUSDT,2021-11-04T08:00:00Z,0.0001,8
BTCUSDT,2021-11-04T16:00:00Z,0.00046368,8
ETHUSDT,2021-11-04T16:00:00Z,0.00028111,8
SOLUSDT,2021-11-04T16:00:00Z,0.0001,8
BTCUSDT,2021-11-05T00:00:00Z,0.00018372,8
ETHUSDT,2021-11-05T00:00:00Z,0.0002238,8
SOLUSDT,2021-11-05T00:00:00Z,0.0001,8
BTCUSDT,2021-11-05T08:00:00Z,0.00018568,8
ETHUSDT,2021-11-05T08:00:00Z,0.00014351,8
SOLUSDT,2021-11-05T08:00:00Z,0.0001,8
BTCUSDT,2021-11-05T16:00:00Z,0.00041167,8
ETHUSDT,2021-11-05T16:00:00Z,0.00033389,8
SOLUSDT,2021-11-05T16:00:00Z,0.00039814,8
BTCUSDT,2021-11-06T00:00:00Z,0.00053155,8
ETHUSDT,2021-11-06T00:00:00Z,0.00040376,8
SOLUSDT,2021-11-06T00:00:00Z,0.0001,8
BTCUSDT,2021-11-06T08:00:00Z,0.00045326,8
ETHUSDT,2021-11-06T08:00:00Z,0.00043015,8
SOLUSDT,2021-11-06T08:00:00Z,0.0001,8
BTCUSDT,2021-11-06T16:00:00Z,0.00037687,8
ETHUSDT,2021-11-06T16:00:00Z,0.0001,8
SOLUSDT,2021-11-06T16:00:00Z,0.0001,8
BTCUSDT,2021-11-07T00:00:00Z,0.00017244,8
ETHUSDT,2021-11-07T00:00:00Z,0.00023166,8
SOLUSDT,2021-11-07T00:00:00Z,0.0001,8
BTCUSDT,2021-11-07T08:00:00Z,0.00036277,8
ETHUSDT,2021-11-07T08:00:00Z,0.00018519,8
SOLUSDT,2021-11-07T08:00:00Z,0.0001,8
BTCUSDT,2021-11-07T16:00:00Z,0.00037438,8
ETHUSDT,2021-11-07T16:00:00Z,0.00032259,8
SOLUSDT,2021-11-07T16:00:00Z,0.0001,8
BTCUSDT,2021-11-08T00:00:00Z,0.00025861,8
ETHUSDT,2021-11-08T00:00:00Z,0.00021005,8
SOLUSDT,2021-11-08T00:00:00Z,0.00016311,8
BTCUSDT,2021-11-08T08:00:00Z,0.00049328,8
ETHUSDT,2021-11-08T08:00:00Z,0.00028714,8
SOLUSDT,2021-11-08T08:00:00Z,0.00065061,8
BTCUSDT,2021-11-08T16:00:00Z,0.0004876,8
ETHUSDT,2021-11-08T16:00:00Z,0.00023,8
SOLUSDT,2021-11-08T16:00:00Z,0.00072728,8
BTCUSDT,2021-11-09T00:00:00Z,0.00038683,8
ETHUSDT,2021-11-09T00:00:00Z,0.0001,8
SOLUSDT,2021-11-09T00:00:00Z,0.00030837,8
BTCUSDT,2021-11-09T08:00:00Z,0.00039251,8
ETHUSDT,2021-11-09T08:00:00Z,0.0001,8
SOLUSDT,2021-11-09T08:00:00Z,0.00031759,8
BTCUSDT,2021-11-09T16:00:00Z,0.00067839,8
ETHUSDT,2021-11-09T16:00:00Z,0.0001,8
SOLUSDT,2021-11-09T16:00:00Z,0.00040583,8
BTCUSDT,2021-11-10T00:00:00Z,0.00037679,8
ETHUSDT,2021-11-10T00:00:00Z,0.00021036,8
SOLUSDT,2021-11-10T00:00:00Z,0.00042121,8
BTCUSDT,2021-11-10T08:00:00Z,0.00068212,8
ETHUSDT,2021-11-10T08:00:00Z,0.00020446,8
SOLUSDT,2021-11-10T08:00:00Z,0.00032577,8
BTCUSDT,2021-11-10T16:00:00Z,0.00057535,8
ETHUSDT,2021-11-10T16:00:00Z,0.00027928,8
SOLUSDT,2021-11-10T16:00:00Z,0.00043648,8
BTCUSDT,2021-11-11T00:00:00Z,0.00023211,8
ETHUSDT,2021-11-11T00:00:00Z,0.0001722,8
SOLUSDT,2021-11-11T00:00:00Z,0.0001,8
BTCUSDT,2021-11-11T08:00:00Z,0.0001,8
ETHUSDT,2021-11-11T08:00:00Z,0.00015754,8
SOLUSDT,2021-11-11T08:00:00Z,0.0001,8
BTCUSDT,2021-11-11T16:00:00Z,0.00021812,8
ETHUSDT,2021-11-11T16:00:00Z,0.0001,8
SOLUSDT,2021-11-11T16:00:00Z,0.00025837,8
BTCUSDT,2021-11-12T00:00:00Z,0.00018008,8
ETHUSDT,2021-11-12T00:00:00Z,0.0001,8
SOLUSDT,2021-11-12T00:00:00Z,0.0001,8
BTCUSDT,2021-11-12T08:00:00Z,0.00035543,8
ETHUSDT,2021-11-12T08:00:00Z,0.0001,8
SOLUSDT,2021-11-12T08:00:00Z,0.0001,8
BTCUSDT,2021-11-12T16:00:00Z,0.00036867,8
ETHUSDT,2021-11-12T16:00:00Z,0.0001,8
SOLUSDT,2021-11-12T16:00:00Z,0.0001,8
BTCUSDT,2021-11-13T00:00:00Z,0.00015442,8
ETHUSDT,2021-11-13T00:00:00Z,0.0001,8
SOLUSDT,2021-11-13T00:00:00Z,0.0001,8
BTCUSDT,2021-11-13T08:00:00Z,0.00031732,8
ETHUSDT,2021-11-13T08:00:00Z,0.0001,8
SOLUSDT,2021-11-13T08:00:00Z,0.00022258,8
BTCUSDT,2021-11-13T16:00:00Z,0.00021842,8
ETHUSDT,2021-11-13T16:00:00Z,0.0001,8
SOLUSDT,2021-11-13T16:00:00Z,0.0001,8
BTCUSDT,2021-11-14T00:00:00Z,0.00013962,8
ETHUSDT,2021-11-14T00:00:00Z,0.0001,8
SOLUSDT,2021-11-14T00:00:00Z,0.0001,8
BTCUSDT,2021-11-14T08:00:00Z,0.0001,8
ETHUSDT,2021-11-14T08:00:00Z,0.0001,8
SOLUSDT,2021-11-14T08:00:00Z,0.0001,8
BTCUSDT,2021-11-14T16:00:00Z,0.00013059,8
ETHUSDT,2021-11-14T16:00:00Z,0.0001,8
SOLUSDT,2021-11-14T16:00:00Z,0.0001,8
BTCUSDT,2021-11-15T00:00:00Z,0.00016126,8
ETHUSDT,2021-11-15T00:00:00Z,0.00023003,8
SOLUSDT,2021-11-15T00:00:00Z,0.0001,8
BTCUSDT,2021-11-15T08:00:00Z,0.00020745,8
ETHUSDT,2021-11-15T08:00:00Z,0.0002453,8
SOLUSDT,2021-11-15T08:00:00Z,0.00010613,8
BTCUSDT,2021-11-15T16:00:00Z,0.00040989,8
ETHUSDT,2021-11-15T16:00:00Z,0.0001,8
SOLUSDT,2021-11-15T16:00:00Z,0.0001,8
BTCUSDT,2021-11-16T00:00:00Z,0.00035998,8
ETHUSDT,2021-11-16T00:00:00Z,0.00015753,8
SOLUSDT,2021-11-16T00:00:00Z,0.0001,8
BTCUSDT,2021-11-16T08:00:00Z,0.0001,8
ETHUSDT,2021-11-16T08:00:00Z,0.0001,8
SOLUSDT,2021-11-16T08:00:00Z,0.0001,8
BTCUSDT,2021-11-16T16:00:00Z,0.0001,8
ETHUSDT,2021-11-16T16:00:00Z,0.0001,8
SOLUSDT,2021-11-16T16:00:00Z,0.0001,8
BTCUSDT,2021-11-17T00:00:00Z,0.0001,8
ETHUSDT,2021-11-17T00:00:00Z,0.0001,8
SOLUSDT,2021-11-17T00:00:00Z,0.0001,8
BTCUSDT,2021-11-17T08:00:00Z,0.00013155,8
ETHUSDT,2021-11-17T08:00:00Z,0.0001,8
SOLUSDT,2021-11-17T08:00:00Z,0.0001,8
BTCUSDT,2021-11-17T16:00:00Z,0.0001,8
ETHUSDT,2021-11-17T16:00:00Z,0.0001,8
SOLUSDT,2021-11-17T16:00:00Z,0.0001,8
BTCUSDT,2021-11-18T00:00:00Z,0.0001,8
ETHUSDT,2021-11-18T00:00:00Z,0.0001,8
SOLUSDT,2021-11-18T00:00:00Z,0.0001,8
BTCUSDT,2021-11-18T08:00:00Z,0.0001,8
ETHUSDT,2021-11-18T08:00:00Z,0.0001,8
SOLUSDT,2021-11-18T08:00:00Z,0.0001,8
BTCUSDT,2021-11-18T16:00:00Z,0.00011235,8
ETHUSDT,2021-11-18T16:00:00Z,0.0001,8
SOLUSDT,2021-11-18T16:00:00Z,0.0001,8
BTCUSDT,2021-11-19T00:00:00Z,0.0001,8
ETHUSDT,2021-11-19T00:00:00Z,0.0001,8
SOLUSDT,2021-11-19T00:00:00Z,0.0001,8
BTCUSDT,2021-11-19T08:00:00Z,0.0001,8
ETHUSDT,2021-11-19T08:00:00Z,0.0001,8
SOLUSDT,2021-11-19T08:00:00Z,0.0001,8
BTCUSDT,2021-11-19T16:00:00Z,0.0001,8
ETHUSDT,2021-11-19T16:00:00Z,0.0001,8
SOLUSDT,2021-11-19T16:00:00Z,0.0001,8
BTCUSDT,2021-11-20T00:00:00Z,0.0001,8
ETHUSDT,2021-11-20T00:00:00Z,0.0001,8
SOLUSDT,2021-11-20T00:00:00Z,0.0001,8
BTCUSDT,2021-11-20T08:00:00Z,0.0001,8
ETHUSDT,2021-11-20T08:00:00Z,0.0001,8
SOLUSDT,2021-11-20T08:00:00Z,0.0001,8
BTCUSDT,2021-11-20T16:00:00Z,0.0001,8
ETHUSDT,2021-11-20T16:00:00Z,0.0001,8
SOLUSDT,2021-11-20T16:00:00Z,0.0001,8
BTCUSDT,2021-11-21T00:00:00Z,0.0001,8
ETHUSDT,2021-11-21T00:00:00Z,0.0001,8
SOLUSDT,2021-11-21T00:00:00Z,0.0001,8
BTCUSDT,2021-11-21T08:00:00Z,0.0001,8
ETHUSDT,2021-11-21T08:00:00Z,0.0001,8
SOLUSDT,2021-11-21T08:00:00Z,0.0001,8
BTCUSDT,2021-11-21T16:00:00Z,0.0001,8
ETHUSDT,2021-11-21T16:00:00Z,0.0001,8
SOLUSDT,2021-11-21T16:00:00Z,0.00015518,8
BTCUSDT,2021-11-22T00:00:00Z,0.0001,8
ETHUSDT,2021-11-22T00:00:00Z,0.0001,8
SOLUSDT,2021-11-22T00:00:00Z,0.0001,8
BTCUSDT,2021-11-22T08:00:00Z,0.0001,8
ETHUSDT,2021-11-22T08:00:00Z,0.0001,8
SOLUSDT,2021-11-22T08:00:00Z,0.0001,8
BTCUSDT,2021-11-22T16:00:00Z,0.0001,8
ETHUSDT,2021-11-22T16:00:00Z,0.0001,8
SOLUSDT,2021-11-22T16:00:00Z,0.0001,8
BTCUSDT,2021-11-23T00:00:00Z,0.0001,8
ETHUSDT,2021-11-23T00:00:00Z,0.0001,8
SOLUSDT,2021-11-23T00:00:00Z,0.0001,8
BTCUSDT,2021-11-23T08:00:00Z,0.00012897,8
ETHUSDT,2021-11-23T08:00:00Z,0.0001,8
SOLUSDT,2021-11-23T08:00:00Z,0.0001,8
BTCUSDT,2021-11-23T16:00:00Z,0.0001,8
ETHUSDT,2021-11-23T16:00:00Z,0.0001,8
SOLUSDT,2021-11-23T16:00:00Z,0.0001,8
BTCUSDT,2021-11-24T00:00:00Z,0.0001,8
ETHUSDT,2021-11-24T00:00:00Z,0.0001,8
SOLUSDT,2021-11-24T00:00:00Z,0.0001,8
BTCUSDT,2021-11-24T08:00:00Z,0.0001,8
ETHUSDT,2021-11-24T08:00:00Z,0.0001,8
SOLUSDT,2021-11-24T08:00:00Z,0.0001,8
BTCUSDT,2021-11-24T16:00:00Z,0.0001201,8
ETHUSDT,2021-11-24T16:00:00Z,0.0001,8
SOLUSDT,2021-11-24T16:00:00Z,0.0001,8
BTCUSDT,2021-11-25T00:00:00Z,0.00014549,8
ETHUSDT,2021-11-25T00:00:00Z,0.0001,8
SOLUSDT,2021-11-25T00:00:00Z,0.0001,8
BTCUSDT,2021-11-25T08:00:00Z,0.00016775,8
ETHUSDT,2021-11-25T08:00:00Z,0.0001,8
SOLUSDT,2021-11-25T08:00:00Z,0.00040662,8
BTCUSDT,2021-11-25T16:00:00Z,0.00011888,8
ETHUSDT,2021-11-25T16:00:00Z,0.00035137,8
SOLUSDT,2021-11-25T16:00:00Z,0.0001,8
BTCUSDT,2021-11-26T00:00:00Z,0.00013863,8
ETHUSDT,2021-11-26T00:00:00Z,0.00026113,8
SOLUSDT,2021-11-26T00:00:00Z,0.00028435,8
BTCUSDT,2021-11-26T08:00:00Z,0.00033741,8
ETHUSDT,2021-11-26T08:00:00Z,0.00027132,8
SOLUSDT,2021-11-26T08:00:00Z,0.0003784,8
BTCUSDT,2021-11-26T16:00:00Z,0.0001,8
ETHUSDT,2021-11-26T16:00:00Z,0.0001,8
SOLUSDT,2021-11-26T16:00:00Z,0.0001,8
BTCUSDT,2021-11-27T00:00:00Z,0.00010824,8
ETHUSDT,2021-11-27T00:00:00Z,0.0001,8
SOLUSDT,2021-11-27T00:00:00Z,0.0001,8
BTCUSDT,2021-11-27T08:00:00Z,0.0001,8
ETHUSDT,2021-11-27T08:00:00Z,0.0001,8
SOLUSDT,2021-11-27T08:00:00Z,0.0001,8
BTCUSDT,2021-11-27T16:00:00Z,0.0001,8
ETHUSDT,2021-11-27T16:00:00Z,0.0001,8
SOLUSDT,2021-11-27T16:00:00Z,0.0001,8
BTCUSDT,2021-11-28T00:00:00Z,0.0001,8
ETHUSDT,2021-11-28T00:00:00Z,0.0001,8
SOLUSDT,2021-11-28T00:00:00Z,0.0001,8
BTCUSDT,2021-11-28T08:00:00Z,0.0001,8
ETHUSDT,2021-11-28T08:00:00Z,0.0001,8
SOLUSDT,2021-11-28T08:00:00Z,0.0001,8
BTCUSDT,2021-11-28T16:00:00Z,0.0001,8
ETHUSDT,2021-11-28T16:00:00Z,0.0001,8
SOLUSDT,2021-11-28T16:00:00Z,0.0001,8
BTCUSDT,2021-11-29T00:00:00Z,0.0001,8
ETHUSDT,2021-11-29T00:00:00Z,0.0001,8
SOLUSDT,2021-11-29T00:00:00Z,0.0001,8
BTCUSDT,2021-11-29T08:00:00Z,0.0001,8
ETHUSDT,2021-11-29T08:00:00Z,0.0001,8
SOLUSDT,2021-11-29T08:00:00Z,0.0001,8
BTCUSDT,2021-11-29T16:00:00Z,0.00020774,8
ETHUSDT,2021-11-29T16:00:00Z,0.0001,8
SOLUSDT,2021-11-29T16:00:00Z,0.0001,8
BTCUSDT,2021-11-30T00:00:00Z,0.0002781,8
ETHUSDT,2021-11-30T00:00:00Z,0.0001,8
SOLUSDT,2021-11-30T00:00:00Z,0.0001,8
BTCUSDT,2021-11-30T08:00:00Z,0.0001,8
ETHUSDT,2021-11-30T08:00:00Z,0.0001,8
SOLUSDT,2021-11-30T08:00:00Z,0.0001,8
BTCUSDT,2021-11-30T16:00:00Z,0.0001,8
ETHUSDT,2021-11-30T16:00:00Z,0.00019202,8
SOLUSDT,2021-11-30T16:00:00Z,0.0001,8
BTCUSDT,2021-12-01T00:00:00Z,0.00012689,8
ETHUSDT,2021-12-01T00:00:00Z,0.0001625,8
SOLUSDT,2021-12-01T00:00:00Z,0.0001,8
BTCUSDT,2021-12-01T08:00:00Z,0.00029146,8
ETHUSDT,2021-12-01T08:00:00Z,0.0001,8
SOLUSDT,2021-12-01T08:00:00Z,0.0001,8
BTCUSDT,2021-12-01T16:00:00Z,0.0001,8
ETHUSDT,2021-12-01T16:00:00Z,0.0001,8
SOLUSDT,2021-12-01T16:00:00Z,0.0001,8
BTCUSDT,2021-12-02T00:00:00Z,0.00015951,8
ETHUSDT,2021-12-02T00:00:00Z,0.0001,8
SOLUSDT,2021-12-02T00:00:00Z,0.0001,8
BTCUSDT,2021-12-02T08:00:00Z,0.0001,8
ETHUSDT,2021-12-02T08:00:00Z,0.0001,8
SOLUSDT,2021-12-02T08:00:00Z,0.0001,8
BTCUSDT,2021-12-02T16:00:00Z,0.0001,8
ETHUSDT,2021-12-02T16:00:00Z,0.0001,8
SOLUSDT,2021-12-02T16:00:00Z,0.0001,8
BTCUSDT,2021-12-03T00:00:00Z,0.0001,8
ETHUSDT,2021-12-03T00:00:00Z,0.00012562,8
SOLUSDT,2021-12-03T00:00:00Z,0.0001,8
BTCUSDT,2021-12-03T08:00:00Z,0.00011686,8
ETHUSDT,2021-12-03T08:00:00Z,0.0001,8
SOLUSDT,2021-12-03T08:00:00Z,0.0001,8
BTCUSDT,2021-12-03T16:00:00Z,0.00027198,8
ETHUSDT,2021-12-03T16:00:00Z,0.0001,8
SOLUSDT,2021-12-03T16:00:00Z,0.0001,8
BTCUSDT,2021-12-04T00:00:00Z,0.0001,8
ETHUSDT,2021-12-04T00:00:00Z,0.0001,8
SOLUSDT,2021-12-04T00:00:00Z,0.0001,8
BTCUSDT,2021-12-04T08:00:00Z,6.285e-05,8
ETHUSDT,2021-12-04T08:00:00Z,6.583e-05,8
SOLUSDT,2021-12-04T08:00:00Z,-0.00010538,8
BTCUSDT,2021-12-04T16:00:00Z,2.893e-05,8
ETHUSDT,2021-12-04T16:00:00Z,0.0001,8
SOLUSDT,2021-12-04T16:00:00Z,0.0001,8
BTCUSDT,2021-12-05T00:00:00Z,8.272e-05,8
ETHUSDT,2021-12-05T00:00:00Z,0.0001,8
SOLUSDT,2021-12-05T00:00:00Z,0.0001,8
BTCUSDT,2021-12-05T08:00:00Z,9.001e-05,8
ETHUSDT,2021-12-05T08:00:00Z,0.0001,8
SOLUSDT,2021-12-05T08:00:00Z,0.0001,8
BTCUSDT,2021-12-05T16:00:00Z,0.0001,8
ETHUSDT,2021-12-05T16:00:00Z,0.0001,8
SOLUSDT,2021-12-05T16:00:00Z,0.0001,8
BTCUSDT,2021-12-06T00:00:00Z,0.0001,8
ETHUSDT,2021-12-06T00:00:00Z,0.0001,8
SOLUSDT,2021-12-06T00:00:00Z,0.0001,8
BTCUSDT,2021-12-06T08:00:00Z,0.0001,8
ETHUSDT,2021-12-06T08:00:00Z,0.0001,8
SOLUSDT,2021-12-06T08:00:00Z,0.0001,8
BTCUSDT,2021-12-06T16:00:00Z,0.0001,8
ETHUSDT,2021-12-06T16:00:00Z,0.0001,8
SOLUSDT,2021-12-06T16:00:00Z,0.0001,8
BTCUSDT,2021-12-07T00:00:00Z,0.0001,8
ETHUSDT,2021-12-07T00:00:00Z,0.0001,8
SOLUSDT,2021-12-07T00:00:00Z,0.0001,8
BTCUSDT,2021-12-07T08:00:00Z,3.977e-05,8
ETHUSDT,2021-12-07T08:00:00Z,7.06e-05,8
SOLUSDT,2021-12-07T08:00:00Z,-2.874e-05,8
BTCUSDT,2021-12-07T16:00:00Z,0.0001,8
ETHUSDT,2021-12-07T16:00:00Z,0.0001,8
SOLUSDT,2021-12-07T16:00:00Z,0.0001,8
BTCUSDT,2021-12-08T00:00:00Z,0.0001,8
ETHUSDT,2021-12-08T00:00:00Z,0.0001,8
SOLUSDT,2021-12-08T00:00:00Z,0.0001,8
BTCUSDT,2021-12-08T08:00:00Z,0.0001,8
ETHUSDT,2021-12-08T08:00:00Z,0.0001,8
SOLUSDT,2021-12-08T08:00:00Z,0.0001,8
BTCUSDT,2021-12-08T16:00:00Z,0.0001,8
ETHUSDT,2021-12-08T16:00:00Z,0.0001,8
SOLUSDT,2021-12-08T16:00:00Z,0.0001,8
BTCUSDT,2021-12-09T00:00:00Z,0.0001,8
ETHUSDT,2021-12-09T00:00:00Z,0.0001,8
SOLUSDT,2021-12-09T00:00:00Z,0.0001,8
BTCUSDT,2021-12-09T08:00:00Z,0.0001,8
ETHUSDT,2021-12-09T08:00:00Z,0.0001,8
SOLUSDT,2021-12-09T08:00:00Z,0.0001,8
BTCUSDT,2021-12-09T16:00:00Z,0.0001,8
ETHUSDT,2021-12-09T16:00:00Z,0.0001,8
SOLUSDT,2021-12-09T16:00:00Z,0.0001,8
BTCUSDT,2021-12-10T00:00:00Z,0.0001,8
ETHUSDT,2021-12-10T00:00:00Z,0.0001,8
SOLUSDT,2021-12-10T00:00:00Z,0.0001,8
BTCUSDT,2021-12-10T08:00:00Z,0.0001,8
ETHUSDT,2021-12-10T08:00:00Z,0.0001,8
SOLUSDT,2021-12-10T08:00:00Z,0.0001,8
BTCUSDT,2021-12-10T16:00:00Z,0.0001,8
ETHUSDT,2021-12-10T16:00:00Z,-1.037e-05,8
SOLUSDT,2021-12-10T16:00:00Z,0.0001,8
BTCUSDT,2021-12-11T00:00:00Z,0.0001,8
ETHUSDT,2021-12-11T00:00:00Z,0.0001,8
SOLUSDT,2021-12-11T00:00:00Z,0.0001,8
BTCUSDT,2021-12-11T08:00:00Z,0.0001,8
ETHUSDT,2021-12-11T08:00:00Z,0.0001,8
SOLUSDT,2021-12-11T08:00:00Z,0.0001,8
BTCUSDT,2021-12-11T16:00:00Z,0.0001,8
ETHUSDT,2021-12-11T16:00:00Z,8.719e-05,8
SOLUSDT,2021-12-11T16:00:00Z,0.0001,8
BTCUSDT,2021-12-12T00:00:00Z,0.0001,8
ETHUSDT,2021-12-12T00:00:00Z,0.0001,8
SOLUSDT,2021-12-12T00:00:00Z,0.0001,8
BTCUSDT,2021-12-12T08:00:00Z,0.0001,8
ETHUSDT,2021-12-12T08:00:00Z,0.0001,8
SOLUSDT,2021-12-12T08:00:00Z,0.0001,8
BTCUSDT,2021-12-12T16:00:00Z,0.0001,8
ETHUSDT,2021-12-12T16:00:00Z,0.0001,8
SOLUSDT,2021-12-12T16:00:00Z,0.0001,8
BTCUSDT,2021-12-13T00:00:00Z,0.0001,8
ETHUSDT,2021-12-13T00:00:00Z,0.0001,8
SOLUSDT,2021-12-13T00:00:00Z,0.0001,8
BTCUSDT,2021-12-13T08:00:00Z,0.0001,8
ETHUSDT,2021-12-13T08:00:00Z,-5.974e-05,8
SOLUSDT,2021-12-13T08:00:00Z,0.0001,8
BTCUSDT,2021-12-13T16:00:00Z,0.0001,8
ETHUSDT,2021-12-13T16:00:00Z,4.163e-05,8
SOLUSDT,2021-12-13T16:00:00Z,0.0001,8
BTCUSDT,2021-12-14T00:00:00Z,-4.93e-06,8
ETHUSDT,2021-12-14T00:00:00Z,-5.267e-05,8
SOLUSDT,2021-12-14T00:00:00Z,-0.00012513,8
BTCUSDT,2021-12-14T08:00:00Z,0.0001,8
ETHUSDT,2021-12-14T08:00:00Z,0.0001,8
SOLUSDT,2021-12-14T08:00:00Z,0.0001,8
BTCUSDT,2021-12-14T16:00:00Z,8.838e-05,8
ETHUSDT,2021-12-14T16:00:00Z,0.0001,8
SOLUSDT,2021-12-14T16:00:00Z,0.0001,8
BTCUSDT,2021-12-15T00:00:00Z,0.0001,8
ETHUSDT,2021-12-15T00:00:00Z,0.0001,8
SOLUSDT,2021-12-15T00:00:00Z,0.0001,8
BTCUSDT,2021-12-15T08:00:00Z,0.0001,8
ETHUSDT,2021-12-15T08:00:00Z,0.0001,8
SOLUSDT,2021-12-15T08:00:00Z,0.0001,8
BTCUSDT,2021-12-15T16:00:00Z,0.0001,8
ETHUSDT,2021-12-15T16:00:00Z,0.0001,8
SOLUSDT,2021-12-15T16:00:00Z,0.0001,8
BTCUSDT,2021-12-16T00:00:00Z,0.0001,8
ETHUSDT,2021-12-16T00:00:00Z,0.0001,8
SOLUSDT,2021-12-16T00:00:00Z,0.0001,8
BTCUSDT,2021-12-16T08:00:00Z,0.0001,8
ETHUSDT,2021-12-16T08:00:00Z,0.0001,8
SOLUSDT,2021-12-16T08:00:00Z,0.0001,8
BTCUSDT,2021-12-16T16:00:00Z,0.0001,8
ETHUSDT,2021-12-16T16:00:00Z,3.234e-05,8
SOLUSDT,2021-12-16T16:00:00Z,7.386e-05,8
BTCUSDT,2021-12-17T00:00:00Z,0.0001,8
ETHUSDT,2021-12-17T00:00:00Z,0.0001,8
SOLUSDT,2021-12-17T00:00:00Z,0.0001,8
BTCUSDT,2021-12-17T08:00:00Z,0.0001,8
ETHUSDT,2021-12-17T08:00:00Z,0.0001,8
SOLUSDT,2021-12-17T08:00:00Z,0.0001,8
BTCUSDT,2021-12-17T16:00:00Z,4.678e-05,8
ETHUSDT,2021-12-17T16:00:00Z,0.0001,8
SOLUSDT,2021-12-17T16:00:00Z,0.0001,8
BTCUSDT,2021-12-18T00:00:00Z,9.119e-05,8
ETHUSDT,2021-12-18T00:00:00Z,0.0001,8
SOLUSDT,2021-12-18T00:00:00Z,0.0001,8
BTCUSDT,2021-12-18T08:00:00Z,9.221e-05,8
ETHUSDT,2021-12-18T08:00:00Z,5.422e-05,8
SOLUSDT,2021-12-18T08:00:00Z,0.0001,8
BTCUSDT,2021-12-18T16:00:00Z,8.402e-05,8
ETHUSDT,2021-12-18T16:00:00Z,0.0001,8
SOLUSDT,2021-12-18T16:00:00Z,0.0001,8
BTCUSDT,2021-12-19T00:00:00Z,7.08e-05,8
ETHUSDT,2021-12-19T00:00:00Z,4.353e-05,8
SOLUSDT,2021-12-19T00:00:00Z,0.0001,8
BTCUSDT,2021-12-19T08:00:00Z,0.0001,8
ETHUSDT,2021-12-19T08:00:00Z,0.0001,8
SOLUSDT,2021-12-19T08:00:00Z,0.0001,8
BTCUSDT,2021-12-19T16:00:00Z,0.0001,8
ETHUSDT,2021-12-19T16:00:00Z,0.0001,8
SOLUSDT,2021-12-19T16:00:00Z,0.0001,8
BTCUSDT,2021-12-20T00:00:00Z,0.0001,8
ETHUSDT,2021-12-20T00:00:00Z,0.0001,8
SOLUSDT,2021-12-20T00:00:00Z,0.0001,8
BTCUSDT,2021-12-20T08:00:00Z,0.0001,8
ETHUSDT,2021-12-20T08:00:00Z,0.0001,8
SOLUSDT,2021-12-20T08:00:00Z,0.0001,8
BTCUSDT,2021-12-20T16:00:00Z,0.0001,8
ETHUSDT,2021-12-20T16:00:00Z,0.0001,8
SOLUSDT,2021-12-20T16:00:00Z,0.0001,8
BTCUSDT,2021-12-21T00:00:00Z,9.184e-05,8
ETHUSDT,2021-12-21T00:00:00Z,0.0001,8
SOLUSDT,2021-12-21T00:00:00Z,0.0001,8
BTCUSDT,2021-12-21T08:00:00Z,0.0001,8
ETHUSDT,2021-12-21T08:00:00Z,0.0001,8
SOLUSDT,2021-12-21T08:00:00Z,0.0001,8
BTCUSDT,2021-12-21T16:00:00Z,0.0001,8
ETHUSDT,2021-12-21T16:00:00Z,0.0001,8
SOLUSDT,2021-12-21T16:00:00Z,0.0001,8
BTCUSDT,2021-12-22T00:00:00Z,0.0001,8
ETHUSDT,2021-12-22T00:00:00Z,0.0001,8
SOLUSDT,2021-12-22T00:00:00Z,0.0001,8
BTCUSDT,2021-12-22T08:00:00Z,0.0001,8
ETHUSDT,2021-12-22T08:00:00Z,0.0001,8
SOLUSDT,2021-12-22T08:00:00Z,0.0001,8
BTCUSDT,2021-12-22T16:00:00Z,0.0001,8
ETHUSDT,2021-12-22T16:00:00Z,0.0001,8
SOLUSDT,2021-12-22T16:00:00Z,0.0001,8
BTCUSDT,2021-12-23T00:00:00Z,9.72e-05,8
ETHUSDT,2021-12-23T00:00:00Z,0.0001,8
SOLUSDT,2021-12-23T00:00:00Z,0.0001,8
BTCUSDT,2021-12-23T08:00:00Z,0.0001,8
ETHUSDT,2021-12-23T08:00:00Z,0.0001,8
SOLUSDT,2021-12-23T08:00:00Z,0.0001,8
BTCUSDT,2021-12-23T16:00:00Z,4.018e-05,8
ETHUSDT,2021-12-23T16:00:00Z,3.383e-05,8
SOLUSDT,2021-12-23T16:00:00Z,0.0001,8
BTCUSDT,2021-12-24T00:00:00Z,0.0001,8
ETHUSDT,2021-12-24T00:00:00Z,0.0001,8
SOLUSDT,2021-12-24T00:00:00Z,0.0001,8
BTCUSDT,2021-12-24T08:00:00Z,0.0001,8
ETHUSDT,2021-12-24T08:00:00Z,0.0001,8
SOLUSDT,2021-12-24T08:00:00Z,0.0001,8
BTCUSDT,2021-12-24T16:00:00Z,0.0001,8
ETHUSDT,2021-12-24T16:00:00Z,0.0001,8
SOLUSDT,2021-12-24T16:00:00Z,0.0001,8
BTCUSDT,2021-12-25T00:00:00Z,0.0001,8
ETHUSDT,2021-12-25T00:00:00Z,0.0001,8
SOLUSDT,2021-12-25T00:00:00Z,0.0001,8
BTCUSDT,2021-12-25T08:00:00Z,0.0001,8
ETHUSDT,2021-12-25T08:00:00Z,0.0001,8
SOLUSDT,2021-12-25T08:00:00Z,0.0001,8
BTCUSDT,2021-12-25T16:00:00Z,0.0001,8
ETHUSDT,2021-12-25T16:00:00Z,0.0001,8
SOLUSDT,2021-12-25T16:00:00Z,0.0001,8
BTCUSDT,2021-12-26T00:00:00Z,0.0001,8
ETHUSDT,2021-12-26T00:00:00Z,0.0001,8
SOLUSDT,2021-12-26T00:00:00Z,0.0001,8
BTCUSDT,2021-12-26T08:00:00Z,0.0001,8
ETHUSDT,2021-12-26T08:00:00Z,0.0001,8
SOLUSDT,2021-12-26T08:00:00Z,0.0001,8
BTCUSDT,2021-12-26T16:00:00Z,0.0001,8
ETHUSDT,2021-12-26T16:00:00Z,0.0001,8
SOLUSDT,2021-12-26T16:00:00Z,0.0001,8
BTCUSDT,2021-12-27T00:00:00Z,0.0001,8
ETHUSDT,2021-12-27T00:00:00Z,0.0001,8
SOLUSDT,2021-12-27T00:00:00Z,0.0001,8
BTCUSDT,2021-12-27T08:00:00Z,0.0001,8
ETHUSDT,2021-12-27T08:00:00Z,0.0001,8
SOLUSDT,2021-12-27T08:00:00Z,0.0001,8
BTCUSDT,2021-12-27T16:00:00Z,0.0001,8
ETHUSDT,2021-12-27T16:00:00Z,0.0001,8
SOLUSDT,2021-12-27T16:00:00Z,0.0001,8
BTCUSDT,2021-12-28T00:00:00Z,0.0001,8
ETHUSDT,2021-12-28T00:00:00Z,0.0001,8
SOLUSDT,2021-12-28T00:00:00Z,0.0001,8
BTCUSDT,2021-12-28T08:00:00Z,0.0001,8
ETHUSDT,2021-12-28T08:00:00Z,2.254e-05,8
SOLUSDT,2021-12-28T08:00:00Z,0.0001,8
BTCUSDT,2021-12-28T16:00:00Z,0.0001,8
ETHUSDT,2021-12-28T16:00:00Z,4.226e-05,8
SOLUSDT,2021-12-28T16:00:00Z,0.0001,8
BTCUSDT,2021-12-29T00:00:00Z,0.0001,8
ETHUSDT,2021-12-29T00:00:00Z,8.064e-05,8
SOLUSDT,2021-12-29T00:00:00Z,0.0001,8
BTCUSDT,2021-12-29T08:00:00Z,0.0001,8
ETHUSDT,2021-12-29T08:00:00Z,0.0001,8
SOLUSDT,2021-12-29T08:00:00Z,0.0001,8
BTCUSDT,2021-12-29T16:00:00Z,0.0001,8
ETHUSDT,2021-12-29T16:00:00Z,6.859e-05,8
SOLUSDT,2021-12-29T16:00:00Z,0.0001,8
BTCUSDT,2021-12-30T00:00:00Z,0.0001,8
ETHUSDT,2021-12-30T00:00:00Z,9.232e-05,8
SOLUSDT,2021-12-30T00:00:00Z,0.0001,8
BTCUSDT,2021-12-30T08:00:00Z,0.0001,8
ETHUSDT,2021-12-30T08:00:00Z,-7.64e-06,8
SOLUSDT,2021-12-30T08:00:00Z,0.0001,8
BTCUSDT,2021-12-30T16:00:00Z,0.0001,8
ETHUSDT,2021-12-30T16:00:00Z,0.0001,8
SOLUSDT,2021-12-30T16:00:00Z,0.0001,8
BTCUSDT,2021-12-31T00:00:00Z,-3.102e-05,8
ETHUSDT,2021-12-31T00:00:00Z,6.849e-05,8
SOLUSDT,2021-12-31T00:00:00Z,0.0001,8
BTCUSDT,2021-12-31T08:00:00Z,0.0001,8
ETHUSDT,2021-12-31T08:00:00Z,9.72e-06,8
SOLUSDT,2021-12-31T08:00:00Z,0.0001,8
BTCUSDT,2021-12-31T16:00:00Z,0.0001,8
ETHUSDT,2021-12-31T16:00:00Z,0.0001,8
SOLUSDT,2021-12-31T16:00:00Z,0.0001,8
BTCUSDT,2022-01-01T00:00:00Z,0.0001,8
ETHUSDT,2022-01-01T00:00:00Z,0.0001,8
SOLUSDT,2022-01-01T00:00:00Z,0.0001,8
BTCUSDT,2022-01-01T08:00:00Z,0.0001,8
ETHUSDT,2022-01-01T08:00:00Z,0.0001,8
SOLUSDT,2022-01-01T08:00:00Z,0.0001,8
BTCUSDT,2022-01-01T16:00:00Z,0.0001,8
ETHUSDT,2022-01-01T16:00:00Z,0.0001,8
SOLUSDT,2022-01-01T16:00:00Z,0.0001,8
BTCUSDT,2022-01-02T00:00:00Z,0.0001,8
ETHUSDT,2022-01-02T00:00:00Z,3.876e-05,8
SOLUSDT,2022-01-02T00:00:00Z,0.0001,8
BTCUSDT,2022-01-02T08:00:00Z,0.0001,8
ETHUSDT,2022-01-02T08:00:00Z,2.263e-05,8
SOLUSDT,2022-01-02T08:00:00Z,0.0001,8
BTCUSDT,2022-01-02T16:00:00Z,0.0001,8
ETHUSDT,2022-01-02T16:00:00Z,6.714e-05,8
SOLUSDT,2022-01-02T16:00:00Z,0.0001,8
BTCUSDT,2022-01-03T00:00:00Z,0.0001,8
ETHUSDT,2022-01-03T00:00:00Z,6.973e-05,8
SOLUSDT,2022-01-03T00:00:00Z,0.0001,8
BTCUSDT,2022-01-03T08:00:00Z,0.0001,8
ETHUSDT,2022-01-03T08:00:00Z,5.084e-05,8
SOLUSDT,2022-01-03T08:00:00Z,0.0001,8
BTCUSDT,2022-01-03T16:00:00Z,0.0001,8
ETHUSDT,2022-01-03T16:00:00Z,7.394e-05,8
SOLUSDT,2022-01-03T16:00:00Z,0.0001,8
BTCUSDT,2022-01-04T00:00:00Z,0.0001,8
ETHUSDT,2022-01-04T00:00:00Z,0.0001,8
SOLUSDT,2022-01-04T00:00:00Z,0.0001,8
BTCUSDT,2022-01-04T08:00:00Z,0.0001,8
ETHUSDT,2022-01-04T08:00:00Z,0.0001,8
SOLUSDT,2022-01-04T08:00:00Z,0.0001,8
BTCUSDT,2022-01-04T16:00:00Z,0.0001,8
ETHUSDT,2022-01-04T16:00:00Z,0.0001,8
SOLUSDT,2022-01-04T16:00:00Z,0.0001,8
BTCUSDT,2022-01-05T00:00:00Z,0.0001,8
ETHUSDT,2022-01-05T00:00:00Z,0.0001,8
SOLUSDT,2022-01-05T00:00:00Z,0.0001,8
BTCUSDT,2022-01-05T08:00:00Z,0.0001,8
ETHUSDT,2022-01-05T08:00:00Z,0.0001,8
SOLUSDT,2022-01-05T08:00:00Z,0.0001,8
BTCUSDT,2022-01-05T16:00:00Z,0.0001,8
ETHUSDT,2022-01-05T16:00:00Z,0.0001,8
SOLUSDT,2022-01-05T16:00:00Z,0.0001,8
BTCUSDT,2022-01-06T00:00:00Z,0.0001,8
ETHUSDT,2022-01-06T00:00:00Z,5.376e-05,8
SOLUSDT,2022-01-06T00:00:00Z,0.0001,8
BTCUSDT,2022-01-06T08:00:00Z,0.0001,8
ETHUSDT,2022-01-06T08:00:00Z,0.0001,8
SOLUSDT,2022-01-06T08:00:00Z,0.0001,8
BTCUSDT,2022-01-06T16:00:00Z,0.0001,8
ETHUSDT,2022-01-06T16:00:00Z,4.332e-05,8
SOLUSDT,2022-01-06T16:00:00Z,0.0001,8
BTCUSDT,2022-01-07T00:00:00Z,0.0001,8
ETHUSDT,2022-01-07T00:00:00Z,1.935e-05,8
SOLUSDT,2022-01-07T00:00:00Z,0.0001,8
BTCUSDT,2022-01-07T08:00:00Z,0.0001,8
ETHUSDT,2022-01-07T08:00:00Z,0.0001,8
SOLUSDT,2022-01-07T08:00:00Z,0.0001,8
BTCUSDT,2022-01-07T16:00:00Z,0.0001,8
ETHUSDT,2022-01-07T16:00:00Z,0.0001,8
SOLUSDT,2022-01-07T16:00:00Z,0.0001,8
BTCUSDT,2022-01-08T00:00:00Z,0.0001,8
ETHUSDT,2022-01-08T00:00:00Z,0.0001,8
SOLUSDT,2022-01-08T00:00:00Z,0.0001,8
BTCUSDT,2022-01-08T08:00:00Z,0.0001,8
ETHUSDT,2022-01-08T08:00:00Z,0.0001,8
SOLUSDT,2022-01-08T08:00:00Z,0.0001,8
BTCUSDT,2022-01-08T16:00:00Z,0.0001,8
ETHUSDT,2022-01-08T16:00:00Z,0.0001,8
SOLUSDT,2022-01-08T16:00:00Z,0.0001,8
BTCUSDT,2022-01-09T00:00:00Z,0.0001,8
ETHUSDT,2022-01-09T00:00:00Z,0.0001,8
SOLUSDT,2022-01-09T00:00:00Z,0.0001,8
BTCUSDT,2022-01-09T08:00:00Z,0.0001,8
ETHUSDT,2022-01-09T08:00:00Z,-7.234e-05,8
SOLUSDT,2022-01-09T08:00:00Z,0.0001,8
BTCUSDT,2022-01-09T16:00:00Z,0.0001,8
ETHUSDT,2022-01-09T16:00:00Z,5.47e-05,8
SOLUSDT,2022-01-09T16:00:00Z,0.0001,8
BTCUSDT,2022-01-10T00:00:00Z,0.0001,8
ETHUSDT,2022-01-10T00:00:00Z,-0.00014593,8
SOLUSDT,2022-01-10T00:00:00Z,0.0001,8
BTCUSDT,2022-01-10T08:00:00Z,4.522e-05,8
ETHUSDT,2022-01-10T08:00:00Z,-6.361e-05,8
SOLUSDT,2022-01-10T08:00:00Z,0.0001,8
BTCUSDT,2022-01-10T16:00:00Z,0.0001,8
ETHUSDT,2022-01-10T16:00:00Z,1.599e-05,8
SOLUSDT,2022-01-10T16:00:00Z,0.0001,8
BTCUSDT,2022-01-11T00:00:00Z,0.0001,8
ETHUSDT,2022-01-11T00:00:00Z,0.0001,8
SOLUSDT,2022-01-11T00:00:00Z,0.0001,8
BTCUSDT,2022-01-11T08:00:00Z,7.394e-05,8
ETHUSDT,2022-01-11T08:00:00Z,6.198e-05,8
SOLUSDT,2022-01-11T08:00:00Z,0.0001,8
BTCUSDT,2022-01-11T16:00:00Z,0.0001,8
ETHUSDT,2022-01-11T16:00:00Z,2.718e-05,8
SOLUSDT,2022-01-11T16:00:00Z,0.0001,8
BTCUSDT,2022-01-12T00:00:00Z,-4.772e-05,8
ETHUSDT,2022-01-12T00:00:00Z,-6.878e-05,8
SOLUSDT,2022-01-12T00:00:00Z,0.0001,8
BTCUSDT,2022-01-12T08:00:00Z,9.625e-05,8
ETHUSDT,2022-01-12T08:00:00Z,8.036e-05,8
SOLUSDT,2022-01-12T08:00:00Z,0.0001,8
BTCUSDT,2022-01-12T16:00:00Z,-5.342e-05,8
ETHUSDT,2022-01-12T16:00:00Z,-0.00019812,8
SOLUSDT,2022-01-12T16:00:00Z,0.0001,8
BTCUSDT,2022-01-13T00:00:00Z,-7.506e-05,8
ETHUSDT,2022-01-13T00:00:00Z,-2.315e-05,8
SOLUSDT,2022-01-13T00:00:00Z,0.0001,8
BTCUSDT,2022-01-13T08:00:00Z,0.0001,8
ETHUSDT,2022-01-13T08:00:00Z,0.0001,8
SOLUSDT,2022-01-13T08:00:00Z,0.0001,8
BTCUSDT,2022-01-13T16:00:00Z,-6.081e-05,8
ETHUSDT,2022-01-13T16:00:00Z,-1.444e-05,8
SOLUSDT,2022-01-13T16:00:00Z,0.0001,8
BTCUSDT,2022-01-14T00:00:00Z,5.92e-06,8
ETHUSDT,2022-01-14T00:00:00Z,0.0001,8
SOLUSDT,2022-01-14T00:00:00Z,0.0001,8
BTCUSDT,2022-01-14T08:00:00Z,-9.17e-05,8
ETHUSDT,2022-01-14T08:00:00Z,0.0001,8
SOLUSDT,2022-01-14T08:00:00Z,0.0001,8
BTCUSDT,2022-01-14T16:00:00Z,-6.655e-05,8
ETHUSDT,2022-01-14T16:00:00Z,-1.294e-05,8
SOLUSDT,2022-01-14T16:00:00Z,0.0001,8
BTCUSDT,2022-01-15T00:00:00Z,2.282e-05,8
ETHUSDT,2022-01-15T00:00:00Z,9.632e-05,8
SOLUSDT,2022-01-15T00:00:00Z,0.0001,8
BTCUSDT,2022-01-15T08:00:00Z,0.0001,8
ETHUSDT,2022-01-15T08:00:00Z,0.0001,8
SOLUSDT,2022-01-15T08:00:00Z,0.0001,8
BTCUSDT,2022-01-15T16:00:00Z,2.661e-05,8
ETHUSDT,2022-01-15T16:00:00Z,0.0001,8
SOLUSDT,2022-01-15T16:00:00Z,0.0001,8
BTCUSDT,2022-01-16T00:00:00Z,9.07e-05,8
ETHUSDT,2022-01-16T00:00:00Z,2.224e-05,8
SOLUSDT,2022-01-16T00:00:00Z,0.0001,8
BTCUSDT,2022-01-16T08:00:00Z,-2.33e-05,8
ETHUSDT,2022-01-16T08:00:00Z,9.785e-05,8
SOLUSDT,2022-01-16T08:00:00Z,0.0001,8
BTCUSDT,2022-01-16T16:00:00Z,3.62e-05,8
ETHUSDT,2022-01-16T16:00:00Z,8.585e-05,8
SOLUSDT,2022-01-16T16:00:00Z,0.0001,8
BTCUSDT,2022-01-17T00:00:00Z,1.751e-05,8
ETHUSDT,2022-01-17T00:00:00Z,2.683e-05,8
SOLUSDT,2022-01-17T00:00:00Z,0.0001,8
BTCUSDT,2022-01-17T08:00:00Z,6.647e-05,8
ETHUSDT,2022-01-17T08:00:00Z,4.25e-05,8
SOLUSDT,2022-01-17T08:00:00Z,0.0001,8
BTCUSDT,2022-01-17T16:00:00Z,0.0001,8
ETHUSDT,2022-01-17T16:00:00Z,-5.944e-05,8
SOLUSDT,2022-01-17T16:00:00Z,0.0001,8
BTCUSDT,2022-01-18T00:00:00Z,0.0001,8
ETHUSDT,2022-01-18T00:00:00Z,7.549e-05,8
SOLUSDT,2022-01-18T00:00:00Z,0.0001,8
BTCUSDT,2022-01-18T08:00:00Z,9.998e-05,8
ETHUSDT,2022-01-18T08:00:00Z,3.626e-05,8
SOLUSDT,2022-01-18T08:00:00Z,0.0001,8
BTCUSDT,2022-01-18T16:00:00Z,0.0001,8
ETHUSDT,2022-01-18T16:00:00Z,0.0001,8
SOLUSDT,2022-01-18T16:00:00Z,0.0001,8
BTCUSDT,2022-01-19T00:00:00Z,4.973e-05,8
ETHUSDT,2022-01-19T00:00:00Z,0.0001,8
SOLUSDT,2022-01-19T00:00:00Z,0.0001,8
BTCUSDT,2022-01-19T08:00:00Z,0.0001,8
ETHUSDT,2022-01-19T08:00:00Z,-1.72e-05,8
SOLUSDT,2022-01-19T08:00:00Z,0.0001,8
BTCUSDT,2022-01-19T16:00:00Z,0.0001,8
ETHUSDT,2022-01-19T16:00:00Z,0.0001,8
SOLUSDT,2022-01-19T16:00:00Z,0.0001,8
BTCUSDT,2022-01-20T00:00:00Z,0.0001,8
ETHUSDT,2022-01-20T00:00:00Z,0.0001,8
SOLUSDT,2022-01-20T00:00:00Z,0.0001,8
BTCUSDT,2022-01-20T08:00:00Z,0.0001,8
ETHUSDT,2022-01-20T08:00:00Z,0.0001,8
SOLUSDT,2022-01-20T08:00:00Z,0.0001,8
BTCUSDT,2022-01-20T16:00:00Z,0.0001,8
ETHUSDT,2022-01-20T16:00:00Z,0.0001,8
SOLUSDT,2022-01-20T16:00:00Z,0.0001,8
BTCUSDT,2022-01-21T00:00:00Z,0.0001,8
ETHUSDT,2022-01-21T00:00:00Z,-8.05e-06,8
SOLUSDT,2022-01-21T00:00:00Z,0.0001,8
BTCUSDT,2022-01-21T08:00:00Z,4.523e-05,8
ETHUSDT,2022-01-21T08:00:00Z,-5.915e-05,8
SOLUSDT,2022-01-21T08:00:00Z,0.0001,8
BTCUSDT,2022-01-21T16:00:00Z,8.226e-05,8
ETHUSDT,2022-01-21T16:00:00Z,8.447e-05,8
SOLUSDT,2022-01-21T16:00:00Z,4.765e-05,8
BTCUSDT,2022-01-22T00:00:00Z,-1.051e-05,8
ETHUSDT,2022-01-22T00:00:00Z,7.145e-05,8
SOLUSDT,2022-01-22T00:00:00Z,0.0001,8
BTCUSDT,2022-01-22T08:00:00Z,4.122e-05,8
ETHUSDT,2022-01-22T08:00:00Z,0.0001,8
SOLUSDT,2022-01-22T08:00:00Z,0.0001,8
BTCUSDT,2022-01-22T16:00:00Z,0.0001,8
ETHUSDT,2022-01-22T16:00:00Z,9.327e-05,8
SOLUSDT,2022-01-22T16:00:00Z,-2.909e-05,8
BTCUSDT,2022-01-23T00:00:00Z,0.0001,8
ETHUSDT,2022-01-23T00:00:00Z,0.0001,8
SOLUSDT,2022-01-23T00:00:00Z,-0.00024156,8
BTCUSDT,2022-01-23T08:00:00Z,-1.256e-05,8
ETHUSDT,2022-01-23T08:00:00Z,-5.208e-05,8
SOLUSDT,2022-01-23T08:00:00Z,-0.00014168,8
BTCUSDT,2022-01-23T16:00:00Z,-1.573e-05,8
ETHUSDT,2022-01-23T16:00:00Z,-0.0001332,8
SOLUSDT,2022-01-23T16:00:00Z,-0.00013112,8
BTCUSDT,2022-01-24T00:00:00Z,3.48e-05,8
ETHUSDT,2022-01-24T00:00:00Z,0.0001,8
SOLUSDT,2022-01-24T00:00:00Z,-3.338e-05,8
BTCUSDT,2022-01-24T08:00:00Z,5.605e-05,8
ETHUSDT,2022-01-24T08:00:00Z,-0.00011775,8
SOLUSDT,2022-01-24T08:00:00Z,-0.00021201,8
BTCUSDT,2022-01-24T16:00:00Z,5.009e-05,8
ETHUSDT,2022-01-24T16:00:00Z,0.0001,8
SOLUSDT,2022-01-24T16:00:00Z,0.0001,8
BTCUSDT,2022-01-25T00:00:00Z,0.0001,8
ETHUSDT,2022-01-25T00:00:00Z,1.695e-05,8
SOLUSDT,2022-01-25T00:00:00Z,-0.0001253,8
BTCUSDT,2022-01-25T08:00:00Z,8.126e-05,8
ETHUSDT,2022-01-25T08:00:00Z,5.831e-05,8
SOLUSDT,2022-01-25T08:00:00Z,-7.29e-06,8
BTCUSDT,2022-01-25T16:00:00Z,-0.00010008,8
ETHUSDT,2022-01-25T16:00:00Z,-7.88e-05,8
SOLUSDT,2022-01-25T16:00:00Z,-0.00011904,8
BTCUSDT,2022-01-26T00:00:00Z,6.76e-06,8
ETHUSDT,2022-01-26T00:00:00Z,-4.048e-05,8
SOLUSDT,2022-01-26T00:00:00Z,-0.00012652,8
BTCUSDT,2022-01-26T08:00:00Z,-1.905e-05,8
ETHUSDT,2022-01-26T08:00:00Z,-7.941e-05,8
SOLUSDT,2022-01-26T08:00:00Z,-0.00017698,8
BTCUSDT,2022-01-26T16:00:00Z,-4.13e-05,8
ETHUSDT,2022-01-26T16:00:00Z,-0.00020069,8
SOLUSDT,2022-01-26T16:00:00Z,-0.00014955,8
BTCUSDT,2022-01-27T00:00:00Z,-4.869e-05,8
ETHUSDT,2022-01-27T00:00:00Z,-8.756e-05,8
SOLUSDT,2022-01-27T00:00:00Z,-0.00028709,8
BTCUSDT,2022-01-27T08:00:00Z,-0.00010186,8
ETHUSDT,2022-01-27T08:00:00Z,2.801e-05,8
SOLUSDT,2022-01-27T08:00:00Z,-0.00012589,8
BTCUSDT,2022-01-27T16:00:00Z,-7.554e-05,8
ETHUSDT,2022-01-27T16:00:00Z,-0.00014218,8
SOLUSDT,2022-01-27T16:00:00Z,-0.00011855,8
BTCUSDT,2022-01-28T00:00:00Z,-4.93e-06,8
ETHUSDT,2022-01-28T00:00:00Z,-8.132e-05,8
SOLUSDT,2022-01-28T00:00:00Z,-7.83e-05,8
BTCUSDT,2022-01-28T08:00:00Z,7.165e-05,8
ETHUSDT,2022-01-28T08:00:00Z,-2.97e-06,8
SOLUSDT,2022-01-28T08:00:00Z,-0.00012491,8
BTCUSDT,2022-01-28T16:00:00Z,2.88e-05,8
ETHUSDT,2022-01-28T16:00:00Z,-8.379e-05,8
SOLUSDT,2022-01-28T16:00:00Z,-0.00022188,8
BTCUSDT,2022-01-29T00:00:00Z,-1.093e-05,8
ETHUSDT,2022-01-29T00:00:00Z,-8.5e-06,8
SOLUSDT,2022-01-29T00:00:00Z,3.439e-05,8
BTCUSDT,2022-01-29T08:00:00Z,5.239e-05,8
ETHUSDT,2022-01-29T08:00:00Z,0.0001,8
SOLUSDT,2022-01-29T08:00:00Z,5.37e-06,8
BTCUSDT,2022-01-29T16:00:00Z,-3.029e-05,8
ETHUSDT,2022-01-29T16:00:00Z,-9.97e-06,8
SOLUSDT,2022-01-29T16:00:00Z,-1.329e-05,8
BTCUSDT,2022-01-30T00:00:00Z,6.05e-05,8
ETHUSDT,2022-01-30T00:00:00Z,2.848e-05,8
SOLUSDT,2022-01-30T00:00:00Z,-0.0001674,8
BTCUSDT,2022-01-30T08:00:00Z,9.126e-05,8
ETHUSDT,2022-01-30T08:00:00Z,-6.536e-05,8
SOLUSDT,2022-01-30T08:00:00Z,-5.62e-06,8
BTCUSDT,2022-01-30T16:00:00Z,0.0001,8
ETHUSDT,2022-01-30T16:00:00Z,2.989e-05,8
SOLUSDT,2022-01-30T16:00:00Z,-7.703e-05,8
BTCUSDT,2022-01-31T00:00:00Z,8.927e-05,8
ETHUSDT,2022-01-31T00:00:00Z,5.139e-05,8
SOLUSDT,2022-01-31T00:00:00Z,-0.00026589,8
BTCUSDT,2022-01-31T08:00:00Z,-7.369e-05,8
ETHUSDT,2022-01-31T08:00:00Z,-0.00010687,8
SOLUSDT,2022-01-31T08:00:00Z,-0.0001549,8
BTCUSDT,2022-01-31T16:00:00Z,-5.648e-05,8
ETHUSDT,2022-01-31T16:00:00Z,-1.151e-05,8
SOLUSDT,2022-01-31T16:00:00Z,4.16e-06,8
BTCUSDT,2022-02-01T00:00:00Z,-4e-05,8
ETHUSDT,2022-02-01T00:00:00Z,0.0001,8
SOLUSDT,2022-02-01T00:00:00Z,2.229e-05,8
BTCUSDT,2022-02-01T08:00:00Z,6.113e-05,8
ETHUSDT,2022-02-01T08:00:00Z,-0.00010276,8
SOLUSDT,2022-02-01T08:00:00Z,6.873e-05,8
BTCUSDT,2022-02-01T16:00:00Z,-6.256e-05,8
ETHUSDT,2022-02-01T16:00:00Z,-0.00020797,8
SOLUSDT,2022-02-01T16:00:00Z,-0.00019965,8
BTCUSDT,2022-02-02T00:00:00Z,-2.905e-05,8
ETHUSDT,2022-02-02T00:00:00Z,-6.256e-05,8
SOLUSDT,2022-02-02T00:00:00Z,-0.00011165,8
BTCUSDT,2022-02-02T08:00:00Z,0.0001,8
ETHUSDT,2022-02-02T08:00:00Z,-1.7e-07,8
SOLUSDT,2022-02-02T08:00:00Z,-3.736e-05,8
BTCUSDT,2022-02-02T16:00:00Z,2.553e-05,8
ETHUSDT,2022-02-02T16:00:00Z,4.07e-06,8
SOLUSDT,2022-02-02T16:00:00Z,3.5e-05,8
BTCUSDT,2022-02-03T00:00:00Z,-7.716e-05,8
ETHUSDT,2022-02-03T00:00:00Z,-0.00038034,8
SOLUSDT,2022-02-03T00:00:00Z,-5.362e-05,8
BTCUSDT,2022-02-03T08:00:00Z,1.168e-05,8
ETHUSDT,2022-02-03T08:00:00Z,-5.85e-05,8
SOLUSDT,2022-02-03T08:00:00Z,2.861e-05,8
BTCUSDT,2022-02-03T16:00:00Z,-1.533e-05,8
ETHUSDT,2022-02-03T16:00:00Z,-7.881e-05,8
SOLUSDT,2022-02-03T16:00:00Z,-5.058e-05,8
BTCUSDT,2022-02-04T00:00:00Z,1.462e-05,8
ETHUSDT,2022-02-04T00:00:00Z,0.0001,8
SOLUSDT,2022-02-04T00:00:00Z,-0.00033718,8
BTCUSDT,2022-02-04T08:00:00Z,-8.571e-05,8
ETHUSDT,2022-02-04T08:00:00Z,8.786e-05,8
SOLUSDT,2022-02-04T08:00:00Z,-2.657e-05,8
BTCUSDT,2022-02-04T16:00:00Z,0.0001,8
ETHUSDT,2022-02-04T16:00:00Z,0.0001,8
SOLUSDT,2022-02-04T16:00:00Z,0.0001,8
BTCUSDT,2022-02-05T00:00:00Z,7.457e-05,8
ETHUSDT,2022-02-05T00:00:00Z,0.0001,8
SOLUSDT,2022-02-05T00:00:00Z,6.989e-05,8
BTCUSDT,2022-02-05T08:00:00Z,0.0001,8
ETHUSDT,2022-02-05T08:00:00Z,7.456e-05,8
SOLUSDT,2022-02-05T08:00:00Z,8.29e-05,8
BTCUSDT,2022-02-05T16:00:00Z,0.0001,8
ETHUSDT,2022-02-05T16:00:00Z,4.351e-05,8
SOLUSDT,2022-02-05T16:00:00Z,0.0001,8
BTCUSDT,2022-02-06T00:00:00Z,0.0001,8
ETHUSDT,2022-02-06T00:00:00Z,0.0001,8
SOLUSDT,2022-02-06T00:00:00Z,3.195e-05,8
BTCUSDT,2022-02-06T08:00:00Z,0.0001,8
ETHUSDT,2022-02-06T08:00:00Z,0.0001,8
SOLUSDT,2022-02-06T08:00:00Z,0.0001,8
BTCUSDT,2022-02-06T16:00:00Z,0.0001,8
ETHUSDT,2022-02-06T16:00:00Z,0.0001,8
SOLUSDT,2022-02-06T16:00:00Z,0.0001,8
BTCUSDT,2022-02-07T00:00:00Z,1.477e-05,8
ETHUSDT,2022-02-07T00:00:00Z,-7.25e-06,8
SOLUSDT,2022-02-07T00:00:00Z,0.0001,8
BTCUSDT,2022-02-07T08:00:00Z,5.264e-05,8
ETHUSDT,2022-02-07T08:00:00Z,8.15e-05,8
SOLUSDT,2022-02-07T08:00:00Z,4.586e-05,8
BTCUSDT,2022-02-07T16:00:00Z,-9.617e-05,8
ETHUSDT,2022-02-07T16:00:00Z,1.491e-05,8
SOLUSDT,2022-02-07T16:00:00Z,-9.025e-05,8
BTCUSDT,2022-02-08T00:00:00Z,0.0001,8
ETHUSDT,2022-02-08T00:00:00Z,0.0001,8
SOLUSDT,2022-02-08T00:00:00Z,-0.00025025,8
BTCUSDT,2022-02-08T08:00:00Z,0.0001,8
ETHUSDT,2022-02-08T08:00:00Z,1.62e-05,8
SOLUSDT,2022-02-08T08:00:00Z,-0.00025785,8
BTCUSDT,2022-02-08T16:00:00Z,0.0001,8
ETHUSDT,2022-02-08T16:00:00Z,7.718e-05,8
SOLUSDT,2022-02-08T16:00:00Z,0.0001,8
BTCUSDT,2022-02-09T00:00:00Z,8.216e-05,8
ETHUSDT,2022-02-09T00:00:00Z,0.0001,8
SOLUSDT,2022-02-09T00:00:00Z,-0.0001339,8
BTCUSDT,2022-02-09T08:00:00Z,5.826e-05,8
ETHUSDT,2022-02-09T08:00:00Z,-1.62e-06,8
SOLUSDT,2022-02-09T08:00:00Z,2.718e-05,8
BTCUSDT,2022-02-09T16:00:00Z,5.12e-05,8
ETHUSDT,2022-02-09T16:00:00Z,7.116e-05,8
SOLUSDT,2022-02-09T16:00:00Z,9.188e-05,8
BTCUSDT,2022-02-10T00:00:00Z,0.0001,8
ETHUSDT,2022-02-10T00:00:00Z,-2.777e-05,8
SOLUSDT,2022-02-10T00:00:00Z,3.246e-05,8
BTCUSDT,2022-02-10T08:00:00Z,-1.799e-05,8
ETHUSDT,2022-02-10T08:00:00Z,-3.259e-05,8
SOLUSDT,2022-02-10T08:00:00Z,-9.518e-05,8
BTCUSDT,2022-02-10T16:00:00Z,0.0001,8
ETHUSDT,2022-02-10T16:00:00Z,1.908e-05,8
SOLUSDT,2022-02-10T16:00:00Z,-0.00019747,8
BTCUSDT,2022-02-11T00:00:00Z,3.895e-05,8
ETHUSDT,2022-02-11T00:00:00Z,-0.00011327,8
SOLUSDT,2022-02-11T00:00:00Z,-0.00018494,8
BTCUSDT,2022-02-11T08:00:00Z,-5.238e-05,8
ETHUSDT,2022-02-11T08:00:00Z,0.0001,8
SOLUSDT,2022-02-11T08:00:00Z,0.0001,8
BTCUSDT,2022-02-11T16:00:00Z,-7.643e-05,8
ETHUSDT,2022-02-11T16:00:00Z,-4.783e-05,8
SOLUSDT,2022-02-11T16:00:00Z,-9.482e-05,8
BTCUSDT,2022-02-12T00:00:00Z,0.0001,8
ETHUSDT,2022-02-12T00:00:00Z,0.0001,8
SOLUSDT,2022-02-12T00:00:00Z,-2.587e-05,8
BTCUSDT,2022-02-12T08:00:00Z,0.0001,8
ETHUSDT,2022-02-12T08:00:00Z,0.0001,8
SOLUSDT,2022-02-12T08:00:00Z,-2.009e-05,8
BTCUSDT,2022-02-12T16:00:00Z,0.0001,8
ETHUSDT,2022-02-12T16:00:00Z,0.0001,8
SOLUSDT,2022-02-12T16:00:00Z,-7.354e-05,8
BTCUSDT,2022-02-13T00:00:00Z,8.047e-05,8
ETHUSDT,2022-02-13T00:00:00Z,1.665e-05,8
SOLUSDT,2022-02-13T00:00:00Z,-0.00028416,8
BTCUSDT,2022-02-13T08:00:00Z,7.937e-05,8
ETHUSDT,2022-02-13T08:00:00Z,6.235e-05,8
SOLUSDT,2022-02-13T08:00:00Z,-0.00016471,8
BTCUSDT,2022-02-13T16:00:00Z,6.814e-05,8
ETHUSDT,2022-02-13T16:00:00Z,-2.875e-05,8
SOLUSDT,2022-02-13T16:00:00Z,-0.00019993,8
BTCUSDT,2022-02-14T00:00:00Z,9.717e-05,8
ETHUSDT,2022-02-14T00:00:00Z,9.155e-05,8
SOLUSDT,2022-02-14T00:00:00Z,-0.00019975,8
BTCUSDT,2022-02-14T08:00:00Z,2.867e-05,8
ETHUSDT,2022-02-14T08:00:00Z,6.358e-05,8
SOLUSDT,2022-02-14T08:00:00Z,8.372e-05,8
BTCUSDT,2022-02-14T16:00:00Z,6.445e-05,8
ETHUSDT,2022-02-14T16:00:00Z,0.0001,8
SOLUSDT,2022-02-14T16:00:00Z,1.073e-05,8
BTCUSDT,2022-02-15T00:00:00Z,0.0001,8
ETHUSDT,2022-02-15T00:00:00Z,7.379e-05,8
SOLUSDT,2022-02-15T00:00:00Z,-3.803e-05,8
BTCUSDT,2022-02-15T08:00:00Z,-7.76e-05,8
ETHUSDT,2022-02-15T08:00:00Z,4.572e-05,8
SOLUSDT,2022-02-15T08:00:00Z,3.362e-05,8
BTCUSDT,2022-02-15T16:00:00Z,5.462e-05,8
ETHUSDT,2022-02-15T16:00:00Z,-5.099e-05,8
SOLUSDT,2022-02-15T16:00:00Z,-7.138e-05,8
BTCUSDT,2022-02-16T00:00:00Z,0.0001,8
ETHUSDT,2022-02-16T00:00:00Z,0.0001,8
SOLUSDT,2022-02-16T00:00:00Z,0.0001,8
BTCUSDT,2022-02-16T08:00:00Z,0.0001,8
ETHUSDT,2022-02-16T08:00:00Z,0.0001,8
SOLUSDT,2022-02-16T08:00:00Z,8.325e-05,8
BTCUSDT,2022-02-16T16:00:00Z,0.0001,8
ETHUSDT,2022-02-16T16:00:00Z,0.0001,8
SOLUSDT,2022-02-16T16:00:00Z,0.0001,8
BTCUSDT,2022-02-17T00:00:00Z,0.0001,8
ETHUSDT,2022-02-17T00:00:00Z,0.0001,8
SOLUSDT,2022-02-17T00:00:00Z,0.0001,8
BTCUSDT,2022-02-17T08:00:00Z,0.0001,8
ETHUSDT,2022-02-17T08:00:00Z,1.611e-05,8
SOLUSDT,2022-02-17T08:00:00Z,7.98e-06,8
BTCUSDT,2022-02-17T16:00:00Z,0.0001,8
ETHUSDT,2022-02-17T16:00:00Z,4.771e-05,8
SOLUSDT,2022-02-17T16:00:00Z,0.0001,8
BTCUSDT,2022-02-18T00:00:00Z,-4.38e-06,8
ETHUSDT,2022-02-18T00:00:00Z,-3.865e-05,8
SOLUSDT,2022-02-18T00:00:00Z,-0.00010135,8
BTCUSDT,2022-02-18T08:00:00Z,-2.923e-05,8
ETHUSDT,2022-02-18T08:00:00Z,-9.187e-05,8
SOLUSDT,2022-02-18T08:00:00Z,8.49e-06,8
BTCUSDT,2022-02-18T16:00:00Z,-9.36e-06,8
ETHUSDT,2022-02-18T16:00:00Z,3.508e-05,8
SOLUSDT,2022-02-18T16:00:00Z,9.853e-05,8
BTCUSDT,2022-02-19T00:00:00Z,0.0001,8
ETHUSDT,2022-02-19T00:00:00Z,0.0001,8
SOLUSDT,2022-02-19T00:00:00Z,-5.937e-05,8
BTCUSDT,2022-02-19T08:00:00Z,9.61e-06,8
ETHUSDT,2022-02-19T08:00:00Z,7.039e-05,8
SOLUSDT,2022-02-19T08:00:00Z,1.521e-05,8
BTCUSDT,2022-02-19T16:00:00Z,7.71e-05,8
ETHUSDT,2022-02-19T16:00:00Z,4.883e-05,8
SOLUSDT,2022-02-19T16:00:00Z,0.0001,8
BTCUSDT,2022-02-20T00:00:00Z,3.023e-05,8
ETHUSDT,2022-02-20T00:00:00Z,-3.349e-05,8
SOLUSDT,2022-02-20T00:00:00Z,0.0001,8
BTCUSDT,2022-02-20T08:00:00Z,6.581e-05,8
ETHUSDT,2022-02-20T08:00:00Z,5.414e-05,8
SOLUSDT,2022-02-20T08:00:00Z,-8.936e-05,8
BTCUSDT,2022-02-20T16:00:00Z,-7.517e-05,8
ETHUSDT,2022-02-20T16:00:00Z,3.264e-05,8
SOLUSDT,2022-02-20T16:00:00Z,0.0001,8
BTCUSDT,2022-02-21T00:00:00Z,6.5e-05,8
ETHUSDT,2022-02-21T00:00:00Z,7.012e-05,8
SOLUSDT,2022-02-21T00:00:00Z,4.623e-05,8
BTCUSDT,2022-02-21T08:00:00Z,-4.498e-05,8
ETHUSDT,2022-02-21T08:00:00Z,-0.00014003,8
SOLUSDT,2022-02-21T08:00:00Z,-1.3e-07,8
BTCUSDT,2022-02-21T16:00:00Z,-3.473e-05,8
ETHUSDT,2022-02-21T16:00:00Z,7.007e-05,8
SOLUSDT,2022-02-21T16:00:00Z,-0.00012328,8
BTCUSDT,2022-02-22T00:00:00Z,-5.357e-05,8
ETHUSDT,2022-02-22T00:00:00Z,8.65e-06,8
SOLUSDT,2022-02-22T00:00:00Z,-0.00023825,8
BTCUSDT,2022-02-22T08:00:00Z,2.477e-05,8
ETHUSDT,2022-02-22T08:00:00Z,-3.63e-05,8
SOLUSDT,2022-02-22T08:00:00Z,-0.00023126,8
BTCUSDT,2022-02-22T16:00:00Z,-3.085e-05,8
ETHUSDT,2022-02-22T16:00:00Z,5.962e-05,8
SOLUSDT,2022-02-22T16:00:00Z,-0.00025532,8
BTCUSDT,2022-02-23T00:00:00Z,-2.623e-05,8
ETHUSDT,2022-02-23T00:00:00Z,9.188e-05,8
SOLUSDT,2022-02-23T00:00:00Z,-0.00010827,8
BTCUSDT,2022-02-23T08:00:00Z,-0.00012603,8
ETHUSDT,2022-02-23T08:00:00Z,-3.926e-05,8
SOLUSDT,2022-02-23T08:00:00Z,-0.00023449,8
BTCUSDT,2022-02-23T16:00:00Z,-3.332e-05,8
ETHUSDT,2022-02-23T16:00:00Z,-3.644e-05,8
SOLUSDT,2022-02-23T16:00:00Z,7.735e-05,8
BTCUSDT,2022-02-24T00:00:00Z,6.475e-05,8
ETHUSDT,2022-02-24T00:00:00Z,-1.113e-05,8
SOLUSDT,2022-02-24T00:00:00Z,3.882e-05,8
BTCUSDT,2022-02-24T08:00:00Z,-0.00016045,8
ETHUSDT,2022-02-24T08:00:00Z,-3.56e-05,8
SOLUSDT,2022-02-24T08:00:00Z,0.0001,8
BTCUSDT,2022-02-24T16:00:00Z,-9.21e-05,8
ETHUSDT,2022-02-24T16:00:00Z,-6.14e-05,8
SOLUSDT,2022-02-24T16:00:00Z,0.0001,8
BTCUSDT,2022-02-25T00:00:00Z,0.0001,8
ETHUSDT,2022-02-25T00:00:00Z,0.0001,8
SOLUSDT,2022-02-25T00:00:00Z,0.0001,8
BTCUSDT,2022-02-25T08:00:00Z,6.22e-05,8
ETHUSDT,2022-02-25T08:00:00Z,0.0001,8
SOLUSDT,2022-02-25T08:00:00Z,0.0001,8
BTCUSDT,2022-02-25T16:00:00Z,9.98e-06,8
ETHUSDT,2022-02-25T16:00:00Z,0.0001,8
SOLUSDT,2022-02-25T16:00:00Z,9.4e-06,8
BTCUSDT,2022-02-26T00:00:00Z,9.332e-05,8
ETHUSDT,2022-02-26T00:00:00Z,0.0001,8
SOLUSDT,2022-02-26T00:00:00Z,-4.116e-05,8
BTCUSDT,2022-02-26T08:00:00Z,0.0001,8
ETHUSDT,2022-02-26T08:00:00Z,0.0001,8
SOLUSDT,2022-02-26T08:00:00Z,1.092e-05,8
BTCUSDT,2022-02-26T16:00:00Z,7.614e-05,8
ETHUSDT,2022-02-26T16:00:00Z,0.0001,8
SOLUSDT,2022-02-26T16:00:00Z,-7.933e-05,8
BTCUSDT,2022-02-27T00:00:00Z,5.574e-05,8
ETHUSDT,2022-02-27T00:00:00Z,0.0001,8
SOLUSDT,2022-02-27T00:00:00Z,1.93e-05,8
BTCUSDT,2022-02-27T08:00:00Z,1.803e-05,8
ETHUSDT,2022-02-27T08:00:00Z,5.07e-06,8
SOLUSDT,2022-02-27T08:00:00Z,-0.00013711,8
BTCUSDT,2022-02-27T16:00:00Z,-6.28e-06,8
ETHUSDT,2022-02-27T16:00:00Z,0.0001,8
SOLUSDT,2022-02-27T16:00:00Z,3.243e-05,8
BTCUSDT,2022-02-28T00:00:00Z,-0.00021167,8
ETHUSDT,2022-02-28T00:00:00Z,-0.00015064,8
SOLUSDT,2022-02-28T00:00:00Z,-9.949e-05,8
BTCUSDT,2022-02-28T08:00:00Z,-8.986e-05,8
ETHUSDT,2022-02-28T08:00:00Z,-9.02e-05,8
SOLUSDT,2022-02-28T08:00:00Z,-2.105e-05,8
BTCUSDT,2022-02-28T16:00:00Z,-5.386e-05,8
ETHUSDT,2022-02-28T16:00:00Z,5.573e-05,8
SOLUSDT,2022-02-28T16:00:00Z,0.0001,8
BTCUSDT,2022-03-01T00:00:00Z,0.0001,8
ETHUSDT,2022-03-01T00:00:00Z,0.0001,8
SOLUSDT,2022-03-01T00:00:00Z,0.0001,8
BTCUSDT,2022-03-01T08:00:00Z,0.0001,8
ETHUSDT,2022-03-01T08:00:00Z,0.0001,8
SOLUSDT,2022-03-01T08:00:00Z,0.0001,8
BTCUSDT,2022-03-01T16:00:00Z,4.369e-05,8
ETHUSDT,2022-03-01T16:00:00Z,0.0001,8
SOLUSDT,2022-03-01T16:00:00Z,0.0001,8
BTCUSDT,2022-03-02T00:00:00Z,-5.07e-06,8
ETHUSDT,2022-03-02T00:00:00Z,0.0001,8
SOLUSDT,2022-03-02T00:00:00Z,0.0001,8
BTCUSDT,2022-03-02T08:00:00Z,0.0001,8
ETHUSDT,2022-03-02T08:00:00Z,0.0001,8
SOLUSDT,2022-03-02T08:00:00Z,0.0001,8
BTCUSDT,2022-03-02T16:00:00Z,0.0001,8
ETHUSDT,2022-03-02T16:00:00Z,0.0001,8
SOLUSDT,2022-03-02T16:00:00Z,0.0001,8
BTCUSDT,2022-03-03T00:00:00Z,0.0001,8
ETHUSDT,2022-03-03T00:00:00Z,0.0001,8
SOLUSDT,2022-03-03T00:00:00Z,0.0001,8
BTCUSDT,2022-03-03T08:00:00Z,0.0001,8
ETHUSDT,2022-03-03T08:00:00Z,0.0001,8
SOLUSDT,2022-03-03T08:00:00Z,0.0001,8
BTCUSDT,2022-03-03T16:00:00Z,0.0001,8
ETHUSDT,2022-03-03T16:00:00Z,0.0001,8
SOLUSDT,2022-03-03T16:00:00Z,0.0001,8
BTCUSDT,2022-03-04T00:00:00Z,0.0001,8
ETHUSDT,2022-03-04T00:00:00Z,0.0001,8
SOLUSDT,2022-03-04T00:00:00Z,0.0001,8
BTCUSDT,2022-03-04T08:00:00Z,0.0001,8
ETHUSDT,2022-03-04T08:00:00Z,0.0001,8
SOLUSDT,2022-03-04T08:00:00Z,5.32e-05,8
BTCUSDT,2022-03-04T16:00:00Z,0.0001,8
ETHUSDT,2022-03-04T16:00:00Z,0.0001,8
SOLUSDT,2022-03-04T16:00:00Z,6.822e-05,8
BTCUSDT,2022-03-05T00:00:00Z,0.0001,8
ETHUSDT,2022-03-05T00:00:00Z,5.192e-05,8
SOLUSDT,2022-03-05T00:00:00Z,0.0001,8
BTCUSDT,2022-03-05T08:00:00Z,0.0001,8
ETHUSDT,2022-03-05T08:00:00Z,1.52e-05,8
SOLUSDT,2022-03-05T08:00:00Z,-5.695e-05,8
BTCUSDT,2022-03-05T16:00:00Z,1.656e-05,8
ETHUSDT,2022-03-05T16:00:00Z,3.064e-05,8
SOLUSDT,2022-03-05T16:00:00Z,-7.34e-06,8
BTCUSDT,2022-03-06T00:00:00Z,4.115e-05,8
ETHUSDT,2022-03-06T00:00:00Z,-8.875e-05,8
SOLUSDT,2022-03-06T00:00:00Z,3.146e-05,8
BTCUSDT,2022-03-06T08:00:00Z,-9.6e-06,8
ETHUSDT,2022-03-06T08:00:00Z,5.669e-05,8
SOLUSDT,2022-03-06T08:00:00Z,0.0001,8
BTCUSDT,2022-03-06T16:00:00Z,1.957e-05,8
ETHUSDT,2022-03-06T16:00:00Z,7.5e-05,8
SOLUSDT,2022-03-06T16:00:00Z,6.764e-05,8
BTCUSDT,2022-03-07T00:00:00Z,3.18e-06,8
ETHUSDT,2022-03-07T00:00:00Z,3.909e-05,8
SOLUSDT,2022-03-07T00:00:00Z,-4.323e-05,8
BTCUSDT,2022-03-07T08:00:00Z,-8.983e-05,8
ETHUSDT,2022-03-07T08:00:00Z,-1e-05,8
SOLUSDT,2022-03-07T08:00:00Z,-4.775e-05,8
BTCUSDT,2022-03-07T16:00:00Z,-3.177e-05,8
ETHUSDT,2022-03-07T16:00:00Z,8.669e-05,8
SOLUSDT,2022-03-07T16:00:00Z,6.7e-07,8
BTCUSDT,2022-03-08T00:00:00Z,3.378e-05,8
ETHUSDT,2022-03-08T00:00:00Z,-0.00010024,8
SOLUSDT,2022-03-08T00:00:00Z,2.814e-05,8
BTCUSDT,2022-03-08T08:00:00Z,0.0001,8
ETHUSDT,2022-03-08T08:00:00Z,0.0001,8
SOLUSDT,2022-03-08T08:00:00Z,0.0001,8
BTCUSDT,2022-03-08T16:00:00Z,0.0001,8
ETHUSDT,2022-03-08T16:00:00Z,0.0001,8
SOLUSDT,2022-03-08T16:00:00Z,0.0001,8
BTCUSDT,2022-03-09T00:00:00Z,6.776e-05,8
ETHUSDT,2022-03-09T00:00:00Z,6.224e-05,8
SOLUSDT,2022-03-09T00:00:00Z,-5.022e-05,8
BTCUSDT,2022-03-09T08:00:00Z,0.0001,8
ETHUSDT,2022-03-09T08:00:00Z,0.0001,8
SOLUSDT,2022-03-09T08:00:00Z,0.0001,8
BTCUSDT,2022-03-09T16:00:00Z,0.0001,8
ETHUSDT,2022-03-09T16:00:00Z,0.0001,8
SOLUSDT,2022-03-09T16:00:00Z,0.0001,8
BTCUSDT,2022-03-10T00:00:00Z,0.0001,8
ETHUSDT,2022-03-10T00:00:00Z,0.0001,8
SOLUSDT,2022-03-10T00:00:00Z,0.0001,8
BTCUSDT,2022-03-10T08:00:00Z,8.28e-05,8
ETHUSDT,2022-03-10T08:00:00Z,5.56e-05,8
SOLUSDT,2022-03-10T08:00:00Z,0.0001,8
BTCUSDT,2022-03-10T16:00:00Z,-8.919e-05,8
ETHUSDT,2022-03-10T16:00:00Z,-3.951e-05,8
SOLUSDT,2022-03-10T16:00:00Z,-6.881e-05,8
BTCUSDT,2022-03-11T00:00:00Z,-9.808e-05,8
ETHUSDT,2022-03-11T00:00:00Z,2.542e-05,8
SOLUSDT,2022-03-11T00:00:00Z,-1.487e-05,8
BTCUSDT,2022-03-11T08:00:00Z,-7.765e-05,8
ETHUSDT,2022-03-11T08:00:00Z,-5.91e-05,8
SOLUSDT,2022-03-11T08:00:00Z,-3.858e-05,8
BTCUSDT,2022-03-11T16:00:00Z,4.301e-05,8
ETHUSDT,2022-03-11T16:00:00Z,8.211e-05,8
SOLUSDT,2022-03-11T16:00:00Z,7.324e-05,8
BTCUSDT,2022-03-12T00:00:00Z,-3.07e-06,8
ETHUSDT,2022-03-12T00:00:00Z,0.0001,8
SOLUSDT,2022-03-12T00:00:00Z,7.735e-05,8
BTCUSDT,2022-03-12T08:00:00Z,3.168e-05,8
ETHUSDT,2022-03-12T08:00:00Z,5.025e-05,8
SOLUSDT,2022-03-12T08:00:00Z,9.681e-05,8
BTCUSDT,2022-03-12T16:00:00Z,-3.565e-05,8
ETHUSDT,2022-03-12T16:00:00Z,6.255e-05,8
SOLUSDT,2022-03-12T16:00:00Z,9.897e-05,8
BTCUSDT,2022-03-13T00:00:00Z,-5.855e-05,8
ETHUSDT,2022-03-13T00:00:00Z,2.116e-05,8
SOLUSDT,2022-03-13T00:00:00Z,0.0001,8
BTCUSDT,2022-03-13T08:00:00Z,6.13e-06,8
ETHUSDT,2022-03-13T08:00:00Z,0.0001,8
SOLUSDT,2022-03-13T08:00:00Z,0.0001,8
BTCUSDT,2022-03-13T16:00:00Z,-5.741e-05,8
ETHUSDT,2022-03-13T16:00:00Z,-2.698e-05,8
SOLUSDT,2022-03-13T16:00:00Z,3.32e-05,8
BTCUSDT,2022-03-14T00:00:00Z,-8.009e-05,8
ETHUSDT,2022-03-14T00:00:00Z,-0.00010352,8
SOLUSDT,2022-03-14T00:00:00Z,0.0001,8
BTCUSDT,2022-03-14T08:00:00Z,-6.699e-05,8
ETHUSDT,2022-03-14T08:00:00Z,0.0001,8
SOLUSDT,2022-03-14T08:00:00Z,0.0001,8
BTCUSDT,2022-03-14T16:00:00Z,2.708e-05,8
ETHUSDT,2022-03-14T16:00:00Z,0.0001,8
SOLUSDT,2022-03-14T16:00:00Z,0.0001,8
BTCUSDT,2022-03-15T00:00:00Z,5.726e-05,8
ETHUSDT,2022-03-15T00:00:00Z,0.0001,8
SOLUSDT,2022-03-15T00:00:00Z,0.0001,8
BTCUSDT,2022-03-15T08:00:00Z,4.476e-05,8
ETHUSDT,2022-03-15T08:00:00Z,-3.21e-06,8
SOLUSDT,2022-03-15T08:00:00Z,0.0001,8
BTCUSDT,2022-03-15T16:00:00Z,9.061e-05,8
ETHUSDT,2022-03-15T16:00:00Z,-4.856e-05,8
SOLUSDT,2022-03-15T16:00:00Z,0.0001,8
BTCUSDT,2022-03-16T00:00:00Z,0.0001,8
ETHUSDT,2022-03-16T00:00:00Z,0.0001,8
SOLUSDT,2022-03-16T00:00:00Z,0.0001,8
BTCUSDT,2022-03-16T08:00:00Z,5.871e-05,8
ETHUSDT,2022-03-16T08:00:00Z,9.131e-05,8
SOLUSDT,2022-03-16T08:00:00Z,0.0001,8
BTCUSDT,2022-03-16T16:00:00Z,0.0001,8
ETHUSDT,2022-03-16T16:00:00Z,5.316e-05,8
SOLUSDT,2022-03-16T16:00:00Z,0.0001,8
BTCUSDT,2022-03-17T00:00:00Z,0.0001,8
ETHUSDT,2022-03-17T00:00:00Z,0.0001,8
SOLUSDT,2022-03-17T00:00:00Z,0.0001,8
BTCUSDT,2022-03-17T08:00:00Z,0.0001,8
ETHUSDT,2022-03-17T08:00:00Z,0.0001,8
SOLUSDT,2022-03-17T08:00:00Z,0.0001,8
BTCUSDT,2022-03-17T16:00:00Z,0.0001,8
ETHUSDT,2022-03-17T16:00:00Z,0.0001,8
SOLUSDT,2022-03-17T16:00:00Z,0.0001,8
BTCUSDT,2022-03-18T00:00:00Z,0.0001,8
ETHUSDT,2022-03-18T00:00:00Z,0.0001,8
SOLUSDT,2022-03-18T00:00:00Z,0.0001,8
BTCUSDT,2022-03-18T08:00:00Z,1.662e-05,8
ETHUSDT,2022-03-18T08:00:00Z,4.709e-05,8
SOLUSDT,2022-03-18T08:00:00Z,0.0001,8
BTCUSDT,2022-03-18T16:00:00Z,0.0001,8
ETHUSDT,2022-03-18T16:00:00Z,5.917e-05,8
SOLUSDT,2022-03-18T16:00:00Z,0.0001,8
BTCUSDT,2022-03-19T00:00:00Z,0.0001,8
ETHUSDT,2022-03-19T00:00:00Z,0.0001,8
SOLUSDT,2022-03-19T00:00:00Z,0.0001,8
BTCUSDT,2022-03-19T08:00:00Z,0.0001,8
ETHUSDT,2022-03-19T08:00:00Z,0.0001,8
SOLUSDT,2022-03-19T08:00:00Z,0.0001,8
BTCUSDT,2022-03-19T16:00:00Z,0.0001,8
ETHUSDT,2022-03-19T16:00:00Z,0.0001,8
SOLUSDT,2022-03-19T16:00:00Z,0.0001,8
BTCUSDT,2022-03-20T00:00:00Z,0.0001,8
ETHUSDT,2022-03-20T00:00:00Z,0.0001,8
SOLUSDT,2022-03-20T00:00:00Z,0.0001,8
BTCUSDT,2022-03-20T08:00:00Z,0.0001,8
ETHUSDT,2022-03-20T08:00:00Z,0.0001,8
SOLUSDT,2022-03-20T08:00:00Z,0.0001,8
BTCUSDT,2022-03-20T16:00:00Z,0.0001,8
ETHUSDT,2022-03-20T16:00:00Z,0.0001,8
SOLUSDT,2022-03-20T16:00:00Z,0.0001,8
BTCUSDT,2022-03-21T00:00:00Z,0.0001,8
ETHUSDT,2022-03-21T00:00:00Z,0.0001,8
SOLUSDT,2022-03-21T00:00:00Z,0.0001,8
BTCUSDT,2022-03-21T08:00:00Z,-9.54e-06,8
ETHUSDT,2022-03-21T08:00:00Z,0.0001,8
SOLUSDT,2022-03-21T08:00:00Z,6.183e-05,8
BTCUSDT,2022-03-21T16:00:00Z,-9.3e-07,8
ETHUSDT,2022-03-21T16:00:00Z,0.0001,8
SOLUSDT,2022-03-21T16:00:00Z,4.368e-05,8
BTCUSDT,2022-03-22T00:00:00Z,0.0001,8
ETHUSDT,2022-03-22T00:00:00Z,0.0001,8
SOLUSDT,2022-03-22T00:00:00Z,0.0001,8
BTCUSDT,2022-03-22T08:00:00Z,0.0001,8
ETHUSDT,2022-03-22T08:00:00Z,0.0001,8
SOLUSDT,2022-03-22T08:00:00Z,0.0001,8
BTCUSDT,2022-03-22T16:00:00Z,0.0001,8
ETHUSDT,2022-03-22T16:00:00Z,0.0001,8
SOLUSDT,2022-03-22T16:00:00Z,0.0001,8
BTCUSDT,2022-03-23T00:00:00Z,0.0001,8
ETHUSDT,2022-03-23T00:00:00Z,0.0001,8
SOLUSDT,2022-03-23T00:00:00Z,0.0001,8
BTCUSDT,2022-03-23T08:00:00Z,0.0001,8
ETHUSDT,2022-03-23T08:00:00Z,8.504e-05,8
SOLUSDT,2022-03-23T08:00:00Z,0.0001,8
BTCUSDT,2022-03-23T16:00:00Z,7.014e-05,8
ETHUSDT,2022-03-23T16:00:00Z,-3.582e-05,8
SOLUSDT,2022-03-23T16:00:00Z,0.0001,8
BTCUSDT,2022-03-24T00:00:00Z,1.664e-05,8
ETHUSDT,2022-03-24T00:00:00Z,-1.813e-05,8
SOLUSDT,2022-03-24T00:00:00Z,0.0001,8
BTCUSDT,2022-03-24T08:00:00Z,8e-06,8
ETHUSDT,2022-03-24T08:00:00Z,0.0001,8
SOLUSDT,2022-03-24T08:00:00Z,0.0001,8
BTCUSDT,2022-03-24T16:00:00Z,-9.07e-06,8
ETHUSDT,2022-03-24T16:00:00Z,0.0001,8
SOLUSDT,2022-03-24T16:00:00Z,0.0001,8
BTCUSDT,2022-03-25T00:00:00Z,6.7e-06,8
ETHUSDT,2022-03-25T00:00:00Z,0.0001,8
SOLUSDT,2022-03-25T00:00:00Z,0.0001,8
BTCUSDT,2022-03-25T08:00:00Z,9.286e-05,8
ETHUSDT,2022-03-25T08:00:00Z,0.0001,8
SOLUSDT,2022-03-25T08:00:00Z,0.0001,8
BTCUSDT,2022-03-25T16:00:00Z,5.473e-05,8
ETHUSDT,2022-03-25T16:00:00Z,0.0001,8
SOLUSDT,2022-03-25T16:00:00Z,0.0001,8
BTCUSDT,2022-03-26T00:00:00Z,9.739e-05,8
ETHUSDT,2022-03-26T00:00:00Z,0.0001,8
SOLUSDT,2022-03-26T00:00:00Z,0.0001,8
BTCUSDT,2022-03-26T08:00:00Z,-7.111e-05,8
ETHUSDT,2022-03-26T08:00:00Z,4.979e-05,8
SOLUSDT,2022-03-26T08:00:00Z,0.0001,8
BTCUSDT,2022-03-26T16:00:00Z,0.0001,8
ETHUSDT,2022-03-26T16:00:00Z,0.0001,8
SOLUSDT,2022-03-26T16:00:00Z,0.0001,8
BTCUSDT,2022-03-27T00:00:00Z,-8.253e-05,8
ETHUSDT,2022-03-27T00:00:00Z,7.576e-05,8
SOLUSDT,2022-03-27T00:00:00Z,0.0001,8
BTCUSDT,2022-03-27T08:00:00Z,1.306e-05,8
ETHUSDT,2022-03-27T08:00:00Z,7.27e-06,8
SOLUSDT,2022-03-27T08:00:00Z,0.0001,8
BTCUSDT,2022-03-27T16:00:00Z,0.0001,8
ETHUSDT,2022-03-27T16:00:00Z,-1.708e-05,8
SOLUSDT,2022-03-27T16:00:00Z,8.569e-05,8
BTCUSDT,2022-03-28T00:00:00Z,0.0001,8
ETHUSDT,2022-03-28T00:00:00Z,0.0001,8
SOLUSDT,2022-03-28T00:00:00Z,3.885e-05,8
BTCUSDT,2022-03-28T08:00:00Z,0.0001,8
ETHUSDT,2022-03-28T08:00:00Z,0.0001,8
SOLUSDT,2022-03-28T08:00:00Z,0.0001,8
BTCUSDT,2022-03-28T16:00:00Z,0.0001,8
ETHUSDT,2022-03-28T16:00:00Z,0.0001,8
SOLUSDT,2022-03-28T16:00:00Z,0.0001,8
BTCUSDT,2022-03-29T00:00:00Z,0.0001,8
ETHUSDT,2022-03-29T00:00:00Z,0.0001,8
SOLUSDT,2022-03-29T00:00:00Z,0.0001,8
BTCUSDT,2022-03-29T08:00:00Z,0.0001,8
ETHUSDT,2022-03-29T08:00:00Z,0.0001,8
SOLUSDT,2022-03-29T08:00:00Z,0.0001,8
BTCUSDT,2022-03-29T16:00:00Z,9.594e-05,8
ETHUSDT,2022-03-29T16:00:00Z,8.269e-05,8
SOLUSDT,2022-03-29T16:00:00Z,0.0001,8
BTCUSDT,2022-03-30T00:00:00Z,0.0001,8
ETHUSDT,2022-03-30T00:00:00Z,0.0001,8
SOLUSDT,2022-03-30T00:00:00Z,0.0001,8
BTCUSDT,2022-03-30T08:00:00Z,0.0001,8
ETHUSDT,2022-03-30T08:00:00Z,0.0001,8
SOLUSDT,2022-03-30T08:00:00Z,0.0001,8
BTCUSDT,2022-03-30T16:00:00Z,0.0001,8
ETHUSDT,2022-03-30T16:00:00Z,0.0001,8
SOLUSDT,2022-03-30T16:00:00Z,0.0001,8
BTCUSDT,2022-03-31T00:00:00Z,0.0001,8
ETHUSDT,2022-03-31T00:00:00Z,0.0001,8
SOLUSDT,2022-03-31T00:00:00Z,0.0001,8
BTCUSDT,2022-03-31T08:00:00Z,0.0001,8
ETHUSDT,2022-03-31T08:00:00Z,0.0001,8
SOLUSDT,2022-03-31T08:00:00Z,0.0001,8
BTCUSDT,2022-03-31T16:00:00Z,0.0001,8
ETHUSDT,2022-03-31T16:00:00Z,0.0001,8
SOLUSDT,2022-03-31T16:00:00Z,0.0001,8
BTCUSDT,2022-04-01T00:00:00Z,0.0001,8
ETHUSDT,2022-04-01T00:00:00Z,0.0001,8
SOLUSDT,2022-04-01T00:00:00Z,0.0001,8
BTCUSDT,2022-04-01T08:00:00Z,7.626e-05,8
ETHUSDT,2022-04-01T08:00:00Z,0.0001,8
SOLUSDT,2022-04-01T08:00:00Z,0.0001,8
BTCUSDT,2022-04-01T16:00:00Z,9.193e-05,8
ETHUSDT,2022-04-01T16:00:00Z,0.0001,8
SOLUSDT,2022-04-01T16:00:00Z,0.0001,8
BTCUSDT,2022-04-02T00:00:00Z,0.0001,8
ETHUSDT,2022-04-02T00:00:00Z,0.0001,8
SOLUSDT,2022-04-02T00:00:00Z,0.0001,8
BTCUSDT,2022-04-02T08:00:00Z,0.0001,8
ETHUSDT,2022-04-02T08:00:00Z,0.0001,8
SOLUSDT,2022-04-02T08:00:00Z,0.0001,8
BTCUSDT,2022-04-02T16:00:00Z,0.0001,8
ETHUSDT,2022-04-02T16:00:00Z,0.0001,8
SOLUSDT,2022-04-02T16:00:00Z,0.0001,8
BTCUSDT,2022-04-03T00:00:00Z,0.0001,8
ETHUSDT,2022-04-03T00:00:00Z,0.0001,8
SOLUSDT,2022-04-03T00:00:00Z,0.0001,8
BTCUSDT,2022-04-03T08:00:00Z,0.0001,8
ETHUSDT,2022-04-03T08:00:00Z,0.0001,8
SOLUSDT,2022-04-03T08:00:00Z,0.0001,8
BTCUSDT,2022-04-03T16:00:00Z,0.0001,8
ETHUSDT,2022-04-03T16:00:00Z,0.0001,8
SOLUSDT,2022-04-03T16:00:00Z,0.0001,8
BTCUSDT,2022-04-04T00:00:00Z,0.0001,8
ETHUSDT,2022-04-04T00:00:00Z,0.0001,8
SOLUSDT,2022-04-04T00:00:00Z,0.0001,8
BTCUSDT,2022-04-04T08:00:00Z,0.0001,8
ETHUSDT,2022-04-04T08:00:00Z,2.896e-05,8
SOLUSDT,2022-04-04T08:00:00Z,0.0001,8
BTCUSDT,2022-04-04T16:00:00Z,0.0001,8
ETHUSDT,2022-04-04T16:00:00Z,0.0001,8
SOLUSDT,2022-04-04T16:00:00Z,0.0001,8
BTCUSDT,2022-04-05T00:00:00Z,0.0001,8
ETHUSDT,2022-04-05T00:00:00Z,0.0001,8
SOLUSDT,2022-04-05T00:00:00Z,0.0001,8
BTCUSDT,2022-04-05T08:00:00Z,0.0001,8
ETHUSDT,2022-04-05T08:00:00Z,0.0001,8
SOLUSDT,2022-04-05T08:00:00Z,0.0001,8
BTCUSDT,2022-04-05T16:00:00Z,0.0001,8
ETHUSDT,2022-04-05T16:00:00Z,7.974e-05,8
SOLUSDT,2022-04-05T16:00:00Z,0.0001,8
BTCUSDT,2022-04-06T00:00:00Z,9.898e-05,8
ETHUSDT,2022-04-06T00:00:00Z,9.47e-05,8
SOLUSDT,2022-04-06T00:00:00Z,0.0001,8
BTCUSDT,2022-04-06T08:00:00Z,0.0001,8
ETHUSDT,2022-04-06T08:00:00Z,-0.00014471,8
SOLUSDT,2022-04-06T08:00:00Z,0.0001,8
BTCUSDT,2022-04-06T16:00:00Z,0.0001,8
ETHUSDT,2022-04-06T16:00:00Z,6.028e-05,8
SOLUSDT,2022-04-06T16:00:00Z,0.0001,8
BTCUSDT,2022-04-07T00:00:00Z,0.0001,8
ETHUSDT,2022-04-07T00:00:00Z,8.854e-05,8
SOLUSDT,2022-04-07T00:00:00Z,0.0001,8
BTCUSDT,2022-04-07T08:00:00Z,0.0001,8
ETHUSDT,2022-04-07T08:00:00Z,-9.945e-05,8
SOLUSDT,2022-04-07T08:00:00Z,0.0001,8
BTCUSDT,2022-04-07T16:00:00Z,2.421e-05,8
ETHUSDT,2022-04-07T16:00:00Z,4.585e-05,8
SOLUSDT,2022-04-07T16:00:00Z,-1.999e-05,8
BTCUSDT,2022-04-08T00:00:00Z,4.306e-05,8
ETHUSDT,2022-04-08T00:00:00Z,-9.963e-05,8
SOLUSDT,2022-04-08T00:00:00Z,0.0001,8
BTCUSDT,2022-04-08T08:00:00Z,0.0001,8
ETHUSDT,2022-04-08T08:00:00Z,-3.214e-05,8
SOLUSDT,2022-04-08T08:00:00Z,7.141e-05,8
BTCUSDT,2022-04-08T16:00:00Z,0.0001,8
ETHUSDT,2022-04-08T16:00:00Z,0.0001,8
SOLUSDT,2022-04-08T16:00:00Z,-8.67e-06,8
BTCUSDT,2022-04-09T00:00:00Z,0.0001,8
ETHUSDT,2022-04-09T00:00:00Z,0.0001,8
SOLUSDT,2022-04-09T00:00:00Z,-2.102e-05,8
BTCUSDT,2022-04-09T08:00:00Z,9.279e-05,8
ETHUSDT,2022-04-09T08:00:00Z,0.0001,8
SOLUSDT,2022-04-09T08:00:00Z,-0.00010071,8
BTCUSDT,2022-04-09T16:00:00Z,0.0001,8
ETHUSDT,2022-04-09T16:00:00Z,0.0001,8
SOLUSDT,2022-04-09T16:00:00Z,-4.901e-05,8
BTCUSDT,2022-04-10T00:00:00Z,2.721e-05,8
ETHUSDT,2022-04-10T00:00:00Z,0.0001,8
SOLUSDT,2022-04-10T00:00:00Z,4.621e-05,8
BTCUSDT,2022-04-10T08:00:00Z,6.231e-05,8
ETHUSDT,2022-04-10T08:00:00Z,0.0001,8
SOLUSDT,2022-04-10T08:00:00Z,-3.56e-06,8
BTCUSDT,2022-04-10T16:00:00Z,0.0001,8
ETHUSDT,2022-04-10T16:00:00Z,5.98e-05,8
SOLUSDT,2022-04-10T16:00:00Z,-5.867e-05,8
BTCUSDT,2022-04-11T00:00:00Z,2.43e-06,8
ETHUSDT,2022-04-11T00:00:00Z,4.676e-05,8
SOLUSDT,2022-04-11T00:00:00Z,8.77e-05,8
BTCUSDT,2022-04-11T08:00:00Z,0.0001,8
ETHUSDT,2022-04-11T08:00:00Z,0.0001,8
SOLUSDT,2022-04-11T08:00:00Z,0.0001,8
BTCUSDT,2022-04-11T16:00:00Z,0.0001,8
ETHUSDT,2022-04-11T16:00:00Z,0.0001,8
SOLUSDT,2022-04-11T16:00:00Z,0.0001,8
BTCUSDT,2022-04-12T00:00:00Z,-6.795e-05,8
ETHUSDT,2022-04-12T00:00:00Z,-3.306e-05,8
SOLUSDT,2022-04-12T00:00:00Z,1.234e-05,8
BTCUSDT,2022-04-12T08:00:00Z,-0.00010012,8
ETHUSDT,2022-04-12T08:00:00Z,-4.036e-05,8
SOLUSDT,2022-04-12T08:00:00Z,-4.518e-05,8
BTCUSDT,2022-04-12T16:00:00Z,-7.001e-05,8
ETHUSDT,2022-04-12T16:00:00Z,-0.00016064,8
SOLUSDT,2022-04-12T16:00:00Z,-2.614e-05,8
BTCUSDT,2022-04-13T00:00:00Z,-1.692e-05,8
ETHUSDT,2022-04-13T00:00:00Z,-2.262e-05,8
SOLUSDT,2022-04-13T00:00:00Z,3.38e-06,8
BTCUSDT,2022-04-13T08:00:00Z,7.53e-06,8
ETHUSDT,2022-04-13T08:00:00Z,-0.00016876,8
SOLUSDT,2022-04-13T08:00:00Z,3.3e-06,8
BTCUSDT,2022-04-13T16:00:00Z,-1.485e-05,8
ETHUSDT,2022-04-13T16:00:00Z,3.222e-05,8
SOLUSDT,2022-04-13T16:00:00Z,7.56e-06,8
BTCUSDT,2022-04-14T00:00:00Z,5.018e-05,8
ETHUSDT,2022-04-14T00:00:00Z,-2.2e-05,8
SOLUSDT,2022-04-14T00:00:00Z,6.718e-05,8
BTCUSDT,2022-04-14T08:00:00Z,3.533e-05,8
ETHUSDT,2022-04-14T08:00:00Z,5.593e-05,8
SOLUSDT,2022-04-14T08:00:00Z,1.928e-05,8
BTCUSDT,2022-04-14T16:00:00Z,4.423e-05,8
ETHUSDT,2022-04-14T16:00:00Z,-3.051e-05,8
SOLUSDT,2022-04-14T16:00:00Z,2.405e-05,8
BTCUSDT,2022-04-15T00:00:00Z,-0.00013233,8
ETHUSDT,2022-04-15T00:00:00Z,-0.00012221,8
SOLUSDT,2022-04-15T00:00:00Z,7.477e-05,8
BTCUSDT,2022-04-15T08:00:00Z,-6.805e-05,8
ETHUSDT,2022-04-15T08:00:00Z,-3.677e-05,8
SOLUSDT,2022-04-15T08:00:00Z,1.093e-05,8
BTCUSDT,2022-04-15T16:00:00Z,7.697e-05,8
ETHUSDT,2022-04-15T16:00:00Z,-3.34e-06,8
SOLUSDT,2022-04-15T16:00:00Z,3.18e-06,8
BTCUSDT,2022-04-16T00:00:00Z,2.197e-05,8
ETHUSDT,2022-04-16T00:00:00Z,-2.9e-05,8
SOLUSDT,2022-04-16T00:00:00Z,4.42e-05,8
BTCUSDT,2022-04-16T08:00:00Z,5.199e-05,8
ETHUSDT,2022-04-16T08:00:00Z,-0.00012314,8
SOLUSDT,2022-04-16T08:00:00Z,2.7e-07,8
BTCUSDT,2022-04-16T16:00:00Z,6.201e-05,8
ETHUSDT,2022-04-16T16:00:00Z,-3.323e-05,8
SOLUSDT,2022-04-16T16:00:00Z,1.9e-05,8
BTCUSDT,2022-04-17T00:00:00Z,7.2e-06,8
ETHUSDT,2022-04-17T00:00:00Z,2.48e-05,8
SOLUSDT,2022-04-17T00:00:00Z,0.0001,8
BTCUSDT,2022-04-17T08:00:00Z,9.838e-05,8
ETHUSDT,2022-04-17T08:00:00Z,-6.458e-05,8
SOLUSDT,2022-04-17T08:00:00Z,6.873e-05,8
BTCUSDT,2022-04-17T16:00:00Z,0.0001,8
ETHUSDT,2022-04-17T16:00:00Z,2.937e-05,8
SOLUSDT,2022-04-17T16:00:00Z,0.0001,8
BTCUSDT,2022-04-18T00:00:00Z,-3.231e-05,8
ETHUSDT,2022-04-18T00:00:00Z,-5.257e-05,8
SOLUSDT,2022-04-18T00:00:00Z,6.509e-05,8
BTCUSDT,2022-04-18T08:00:00Z,-0.00017197,8
ETHUSDT,2022-04-18T08:00:00Z,-4.41e-05,8
SOLUSDT,2022-04-18T08:00:00Z,-8.104e-05,8
BTCUSDT,2022-04-18T16:00:00Z,-5.436e-05,8
ETHUSDT,2022-04-18T16:00:00Z,-0.00013169,8
SOLUSDT,2022-04-18T16:00:00Z,-8.262e-05,8
BTCUSDT,2022-04-19T00:00:00Z,0.0001,8
ETHUSDT,2022-04-19T00:00:00Z,8.478e-05,8
SOLUSDT,2022-04-19T00:00:00Z,7.619e-05,8
BTCUSDT,2022-04-19T08:00:00Z,6.251e-05,8
ETHUSDT,2022-04-19T08:00:00Z,3.976e-05,8
SOLUSDT,2022-04-19T08:00:00Z,0.0001,8
BTCUSDT,2022-04-19T16:00:00Z,-5.028e-05,8
ETHUSDT,2022-04-19T16:00:00Z,2.251e-05,8
SOLUSDT,2022-04-19T16:00:00Z,0.0001,8
BTCUSDT,2022-04-20T00:00:00Z,9.45e-05,8
ETHUSDT,2022-04-20T00:00:00Z,0.0001,8
SOLUSDT,2022-04-20T00:00:00Z,0.0001,8
BTCUSDT,2022-04-20T08:00:00Z,9.543e-05,8
ETHUSDT,2022-04-20T08:00:00Z,6.595e-05,8
SOLUSDT,2022-04-20T08:00:00Z,0.0001,8
BTCUSDT,2022-04-20T16:00:00Z,3.714e-05,8
ETHUSDT,2022-04-20T16:00:00Z,-1.05e-06,8
SOLUSDT,2022-04-20T16:00:00Z,0.0001,8
BTCUSDT,2022-04-21T00:00:00Z,1.77e-06,8
ETHUSDT,2022-04-21T00:00:00Z,-9.577e-05,8
SOLUSDT,2022-04-21T00:00:00Z,0.0001,8
BTCUSDT,2022-04-21T08:00:00Z,-5.245e-05,8
ETHUSDT,2022-04-21T08:00:00Z,-0.00012991,8
SOLUSDT,2022-04-21T08:00:00Z,0.0001,8
BTCUSDT,2022-04-21T16:00:00Z,5.359e-05,8
ETHUSDT,2022-04-21T16:00:00Z,-9.56e-06,8
SOLUSDT,2022-04-21T16:00:00Z,0.0001,8
BTCUSDT,2022-04-22T00:00:00Z,3.026e-05,8
ETHUSDT,2022-04-22T00:00:00Z,-0.00011914,8
SOLUSDT,2022-04-22T00:00:00Z,0.0001,8
BTCUSDT,2022-04-22T08:00:00Z,-0.00016984,8
ETHUSDT,2022-04-22T08:00:00Z,-0.00017158,8
SOLUSDT,2022-04-22T08:00:00Z,0.0001,8
BTCUSDT,2022-04-22T16:00:00Z,-4.15e-06,8
ETHUSDT,2022-04-22T16:00:00Z,-2.649e-05,8
SOLUSDT,2022-04-22T16:00:00Z,4.562e-05,8
BTCUSDT,2022-04-23T00:00:00Z,-9.023e-05,8
ETHUSDT,2022-04-23T00:00:00Z,3.778e-05,8
SOLUSDT,2022-04-23T00:00:00Z,0.0001,8
BTCUSDT,2022-04-23T08:00:00Z,-7.562e-05,8
ETHUSDT,2022-04-23T08:00:00Z,-0.00010115,8
SOLUSDT,2022-04-23T08:00:00Z,0.0001,8
BTCUSDT,2022-04-23T16:00:00Z,-0.00011883,8
ETHUSDT,2022-04-23T16:00:00Z,-8.574e-05,8
SOLUSDT,2022-04-23T16:00:00Z,-0.00010378,8
BTCUSDT,2022-04-24T00:00:00Z,-0.00018273,8
ETHUSDT,2022-04-24T00:00:00Z,-9.091e-05,8
SOLUSDT,2022-04-24T00:00:00Z,-4.956e-05,8
BTCUSDT,2022-04-24T08:00:00Z,-0.00015276,8
ETHUSDT,2022-04-24T08:00:00Z,-5.652e-05,8
SOLUSDT,2022-04-24T08:00:00Z,7.34e-06,8
BTCUSDT,2022-04-24T16:00:00Z,-3.654e-05,8
ETHUSDT,2022-04-24T16:00:00Z,3.41e-06,8
SOLUSDT,2022-04-24T16:00:00Z,6.085e-05,8
BTCUSDT,2022-04-25T00:00:00Z,-8.908e-05,8
ETHUSDT,2022-04-25T00:00:00Z,3.21e-06,8
SOLUSDT,2022-04-25T00:00:00Z,4.967e-05,8
BTCUSDT,2022-04-25T08:00:00Z,-7.844e-05,8
ETHUSDT,2022-04-25T08:00:00Z,-8.588e-05,8
SOLUSDT,2022-04-25T08:00:00Z,-4.545e-05,8
BTCUSDT,2022-04-25T16:00:00Z,7.223e-05,8
ETHUSDT,2022-04-25T16:00:00Z,-0.00024996,8
SOLUSDT,2022-04-25T16:00:00Z,-8.571e-05,8
BTCUSDT,2022-04-26T00:00:00Z,0.0001,8
ETHUSDT,2022-04-26T00:00:00Z,0.0001,8
SOLUSDT,2022-04-26T00:00:00Z,-3.7e-06,8
BTCUSDT,2022-04-26T08:00:00Z,0.0001,8
ETHUSDT,2022-04-26T08:00:00Z,0.0001,8
SOLUSDT,2022-04-26T08:00:00Z,8.835e-05,8
BTCUSDT,2022-04-26T16:00:00Z,0.0001,8
ETHUSDT,2022-04-26T16:00:00Z,4.991e-05,8
SOLUSDT,2022-04-26T16:00:00Z,-4.43e-05,8
BTCUSDT,2022-04-27T00:00:00Z,-0.0001264,8
ETHUSDT,2022-04-27T00:00:00Z,-0.00014242,8
SOLUSDT,2022-04-27T00:00:00Z,-9.244e-05,8
BTCUSDT,2022-04-27T08:00:00Z,-0.00011034,8
ETHUSDT,2022-04-27T08:00:00Z,-0.0002569,8
SOLUSDT,2022-04-27T08:00:00Z,4.328e-05,8
BTCUSDT,2022-04-27T16:00:00Z,1.968e-05,8
ETHUSDT,2022-04-27T16:00:00Z,2.591e-05,8
SOLUSDT,2022-04-27T16:00:00Z,5.659e-05,8
BTCUSDT,2022-04-28T00:00:00Z,-5.716e-05,8
ETHUSDT,2022-04-28T00:00:00Z,-1.675e-05,8
SOLUSDT,2022-04-28T00:00:00Z,-7.066e-05,8
BTCUSDT,2022-04-28T08:00:00Z,-5.544e-05,8
ETHUSDT,2022-04-28T08:00:00Z,-5.776e-05,8
SOLUSDT,2022-04-28T08:00:00Z,2.847e-05,8
BTCUSDT,2022-04-28T16:00:00Z,0.0001,8
ETHUSDT,2022-04-28T16:00:00Z,0.0001,8
SOLUSDT,2022-04-28T16:00:00Z,-0.00014775,8
BTCUSDT,2022-04-29T00:00:00Z,0.0001,8
ETHUSDT,2022-04-29T00:00:00Z,0.0001,8
SOLUSDT,2022-04-29T00:00:00Z,4.822e-05,8
BTCUSDT,2022-04-29T08:00:00Z,0.0001,8
ETHUSDT,2022-04-29T08:00:00Z,0.0001,8
SOLUSDT,2022-04-29T08:00:00Z,7.776e-05,8
BTCUSDT,2022-04-29T16:00:00Z,2.628e-05,8
ETHUSDT,2022-04-29T16:00:00Z,4.578e-05,8
SOLUSDT,2022-04-29T16:00:00Z,3.948e-05,8
BTCUSDT,2022-04-30T00:00:00Z,-9.371e-05,8
ETHUSDT,2022-04-30T00:00:00Z,-8.896e-05,8
SOLUSDT,2022-04-30T00:00:00Z,4.104e-05,8
BTCUSDT,2022-04-30T08:00:00Z,4.536e-05,8
ETHUSDT,2022-04-30T08:00:00Z,-5.202e-05,8
SOLUSDT,2022-04-30T08:00:00Z,0.0001,8
BTCUSDT,2022-04-30T16:00:00Z,5.926e-05,8
ETHUSDT,2022-04-30T16:00:00Z,-5.736e-05,8
SOLUSDT,2022-04-30T16:00:00Z,-1.96e-06,8
BTCUSDT,2022-05-01T00:00:00Z,2.403e-05,8
ETHUSDT,2022-05-01T00:00:00Z,-7.153e-05,8
SOLUSDT,2022-05-01T00:00:00Z,-0.00033407,8
BTCUSDT,2022-05-01T08:00:00Z,9.5e-07,8
ETHUSDT,2022-05-01T08:00:00Z,-0.00016213,8
SOLUSDT,2022-05-01T08:00:00Z,-0.0001754,8
BTCUSDT,2022-05-01T16:00:00Z,0.0001,8
ETHUSDT,2022-05-01T16:00:00Z,-4.432e-05,8
SOLUSDT,2022-05-01T16:00:00Z,-2.366e-05,8
BTCUSDT,2022-05-02T00:00:00Z,0.0001,8
ETHUSDT,2022-05-02T00:00:00Z,4.92e-05,8
SOLUSDT,2022-05-02T00:00:00Z,-3.764e-05,8
BTCUSDT,2022-05-02T08:00:00Z,9e-05,8
ETHUSDT,2022-05-02T08:00:00Z,-7.704e-05,8
SOLUSDT,2022-05-02T08:00:00Z,-7.505e-05,8
BTCUSDT,2022-05-02T16:00:00Z,0.0001,8
ETHUSDT,2022-05-02T16:00:00Z,-2.36e-06,8
SOLUSDT,2022-05-02T16:00:00Z,-5.79e-05,8
BTCUSDT,2022-05-03T00:00:00Z,0.0001,8
ETHUSDT,2022-05-03T00:00:00Z,8.762e-05,8
SOLUSDT,2022-05-03T00:00:00Z,2.527e-05,8
BTCUSDT,2022-05-03T08:00:00Z,0.0001,8
ETHUSDT,2022-05-03T08:00:00Z,6.446e-05,8
SOLUSDT,2022-05-03T08:00:00Z,4.176e-05,8
BTCUSDT,2022-05-03T16:00:00Z,0.0001,8
ETHUSDT,2022-05-03T16:00:00Z,8.725e-05,8
SOLUSDT,2022-05-03T16:00:00Z,-6.52e-06,8
BTCUSDT,2022-05-04T00:00:00Z,0.0001,8
ETHUSDT,2022-05-04T00:00:00Z,9.221e-05,8
SOLUSDT,2022-05-04T00:00:00Z,-1.173e-05,8
BTCUSDT,2022-05-04T08:00:00Z,2.504e-05,8
ETHUSDT,2022-05-04T08:00:00Z,0.0001,8
SOLUSDT,2022-05-04T08:00:00Z,3.65e-06,8
BTCUSDT,2022-05-04T16:00:00Z,0.0001,8
ETHUSDT,2022-05-04T16:00:00Z,0.0001,8
SOLUSDT,2022-05-04T16:00:00Z,-5.21e-06,8
BTCUSDT,2022-05-05T00:00:00Z,0.0001,8
ETHUSDT,2022-05-05T00:00:00Z,0.0001,8
SOLUSDT,2022-05-05T00:00:00Z,1.202e-05,8
BTCUSDT,2022-05-05T08:00:00Z,0.0001,8
ETHUSDT,2022-05-05T08:00:00Z,0.0001,8
SOLUSDT,2022-05-05T08:00:00Z,0.0001,8
BTCUSDT,2022-05-05T16:00:00Z,0.0001,8
ETHUSDT,2022-05-05T16:00:00Z,0.0001,8
SOLUSDT,2022-05-05T16:00:00Z,1.41e-05,8
BTCUSDT,2022-05-06T00:00:00Z,-0.0001346,8
ETHUSDT,2022-05-06T00:00:00Z,-5.032e-05,8
SOLUSDT,2022-05-06T00:00:00Z,-0.00019937,8
BTCUSDT,2022-05-06T08:00:00Z,-5.734e-05,8
ETHUSDT,2022-05-06T08:00:00Z,-4.64e-05,8
SOLUSDT,2022-05-06T08:00:00Z,2.119e-05,8
BTCUSDT,2022-05-06T16:00:00Z,4.197e-05,8
ETHUSDT,2022-05-06T16:00:00Z,-2.46e-06,8
SOLUSDT,2022-05-06T16:00:00Z,-1.453e-05,8
BTCUSDT,2022-05-07T00:00:00Z,-5.273e-05,8
ETHUSDT,2022-05-07T00:00:00Z,5.836e-05,8
SOLUSDT,2022-05-07T00:00:00Z,-7.63e-06,8
BTCUSDT,2022-05-07T08:00:00Z,5.998e-05,8
ETHUSDT,2022-05-07T08:00:00Z,0.0001,8
SOLUSDT,2022-05-07T08:00:00Z,5.92e-06,8
BTCUSDT,2022-05-07T16:00:00Z,7.13e-06,8
ETHUSDT,2022-05-07T16:00:00Z,7.282e-05,8
SOLUSDT,2022-05-07T16:00:00Z,-6.997e-05,8
BTCUSDT,2022-05-08T00:00:00Z,-2.659e-05,8
ETHUSDT,2022-05-08T00:00:00Z,9.867e-05,8
SOLUSDT,2022-05-08T00:00:00Z,-6.156e-05,8
BTCUSDT,2022-05-08T08:00:00Z,0.0001,8
ETHUSDT,2022-05-08T08:00:00Z,0.0001,8
SOLUSDT,2022-05-08T08:00:00Z,5.65e-06,8
BTCUSDT,2022-05-08T16:00:00Z,0.0001,8
ETHUSDT,2022-05-08T16:00:00Z,0.0001,8
SOLUSDT,2022-05-08T16:00:00Z,9.782e-05,8
BTCUSDT,2022-05-09T00:00:00Z,0.0001,8
ETHUSDT,2022-05-09T00:00:00Z,0.0001,8
SOLUSDT,2022-05-09T00:00:00Z,-0.00013911,8
BTCUSDT,2022-05-09T08:00:00Z,0.0001,8
ETHUSDT,2022-05-09T08:00:00Z,9.424e-05,8
SOLUSDT,2022-05-09T08:00:00Z,-3.995e-05,8
BTCUSDT,2022-05-09T16:00:00Z,0.0001,8
ETHUSDT,2022-05-09T16:00:00Z,9.769e-05,8
SOLUSDT,2022-05-09T16:00:00Z,-0.00013895,8
BTCUSDT,2022-05-10T00:00:00Z,0.0001,8
ETHUSDT,2022-05-10T00:00:00Z,9.833e-05,8
SOLUSDT,2022-05-10T00:00:00Z,-0.00015146,8
BTCUSDT,2022-05-10T08:00:00Z,0.0001,8
ETHUSDT,2022-05-10T08:00:00Z,6.098e-05,8
SOLUSDT,2022-05-10T08:00:00Z,8.977e-05,8
BTCUSDT,2022-05-10T16:00:00Z,0.0001,8
ETHUSDT,2022-05-10T16:00:00Z,0.0001,8
SOLUSDT,2022-05-10T16:00:00Z,-8.877e-05,8
BTCUSDT,2022-05-11T00:00:00Z,7.58e-05,8
ETHUSDT,2022-05-11T00:00:00Z,7.598e-05,8
SOLUSDT,2022-05-11T00:00:00Z,-0.0003563,8
BTCUSDT,2022-05-11T08:00:00Z,6.939e-05,8
ETHUSDT,2022-05-11T08:00:00Z,0.0001,8
SOLUSDT,2022-05-11T08:00:00Z,-0.00037782,8
BTCUSDT,2022-05-11T16:00:00Z,-3.512e-05,8
ETHUSDT,2022-05-11T16:00:00Z,7.639e-05,8
SOLUSDT,2022-05-11T16:00:00Z,-0.00131956,8
BTCUSDT,2022-05-12T00:00:00Z,-0.00018773,8
ETHUSDT,2022-05-12T00:00:00Z,-0.00018602,8
SOLUSDT,2022-05-12T00:00:00Z,-0.00121558,8
BTCUSDT,2022-05-12T08:00:00Z,-0.00041995,8
ETHUSDT,2022-05-12T08:00:00Z,-0.00079682,8
SOLUSDT,2022-05-12T08:00:00Z,-0.00136442,8
BTCUSDT,2022-05-12T16:00:00Z,-0.00014678,8
ETHUSDT,2022-05-12T16:00:00Z,-0.00028645,8
SOLUSDT,2022-05-12T16:00:00Z,-0.00132411,8
BTCUSDT,2022-05-13T00:00:00Z,-7.127e-05,8
ETHUSDT,2022-05-13T00:00:00Z,-9.107e-05,8
SOLUSDT,2022-05-13T00:00:00Z,-0.00066663,8
BTCUSDT,2022-05-13T08:00:00Z,-6.05e-06,8
ETHUSDT,2022-05-13T08:00:00Z,-0.00016008,8
SOLUSDT,2022-05-13T08:00:00Z,-0.00086267,8
BTCUSDT,2022-05-13T16:00:00Z,6.045e-05,8
ETHUSDT,2022-05-13T16:00:00Z,-2.742e-05,8
SOLUSDT,2022-05-13T16:00:00Z,-0.00034587,8
BTCUSDT,2022-05-14T00:00:00Z,0.0001,8
ETHUSDT,2022-05-14T00:00:00Z,5.029e-05,8
SOLUSDT,2022-05-14T00:00:00Z,-0.0001833,8
BTCUSDT,2022-05-14T08:00:00Z,0.0001,8
ETHUSDT,2022-05-14T08:00:00Z,9.124e-05,8
SOLUSDT,2022-05-14T08:00:00Z,-0.00013604,8
BTCUSDT,2022-05-14T16:00:00Z,0.0001,8
ETHUSDT,2022-05-14T16:00:00Z,6.884e-05,8
SOLUSDT,2022-05-14T16:00:00Z,-0.00042046,8
BTCUSDT,2022-05-15T00:00:00Z,8.29e-05,8
ETHUSDT,2022-05-15T00:00:00Z,0.0001,8
SOLUSDT,2022-05-15T00:00:00Z,-6.465e-05,8
BTCUSDT,2022-05-15T08:00:00Z,0.0001,8
ETHUSDT,2022-05-15T08:00:00Z,7.136e-05,8
SOLUSDT,2022-05-15T08:00:00Z,-3.59e-06,8
BTCUSDT,2022-05-15T16:00:00Z,9.053e-05,8
ETHUSDT,2022-05-15T16:00:00Z,7.168e-05,8
SOLUSDT,2022-05-15T16:00:00Z,-0.00013599,8
BTCUSDT,2022-05-16T00:00:00Z,0.0001,8
ETHUSDT,2022-05-16T00:00:00Z,0.0001,8
SOLUSDT,2022-05-16T00:00:00Z,-0.00012304,8
BTCUSDT,2022-05-16T08:00:00Z,8.883e-05,8
ETHUSDT,2022-05-16T08:00:00Z,0.0001,8
SOLUSDT,2022-05-16T08:00:00Z,-5.115e-05,8
BTCUSDT,2022-05-16T16:00:00Z,4.94e-05,8
ETHUSDT,2022-05-16T16:00:00Z,-3.34e-06,8
SOLUSDT,2022-05-16T16:00:00Z,-0.00021481,8
BTCUSDT,2022-05-17T00:00:00Z,0.0001,8
ETHUSDT,2022-05-17T00:00:00Z,1.965e-05,8
SOLUSDT,2022-05-17T00:00:00Z,-0.00016672,8
BTCUSDT,2022-05-17T08:00:00Z,-7.1e-06,8
ETHUSDT,2022-05-17T08:00:00Z,-0.00010278,8
SOLUSDT,2022-05-17T08:00:00Z,-0.00012752,8
BTCUSDT,2022-05-17T16:00:00Z,4.705e-05,8
ETHUSDT,2022-05-17T16:00:00Z,8.48e-06,8
SOLUSDT,2022-05-17T16:00:00Z,-4.305e-05,8
BTCUSDT,2022-05-18T00:00:00Z,-6.956e-05,8
ETHUSDT,2022-05-18T00:00:00Z,7.107e-05,8
SOLUSDT,2022-05-18T00:00:00Z,-7.6e-07,8
BTCUSDT,2022-05-18T08:00:00Z,-5.753e-05,8
ETHUSDT,2022-05-18T08:00:00Z,-1.537e-05,8
SOLUSDT,2022-05-18T08:00:00Z,-6.376e-05,8
BTCUSDT,2022-05-18T16:00:00Z,2.893e-05,8
ETHUSDT,2022-05-18T16:00:00Z,-7.218e-05,8
SOLUSDT,2022-05-18T16:00:00Z,-0.00011468,8
BTCUSDT,2022-05-19T00:00:00Z,-3.41e-06,8
ETHUSDT,2022-05-19T00:00:00Z,-5.373e-05,8
SOLUSDT,2022-05-19T00:00:00Z,-7.774e-05,8
BTCUSDT,2022-05-19T08:00:00Z,5.624e-05,8
ETHUSDT,2022-05-19T08:00:00Z,4.9e-06,8
SOLUSDT,2022-05-19T08:00:00Z,-6.592e-05,8
BTCUSDT,2022-05-19T16:00:00Z,7.465e-05,8
ETHUSDT,2022-05-19T16:00:00Z,3.757e-05,8
SOLUSDT,2022-05-19T16:00:00Z,5.065e-05,8
BTCUSDT,2022-05-20T00:00:00Z,0.0001,8
ETHUSDT,2022-05-20T00:00:00Z,0.0001,8
SOLUSDT,2022-05-20T00:00:00Z,3.377e-05,8
BTCUSDT,2022-05-20T08:00:00Z,0.0001,8
ETHUSDT,2022-05-20T08:00:00Z,0.0001,8
SOLUSDT,2022-05-20T08:00:00Z,-1.922e-05,8
BTCUSDT,2022-05-20T16:00:00Z,0.0001,8
ETHUSDT,2022-05-20T16:00:00Z,6.647e-05,8
SOLUSDT,2022-05-20T16:00:00Z,-6.114e-05,8
BTCUSDT,2022-05-21T00:00:00Z,-2.02e-06,8
ETHUSDT,2022-05-21T00:00:00Z,9.991e-05,8
SOLUSDT,2022-05-21T00:00:00Z,-4.397e-05,8
BTCUSDT,2022-05-21T08:00:00Z,-2.146e-05,8
ETHUSDT,2022-05-21T08:00:00Z,-2.669e-05,8
SOLUSDT,2022-05-21T08:00:00Z,-3.735e-05,8
BTCUSDT,2022-05-21T16:00:00Z,2.549e-05,8
ETHUSDT,2022-05-21T16:00:00Z,-3.6e-06,8
SOLUSDT,2022-05-21T16:00:00Z,-6.202e-05,8
BTCUSDT,2022-05-22T00:00:00Z,2.41e-05,8
ETHUSDT,2022-05-22T00:00:00Z,4.308e-05,8
SOLUSDT,2022-05-22T00:00:00Z,4.62e-06,8
BTCUSDT,2022-05-22T08:00:00Z,-3.063e-05,8
ETHUSDT,2022-05-22T08:00:00Z,5.296e-05,8
SOLUSDT,2022-05-22T08:00:00Z,3.055e-05,8
BTCUSDT,2022-05-22T16:00:00Z,0.0001,8
ETHUSDT,2022-05-22T16:00:00Z,0.0001,8
SOLUSDT,2022-05-22T16:00:00Z,1.666e-05,8
BTCUSDT,2022-05-23T00:00:00Z,0.0001,8
ETHUSDT,2022-05-23T00:00:00Z,0.0001,8
SOLUSDT,2022-05-23T00:00:00Z,6.402e-05,8
BTCUSDT,2022-05-23T08:00:00Z,0.0001,8
ETHUSDT,2022-05-23T08:00:00Z,0.0001,8
SOLUSDT,2022-05-23T08:00:00Z,0.0001,8
BTCUSDT,2022-05-23T16:00:00Z,0.0001,8
ETHUSDT,2022-05-23T16:00:00Z,0.0001,8
SOLUSDT,2022-05-23T16:00:00Z,5.049e-05,8
BTCUSDT,2022-05-24T00:00:00Z,-0.00012372,8
ETHUSDT,2022-05-24T00:00:00Z,-7.86e-05,8
SOLUSDT,2022-05-24T00:00:00Z,-0.00012309,8
BTCUSDT,2022-05-24T08:00:00Z,-6.76e-06,8
ETHUSDT,2022-05-24T08:00:00Z,-4.871e-05,8
SOLUSDT,2022-05-24T08:00:00Z,-0.00011051,8
BTCUSDT,2022-05-24T16:00:00Z,2.892e-05,8
ETHUSDT,2022-05-24T16:00:00Z,-4.04e-05,8
SOLUSDT,2022-05-24T16:00:00Z,-0.00015371,8
BTCUSDT,2022-05-25T00:00:00Z,3.679e-05,8
ETHUSDT,2022-05-25T00:00:00Z,1.228e-05,8
SOLUSDT,2022-05-25T00:00:00Z,6.104e-05,8
BTCUSDT,2022-05-25T08:00:00Z,0.0001,8
ETHUSDT,2022-05-25T08:00:00Z,0.0001,8
SOLUSDT,2022-05-25T08:00:00Z,7.84e-05,8
BTCUSDT,2022-05-25T16:00:00Z,0.0001,8
ETHUSDT,2022-05-25T16:00:00Z,6.424e-05,8
SOLUSDT,2022-05-25T16:00:00Z,-2.86e-05,8
BTCUSDT,2022-05-26T00:00:00Z,7.516e-05,8
ETHUSDT,2022-05-26T00:00:00Z,0.0001,8
SOLUSDT,2022-05-26T00:00:00Z,0.0001,8
BTCUSDT,2022-05-26T08:00:00Z,0.0001,8
ETHUSDT,2022-05-26T08:00:00Z,3.287e-05,8
SOLUSDT,2022-05-26T08:00:00Z,-0.00011389,8
BTCUSDT,2022-05-26T16:00:00Z,7.21e-06,8
ETHUSDT,2022-05-26T16:00:00Z,-0.00014343,8
SOLUSDT,2022-05-26T16:00:00Z,-0.00021906,8
BTCUSDT,2022-05-27T00:00:00Z,0.0001,8
ETHUSDT,2022-05-27T00:00:00Z,0.0001,8
SOLUSDT,2022-05-27T00:00:00Z,-0.00014257,8
BTCUSDT,2022-05-27T08:00:00Z,0.0001,8
ETHUSDT,2022-05-27T08:00:00Z,-1.53e-06,8
SOLUSDT,2022-05-27T08:00:00Z,-5.33e-06,8
BTCUSDT,2022-05-27T16:00:00Z,0.0001,8
ETHUSDT,2022-05-27T16:00:00Z,5.35e-05,8
SOLUSDT,2022-05-27T16:00:00Z,-1.81e-06,8
BTCUSDT,2022-05-28T00:00:00Z,0.0001,8
ETHUSDT,2022-05-28T00:00:00Z,0.0001,8
SOLUSDT,2022-05-28T00:00:00Z,7.5e-06,8
BTCUSDT,2022-05-28T08:00:00Z,8.712e-05,8
ETHUSDT,2022-05-28T08:00:00Z,6.376e-05,8
SOLUSDT,2022-05-28T08:00:00Z,-1.494e-05,8
BTCUSDT,2022-05-28T16:00:00Z,0.0001,8
ETHUSDT,2022-05-28T16:00:00Z,3.132e-05,8
SOLUSDT,2022-05-28T16:00:00Z,-1.802e-05,8
BTCUSDT,2022-05-29T00:00:00Z,0.0001,8
ETHUSDT,2022-05-29T00:00:00Z,0.0001,8
SOLUSDT,2022-05-29T00:00:00Z,-2.49e-06,8
BTCUSDT,2022-05-29T08:00:00Z,0.0001,8
ETHUSDT,2022-05-29T08:00:00Z,1.764e-05,8
SOLUSDT,2022-05-29T08:00:00Z,-3.26e-06,8
BTCUSDT,2022-05-29T16:00:00Z,0.0001,8
ETHUSDT,2022-05-29T16:00:00Z,1.83e-05,8
SOLUSDT,2022-05-29T16:00:00Z,0.0001,8
BTCUSDT,2022-05-30T00:00:00Z,0.0001,8
ETHUSDT,2022-05-30T00:00:00Z,6.492e-05,8
SOLUSDT,2022-05-30T00:00:00Z,8.839e-05,8
BTCUSDT,2022-05-30T08:00:00Z,0.0001,8
ETHUSDT,2022-05-30T08:00:00Z,1.622e-05,8
SOLUSDT,2022-05-30T08:00:00Z,0.0001,8
BTCUSDT,2022-05-30T16:00:00Z,0.0001,8
ETHUSDT,2022-05-30T16:00:00Z,0.0001,8
SOLUSDT,2022-05-30T16:00:00Z,0.0001,8
BTCUSDT,2022-05-31T00:00:00Z,0.0001,8
ETHUSDT,2022-05-31T00:00:00Z,7.761e-05,8
SOLUSDT,2022-05-31T00:00:00Z,0.0001,8
BTCUSDT,2022-05-31T08:00:00Z,0.0001,8
ETHUSDT,2022-05-31T08:00:00Z,0.0001,8
SOLUSDT,2022-05-31T08:00:00Z,0.0001,8
BTCUSDT,2022-05-31T16:00:00Z,0.0001,8
ETHUSDT,2022-05-31T16:00:00Z,0.0001,8
SOLUSDT,2022-05-31T16:00:00Z,0.0001,8
BTCUSDT,2022-06-01T00:00:00Z,0.0001,8
ETHUSDT,2022-06-01T00:00:00Z,0.0001,8
SOLUSDT,2022-06-01T00:00:00Z,0.0001,8
BTCUSDT,2022-06-01T08:00:00Z,0.0001,8
ETHUSDT,2022-06-01T08:00:00Z,0.0001,8
SOLUSDT,2022-06-01T08:00:00Z,0.0001,8
BTCUSDT,2022-06-01T16:00:00Z,0.0001,8
ETHUSDT,2022-06-01T16:00:00Z,0.0001,8
SOLUSDT,2022-06-01T16:00:00Z,0.0001,8
BTCUSDT,2022-06-02T00:00:00Z,-1.452e-05,8
ETHUSDT,2022-06-02T00:00:00Z,-8.505e-05,8
SOLUSDT,2022-06-02T00:00:00Z,-4.526e-05,8
BTCUSDT,2022-06-02T08:00:00Z,2.265e-05,8
ETHUSDT,2022-06-02T08:00:00Z,4.628e-05,8
SOLUSDT,2022-06-02T08:00:00Z,-8.497e-05,8
BTCUSDT,2022-06-02T16:00:00Z,2.107e-05,8
ETHUSDT,2022-06-02T16:00:00Z,3.599e-05,8
SOLUSDT,2022-06-02T16:00:00Z,-2.33e-05,8
BTCUSDT,2022-06-03T00:00:00Z,-3.378e-05,8
ETHUSDT,2022-06-03T00:00:00Z,5.262e-05,8
SOLUSDT,2022-06-03T00:00:00Z,6.063e-05,8
BTCUSDT,2022-06-03T08:00:00Z,-1.456e-05,8
ETHUSDT,2022-06-03T08:00:00Z,0.0001,8
SOLUSDT,2022-06-03T08:00:00Z,3.726e-05,8
BTCUSDT,2022-06-03T16:00:00Z,6.937e-05,8
ETHUSDT,2022-06-03T16:00:00Z,2.737e-05,8
SOLUSDT,2022-06-03T16:00:00Z,-2.772e-05,8
BTCUSDT,2022-06-04T00:00:00Z,2.7e-06,8
ETHUSDT,2022-06-04T00:00:00Z,0.0001,8
SOLUSDT,2022-06-04T00:00:00Z,6.593e-05,8
BTCUSDT,2022-06-04T08:00:00Z,4.795e-05,8
ETHUSDT,2022-06-04T08:00:00Z,0.0001,8
SOLUSDT,2022-06-04T08:00:00Z,-7.799e-05,8
BTCUSDT,2022-06-04T16:00:00Z,5.506e-05,8
ETHUSDT,2022-06-04T16:00:00Z,3e-05,8
SOLUSDT,2022-06-04T16:00:00Z,-0.00011171,8
BTCUSDT,2022-06-05T00:00:00Z,4.358e-05,8
ETHUSDT,2022-06-05T00:00:00Z,3.407e-05,8
SOLUSDT,2022-06-05T00:00:00Z,-8.688e-05,8
BTCUSDT,2022-06-05T08:00:00Z,2.828e-05,8
ETHUSDT,2022-06-05T08:00:00Z,5.246e-05,8
SOLUSDT,2022-06-05T08:00:00Z,-9.031e-05,8
BTCUSDT,2022-06-05T16:00:00Z,4.753e-05,8
ETHUSDT,2022-06-05T16:00:00Z,5.865e-05,8
SOLUSDT,2022-06-05T16:00:00Z,-4.947e-05,8
BTCUSDT,2022-06-06T00:00:00Z,6.036e-05,8
ETHUSDT,2022-06-06T00:00:00Z,0.0001,8
SOLUSDT,2022-06-06T00:00:00Z,1.117e-05,8
BTCUSDT,2022-06-06T08:00:00Z,9.656e-05,8
ETHUSDT,2022-06-06T08:00:00Z,9.597e-05,8
SOLUSDT,2022-06-06T08:00:00Z,3.923e-05,8
BTCUSDT,2022-06-06T16:00:00Z,0.0001,8
ETHUSDT,2022-06-06T16:00:00Z,0.0001,8
SOLUSDT,2022-06-06T16:00:00Z,0.0001,8
BTCUSDT,2022-06-07T00:00:00Z,0.0001,8
ETHUSDT,2022-06-07T00:00:00Z,0.0001,8
SOLUSDT,2022-06-07T00:00:00Z,3.519e-05,8
BTCUSDT,2022-06-07T08:00:00Z,-0.00010234,8
ETHUSDT,2022-06-07T08:00:00Z,-3.071e-05,8
SOLUSDT,2022-06-07T08:00:00Z,6.625e-05,8
BTCUSDT,2022-06-07T16:00:00Z,-3.705e-05,8
ETHUSDT,2022-06-07T16:00:00Z,1.156e-05,8
SOLUSDT,2022-06-07T16:00:00Z,-0.00012704,8
BTCUSDT,2022-06-08T00:00:00Z,0.0001,8
ETHUSDT,2022-06-08T00:00:00Z,0.0001,8
SOLUSDT,2022-06-08T00:00:00Z,2.202e-05,8
BTCUSDT,2022-06-08T08:00:00Z,0.0001,8
ETHUSDT,2022-06-08T08:00:00Z,7.041e-05,8
SOLUSDT,2022-06-08T08:00:00Z,-5.611e-05,8
BTCUSDT,2022-06-08T16:00:00Z,0.0001,8
ETHUSDT,2022-06-08T16:00:00Z,0.0001,8
SOLUSDT,2022-06-08T16:00:00Z,-5.28e-06,8
BTCUSDT,2022-06-09T00:00:00Z,0.0001,8
ETHUSDT,2022-06-09T00:00:00Z,0.0001,8
SOLUSDT,2022-06-09T00:00:00Z,-2.06e-05,8
BTCUSDT,2022-06-09T08:00:00Z,9.106e-05,8
ETHUSDT,2022-06-09T08:00:00Z,5.421e-05,8
SOLUSDT,2022-06-09T08:00:00Z,3.94e-06,8
BTCUSDT,2022-06-09T16:00:00Z,0.0001,8
ETHUSDT,2022-06-09T16:00:00Z,0.0001,8
SOLUSDT,2022-06-09T16:00:00Z,2.197e-05,8
BTCUSDT,2022-06-10T00:00:00Z,0.0001,8
ETHUSDT,2022-06-10T00:00:00Z,0.0001,8
SOLUSDT,2022-06-10T00:00:00Z,9.694e-05,8
BTCUSDT,2022-06-10T08:00:00Z,9.289e-05,8
ETHUSDT,2022-06-10T08:00:00Z,0.0001,8
SOLUSDT,2022-06-10T08:00:00Z,4.696e-05,8
BTCUSDT,2022-06-10T16:00:00Z,3.503e-05,8
ETHUSDT,2022-06-10T16:00:00Z,-0.00010846,8
SOLUSDT,2022-06-10T16:00:00Z,-9.951e-05,8
BTCUSDT,2022-06-11T00:00:00Z,1.762e-05,8
ETHUSDT,2022-06-11T00:00:00Z,-0.00013495,8
SOLUSDT,2022-06-11T00:00:00Z,-9.987e-05,8
BTCUSDT,2022-06-11T08:00:00Z,3.79e-06,8
ETHUSDT,2022-06-11T08:00:00Z,-0.00018605,8
SOLUSDT,2022-06-11T08:00:00Z,-9.415e-05,8
BTCUSDT,2022-06-11T16:00:00Z,6.606e-05,8
ETHUSDT,2022-06-11T16:00:00Z,-9.29e-05,8
SOLUSDT,2022-06-11T16:00:00Z,-0.0003144,8
BTCUSDT,2022-06-12T00:00:00Z,0.0001,8
ETHUSDT,2022-06-12T00:00:00Z,-6.025e-05,8
SOLUSDT,2022-06-12T00:00:00Z,-0.0004073,8
BTCUSDT,2022-06-12T08:00:00Z,5.63e-06,8
ETHUSDT,2022-06-12T08:00:00Z,-9.914e-05,8
SOLUSDT,2022-06-12T08:00:00Z,-0.00024937,8
BTCUSDT,2022-06-12T16:00:00Z,4.39e-06,8
ETHUSDT,2022-06-12T16:00:00Z,-6.827e-05,8
SOLUSDT,2022-06-12T16:00:00Z,-0.00018527,8
BTCUSDT,2022-06-13T00:00:00Z,5.616e-05,8
ETHUSDT,2022-06-13T00:00:00Z,1.579e-05,8
SOLUSDT,2022-06-13T00:00:00Z,-0.00018721,8
BTCUSDT,2022-06-13T08:00:00Z,-3.182e-05,8
ETHUSDT,2022-06-13T08:00:00Z,-2.19e-06,8
SOLUSDT,2022-06-13T08:00:00Z,-0.00035495,8
BTCUSDT,2022-06-13T16:00:00Z,-5.8e-06,8
ETHUSDT,2022-06-13T16:00:00Z,-5.144e-05,8
SOLUSDT,2022-06-13T16:00:00Z,-0.00027264,8
BTCUSDT,2022-06-14T00:00:00Z,4.088e-05,8
ETHUSDT,2022-06-14T00:00:00Z,-4.066e-05,8
SOLUSDT,2022-06-14T00:00:00Z,-0.00018856,8
BTCUSDT,2022-06-14T08:00:00Z,-0.00010037,8
ETHUSDT,2022-06-14T08:00:00Z,-5.061e-05,8
SOLUSDT,2022-06-14T08:00:00Z,-0.00024766,8
BTCUSDT,2022-06-14T16:00:00Z,-5.186e-05,8
ETHUSDT,2022-06-14T16:00:00Z,-2.999e-05,8
SOLUSDT,2022-06-14T16:00:00Z,-0.00012208,8
BTCUSDT,2022-06-15T00:00:00Z,-2.077e-05,8
ETHUSDT,2022-06-15T00:00:00Z,-5.37e-05,8
SOLUSDT,2022-06-15T00:00:00Z,-0.00011727,8
BTCUSDT,2022-06-15T08:00:00Z,-7.24e-05,8
ETHUSDT,2022-06-15T08:00:00Z,-0.0001643,8
SOLUSDT,2022-06-15T08:00:00Z,-0.00011617,8
BTCUSDT,2022-06-15T16:00:00Z,-6.66e-06,8
ETHUSDT,2022-06-15T16:00:00Z,-9.52e-06,8
SOLUSDT,2022-06-15T16:00:00Z,2.489e-05,8
BTCUSDT,2022-06-16T00:00:00Z,-4.114e-05,8
ETHUSDT,2022-06-16T00:00:00Z,-1.444e-05,8
SOLUSDT,2022-06-16T00:00:00Z,-9.465e-05,8
BTCUSDT,2022-06-16T08:00:00Z,4.475e-05,8
ETHUSDT,2022-06-16T08:00:00Z,6.616e-05,8
SOLUSDT,2022-06-16T08:00:00Z,6.463e-05,8
BTCUSDT,2022-06-16T16:00:00Z,-5.277e-05,8
ETHUSDT,2022-06-16T16:00:00Z,-0.00010424,8
SOLUSDT,2022-06-16T16:00:00Z,-0.00015316,8
BTCUSDT,2022-06-17T00:00:00Z,-2.222e-05,8
ETHUSDT,2022-06-17T00:00:00Z,-0.00012406,8
SOLUSDT,2022-06-17T00:00:00Z,-8.995e-05,8
BTCUSDT,2022-06-17T08:00:00Z,-9.486e-05,8
ETHUSDT,2022-06-17T08:00:00Z,-5.634e-05,8
SOLUSDT,2022-06-17T08:00:00Z,-0.00023728,8
BTCUSDT,2022-06-17T16:00:00Z,5.092e-05,8
ETHUSDT,2022-06-17T16:00:00Z,-0.00014982,8
SOLUSDT,2022-06-17T16:00:00Z,-0.00020039,8
BTCUSDT,2022-06-18T00:00:00Z,7.356e-05,8
ETHUSDT,2022-06-18T00:00:00Z,-7.277e-05,8
SOLUSDT,2022-06-18T00:00:00Z,0.0001,8
BTCUSDT,2022-06-18T08:00:00Z,4.575e-05,8
ETHUSDT,2022-06-18T08:00:00Z,-0.00029164,8
SOLUSDT,2022-06-18T08:00:00Z,-0.00019382,8
BTCUSDT,2022-06-18T16:00:00Z,5.227e-05,8
ETHUSDT,2022-06-18T16:00:00Z,-7.606e-05,8
SOLUSDT,2022-06-18T16:00:00Z,-0.00015715,8
BTCUSDT,2022-06-19T00:00:00Z,4.243e-05,8
ETHUSDT,2022-06-19T00:00:00Z,-0.00018722,8
SOLUSDT,2022-06-19T00:00:00Z,-0.00027253,8
BTCUSDT,2022-06-19T08:00:00Z,-4.559e-05,8
ETHUSDT,2022-06-19T08:00:00Z,-0.0001769,8
SOLUSDT,2022-06-19T08:00:00Z,3.851e-05,8
BTCUSDT,2022-06-19T16:00:00Z,7.239e-05,8
ETHUSDT,2022-06-19T16:00:00Z,0.0001,8
SOLUSDT,2022-06-19T16:00:00Z,3.159e-05,8
BTCUSDT,2022-06-20T00:00:00Z,8.73e-06,8
ETHUSDT,2022-06-20T00:00:00Z,0.0001,8
SOLUSDT,2022-06-20T00:00:00Z,0.0001,8
BTCUSDT,2022-06-20T08:00:00Z,-5.4e-06,8
ETHUSDT,2022-06-20T08:00:00Z,-2.176e-05,8
SOLUSDT,2022-06-20T08:00:00Z,-7.43e-06,8
BTCUSDT,2022-06-20T16:00:00Z,6.08e-05,8
ETHUSDT,2022-06-20T16:00:00Z,8.444e-05,8
SOLUSDT,2022-06-20T16:00:00Z,0.0001,8
BTCUSDT,2022-06-21T00:00:00Z,0.0001,8
ETHUSDT,2022-06-21T00:00:00Z,6.015e-05,8
SOLUSDT,2022-06-21T00:00:00Z,1.335e-05,8
BTCUSDT,2022-06-21T08:00:00Z,4.967e-05,8
ETHUSDT,2022-06-21T08:00:00Z,4.698e-05,8
SOLUSDT,2022-06-21T08:00:00Z,-4.834e-05,8
BTCUSDT,2022-06-21T16:00:00Z,2.028e-05,8
ETHUSDT,2022-06-21T16:00:00Z,5.33e-05,8
SOLUSDT,2022-06-21T16:00:00Z,-0.0001115,8
BTCUSDT,2022-06-22T00:00:00Z,1.78e-06,8
ETHUSDT,2022-06-22T00:00:00Z,-4.89e-05,8
SOLUSDT,2022-06-22T00:00:00Z,-0.00018474,8
BTCUSDT,2022-06-22T08:00:00Z,-2.982e-05,8
ETHUSDT,2022-06-22T08:00:00Z,-2.551e-05,8
SOLUSDT,2022-06-22T08:00:00Z,-2.989e-05,8
BTCUSDT,2022-06-22T16:00:00Z,-1.64e-05,8
ETHUSDT,2022-06-22T16:00:00Z,-8.679e-05,8
SOLUSDT,2022-06-22T16:00:00Z,-7.087e-05,8
BTCUSDT,2022-06-23T00:00:00Z,-8.72e-06,8
ETHUSDT,2022-06-23T00:00:00Z,-4.408e-05,8
SOLUSDT,2022-06-23T00:00:00Z,-5.501e-05,8
BTCUSDT,2022-06-23T08:00:00Z,-1.577e-05,8
ETHUSDT,2022-06-23T08:00:00Z,-6.496e-05,8
SOLUSDT,2022-06-23T08:00:00Z,-4.23e-06,8
BTCUSDT,2022-06-23T16:00:00Z,-2.656e-05,8
ETHUSDT,2022-06-23T16:00:00Z,-0.00010151,8
SOLUSDT,2022-06-23T16:00:00Z,4.8e-05,8
BTCUSDT,2022-06-24T00:00:00Z,6.006e-05,8
ETHUSDT,2022-06-24T00:00:00Z,4.046e-05,8
SOLUSDT,2022-06-24T00:00:00Z,-3.462e-05,8
BTCUSDT,2022-06-24T08:00:00Z,0.0001,8
ETHUSDT,2022-06-24T08:00:00Z,8.003e-05,8
SOLUSDT,2022-06-24T08:00:00Z,-3.472e-05,8
BTCUSDT,2022-06-24T16:00:00Z,0.0001,8
ETHUSDT,2022-06-24T16:00:00Z,0.0001,8
SOLUSDT,2022-06-24T16:00:00Z,5.941e-05,8
BTCUSDT,2022-06-25T00:00:00Z,2.621e-05,8
ETHUSDT,2022-06-25T00:00:00Z,-3.928e-05,8
SOLUSDT,2022-06-25T00:00:00Z,4.599e-05,8
BTCUSDT,2022-06-25T08:00:00Z,0.0001,8
ETHUSDT,2022-06-25T08:00:00Z,3.156e-05,8
SOLUSDT,2022-06-25T08:00:00Z,6.69e-06,8
BTCUSDT,2022-06-25T16:00:00Z,0.0001,8
ETHUSDT,2022-06-25T16:00:00Z,6.42e-06,8
SOLUSDT,2022-06-25T16:00:00Z,4.134e-05,8
BTCUSDT,2022-06-26T00:00:00Z,0.0001,8
ETHUSDT,2022-06-26T00:00:00Z,0.0001,8
SOLUSDT,2022-06-26T00:00:00Z,0.0001,8
BTCUSDT,2022-06-26T08:00:00Z,0.0001,8
ETHUSDT,2022-06-26T08:00:00Z,2.837e-05,8
SOLUSDT,2022-06-26T08:00:00Z,5.422e-05,8
BTCUSDT,2022-06-26T16:00:00Z,6.69e-06,8
ETHUSDT,2022-06-26T16:00:00Z,-8.522e-05,8
SOLUSDT,2022-06-26T16:00:00Z,2.984e-05,8
BTCUSDT,2022-06-27T00:00:00Z,7.82e-05,8
ETHUSDT,2022-06-27T00:00:00Z,-0.00010252,8
SOLUSDT,2022-06-27T00:00:00Z,-8.524e-05,8
BTCUSDT,2022-06-27T08:00:00Z,3.533e-05,8
ETHUSDT,2022-06-27T08:00:00Z,-4.323e-05,8
SOLUSDT,2022-06-27T08:00:00Z,-5.212e-05,8
BTCUSDT,2022-06-27T16:00:00Z,6.102e-05,8
ETHUSDT,2022-06-27T16:00:00Z,-3.606e-05,8
SOLUSDT,2022-06-27T16:00:00Z,-5.794e-05,8
BTCUSDT,2022-06-28T00:00:00Z,-2.586e-05,8
ETHUSDT,2022-06-28T00:00:00Z,9.02e-06,8
SOLUSDT,2022-06-28T00:00:00Z,-1.66e-06,8
BTCUSDT,2022-06-28T08:00:00Z,-5.613e-05,8
ETHUSDT,2022-06-28T08:00:00Z,-2.707e-05,8
SOLUSDT,2022-06-28T08:00:00Z,-0.00011607,8
BTCUSDT,2022-06-28T16:00:00Z,2.435e-05,8
ETHUSDT,2022-06-28T16:00:00Z,6.622e-05,8
SOLUSDT,2022-06-28T16:00:00Z,-0.00010439,8
BTCUSDT,2022-06-29T00:00:00Z,4.188e-05,8
ETHUSDT,2022-06-29T00:00:00Z,3.172e-05,8
SOLUSDT,2022-06-29T00:00:00Z,-3.836e-05,8
BTCUSDT,2022-06-29T08:00:00Z,8.335e-05,8
ETHUSDT,2022-06-29T08:00:00Z,1.728e-05,8
SOLUSDT,2022-06-29T08:00:00Z,-9.36e-06,8
BTCUSDT,2022-06-29T16:00:00Z,5.319e-05,8
ETHUSDT,2022-06-29T16:00:00Z,1.147e-05,8
SOLUSDT,2022-06-29T16:00:00Z,5.463e-05,8
BTCUSDT,2022-06-30T00:00:00Z,3.24e-06,8
ETHUSDT,2022-06-30T00:00:00Z,3.467e-05,8
SOLUSDT,2022-06-30T00:00:00Z,-9.058e-05,8
BTCUSDT,2022-06-30T08:00:00Z,-5.159e-05,8
ETHUSDT,2022-06-30T08:00:00Z,-6.766e-05,8
SOLUSDT,2022-06-30T08:00:00Z,9.26e-06,8
BTCUSDT,2022-06-30T16:00:00Z,-0.00015879,8
ETHUSDT,2022-06-30T16:00:00Z,-0.00021692,8
SOLUSDT,2022-06-30T16:00:00Z,-1.65e-05,8
BTCUSDT,2022-07-01T00:00:00Z,-8.786e-05,8
ETHUSDT,2022-07-01T00:00:00Z,-0.00013323,8
SOLUSDT,2022-07-01T00:00:00Z,-7.592e-05,8
BTCUSDT,2022-07-01T08:00:00Z,3.106e-05,8
ETHUSDT,2022-07-01T08:00:00Z,4.122e-05,8
SOLUSDT,2022-07-01T08:00:00Z,-0.00012661,8
BTCUSDT,2022-07-01T16:00:00Z,-8.061e-05,8
ETHUSDT,2022-07-01T16:00:00Z,-9.037e-05,8
SOLUSDT,2022-07-01T16:00:00Z,-3.883e-05,8
BTCUSDT,2022-07-02T00:00:00Z,-2.913e-05,8
ETHUSDT,2022-07-02T00:00:00Z,-4.5e-06,8
SOLUSDT,2022-07-02T00:00:00Z,-8.115e-05,8
BTCUSDT,2022-07-02T08:00:00Z,5.218e-05,8
ETHUSDT,2022-07-02T08:00:00Z,-4.376e-05,8
SOLUSDT,2022-07-02T08:00:00Z,-6.851e-05,8
BTCUSDT,2022-07-02T16:00:00Z,2.12e-05,8
ETHUSDT,2022-07-02T16:00:00Z,-4.429e-05,8
SOLUSDT,2022-07-02T16:00:00Z,-2.603e-05,8
BTCUSDT,2022-07-03T00:00:00Z,3.57e-05,8
ETHUSDT,2022-07-03T00:00:00Z,8.102e-05,8
SOLUSDT,2022-07-03T00:00:00Z,-1.291e-05,8
BTCUSDT,2022-07-03T08:00:00Z,4.779e-05,8
ETHUSDT,2022-07-03T08:00:00Z,2.344e-05,8
SOLUSDT,2022-07-03T08:00:00Z,1.283e-05,8
BTCUSDT,2022-07-03T16:00:00Z,7.251e-05,8
ETHUSDT,2022-07-03T16:00:00Z,-9.636e-05,8
SOLUSDT,2022-07-03T16:00:00Z,-5.817e-05,8
BTCUSDT,2022-07-04T00:00:00Z,7.792e-05,8
ETHUSDT,2022-07-04T00:00:00Z,8.487e-05,8
SOLUSDT,2022-07-04T00:00:00Z,-1.79e-06,8
BTCUSDT,2022-07-04T08:00:00Z,4.63e-05,8
ETHUSDT,2022-07-04T08:00:00Z,-0.00014236,8
SOLUSDT,2022-07-04T08:00:00Z,-0.00014514,8
BTCUSDT,2022-07-04T16:00:00Z,2.248e-05,8
ETHUSDT,2022-07-04T16:00:00Z,6.349e-05,8
SOLUSDT,2022-07-04T16:00:00Z,6.37e-06,8
BTCUSDT,2022-07-05T00:00:00Z,5.291e-05,8
ETHUSDT,2022-07-05T00:00:00Z,8.23e-06,8
SOLUSDT,2022-07-05T00:00:00Z,-3.792e-05,8
BTCUSDT,2022-07-05T08:00:00Z,0.0001,8
ETHUSDT,2022-07-05T08:00:00Z,1.762e-05,8
SOLUSDT,2022-07-05T08:00:00Z,-7.35e-05,8
BTCUSDT,2022-07-05T16:00:00Z,1.2e-06,8
ETHUSDT,2022-07-05T16:00:00Z,4.28e-05,8
SOLUSDT,2022-07-05T16:00:00Z,-4.487e-05,8
BTCUSDT,2022-07-06T00:00:00Z,0.0001,8
ETHUSDT,2022-07-06T00:00:00Z,0.0001,8
SOLUSDT,2022-07-06T00:00:00Z,6.23e-06,8
BTCUSDT,2022-07-06T08:00:00Z,0.0001,8
ETHUSDT,2022-07-06T08:00:00Z,0.0001,8
SOLUSDT,2022-07-06T08:00:00Z,3.646e-05,8
BTCUSDT,2022-07-06T16:00:00Z,8.373e-05,8
ETHUSDT,2022-07-06T16:00:00Z,4.373e-05,8
SOLUSDT,2022-07-06T16:00:00Z,4.154e-05,8
BTCUSDT,2022-07-07T00:00:00Z,5.274e-05,8
ETHUSDT,2022-07-07T00:00:00Z,0.0001,8
SOLUSDT,2022-07-07T00:00:00Z,-1.899e-05,8
BTCUSDT,2022-07-07T08:00:00Z,0.0001,8
ETHUSDT,2022-07-07T08:00:00Z,0.0001,8
SOLUSDT,2022-07-07T08:00:00Z,7.689e-05,8
BTCUSDT,2022-07-07T16:00:00Z,0.0001,8
ETHUSDT,2022-07-07T16:00:00Z,6.891e-05,8
SOLUSDT,2022-07-07T16:00:00Z,-4.495e-05,8
BTCUSDT,2022-07-08T00:00:00Z,2.12e-06,8
ETHUSDT,2022-07-08T00:00:00Z,0.0001,8
SOLUSDT,2022-07-08T00:00:00Z,3.905e-05,8
BTCUSDT,2022-07-08T08:00:00Z,0.0001,8
ETHUSDT,2022-07-08T08:00:00Z,0.0001,8
SOLUSDT,2022-07-08T08:00:00Z,8.517e-05,8
BTCUSDT,2022-07-08T16:00:00Z,0.0001,8
ETHUSDT,2022-07-08T16:00:00Z,5.505e-05,8
SOLUSDT,2022-07-08T16:00:00Z,-0.00010229,8
BTCUSDT,2022-07-09T00:00:00Z,0.0001,8
ETHUSDT,2022-07-09T00:00:00Z,5.118e-05,8
SOLUSDT,2022-07-09T00:00:00Z,6.265e-05,8
BTCUSDT,2022-07-09T08:00:00Z,0.0001,8
ETHUSDT,2022-07-09T08:00:00Z,2.685e-05,8
SOLUSDT,2022-07-09T08:00:00Z,0.0001,8
BTCUSDT,2022-07-09T16:00:00Z,6.143e-05,8
ETHUSDT,2022-07-09T16:00:00Z,3.206e-05,8
SOLUSDT,2022-07-09T16:00:00Z,4.984e-05,8
BTCUSDT,2022-07-10T00:00:00Z,9.962e-05,8
ETHUSDT,2022-07-10T00:00:00Z,4.544e-05,8
SOLUSDT,2022-07-10T00:00:00Z,5.998e-05,8
BTCUSDT,2022-07-10T08:00:00Z,0.0001,8
ETHUSDT,2022-07-10T08:00:00Z,0.0001,8
SOLUSDT,2022-07-10T08:00:00Z,0.0001,8
BTCUSDT,2022-07-10T16:00:00Z,0.0001,8
ETHUSDT,2022-07-10T16:00:00Z,6.604e-05,8
SOLUSDT,2022-07-10T16:00:00Z,0.0001,8
BTCUSDT,2022-07-11T00:00:00Z,4.543e-05,8
ETHUSDT,2022-07-11T00:00:00Z,1.102e-05,8
SOLUSDT,2022-07-11T00:00:00Z,0.0001,8
BTCUSDT,2022-07-11T08:00:00Z,7.236e-05,8
ETHUSDT,2022-07-11T08:00:00Z,4.204e-05,8
SOLUSDT,2022-07-11T08:00:00Z,0.0001,8
BTCUSDT,2022-07-11T16:00:00Z,8.5e-05,8
ETHUSDT,2022-07-11T16:00:00Z,5.881e-05,8
SOLUSDT,2022-07-11T16:00:00Z,6.141e-05,8
BTCUSDT,2022-07-12T00:00:00Z,8.003e-05,8
ETHUSDT,2022-07-12T00:00:00Z,6.653e-05,8
SOLUSDT,2022-07-12T00:00:00Z,-2.61e-06,8
BTCUSDT,2022-07-12T08:00:00Z,6.433e-05,8
ETHUSDT,2022-07-12T08:00:00Z,-2.208e-05,8
SOLUSDT,2022-07-12T08:00:00Z,-3.365e-05,8
BTCUSDT,2022-07-12T16:00:00Z,2.667e-05,8
ETHUSDT,2022-07-12T16:00:00Z,-0.00010622,8
SOLUSDT,2022-07-12T16:00:00Z,8.5e-06,8
BTCUSDT,2022-07-13T00:00:00Z,-1.204e-05,8
ETHUSDT,2022-07-13T00:00:00Z,-0.00017917,8
SOLUSDT,2022-07-13T00:00:00Z,-6.728e-05,8
BTCUSDT,2022-07-13T08:00:00Z,6.17e-06,8
ETHUSDT,2022-07-13T08:00:00Z,-0.00019746,8
SOLUSDT,2022-07-13T08:00:00Z,-6.822e-05,8
BTCUSDT,2022-07-13T16:00:00Z,-1.218e-05,8
ETHUSDT,2022-07-13T16:00:00Z,-0.00012686,8
SOLUSDT,2022-07-13T16:00:00Z,-0.00017596,8
BTCUSDT,2022-07-14T00:00:00Z,5.7e-07,8
ETHUSDT,2022-07-14T00:00:00Z,-0.00012921,8
SOLUSDT,2022-07-14T00:00:00Z,1.647e-05,8
BTCUSDT,2022-07-14T08:00:00Z,0.0001,8
ETHUSDT,2022-07-14T08:00:00Z,1.264e-05,8
SOLUSDT,2022-07-14T08:00:00Z,0.0001,8
BTCUSDT,2022-07-14T16:00:00Z,3.451e-05,8
ETHUSDT,2022-07-14T16:00:00Z,-5.017e-05,8
SOLUSDT,2022-07-14T16:00:00Z,-4.3e-07,8
BTCUSDT,2022-07-15T00:00:00Z,9.257e-05,8
ETHUSDT,2022-07-15T00:00:00Z,0.0001,8
SOLUSDT,2022-07-15T00:00:00Z,0.0001,8
BTCUSDT,2022-07-15T08:00:00Z,1.401e-05,8
ETHUSDT,2022-07-15T08:00:00Z,4.667e-05,8
SOLUSDT,2022-07-15T08:00:00Z,0.0001,8
BTCUSDT,2022-07-15T16:00:00Z,1.601e-05,8
ETHUSDT,2022-07-15T16:00:00Z,-4.53e-06,8
SOLUSDT,2022-07-15T16:00:00Z,2.787e-05,8
BTCUSDT,2022-07-16T00:00:00Z,6.055e-05,8
ETHUSDT,2022-07-16T00:00:00Z,5.458e-05,8
SOLUSDT,2022-07-16T00:00:00Z,7.745e-05,8
BTCUSDT,2022-07-16T08:00:00Z,7.996e-05,8
ETHUSDT,2022-07-16T08:00:00Z,7.053e-05,8
SOLUSDT,2022-07-16T08:00:00Z,0.0001,8
BTCUSDT,2022-07-16T16:00:00Z,8e-06,8
ETHUSDT,2022-07-16T16:00:00Z,3.638e-05,8
SOLUSDT,2022-07-16T16:00:00Z,4.828e-05,8
BTCUSDT,2022-07-17T00:00:00Z,8.038e-05,8
ETHUSDT,2022-07-17T00:00:00Z,0.0001,8
SOLUSDT,2022-07-17T00:00:00Z,0.0001,8
BTCUSDT,2022-07-17T08:00:00Z,0.0001,8
ETHUSDT,2022-07-17T08:00:00Z,8e-08,8
SOLUSDT,2022-07-17T08:00:00Z,0.0001,8
BTCUSDT,2022-07-17T16:00:00Z,8.709e-05,8
ETHUSDT,2022-07-17T16:00:00Z,-6.39e-06,8
SOLUSDT,2022-07-17T16:00:00Z,0.0001,8
BTCUSDT,2022-07-18T00:00:00Z,0.0001,8
ETHUSDT,2022-07-18T00:00:00Z,-2.025e-05,8
SOLUSDT,2022-07-18T00:00:00Z,4.956e-05,8
BTCUSDT,2022-07-18T08:00:00Z,0.0001,8
ETHUSDT,2022-07-18T08:00:00Z,-8.57e-06,8
SOLUSDT,2022-07-18T08:00:00Z,0.0001,8
BTCUSDT,2022-07-18T16:00:00Z,0.0001,8
ETHUSDT,2022-07-18T16:00:00Z,7.25e-05,8
SOLUSDT,2022-07-18T16:00:00Z,0.0001,8
BTCUSDT,2022-07-19T00:00:00Z,0.0001,8
ETHUSDT,2022-07-19T00:00:00Z,0.0001,8
SOLUSDT,2022-07-19T00:00:00Z,0.0001,8
BTCUSDT,2022-07-19T08:00:00Z,0.0001,8
ETHUSDT,2022-07-19T08:00:00Z,0.0001,8
SOLUSDT,2022-07-19T08:00:00Z,0.0001,8
BTCUSDT,2022-07-19T16:00:00Z,0.0001,8
ETHUSDT,2022-07-19T16:00:00Z,4.242e-05,8
SOLUSDT,2022-07-19T16:00:00Z,0.0001,8
BTCUSDT,2022-07-20T00:00:00Z,0.0001,8
ETHUSDT,2022-07-20T00:00:00Z,5.437e-05,8
SOLUSDT,2022-07-20T00:00:00Z,0.0001,8
BTCUSDT,2022-07-20T08:00:00Z,0.0001,8
ETHUSDT,2022-07-20T08:00:00Z,-4.179e-05,8
SOLUSDT,2022-07-20T08:00:00Z,0.0001,8
BTCUSDT,2022-07-20T16:00:00Z,8.118e-05,8
ETHUSDT,2022-07-20T16:00:00Z,2.871e-05,8
SOLUSDT,2022-07-20T16:00:00Z,0.0001,8
BTCUSDT,2022-07-21T00:00:00Z,0.0001,8
ETHUSDT,2022-07-21T00:00:00Z,0.0001,8
SOLUSDT,2022-07-21T00:00:00Z,0.0001,8
BTCUSDT,2022-07-21T08:00:00Z,0.0001,8
ETHUSDT,2022-07-21T08:00:00Z,0.0001,8
SOLUSDT,2022-07-21T08:00:00Z,0.0001,8
BTCUSDT,2022-07-21T16:00:00Z,0.0001,8
ETHUSDT,2022-07-21T16:00:00Z,0.0001,8
SOLUSDT,2022-07-21T16:00:00Z,0.0001,8
BTCUSDT,2022-07-22T00:00:00Z,0.0001,8
ETHUSDT,2022-07-22T00:00:00Z,0.0001,8
SOLUSDT,2022-07-22T00:00:00Z,0.0001,8
BTCUSDT,2022-07-22T08:00:00Z,0.0001,8
ETHUSDT,2022-07-22T08:00:00Z,0.0001,8
SOLUSDT,2022-07-22T08:00:00Z,0.0001,8
BTCUSDT,2022-07-22T16:00:00Z,5.172e-05,8
ETHUSDT,2022-07-22T16:00:00Z,9.317e-05,8
SOLUSDT,2022-07-22T16:00:00Z,0.0001,8
BTCUSDT,2022-07-23T00:00:00Z,9.043e-05,8
ETHUSDT,2022-07-23T00:00:00Z,5.463e-05,8
SOLUSDT,2022-07-23T00:00:00Z,5.983e-05,8
BTCUSDT,2022-07-23T08:00:00Z,1.021e-05,8
ETHUSDT,2022-07-23T08:00:00Z,6.541e-05,8
SOLUSDT,2022-07-23T08:00:00Z,7.218e-05,8
BTCUSDT,2022-07-23T16:00:00Z,0.0001,8
ETHUSDT,2022-07-23T16:00:00Z,0.0001,8
SOLUSDT,2022-07-23T16:00:00Z,0.0001,8
BTCUSDT,2022-07-24T00:00:00Z,3.77e-05,8
ETHUSDT,2022-07-24T00:00:00Z,0.0001,8
SOLUSDT,2022-07-24T00:00:00Z,1.546e-05,8
BTCUSDT,2022-07-24T08:00:00Z,0.0001,8
ETHUSDT,2022-07-24T08:00:00Z,0.0001,8
SOLUSDT,2022-07-24T08:00:00Z,0.0001,8
BTCUSDT,2022-07-24T16:00:00Z,8.293e-05,8
ETHUSDT,2022-07-24T16:00:00Z,0.0001,8
SOLUSDT,2022-07-24T16:00:00Z,2.87e-05,8
BTCUSDT,2022-07-25T00:00:00Z,0.0001,8
ETHUSDT,2022-07-25T00:00:00Z,0.0001,8
SOLUSDT,2022-07-25T00:00:00Z,0.0001,8
BTCUSDT,2022-07-25T08:00:00Z,1.238e-05,8
ETHUSDT,2022-07-25T08:00:00Z,-1.134e-05,8
SOLUSDT,2022-07-25T08:00:00Z,-2.96e-05,8
BTCUSDT,2022-07-25T16:00:00Z,2.319e-05,8
ETHUSDT,2022-07-25T16:00:00Z,7.434e-05,8
SOLUSDT,2022-07-25T16:00:00Z,1.302e-05,8
BTCUSDT,2022-07-26T00:00:00Z,0.0001,8
ETHUSDT,2022-07-26T00:00:00Z,6.69e-05,8
SOLUSDT,2022-07-26T00:00:00Z,2.473e-05,8
BTCUSDT,2022-07-26T08:00:00Z,3.654e-05,8
ETHUSDT,2022-07-26T08:00:00Z,7.151e-05,8
SOLUSDT,2022-07-26T08:00:00Z,4.215e-05,8
BTCUSDT,2022-07-26T16:00:00Z,8.659e-05,8
ETHUSDT,2022-07-26T16:00:00Z,0.0001,8
SOLUSDT,2022-07-26T16:00:00Z,7.794e-05,8
BTCUSDT,2022-07-27T00:00:00Z,4.591e-05,8
ETHUSDT,2022-07-27T00:00:00Z,7.41e-06,8
SOLUSDT,2022-07-27T00:00:00Z,7.23e-06,8
BTCUSDT,2022-07-27T08:00:00Z,5.085e-05,8
ETHUSDT,2022-07-27T08:00:00Z,8.204e-05,8
SOLUSDT,2022-07-27T08:00:00Z,6.03e-05,8
BTCUSDT,2022-07-27T16:00:00Z,2.951e-05,8
ETHUSDT,2022-07-27T16:00:00Z,3.325e-05,8
SOLUSDT,2022-07-27T16:00:00Z,-7.25e-06,8
BTCUSDT,2022-07-28T00:00:00Z,9.229e-05,8
ETHUSDT,2022-07-28T00:00:00Z,0.0001,8
SOLUSDT,2022-07-28T00:00:00Z,0.0001,8
BTCUSDT,2022-07-28T08:00:00Z,0.0001,8
ETHUSDT,2022-07-28T08:00:00Z,0.0001,8
SOLUSDT,2022-07-28T08:00:00Z,0.0001,8
BTCUSDT,2022-07-28T16:00:00Z,0.0001,8
ETHUSDT,2022-07-28T16:00:00Z,0.0001,8
SOLUSDT,2022-07-28T16:00:00Z,0.0001,8
BTCUSDT,2022-07-29T00:00:00Z,0.0001,8
ETHUSDT,2022-07-29T00:00:00Z,0.0001,8
SOLUSDT,2022-07-29T00:00:00Z,0.0001,8
BTCUSDT,2022-07-29T08:00:00Z,0.0001,8
ETHUSDT,2022-07-29T08:00:00Z,0.0001,8
SOLUSDT,2022-07-29T08:00:00Z,0.0001,8
BTCUSDT,2022-07-29T16:00:00Z,0.0001,8
ETHUSDT,2022-07-29T16:00:00Z,0.0001,8
SOLUSDT,2022-07-29T16:00:00Z,0.0001,8
BTCUSDT,2022-07-30T00:00:00Z,0.0001,8
ETHUSDT,2022-07-30T00:00:00Z,0.0001,8
SOLUSDT,2022-07-30T00:00:00Z,0.0001,8
BTCUSDT,2022-07-30T08:00:00Z,0.0001,8
ETHUSDT,2022-07-30T08:00:00Z,0.0001,8
SOLUSDT,2022-07-30T08:00:00Z,0.0001,8
BTCUSDT,2022-07-30T16:00:00Z,0.0001,8
ETHUSDT,2022-07-30T16:00:00Z,5.049e-05,8
SOLUSDT,2022-07-30T16:00:00Z,0.0001,8
BTCUSDT,2022-07-31T00:00:00Z,0.0001,8
ETHUSDT,2022-07-31T00:00:00Z,4.431e-05,8
SOLUSDT,2022-07-31T00:00:00Z,0.0001,8
BTCUSDT,2022-07-31T08:00:00Z,0.0001,8
ETHUSDT,2022-07-31T08:00:00Z,0.0001,8
SOLUSDT,2022-07-31T08:00:00Z,0.0001,8
BTCUSDT,2022-07-31T16:00:00Z,6.281e-05,8
ETHUSDT,2022-07-31T16:00:00Z,5.528e-05,8
SOLUSDT,2022-07-31T16:00:00Z,0.0001,8
BTCUSDT,2022-08-01T00:00:00Z,0.0001,8
ETHUSDT,2022-08-01T00:00:00Z,9.823e-05,8
SOLUSDT,2022-08-01T00:00:00Z,1.22e-05,8
BTCUSDT,2022-08-01T08:00:00Z,0.0001,8
ETHUSDT,2022-08-01T08:00:00Z,0.0001,8
SOLUSDT,2022-08-01T08:00:00Z,0.0001,8
BTCUSDT,2022-08-01T16:00:00Z,6.449e-05,8
ETHUSDT,2022-08-01T16:00:00Z,6.285e-05,8
SOLUSDT,2022-08-01T16:00:00Z,0.0001,8
BTCUSDT,2022-08-02T00:00:00Z,0.0001,8
ETHUSDT,2022-08-02T00:00:00Z,0.0001,8
SOLUSDT,2022-08-02T00:00:00Z,9.608e-05,8
BTCUSDT,2022-08-02T08:00:00Z,9.733e-05,8
ETHUSDT,2022-08-02T08:00:00Z,1.617e-05,8
SOLUSDT,2022-08-02T08:00:00Z,-1.138e-05,8
BTCUSDT,2022-08-02T16:00:00Z,5.885e-05,8
ETHUSDT,2022-08-02T16:00:00Z,1.593e-05,8
SOLUSDT,2022-08-02T16:00:00Z,-5.7e-06,8
BTCUSDT,2022-08-03T00:00:00Z,3.28e-06,8
ETHUSDT,2022-08-03T00:00:00Z,6.888e-05,8
SOLUSDT,2022-08-03T00:00:00Z,3.935e-05,8
BTCUSDT,2022-08-03T08:00:00Z,-3.96e-05,8
ETHUSDT,2022-08-03T08:00:00Z,3.68e-06,8
SOLUSDT,2022-08-03T08:00:00Z,-8.266e-05,8
BTCUSDT,2022-08-03T16:00:00Z,4.382e-05,8
ETHUSDT,2022-08-03T16:00:00Z,-3.047e-05,8
SOLUSDT,2022-08-03T16:00:00Z,-0.0001824,8
BTCUSDT,2022-08-04T00:00:00Z,-1.91e-06,8
ETHUSDT,2022-08-04T00:00:00Z,1.183e-05,8
SOLUSDT,2022-08-04T00:00:00Z,-3.691e-05,8
BTCUSDT,2022-08-04T08:00:00Z,1.778e-05,8
ETHUSDT,2022-08-04T08:00:00Z,7.702e-05,8
SOLUSDT,2022-08-04T08:00:00Z,-5.352e-05,8
BTCUSDT,2022-08-04T16:00:00Z,1.436e-05,8
ETHUSDT,2022-08-04T16:00:00Z,7.119e-05,8
SOLUSDT,2022-08-04T16:00:00Z,-1.77e-06,8
BTCUSDT,2022-08-05T00:00:00Z,1.692e-05,8
ETHUSDT,2022-08-05T00:00:00Z,7.649e-05,8
SOLUSDT,2022-08-05T00:00:00Z,2.935e-05,8
BTCUSDT,2022-08-05T08:00:00Z,6.774e-05,8
ETHUSDT,2022-08-05T08:00:00Z,0.0001,8
SOLUSDT,2022-08-05T08:00:00Z,0.0001,8
BTCUSDT,2022-08-05T16:00:00Z,2.115e-05,8
ETHUSDT,2022-08-05T16:00:00Z,0.0001,8
SOLUSDT,2022-08-05T16:00:00Z,9.433e-05,8
BTCUSDT,2022-08-06T00:00:00Z,6.888e-05,8
ETHUSDT,2022-08-06T00:00:00Z,0.0001,8
SOLUSDT,2022-08-06T00:00:00Z,0.0001,8
BTCUSDT,2022-08-06T08:00:00Z,8.589e-05,8
ETHUSDT,2022-08-06T08:00:00Z,0.0001,8
SOLUSDT,2022-08-06T08:00:00Z,0.0001,8
BTCUSDT,2022-08-06T16:00:00Z,0.0001,8
ETHUSDT,2022-08-06T16:00:00Z,0.0001,8
SOLUSDT,2022-08-06T16:00:00Z,0.0001,8
BTCUSDT,2022-08-07T00:00:00Z,0.0001,8
ETHUSDT,2022-08-07T00:00:00Z,0.0001,8
SOLUSDT,2022-08-07T00:00:00Z,0.0001,8
BTCUSDT,2022-08-07T08:00:00Z,-7.37e-06,8
ETHUSDT,2022-08-07T08:00:00Z,-2.278e-05,8
SOLUSDT,2022-08-07T08:00:00Z,8.3e-05,8
BTCUSDT,2022-08-07T16:00:00Z,2.401e-05,8
ETHUSDT,2022-08-07T16:00:00Z,2.801e-05,8
SOLUSDT,2022-08-07T16:00:00Z,6.506e-05,8
BTCUSDT,2022-08-08T00:00:00Z,0.0001,8
ETHUSDT,2022-08-08T00:00:00Z,-1.33e-05,8
SOLUSDT,2022-08-08T00:00:00Z,0.0001,8
BTCUSDT,2022-08-08T08:00:00Z,2.79e-05,8
ETHUSDT,2022-08-08T08:00:00Z,2.805e-05,8
SOLUSDT,2022-08-08T08:00:00Z,0.0001,8
BTCUSDT,2022-08-08T16:00:00Z,0.0001,8
ETHUSDT,2022-08-08T16:00:00Z,0.0001,8
SOLUSDT,2022-08-08T16:00:00Z,0.0001,8
BTCUSDT,2022-08-09T00:00:00Z,0.0001,8
ETHUSDT,2022-08-09T00:00:00Z,5.993e-05,8
SOLUSDT,2022-08-09T00:00:00Z,0.0001,8
BTCUSDT,2022-08-09T08:00:00Z,7.92e-05,8
ETHUSDT,2022-08-09T08:00:00Z,-3.21e-06,8
SOLUSDT,2022-08-09T08:00:00Z,0.0001,8
BTCUSDT,2022-08-09T16:00:00Z,0.0001,8
ETHUSDT,2022-08-09T16:00:00Z,-0.00014349,8
SOLUSDT,2022-08-09T16:00:00Z,0.0001,8
BTCUSDT,2022-08-10T00:00:00Z,-1.314e-05,8
ETHUSDT,2022-08-10T00:00:00Z,-0.00010375,8
SOLUSDT,2022-08-10T00:00:00Z,6.131e-05,8
BTCUSDT,2022-08-10T08:00:00Z,5.81e-06,8
ETHUSDT,2022-08-10T08:00:00Z,-3.238e-05,8
SOLUSDT,2022-08-10T08:00:00Z,0.0001,8
BTCUSDT,2022-08-10T16:00:00Z,9.44e-05,8
ETHUSDT,2022-08-10T16:00:00Z,0.0001,8
SOLUSDT,2022-08-10T16:00:00Z,0.0001,8
BTCUSDT,2022-08-11T00:00:00Z,7.206e-05,8
ETHUSDT,2022-08-11T00:00:00Z,0.0001,8
SOLUSDT,2022-08-11T00:00:00Z,0.0001,8
BTCUSDT,2022-08-11T08:00:00Z,0.0001,8
ETHUSDT,2022-08-11T08:00:00Z,4.392e-05,8
SOLUSDT,2022-08-11T08:00:00Z,0.0001,8
BTCUSDT,2022-08-11T16:00:00Z,4.911e-05,8
ETHUSDT,2022-08-11T16:00:00Z,1.783e-05,8
SOLUSDT,2022-08-11T16:00:00Z,0.0001,8
BTCUSDT,2022-08-12T00:00:00Z,9.024e-05,8
ETHUSDT,2022-08-12T00:00:00Z,2.566e-05,8
SOLUSDT,2022-08-12T00:00:00Z,0.0001,8
BTCUSDT,2022-08-12T08:00:00Z,1.412e-05,8
ETHUSDT,2022-08-12T08:00:00Z,5.216e-05,8
SOLUSDT,2022-08-12T08:00:00Z,0.0001,8
BTCUSDT,2022-08-12T16:00:00Z,-3.384e-05,8
ETHUSDT,2022-08-12T16:00:00Z,8.336e-05,8
SOLUSDT,2022-08-12T16:00:00Z,0.0001,8
BTCUSDT,2022-08-13T00:00:00Z,-3.559e-05,8
ETHUSDT,2022-08-13T00:00:00Z,7.636e-05,8
SOLUSDT,2022-08-13T00:00:00Z,0.0001,8
BTCUSDT,2022-08-13T08:00:00Z,8.455e-05,8
ETHUSDT,2022-08-13T08:00:00Z,4.086e-05,8
SOLUSDT,2022-08-13T08:00:00Z,0.0001,8
BTCUSDT,2022-08-13T16:00:00Z,2.154e-05,8
ETHUSDT,2022-08-13T16:00:00Z,2.735e-05,8
SOLUSDT,2022-08-13T16:00:00Z,0.0001,8
BTCUSDT,2022-08-14T00:00:00Z,2.396e-05,8
ETHUSDT,2022-08-14T00:00:00Z,3.144e-05,8
SOLUSDT,2022-08-14T00:00:00Z,0.0001,8
BTCUSDT,2022-08-14T08:00:00Z,-3.33e-06,8
ETHUSDT,2022-08-14T08:00:00Z,8.292e-05,8
SOLUSDT,2022-08-14T08:00:00Z,0.0001,8
BTCUSDT,2022-08-14T16:00:00Z,1.239e-05,8
ETHUSDT,2022-08-14T16:00:00Z,2.19e-06,8
SOLUSDT,2022-08-14T16:00:00Z,5.903e-05,8
BTCUSDT,2022-08-15T00:00:00Z,-3.766e-05,8
ETHUSDT,2022-08-15T00:00:00Z,-6.757e-05,8
SOLUSDT,2022-08-15T00:00:00Z,0.0001,8
BTCUSDT,2022-08-15T08:00:00Z,1.077e-05,8
ETHUSDT,2022-08-15T08:00:00Z,3.991e-05,8
SOLUSDT,2022-08-15T08:00:00Z,0.0001,8
BTCUSDT,2022-08-15T16:00:00Z,-1.339e-05,8
ETHUSDT,2022-08-15T16:00:00Z,-4.854e-05,8
SOLUSDT,2022-08-15T16:00:00Z,0.0001,8
BTCUSDT,2022-08-16T00:00:00Z,3.243e-05,8
ETHUSDT,2022-08-16T00:00:00Z,-6.945e-05,8
SOLUSDT,2022-08-16T00:00:00Z,5.359e-05,8
BTCUSDT,2022-08-16T08:00:00Z,1.56e-06,8
ETHUSDT,2022-08-16T08:00:00Z,3.333e-05,8
SOLUSDT,2022-08-16T08:00:00Z,0.0001,8
BTCUSDT,2022-08-16T16:00:00Z,2.87e-05,8
ETHUSDT,2022-08-16T16:00:00Z,3.842e-05,8
SOLUSDT,2022-08-16T16:00:00Z,7.023e-05,8
BTCUSDT,2022-08-17T00:00:00Z,4.66e-06,8
ETHUSDT,2022-08-17T00:00:00Z,5.927e-05,8
SOLUSDT,2022-08-17T00:00:00Z,5.26e-05,8
BTCUSDT,2022-08-17T08:00:00Z,2.62e-06,8
ETHUSDT,2022-08-17T08:00:00Z,6.626e-05,8
SOLUSDT,2022-08-17T08:00:00Z,2.94e-06,8
BTCUSDT,2022-08-17T16:00:00Z,9.364e-05,8
ETHUSDT,2022-08-17T16:00:00Z,4.034e-05,8
SOLUSDT,2022-08-17T16:00:00Z,3.733e-05,8
BTCUSDT,2022-08-18T00:00:00Z,8.391e-05,8
ETHUSDT,2022-08-18T00:00:00Z,2.314e-05,8
SOLUSDT,2022-08-18T00:00:00Z,-0.0001383,8
BTCUSDT,2022-08-18T08:00:00Z,0.0001,8
ETHUSDT,2022-08-18T08:00:00Z,9.463e-05,8
SOLUSDT,2022-08-18T08:00:00Z,3.437e-05,8
BTCUSDT,2022-08-18T16:00:00Z,7.171e-05,8
ETHUSDT,2022-08-18T16:00:00Z,3.449e-05,8
SOLUSDT,2022-08-18T16:00:00Z,-0.00010846,8
BTCUSDT,2022-08-19T00:00:00Z,0.0001,8
ETHUSDT,2022-08-19T00:00:00Z,5.275e-05,8
SOLUSDT,2022-08-19T00:00:00Z,6.21e-06,8
BTCUSDT,2022-08-19T08:00:00Z,2.108e-05,8
ETHUSDT,2022-08-19T08:00:00Z,0.0001,8
SOLUSDT,2022-08-19T08:00:00Z,-0.00038828,8
BTCUSDT,2022-08-19T16:00:00Z,-6.746e-05,8
ETHUSDT,2022-08-19T16:00:00Z,1.435e-05,8
SOLUSDT,2022-08-19T16:00:00Z,-0.00033393,8
BTCUSDT,2022-08-20T00:00:00Z,1.07e-05,8
ETHUSDT,2022-08-20T00:00:00Z,4.557e-05,8
SOLUSDT,2022-08-20T00:00:00Z,-0.00011506,8
BTCUSDT,2022-08-20T08:00:00Z,-6.722e-05,8
ETHUSDT,2022-08-20T08:00:00Z,-3.743e-05,8
SOLUSDT,2022-08-20T08:00:00Z,-5.997e-05,8
BTCUSDT,2022-08-20T16:00:00Z,-4.567e-05,8
ETHUSDT,2022-08-20T16:00:00Z,9.91e-06,8
SOLUSDT,2022-08-20T16:00:00Z,-1.428e-05,8
BTCUSDT,2022-08-21T00:00:00Z,-1.957e-05,8
ETHUSDT,2022-08-21T00:00:00Z,-1.408e-05,8
SOLUSDT,2022-08-21T00:00:00Z,-0.00010479,8
BTCUSDT,2022-08-21T08:00:00Z,-3.589e-05,8
ETHUSDT,2022-08-21T08:00:00Z,1.912e-05,8
SOLUSDT,2022-08-21T08:00:00Z,-8.599e-05,8
BTCUSDT,2022-08-21T16:00:00Z,-3.234e-05,8
ETHUSDT,2022-08-21T16:00:00Z,-5.859e-05,8
SOLUSDT,2022-08-21T16:00:00Z,-0.00026181,8
BTCUSDT,2022-08-22T00:00:00Z,-8.092e-05,8
ETHUSDT,2022-08-22T00:00:00Z,-5.605e-05,8
SOLUSDT,2022-08-22T00:00:00Z,-0.0003227,8
BTCUSDT,2022-08-22T08:00:00Z,-3.215e-05,8
ETHUSDT,2022-08-22T08:00:00Z,6.886e-05,8
SOLUSDT,2022-08-22T08:00:00Z,-2.91e-05,8
BTCUSDT,2022-08-22T16:00:00Z,4.021e-05,8
ETHUSDT,2022-08-22T16:00:00Z,7.481e-05,8
SOLUSDT,2022-08-22T16:00:00Z,-9.817e-05,8
BTCUSDT,2022-08-23T00:00:00Z,-3.345e-05,8
ETHUSDT,2022-08-23T00:00:00Z,6.559e-05,8
SOLUSDT,2022-08-23T00:00:00Z,-4.493e-05,8
BTCUSDT,2022-08-23T08:00:00Z,-4.031e-05,8
ETHUSDT,2022-08-23T08:00:00Z,-1.8e-05,8
SOLUSDT,2022-08-23T08:00:00Z,6.755e-05,8
BTCUSDT,2022-08-23T16:00:00Z,8.46e-06,8
ETHUSDT,2022-08-23T16:00:00Z,-9.315e-05,8
SOLUSDT,2022-08-23T16:00:00Z,4.169e-05,8
BTCUSDT,2022-08-24T00:00:00Z,2.509e-05,8
ETHUSDT,2022-08-24T00:00:00Z,-8.879e-05,8
SOLUSDT,2022-08-24T00:00:00Z,7.789e-05,8
BTCUSDT,2022-08-24T08:00:00Z,-4.353e-05,8
ETHUSDT,2022-08-24T08:00:00Z,-2.313e-05,8
SOLUSDT,2022-08-24T08:00:00Z,-8.471e-05,8
BTCUSDT,2022-08-24T16:00:00Z,-3.538e-05,8
ETHUSDT,2022-08-24T16:00:00Z,5.38e-06,8
SOLUSDT,2022-08-24T16:00:00Z,-5.88e-06,8
BTCUSDT,2022-08-25T00:00:00Z,1.28e-06,8
ETHUSDT,2022-08-25T00:00:00Z,-9.281e-05,8
SOLUSDT,2022-08-25T00:00:00Z,2.438e-05,8
BTCUSDT,2022-08-25T08:00:00Z,1.547e-05,8
ETHUSDT,2022-08-25T08:00:00Z,-1.814e-05,8
SOLUSDT,2022-08-25T08:00:00Z,-0.00015818,8
BTCUSDT,2022-08-25T16:00:00Z,4.481e-05,8
ETHUSDT,2022-08-25T16:00:00Z,2.635e-05,8
SOLUSDT,2022-08-25T16:00:00Z,-0.0001082,8
BTCUSDT,2022-08-26T00:00:00Z,-1.707e-05,8
ETHUSDT,2022-08-26T00:00:00Z,4.613e-05,8
SOLUSDT,2022-08-26T00:00:00Z,-8.608e-05,8
BTCUSDT,2022-08-26T08:00:00Z,3.207e-05,8
ETHUSDT,2022-08-26T08:00:00Z,2.49e-05,8
SOLUSDT,2022-08-26T08:00:00Z,-0.00030594,8
BTCUSDT,2022-08-26T16:00:00Z,2.599e-05,8
ETHUSDT,2022-08-26T16:00:00Z,8.902e-05,8
SOLUSDT,2022-08-26T16:00:00Z,-0.00012159,8
BTCUSDT,2022-08-27T00:00:00Z,-2.808e-05,8
ETHUSDT,2022-08-27T00:00:00Z,-0.0002075,8
SOLUSDT,2022-08-27T00:00:00Z,-0.00044781,8
BTCUSDT,2022-08-27T08:00:00Z,-6.29e-05,8
ETHUSDT,2022-08-27T08:00:00Z,-7.754e-05,8
SOLUSDT,2022-08-27T08:00:00Z,-0.00042888,8
BTCUSDT,2022-08-27T16:00:00Z,-4.396e-05,8
ETHUSDT,2022-08-27T16:00:00Z,-0.000272,8
SOLUSDT,2022-08-27T16:00:00Z,-0.00023003,8
BTCUSDT,2022-08-28T00:00:00Z,-1.396e-05,8
ETHUSDT,2022-08-28T00:00:00Z,-0.0002537,8
SOLUSDT,2022-08-28T00:00:00Z,-0.00040142,8
BTCUSDT,2022-08-28T08:00:00Z,-8.758e-05,8
ETHUSDT,2022-08-28T08:00:00Z,-0.0002688,8
SOLUSDT,2022-08-28T08:00:00Z,-0.00026121,8
BTCUSDT,2022-08-28T16:00:00Z,-2.443e-05,8
ETHUSDT,2022-08-28T16:00:00Z,1.893e-05,8
SOLUSDT,2022-08-28T16:00:00Z,-0.00027065,8
BTCUSDT,2022-08-29T00:00:00Z,-0.00013623,8
ETHUSDT,2022-08-29T00:00:00Z,-0.00024797,8
SOLUSDT,2022-08-29T00:00:00Z,-0.00049567,8
BTCUSDT,2022-08-29T08:00:00Z,-0.00010056,8
ETHUSDT,2022-08-29T08:00:00Z,-0.00017053,8
SOLUSDT,2022-08-29T08:00:00Z,-0.00023722,8
BTCUSDT,2022-08-29T16:00:00Z,-6.193e-05,8
ETHUSDT,2022-08-29T16:00:00Z,-6.657e-05,8
SOLUSDT,2022-08-29T16:00:00Z,-1.951e-05,8
BTCUSDT,2022-08-30T00:00:00Z,1.123e-05,8
ETHUSDT,2022-08-30T00:00:00Z,-9.478e-05,8
SOLUSDT,2022-08-30T00:00:00Z,4.076e-05,8
BTCUSDT,2022-08-30T08:00:00Z,-3.356e-05,8
ETHUSDT,2022-08-30T08:00:00Z,-6.689e-05,8
SOLUSDT,2022-08-30T08:00:00Z,-5.69e-06,8
BTCUSDT,2022-08-30T16:00:00Z,-5.903e-05,8
ETHUSDT,2022-08-30T16:00:00Z,-5.782e-05,8
SOLUSDT,2022-08-30T16:00:00Z,-9.646e-05,8
BTCUSDT,2022-08-31T00:00:00Z,-2.089e-05,8
ETHUSDT,2022-08-31T00:00:00Z,-0.00011151,8
SOLUSDT,2022-08-31T00:00:00Z,3.327e-05,8
BTCUSDT,2022-08-31T08:00:00Z,5.779e-05,8
ETHUSDT,2022-08-31T08:00:00Z,-2.5e-07,8
SOLUSDT,2022-08-31T08:00:00Z,4.943e-05,8
BTCUSDT,2022-08-31T16:00:00Z,4.95e-05,8
ETHUSDT,2022-08-31T16:00:00Z,7.105e-05,8
SOLUSDT,2022-08-31T16:00:00Z,-1.411e-05,8
BTCUSDT,2022-09-01T00:00:00Z,9.39e-05,8
ETHUSDT,2022-09-01T00:00:00Z,-1.273e-05,8
SOLUSDT,2022-09-01T00:00:00Z,1.033e-05,8
BTCUSDT,2022-09-01T08:00:00Z,2.266e-05,8
ETHUSDT,2022-09-01T08:00:00Z,9.18e-06,8
SOLUSDT,2022-09-01T08:00:00Z,-0.00010618,8
BTCUSDT,2022-09-01T16:00:00Z,3.63e-05,8
ETHUSDT,2022-09-01T16:00:00Z,-7.998e-05,8
SOLUSDT,2022-09-01T16:00:00Z,3.81e-06,8
BTCUSDT,2022-09-02T00:00:00Z,2.498e-05,8
ETHUSDT,2022-09-02T00:00:00Z,5.469e-05,8
SOLUSDT,2022-09-02T00:00:00Z,5.04e-05,8
BTCUSDT,2022-09-02T08:00:00Z,4.905e-05,8
ETHUSDT,2022-09-02T08:00:00Z,3.291e-05,8
SOLUSDT,2022-09-02T08:00:00Z,0.0001,8
BTCUSDT,2022-09-02T16:00:00Z,4.443e-05,8
ETHUSDT,2022-09-02T16:00:00Z,-1.84e-05,8
SOLUSDT,2022-09-02T16:00:00Z,7.74e-05,8
BTCUSDT,2022-09-03T00:00:00Z,-1.99e-06,8
ETHUSDT,2022-09-03T00:00:00Z,-0.00012553,8
SOLUSDT,2022-09-03T00:00:00Z,-0.00014696,8
BTCUSDT,2022-09-03T08:00:00Z,9.442e-05,8
ETHUSDT,2022-09-03T08:00:00Z,-0.00010187,8
SOLUSDT,2022-09-03T08:00:00Z,-6.406e-05,8
BTCUSDT,2022-09-03T16:00:00Z,1.115e-05,8
ETHUSDT,2022-09-03T16:00:00Z,-9.441e-05,8
SOLUSDT,2022-09-03T16:00:00Z,-0.00012061,8
BTCUSDT,2022-09-04T00:00:00Z,5.88e-06,8
ETHUSDT,2022-09-04T00:00:00Z,1.789e-05,8
SOLUSDT,2022-09-04T00:00:00Z,-1.164e-05,8
BTCUSDT,2022-09-04T08:00:00Z,5.463e-05,8
ETHUSDT,2022-09-04T08:00:00Z,-4.425e-05,8
SOLUSDT,2022-09-04T08:00:00Z,6.509e-05,8
BTCUSDT,2022-09-04T16:00:00Z,2.119e-05,8
ETHUSDT,2022-09-04T16:00:00Z,-9.236e-05,8
SOLUSDT,2022-09-04T16:00:00Z,0.0001,8
BTCUSDT,2022-09-05T00:00:00Z,8.292e-05,8
ETHUSDT,2022-09-05T00:00:00Z,8.77e-06,8
SOLUSDT,2022-09-05T00:00:00Z,8.913e-05,8
BTCUSDT,2022-09-05T08:00:00Z,-7.37e-06,8
ETHUSDT,2022-09-05T08:00:00Z,-0.00010286,8
SOLUSDT,2022-09-05T08:00:00Z,0.0001,8
BTCUSDT,2022-09-05T16:00:00Z,4.712e-05,8
ETHUSDT,2022-09-05T16:00:00Z,-5.01e-05,8
SOLUSDT,2022-09-05T16:00:00Z,1.162e-05,8
BTCUSDT,2022-09-06T00:00:00Z,-2.45e-06,8
ETHUSDT,2022-09-06T00:00:00Z,-0.00016568,8
SOLUSDT,2022-09-06T00:00:00Z,9.084e-05,8
BTCUSDT,2022-09-06T08:00:00Z,3.43e-06,8
ETHUSDT,2022-09-06T08:00:00Z,-0.00013291,8
SOLUSDT,2022-09-06T08:00:00Z,0.0001,8
BTCUSDT,2022-09-06T16:00:00Z,3.473e-05,8
ETHUSDT,2022-09-06T16:00:00Z,-2.352e-05,8
SOLUSDT,2022-09-06T16:00:00Z,0.0001,8
BTCUSDT,2022-09-07T00:00:00Z,-8.601e-05,8
ETHUSDT,2022-09-07T00:00:00Z,-0.0001677,8
SOLUSDT,2022-09-07T00:00:00Z,-0.00016706,8
BTCUSDT,2022-09-07T08:00:00Z,2.729e-05,8
ETHUSDT,2022-09-07T08:00:00Z,-0.00027449,8
SOLUSDT,2022-09-07T08:00:00Z,-7.127e-05,8
BTCUSDT,2022-09-07T16:00:00Z,-3.48e-05,8
ETHUSDT,2022-09-07T16:00:00Z,-0.00018414,8
SOLUSDT,2022-09-07T16:00:00Z,-1.799e-05,8
BTCUSDT,2022-09-08T00:00:00Z,6.2e-06,8
ETHUSDT,2022-09-08T00:00:00Z,1.215e-05,8
SOLUSDT,2022-09-08T00:00:00Z,0.0001,8
BTCUSDT,2022-09-08T08:00:00Z,3.327e-05,8
ETHUSDT,2022-09-08T08:00:00Z,-1.24e-05,8
SOLUSDT,2022-09-08T08:00:00Z,0.0001,8
BTCUSDT,2022-09-08T16:00:00Z,5.667e-05,8
ETHUSDT,2022-09-08T16:00:00Z,-6.039e-05,8
SOLUSDT,2022-09-08T16:00:00Z,0.0001,8
BTCUSDT,2022-09-09T00:00:00Z,1.312e-05,8
ETHUSDT,2022-09-09T00:00:00Z,-8.28e-05,8
SOLUSDT,2022-09-09T00:00:00Z,0.0001,8
BTCUSDT,2022-09-09T08:00:00Z,0.0001,8
ETHUSDT,2022-09-09T08:00:00Z,-3.837e-05,8
SOLUSDT,2022-09-09T08:00:00Z,0.0001,8
BTCUSDT,2022-09-09T16:00:00Z,0.0001,8
ETHUSDT,2022-09-09T16:00:00Z,-0.00012468,8
SOLUSDT,2022-09-09T16:00:00Z,0.0001,8
BTCUSDT,2022-09-10T00:00:00Z,0.0001,8
ETHUSDT,2022-09-10T00:00:00Z,-7.115e-05,8
SOLUSDT,2022-09-10T00:00:00Z,0.0001,8
BTCUSDT,2022-09-10T08:00:00Z,9.764e-05,8
ETHUSDT,2022-09-10T08:00:00Z,-0.00020439,8
SOLUSDT,2022-09-10T08:00:00Z,0.0001,8
BTCUSDT,2022-09-10T16:00:00Z,0.0001,8
ETHUSDT,2022-09-10T16:00:00Z,-0.00014116,8
SOLUSDT,2022-09-10T16:00:00Z,0.0001,8
BTCUSDT,2022-09-11T00:00:00Z,7.115e-05,8
ETHUSDT,2022-09-11T00:00:00Z,-0.00011556,8
SOLUSDT,2022-09-11T00:00:00Z,0.0001,8
BTCUSDT,2022-09-11T08:00:00Z,0.0001,8
ETHUSDT,2022-09-11T08:00:00Z,-0.00016606,8
SOLUSDT,2022-09-11T08:00:00Z,9.056e-05,8
BTCUSDT,2022-09-11T16:00:00Z,6.712e-05,8
ETHUSDT,2022-09-11T16:00:00Z,-0.00031696,8
SOLUSDT,2022-09-11T16:00:00Z,5.748e-05,8
BTCUSDT,2022-09-12T00:00:00Z,0.0001,8
ETHUSDT,2022-09-12T00:00:00Z,-0.00034442,8
SOLUSDT,2022-09-12T00:00:00Z,5.331e-05,8
BTCUSDT,2022-09-12T08:00:00Z,8.246e-05,8
ETHUSDT,2022-09-12T08:00:00Z,-0.0002761,8
SOLUSDT,2022-09-12T08:00:00Z,6.804e-05,8
BTCUSDT,2022-09-12T16:00:00Z,0.0001,8
ETHUSDT,2022-09-12T16:00:00Z,-0.00038902,8
SOLUSDT,2022-09-12T16:00:00Z,0.0001,8
BTCUSDT,2022-09-13T00:00:00Z,9.965e-05,8
ETHUSDT,2022-09-13T00:00:00Z,-0.00028397,8
SOLUSDT,2022-09-13T00:00:00Z,9.816e-05,8
BTCUSDT,2022-09-13T08:00:00Z,0.0001,8
ETHUSDT,2022-09-13T08:00:00Z,-0.00047985,8
SOLUSDT,2022-09-13T08:00:00Z,1.301e-05,8
BTCUSDT,2022-09-13T16:00:00Z,0.0001,8
ETHUSDT,2022-09-13T16:00:00Z,-0.0004662,8
SOLUSDT,2022-09-13T16:00:00Z,1.102e-05,8
BTCUSDT,2022-09-14T00:00:00Z,-3.953e-05,8
ETHUSDT,2022-09-14T00:00:00Z,-0.00111142,8
SOLUSDT,2022-09-14T00:00:00Z,-0.00012007,8
BTCUSDT,2022-09-14T08:00:00Z,7.27e-06,8
ETHUSDT,2022-09-14T08:00:00Z,-0.00182506,8
SOLUSDT,2022-09-14T08:00:00Z,-0.00016733,8
BTCUSDT,2022-09-14T16:00:00Z,1.004e-05,8
ETHUSDT,2022-09-14T16:00:00Z,-0.00172134,8
SOLUSDT,2022-09-14T16:00:00Z,-0.00017481,8
BTCUSDT,2022-09-15T00:00:00Z,3.24e-06,8
ETHUSDT,2022-09-15T00:00:00Z,-0.00301937,8
SOLUSDT,2022-09-15T00:00:00Z,-3.747e-05,8
BTCUSDT,2022-09-15T08:00:00Z,0.0001,8
ETHUSDT,2022-09-15T08:00:00Z,-0.00216987,8
SOLUSDT,2022-09-15T08:00:00Z,4.054e-05,8
BTCUSDT,2022-09-15T16:00:00Z,8.13e-06,8
ETHUSDT,2022-09-15T16:00:00Z,-0.00010393,8
SOLUSDT,2022-09-15T16:00:00Z,-1.19e-05,8
BTCUSDT,2022-09-16T00:00:00Z,8.055e-05,8
ETHUSDT,2022-09-16T00:00:00Z,-7.76e-06,8
SOLUSDT,2022-09-16T00:00:00Z,4.718e-05,8
BTCUSDT,2022-09-16T08:00:00Z,4.349e-05,8
ETHUSDT,2022-09-16T08:00:00Z,-2.35e-06,8
SOLUSDT,2022-09-16T08:00:00Z,9.735e-05,8
BTCUSDT,2022-09-16T16:00:00Z,2.919e-05,8
ETHUSDT,2022-09-16T16:00:00Z,0.0001,8
SOLUSDT,2022-09-16T16:00:00Z,6.856e-05,8
BTCUSDT,2022-09-17T00:00:00Z,3.024e-05,8
ETHUSDT,2022-09-17T00:00:00Z,7.4e-05,8
SOLUSDT,2022-09-17T00:00:00Z,6.919e-05,8
BTCUSDT,2022-09-17T08:00:00Z,4.336e-05,8
ETHUSDT,2022-09-17T08:00:00Z,7.913e-05,8
SOLUSDT,2022-09-17T08:00:00Z,5.892e-05,8
BTCUSDT,2022-09-17T16:00:00Z,1.467e-05,8
ETHUSDT,2022-09-17T16:00:00Z,4.111e-05,8
SOLUSDT,2022-09-17T16:00:00Z,-2.2e-05,8
BTCUSDT,2022-09-18T00:00:00Z,6.428e-05,8
ETHUSDT,2022-09-18T00:00:00Z,8.41e-06,8
SOLUSDT,2022-09-18T00:00:00Z,-1.851e-05,8
BTCUSDT,2022-09-18T08:00:00Z,7.82e-05,8
ETHUSDT,2022-09-18T08:00:00Z,8.234e-05,8
SOLUSDT,2022-09-18T08:00:00Z,8.689e-05,8
BTCUSDT,2022-09-18T16:00:00Z,3.564e-05,8
ETHUSDT,2022-09-18T16:00:00Z,6.342e-05,8
SOLUSDT,2022-09-18T16:00:00Z,0.0001,8
BTCUSDT,2022-09-19T00:00:00Z,3.581e-05,8
ETHUSDT,2022-09-19T00:00:00Z,-0.00010281,8
SOLUSDT,2022-09-19T00:00:00Z,-6.003e-05,8
BTCUSDT,2022-09-19T08:00:00Z,-9.289e-05,8
ETHUSDT,2022-09-19T08:00:00Z,-4.91e-06,8
SOLUSDT,2022-09-19T08:00:00Z,1.902e-05,8
BTCUSDT,2022-09-19T16:00:00Z,6e-06,8
ETHUSDT,2022-09-19T16:00:00Z,-9.737e-05,8
SOLUSDT,2022-09-19T16:00:00Z,-7.24e-05,8
BTCUSDT,2022-09-20T00:00:00Z,7.813e-05,8
ETHUSDT,2022-09-20T00:00:00Z,-0.00010865,8
SOLUSDT,2022-09-20T00:00:00Z,4.552e-05,8
BTCUSDT,2022-09-20T08:00:00Z,5.855e-05,8
ETHUSDT,2022-09-20T08:00:00Z,-0.00012011,8
SOLUSDT,2022-09-20T08:00:00Z,0.0001,8
BTCUSDT,2022-09-20T16:00:00Z,1.721e-05,8
ETHUSDT,2022-09-20T16:00:00Z,2.77e-06,8
SOLUSDT,2022-09-20T16:00:00Z,1.907e-05,8
BTCUSDT,2022-09-21T00:00:00Z,5.185e-05,8
ETHUSDT,2022-09-21T00:00:00Z,-3.849e-05,8
SOLUSDT,2022-09-21T00:00:00Z,-1.212e-05,8
BTCUSDT,2022-09-21T08:00:00Z,1.478e-05,8
ETHUSDT,2022-09-21T08:00:00Z,-2.285e-05,8
SOLUSDT,2022-09-21T08:00:00Z,-3.318e-05,8
BTCUSDT,2022-09-21T16:00:00Z,2.732e-05,8
ETHUSDT,2022-09-21T16:00:00Z,-7.656e-05,8
SOLUSDT,2022-09-21T16:00:00Z,1.837e-05,8
BTCUSDT,2022-09-22T00:00:00Z,-0.00011779,8
ETHUSDT,2022-09-22T00:00:00Z,-0.00024234,8
SOLUSDT,2022-09-22T00:00:00Z,-0.00018851,8
BTCUSDT,2022-09-22T08:00:00Z,-6.911e-05,8
ETHUSDT,2022-09-22T08:00:00Z,-0.00023437,8
SOLUSDT,2022-09-22T08:00:00Z,-0.00013428,8
BTCUSDT,2022-09-22T16:00:00Z,7.743e-05,8
ETHUSDT,2022-09-22T16:00:00Z,-0.00013047,8
SOLUSDT,2022-09-22T16:00:00Z,0.0001,8
BTCUSDT,2022-09-23T00:00:00Z,7.261e-05,8
ETHUSDT,2022-09-23T00:00:00Z,-1.456e-05,8
SOLUSDT,2022-09-23T00:00:00Z,0.0001,8
BTCUSDT,2022-09-23T08:00:00Z,2.959e-05,8
ETHUSDT,2022-09-23T08:00:00Z,-4.759e-05,8
SOLUSDT,2022-09-23T08:00:00Z,0.0001,8
BTCUSDT,2022-09-23T16:00:00Z,-5.008e-05,8
ETHUSDT,2022-09-23T16:00:00Z,-5.042e-05,8
SOLUSDT,2022-09-23T16:00:00Z,-0.00010164,8
BTCUSDT,2022-09-24T00:00:00Z,2.947e-05,8
ETHUSDT,2022-09-24T00:00:00Z,1.491e-05,8
SOLUSDT,2022-09-24T00:00:00Z,0.0001,8
BTCUSDT,2022-09-24T08:00:00Z,1.676e-05,8
ETHUSDT,2022-09-24T08:00:00Z,4.468e-05,8
SOLUSDT,2022-09-24T08:00:00Z,0.0001,8
BTCUSDT,2022-09-24T16:00:00Z,5.345e-05,8
ETHUSDT,2022-09-24T16:00:00Z,-8.115e-05,8
SOLUSDT,2022-09-24T16:00:00Z,0.0001,8
BTCUSDT,2022-09-25T00:00:00Z,9.99e-06,8
ETHUSDT,2022-09-25T00:00:00Z,1.22e-06,8
SOLUSDT,2022-09-25T00:00:00Z,0.0001,8
BTCUSDT,2022-09-25T08:00:00Z,3.653e-05,8
ETHUSDT,2022-09-25T08:00:00Z,-4.292e-05,8
SOLUSDT,2022-09-25T08:00:00Z,0.0001,8
BTCUSDT,2022-09-25T16:00:00Z,2.593e-05,8
ETHUSDT,2022-09-25T16:00:00Z,4.49e-06,8
SOLUSDT,2022-09-25T16:00:00Z,0.0001,8
BTCUSDT,2022-09-26T00:00:00Z,-6.6e-06,8
ETHUSDT,2022-09-26T00:00:00Z,4.23e-06,8
SOLUSDT,2022-09-26T00:00:00Z,3.61e-05,8
BTCUSDT,2022-09-26T08:00:00Z,3.696e-05,8
ETHUSDT,2022-09-26T08:00:00Z,0.0001,8
SOLUSDT,2022-09-26T08:00:00Z,8.988e-05,8
BTCUSDT,2022-09-26T16:00:00Z,4.497e-05,8
ETHUSDT,2022-09-26T16:00:00Z,-1.379e-05,8
SOLUSDT,2022-09-26T16:00:00Z,6.761e-05,8
BTCUSDT,2022-09-27T00:00:00Z,2.244e-05,8
ETHUSDT,2022-09-27T00:00:00Z,2.194e-05,8
SOLUSDT,2022-09-27T00:00:00Z,0.0001,8
BTCUSDT,2022-09-27T08:00:00Z,0.0001,8
ETHUSDT,2022-09-27T08:00:00Z,1.777e-05,8
SOLUSDT,2022-09-27T08:00:00Z,0.0001,8
BTCUSDT,2022-09-27T16:00:00Z,8.538e-05,8
ETHUSDT,2022-09-27T16:00:00Z,1.303e-05,8
SOLUSDT,2022-09-27T16:00:00Z,9.514e-05,8
BTCUSDT,2022-09-28T00:00:00Z,1.141e-05,8
ETHUSDT,2022-09-28T00:00:00Z,-1.018e-05,8
SOLUSDT,2022-09-28T00:00:00Z,-0.00013748,8
BTCUSDT,2022-09-28T08:00:00Z,-1.071e-05,8
ETHUSDT,2022-09-28T08:00:00Z,-2.348e-05,8
SOLUSDT,2022-09-28T08:00:00Z,1.343e-05,8
BTCUSDT,2022-09-28T16:00:00Z,5.332e-05,8
ETHUSDT,2022-09-28T16:00:00Z,-7.573e-05,8
SOLUSDT,2022-09-28T16:00:00Z,-0.00011599,8
BTCUSDT,2022-09-29T00:00:00Z,5.681e-05,8
ETHUSDT,2022-09-29T00:00:00Z,6.004e-05,8
SOLUSDT,2022-09-29T00:00:00Z,-6.72e-06,8
BTCUSDT,2022-09-29T08:00:00Z,7.641e-05,8
ETHUSDT,2022-09-29T08:00:00Z,0.0001,8
SOLUSDT,2022-09-29T08:00:00Z,0.0001,8
BTCUSDT,2022-09-29T16:00:00Z,6.685e-05,8
ETHUSDT,2022-09-29T16:00:00Z,2.149e-05,8
SOLUSDT,2022-09-29T16:00:00Z,0.0001,8
BTCUSDT,2022-09-30T00:00:00Z,0.0001,8
ETHUSDT,2022-09-30T00:00:00Z,1.17e-05,8
SOLUSDT,2022-09-30T00:00:00Z,0.0001,8
BTCUSDT,2022-09-30T08:00:00Z,0.0001,8
ETHUSDT,2022-09-30T08:00:00Z,7.176e-05,8
SOLUSDT,2022-09-30T08:00:00Z,-1.118e-05,8
BTCUSDT,2022-09-30T16:00:00Z,0.0001,8
ETHUSDT,2022-09-30T16:00:00Z,0.0001,8
SOLUSDT,2022-09-30T16:00:00Z,0.0001,8
BTCUSDT,2022-10-01T00:00:00Z,3.198e-05,8
ETHUSDT,2022-10-01T00:00:00Z,8.185e-05,8
SOLUSDT,2022-10-01T00:00:00Z,5.725e-05,8
BTCUSDT,2022-10-01T08:00:00Z,0.0001,8
ETHUSDT,2022-10-01T08:00:00Z,6.857e-05,8
SOLUSDT,2022-10-01T08:00:00Z,-9.37e-06,8
BTCUSDT,2022-10-01T16:00:00Z,7.005e-05,8
ETHUSDT,2022-10-01T16:00:00Z,5.117e-05,8
SOLUSDT,2022-10-01T16:00:00Z,-8.454e-05,8
BTCUSDT,2022-10-02T00:00:00Z,4.262e-05,8
ETHUSDT,2022-10-02T00:00:00Z,1.239e-05,8
SOLUSDT,2022-10-02T00:00:00Z,-3.16e-06,8
BTCUSDT,2022-10-02T08:00:00Z,5.816e-05,8
ETHUSDT,2022-10-02T08:00:00Z,4.395e-05,8
SOLUSDT,2022-10-02T08:00:00Z,-0.00012694,8
BTCUSDT,2022-10-02T16:00:00Z,5.384e-05,8
ETHUSDT,2022-10-02T16:00:00Z,-2.183e-05,8
SOLUSDT,2022-10-02T16:00:00Z,-5.076e-05,8
BTCUSDT,2022-10-03T00:00:00Z,3.996e-05,8
ETHUSDT,2022-10-03T00:00:00Z,-2.23e-05,8
SOLUSDT,2022-10-03T00:00:00Z,0.0001,8
BTCUSDT,2022-10-03T08:00:00Z,8.316e-05,8
ETHUSDT,2022-10-03T08:00:00Z,2.229e-05,8
SOLUSDT,2022-10-03T08:00:00Z,0.0001,8
BTCUSDT,2022-10-03T16:00:00Z,0.0001,8
ETHUSDT,2022-10-03T16:00:00Z,-9.98e-06,8
SOLUSDT,2022-10-03T16:00:00Z,-3.979e-05,8
BTCUSDT,2022-10-04T00:00:00Z,0.0001,8
ETHUSDT,2022-10-04T00:00:00Z,7.858e-05,8
SOLUSDT,2022-10-04T00:00:00Z,4.722e-05,8
BTCUSDT,2022-10-04T08:00:00Z,0.0001,8
ETHUSDT,2022-10-04T08:00:00Z,0.0001,8
SOLUSDT,2022-10-04T08:00:00Z,0.0001,8
BTCUSDT,2022-10-04T16:00:00Z,0.0001,8
ETHUSDT,2022-10-04T16:00:00Z,3.575e-05,8
SOLUSDT,2022-10-04T16:00:00Z,-5.705e-05,8
BTCUSDT,2022-10-05T00:00:00Z,0.0001,8
ETHUSDT,2022-10-05T00:00:00Z,1.819e-05,8
SOLUSDT,2022-10-05T00:00:00Z,-2.002e-05,8
BTCUSDT,2022-10-05T08:00:00Z,0.0001,8
ETHUSDT,2022-10-05T08:00:00Z,3.45e-06,8
SOLUSDT,2022-10-05T08:00:00Z,4.8e-05,8
BTCUSDT,2022-10-05T16:00:00Z,0.0001,8
ETHUSDT,2022-10-05T16:00:00Z,-3.017e-05,8
SOLUSDT,2022-10-05T16:00:00Z,7.886e-05,8
BTCUSDT,2022-10-06T00:00:00Z,0.0001,8
ETHUSDT,2022-10-06T00:00:00Z,2.418e-05,8
SOLUSDT,2022-10-06T00:00:00Z,2.369e-05,8
BTCUSDT,2022-10-06T08:00:00Z,0.0001,8
ETHUSDT,2022-10-06T08:00:00Z,5.188e-05,8
SOLUSDT,2022-10-06T08:00:00Z,0.0001,8
BTCUSDT,2022-10-06T16:00:00Z,0.0001,8
ETHUSDT,2022-10-06T16:00:00Z,-1.15e-05,8
SOLUSDT,2022-10-06T16:00:00Z,6.34e-06,8
BTCUSDT,2022-10-07T00:00:00Z,0.0001,8
ETHUSDT,2022-10-07T00:00:00Z,2.157e-05,8
SOLUSDT,2022-10-07T00:00:00Z,5e-08,8
BTCUSDT,2022-10-07T08:00:00Z,0.0001,8
ETHUSDT,2022-10-07T08:00:00Z,3.248e-05,8
SOLUSDT,2022-10-07T08:00:00Z,8.021e-05,8
BTCUSDT,2022-10-07T16:00:00Z,7.513e-05,8
ETHUSDT,2022-10-07T16:00:00Z,3.9e-06,8
SOLUSDT,2022-10-07T16:00:00Z,-0.00014355,8
BTCUSDT,2022-10-08T00:00:00Z,3.85e-05,8
ETHUSDT,2022-10-08T00:00:00Z,5.904e-05,8
SOLUSDT,2022-10-08T00:00:00Z,-8e-07,8
BTCUSDT,2022-10-08T08:00:00Z,7.345e-05,8
ETHUSDT,2022-10-08T08:00:00Z,6.993e-05,8
SOLUSDT,2022-10-08T08:00:00Z,0.0001,8
BTCUSDT,2022-10-08T16:00:00Z,4.149e-05,8
ETHUSDT,2022-10-08T16:00:00Z,8.939e-05,8
SOLUSDT,2022-10-08T16:00:00Z,0.0001,8
BTCUSDT,2022-10-09T00:00:00Z,3.246e-05,8
ETHUSDT,2022-10-09T00:00:00Z,3.902e-05,8
SOLUSDT,2022-10-09T00:00:00Z,-5.496e-05,8
BTCUSDT,2022-10-09T08:00:00Z,1.776e-05,8
ETHUSDT,2022-10-09T08:00:00Z,1.819e-05,8
SOLUSDT,2022-10-09T08:00:00Z,3.166e-05,8
BTCUSDT,2022-10-09T16:00:00Z,1.951e-05,8
ETHUSDT,2022-10-09T16:00:00Z,-5.165e-05,8
SOLUSDT,2022-10-09T16:00:00Z,-7.535e-05,8
BTCUSDT,2022-10-10T00:00:00Z,6.241e-05,8
ETHUSDT,2022-10-10T00:00:00Z,4.749e-05,8
SOLUSDT,2022-10-10T00:00:00Z,0.0001,8
BTCUSDT,2022-10-10T08:00:00Z,6.069e-05,8
ETHUSDT,2022-10-10T08:00:00Z,2.784e-05,8
SOLUSDT,2022-10-10T08:00:00Z,0.0001,8
BTCUSDT,2022-10-10T16:00:00Z,0.0001,8
ETHUSDT,2022-10-10T16:00:00Z,2.352e-05,8
SOLUSDT,2022-10-10T16:00:00Z,0.0001,8
BTCUSDT,2022-10-11T00:00:00Z,0.0001,8
ETHUSDT,2022-10-11T00:00:00Z,7.133e-05,8
SOLUSDT,2022-10-11T00:00:00Z,0.0001,8
BTCUSDT,2022-10-11T08:00:00Z,0.0001,8
ETHUSDT,2022-10-11T08:00:00Z,3.552e-05,8
SOLUSDT,2022-10-11T08:00:00Z,0.0001,8
BTCUSDT,2022-10-11T16:00:00Z,0.0001,8
ETHUSDT,2022-10-11T16:00:00Z,4.405e-05,8
SOLUSDT,2022-10-11T16:00:00Z,1.173e-05,8
BTCUSDT,2022-10-12T00:00:00Z,0.0001,8
ETHUSDT,2022-10-12T00:00:00Z,8.85e-05,8
SOLUSDT,2022-10-12T00:00:00Z,3.208e-05,8
BTCUSDT,2022-10-12T08:00:00Z,0.0001,8
ETHUSDT,2022-10-12T08:00:00Z,-1.598e-05,8
SOLUSDT,2022-10-12T08:00:00Z,-6.356e-05,8
BTCUSDT,2022-10-12T16:00:00Z,0.0001,8
ETHUSDT,2022-10-12T16:00:00Z,7.18e-06,8
SOLUSDT,2022-10-12T16:00:00Z,0.0001,8
BTCUSDT,2022-10-13T00:00:00Z,7.466e-05,8
ETHUSDT,2022-10-13T00:00:00Z,-0.00018211,8
SOLUSDT,2022-10-13T00:00:00Z,2.943e-05,8
BTCUSDT,2022-10-13T08:00:00Z,0.0001,8
ETHUSDT,2022-10-13T08:00:00Z,8.18e-05,8
SOLUSDT,2022-10-13T08:00:00Z,-5.1e-06,8
BTCUSDT,2022-10-13T16:00:00Z,3.936e-05,8
ETHUSDT,2022-10-13T16:00:00Z,-0.00010154,8
SOLUSDT,2022-10-13T16:00:00Z,-0.00018636,8
BTCUSDT,2022-10-14T00:00:00Z,3.235e-05,8
ETHUSDT,2022-10-14T00:00:00Z,2e-06,8
SOLUSDT,2022-10-14T00:00:00Z,-5.035e-05,8
BTCUSDT,2022-10-14T08:00:00Z,0.0001,8
ETHUSDT,2022-10-14T08:00:00Z,0.0001,8
SOLUSDT,2022-10-14T08:00:00Z,3.869e-05,8
BTCUSDT,2022-10-14T16:00:00Z,8.395e-05,8
ETHUSDT,2022-10-14T16:00:00Z,0.0001,8
SOLUSDT,2022-10-14T16:00:00Z,8.847e-05,8
BTCUSDT,2022-10-15T00:00:00Z,4.317e-05,8
ETHUSDT,2022-10-15T00:00:00Z,5.95e-05,8
SOLUSDT,2022-10-15T00:00:00Z,2.301e-05,8
BTCUSDT,2022-10-15T08:00:00Z,3.772e-05,8
ETHUSDT,2022-10-15T08:00:00Z,-5.48e-06,8
SOLUSDT,2022-10-15T08:00:00Z,-7.96e-05,8
BTCUSDT,2022-10-15T16:00:00Z,4.563e-05,8
ETHUSDT,2022-10-15T16:00:00Z,-8.01e-06,8
SOLUSDT,2022-10-15T16:00:00Z,-6.648e-05,8
BTCUSDT,2022-10-16T00:00:00Z,2.735e-05,8
ETHUSDT,2022-10-16T00:00:00Z,2.73e-06,8
SOLUSDT,2022-10-16T00:00:00Z,3.129e-05,8
BTCUSDT,2022-10-16T08:00:00Z,4.61e-06,8
ETHUSDT,2022-10-16T08:00:00Z,-1.934e-05,8
SOLUSDT,2022-10-16T08:00:00Z,-0.00010784,8
BTCUSDT,2022-10-16T16:00:00Z,3.394e-05,8
ETHUSDT,2022-10-16T16:00:00Z,1.261e-05,8
SOLUSDT,2022-10-16T16:00:00Z,-8.849e-05,8
BTCUSDT,2022-10-17T00:00:00Z,3.31e-06,8
ETHUSDT,2022-10-17T00:00:00Z,7.5e-06,8
SOLUSDT,2022-10-17T00:00:00Z,-0.00011773,8
BTCUSDT,2022-10-17T08:00:00Z,4.84e-05,8
ETHUSDT,2022-10-17T08:00:00Z,3.595e-05,8
SOLUSDT,2022-10-17T08:00:00Z,1.724e-05,8
BTCUSDT,2022-10-17T16:00:00Z,6.458e-05,8
ETHUSDT,2022-10-17T16:00:00Z,5.61e-05,8
SOLUSDT,2022-10-17T16:00:00Z,5.717e-05,8
BTCUSDT,2022-10-18T00:00:00Z,0.0001,8
ETHUSDT,2022-10-18T00:00:00Z,6.43e-05,8
SOLUSDT,2022-10-18T00:00:00Z,1.567e-05,8
BTCUSDT,2022-10-18T08:00:00Z,0.0001,8
ETHUSDT,2022-10-18T08:00:00Z,5.818e-05,8
SOLUSDT,2022-10-18T08:00:00Z,0.0001,8
BTCUSDT,2022-10-18T16:00:00Z,0.0001,8
ETHUSDT,2022-10-18T16:00:00Z,8.2e-05,8
SOLUSDT,2022-10-18T16:00:00Z,9.704e-05,8
BTCUSDT,2022-10-19T00:00:00Z,7.598e-05,8
ETHUSDT,2022-10-19T00:00:00Z,6.911e-05,8
SOLUSDT,2022-10-19T00:00:00Z,3.131e-05,8
BTCUSDT,2022-10-19T08:00:00Z,0.0001,8
ETHUSDT,2022-10-19T08:00:00Z,0.0001,8
SOLUSDT,2022-10-19T08:00:00Z,0.0001,8
BTCUSDT,2022-10-19T16:00:00Z,0.0001,8
ETHUSDT,2022-10-19T16:00:00Z,3.885e-05,8
SOLUSDT,2022-10-19T16:00:00Z,0.0001,8
BTCUSDT,2022-10-20T00:00:00Z,0.0001,8
ETHUSDT,2022-10-20T00:00:00Z,1.115e-05,8
SOLUSDT,2022-10-20T00:00:00Z,8.555e-05,8
BTCUSDT,2022-10-20T08:00:00Z,6.021e-05,8
ETHUSDT,2022-10-20T08:00:00Z,6.032e-05,8
SOLUSDT,2022-10-20T08:00:00Z,0.0001,8
BTCUSDT,2022-10-20T16:00:00Z,2.095e-05,8
ETHUSDT,2022-10-20T16:00:00Z,-5.194e-05,8
SOLUSDT,2022-10-20T16:00:00Z,9.895e-05,8
BTCUSDT,2022-10-21T00:00:00Z,4.708e-05,8
ETHUSDT,2022-10-21T00:00:00Z,0.0001,8
SOLUSDT,2022-10-21T00:00:00Z,0.0001,8
BTCUSDT,2022-10-21T08:00:00Z,4.483e-05,8
ETHUSDT,2022-10-21T08:00:00Z,1.939e-05,8
SOLUSDT,2022-10-21T08:00:00Z,7.42e-06,8
BTCUSDT,2022-10-21T16:00:00Z,-8.9e-06,8
ETHUSDT,2022-10-21T16:00:00Z,2.595e-05,8
SOLUSDT,2022-10-21T16:00:00Z,4.104e-05,8
BTCUSDT,2022-10-22T00:00:00Z,3.721e-05,8
ETHUSDT,2022-10-22T00:00:00Z,2.568e-05,8
SOLUSDT,2022-10-22T00:00:00Z,-0.00016497,8
BTCUSDT,2022-10-22T08:00:00Z,8.36e-05,8
ETHUSDT,2022-10-22T08:00:00Z,-7.96e-06,8
SOLUSDT,2022-10-22T08:00:00Z,-1.121e-05,8
BTCUSDT,2022-10-22T16:00:00Z,-3.19e-06,8
ETHUSDT,2022-10-22T16:00:00Z,-3.726e-05,8
SOLUSDT,2022-10-22T16:00:00Z,-9.324e-05,8
BTCUSDT,2022-10-23T00:00:00Z,4.152e-05,8
ETHUSDT,2022-10-23T00:00:00Z,1.025e-05,8
SOLUSDT,2022-10-23T00:00:00Z,3.894e-05,8
BTCUSDT,2022-10-23T08:00:00Z,1.171e-05,8
ETHUSDT,2022-10-23T08:00:00Z,2.352e-05,8
SOLUSDT,2022-10-23T08:00:00Z,1.405e-05,8
BTCUSDT,2022-10-23T16:00:00Z,5.174e-05,8
ETHUSDT,2022-10-23T16:00:00Z,0.0001,8
SOLUSDT,2022-10-23T16:00:00Z,7.513e-05,8
BTCUSDT,2022-10-24T00:00:00Z,0.0001,8
ETHUSDT,2022-10-24T00:00:00Z,9.274e-05,8
SOLUSDT,2022-10-24T00:00:00Z,0.0001,8
BTCUSDT,2022-10-24T08:00:00Z,0.0001,8
ETHUSDT,2022-10-24T08:00:00Z,0.0001,8
SOLUSDT,2022-10-24T08:00:00Z,0.0001,8
BTCUSDT,2022-10-24T16:00:00Z,2.328e-05,8
ETHUSDT,2022-10-24T16:00:00Z,-2.685e-05,8
SOLUSDT,2022-10-24T16:00:00Z,-3.209e-05,8
BTCUSDT,2022-10-25T00:00:00Z,4.327e-05,8
ETHUSDT,2022-10-25T00:00:00Z,-5.643e-05,8
SOLUSDT,2022-10-25T00:00:00Z,-1.944e-05,8
BTCUSDT,2022-10-25T08:00:00Z,9.019e-05,8
ETHUSDT,2022-10-25T08:00:00Z,3.537e-05,8
SOLUSDT,2022-10-25T08:00:00Z,9.947e-05,8
BTCUSDT,2022-10-25T16:00:00Z,-1.66e-06,8
ETHUSDT,2022-10-25T16:00:00Z,1.973e-05,8
SOLUSDT,2022-10-25T16:00:00Z,1.166e-05,8
BTCUSDT,2022-10-26T00:00:00Z,2.243e-05,8
ETHUSDT,2022-10-26T00:00:00Z,0.0001,8
SOLUSDT,2022-10-26T00:00:00Z,0.0001,8
BTCUSDT,2022-10-26T08:00:00Z,5.665e-05,8
ETHUSDT,2022-10-26T08:00:00Z,-2.452e-05,8
SOLUSDT,2022-10-26T08:00:00Z,0.0001,8
BTCUSDT,2022-10-26T16:00:00Z,6.122e-05,8
ETHUSDT,2022-10-26T16:00:00Z,0.0001,8
SOLUSDT,2022-10-26T16:00:00Z,8.93e-06,8
BTCUSDT,2022-10-27T00:00:00Z,1.3e-07,8
ETHUSDT,2022-10-27T00:00:00Z,8.299e-05,8
SOLUSDT,2022-10-27T00:00:00Z,6.525e-05,8
BTCUSDT,2022-10-27T08:00:00Z,-2.276e-05,8
ETHUSDT,2022-10-27T08:00:00Z,5.005e-05,8
SOLUSDT,2022-10-27T08:00:00Z,0.0001,8
BTCUSDT,2022-10-27T16:00:00Z,1.376e-05,8
ETHUSDT,2022-10-27T16:00:00Z,-3.37e-05,8
SOLUSDT,2022-10-27T16:00:00Z,8.781e-05,8
BTCUSDT,2022-10-28T00:00:00Z,-1.228e-05,8
ETHUSDT,2022-10-28T00:00:00Z,2.272e-05,8
SOLUSDT,2022-10-28T00:00:00Z,6.137e-05,8
BTCUSDT,2022-10-28T08:00:00Z,3.541e-05,8
ETHUSDT,2022-10-28T08:00:00Z,4.042e-05,8
SOLUSDT,2022-10-28T08:00:00Z,7.565e-05,8
BTCUSDT,2022-10-28T16:00:00Z,-2.629e-05,8
ETHUSDT,2022-10-28T16:00:00Z,1.87e-05,8
SOLUSDT,2022-10-28T16:00:00Z,-6.715e-05,8
BTCUSDT,2022-10-29T00:00:00Z,2.484e-05,8
ETHUSDT,2022-10-29T00:00:00Z,6.207e-05,8
SOLUSDT,2022-10-29T00:00:00Z,0.0001,8
BTCUSDT,2022-10-29T08:00:00Z,4.755e-05,8
ETHUSDT,2022-10-29T08:00:00Z,8.203e-05,8
SOLUSDT,2022-10-29T08:00:00Z,0.0001,8
BTCUSDT,2022-10-29T16:00:00Z,4.205e-05,8
ETHUSDT,2022-10-29T16:00:00Z,0.0001,8
SOLUSDT,2022-10-29T16:00:00Z,0.0001,8
BTCUSDT,2022-10-30T00:00:00Z,-2.515e-05,8
ETHUSDT,2022-10-30T00:00:00Z,7.735e-05,8
SOLUSDT,2022-10-30T00:00:00Z,7.022e-05,8
BTCUSDT,2022-10-30T08:00:00Z,3.212e-05,8
ETHUSDT,2022-10-30T08:00:00Z,9.296e-05,8
SOLUSDT,2022-10-30T08:00:00Z,0.0001,8
BTCUSDT,2022-10-30T16:00:00Z,5.135e-05,8
ETHUSDT,2022-10-30T16:00:00Z,0.0001,8
SOLUSDT,2022-10-30T16:00:00Z,0.0001,8
BTCUSDT,2022-10-31T00:00:00Z,1.504e-05,8
ETHUSDT,2022-10-31T00:00:00Z,6.308e-05,8
SOLUSDT,2022-10-31T00:00:00Z,0.0001,8
BTCUSDT,2022-10-31T08:00:00Z,3.842e-05,8
ETHUSDT,2022-10-31T08:00:00Z,0.0001,8
SOLUSDT,2022-10-31T08:00:00Z,0.0001,8
BTCUSDT,2022-10-31T16:00:00Z,-4.34e-06,8
ETHUSDT,2022-10-31T16:00:00Z,-2.88e-06,8
SOLUSDT,2022-10-31T16:00:00Z,5.671e-05,8
BTCUSDT,2022-11-01T00:00:00Z,7.22e-06,8
ETHUSDT,2022-11-01T00:00:00Z,7.95e-06,8
SOLUSDT,2022-11-01T00:00:00Z,-7.785e-05,8
BTCUSDT,2022-11-01T08:00:00Z,-1.088e-05,8
ETHUSDT,2022-11-01T08:00:00Z,-5.701e-05,8
SOLUSDT,2022-11-01T08:00:00Z,-3.806e-05,8
BTCUSDT,2022-11-01T16:00:00Z,1.302e-05,8
ETHUSDT,2022-11-01T16:00:00Z,1.321e-05,8
SOLUSDT,2022-11-01T16:00:00Z,-6.234e-05,8
BTCUSDT,2022-11-02T00:00:00Z,4.787e-05,8
ETHUSDT,2022-11-02T00:00:00Z,7.678e-05,8
SOLUSDT,2022-11-02T00:00:00Z,9.5e-07,8
BTCUSDT,2022-11-02T08:00:00Z,1.203e-05,8
ETHUSDT,2022-11-02T08:00:00Z,2.913e-05,8
SOLUSDT,2022-11-02T08:00:00Z,1.628e-05,8
BTCUSDT,2022-11-02T16:00:00Z,6.046e-05,8
ETHUSDT,2022-11-02T16:00:00Z,5.813e-05,8
SOLUSDT,2022-11-02T16:00:00Z,4.18e-06,8
BTCUSDT,2022-11-03T00:00:00Z,2.68e-05,8
ETHUSDT,2022-11-03T00:00:00Z,-8.892e-05,8
SOLUSDT,2022-11-03T00:00:00Z,-0.00025803,8
BTCUSDT,2022-11-03T08:00:00Z,4.4e-06,8
ETHUSDT,2022-11-03T08:00:00Z,-7.732e-05,8
SOLUSDT,2022-11-03T08:00:00Z,6.571e-05,8
BTCUSDT,2022-11-03T16:00:00Z,6.94e-05,8
ETHUSDT,2022-11-03T16:00:00Z,2.55e-06,8
SOLUSDT,2022-11-03T16:00:00Z,2.784e-05,8
BTCUSDT,2022-11-04T00:00:00Z,4.429e-05,8
ETHUSDT,2022-11-04T00:00:00Z,1.398e-05,8
SOLUSDT,2022-11-04T00:00:00Z,-8.29e-05,8
BTCUSDT,2022-11-04T08:00:00Z,1.148e-05,8
ETHUSDT,2022-11-04T08:00:00Z,9.293e-05,8
SOLUSDT,2022-11-04T08:00:00Z,0.0001,8
BTCUSDT,2022-11-04T16:00:00Z,6.899e-05,8
ETHUSDT,2022-11-04T16:00:00Z,0.0001,8
SOLUSDT,2022-11-04T16:00:00Z,9.262e-05,8
BTCUSDT,2022-11-05T00:00:00Z,4.409e-05,8
ETHUSDT,2022-11-05T00:00:00Z,9.19e-05,8
SOLUSDT,2022-11-05T00:00:00Z,0.0001,8
BTCUSDT,2022-11-05T08:00:00Z,4.541e-05,8
ETHUSDT,2022-11-05T08:00:00Z,1.474e-05,8
SOLUSDT,2022-11-05T08:00:00Z,0.0001,8
BTCUSDT,2022-11-05T16:00:00Z,0.0001,8
ETHUSDT,2022-11-05T16:00:00Z,5.826e-05,8
SOLUSDT,2022-11-05T16:00:00Z,0.0001,8
BTCUSDT,2022-11-06T00:00:00Z,6.491e-05,8
ETHUSDT,2022-11-06T00:00:00Z,8.014e-05,8
SOLUSDT,2022-11-06T00:00:00Z,0.0001,8
BTCUSDT,2022-11-06T08:00:00Z,9.732e-05,8
ETHUSDT,2022-11-06T08:00:00Z,0.0001,8
SOLUSDT,2022-11-06T08:00:00Z,0.0001,8
BTCUSDT,2022-11-06T16:00:00Z,6.866e-05,8
ETHUSDT,2022-11-06T16:00:00Z,4.026e-05,8
SOLUSDT,2022-11-06T16:00:00Z,0.0001,8
BTCUSDT,2022-11-07T00:00:00Z,7.813e-05,8
ETHUSDT,2022-11-07T00:00:00Z,2.594e-05,8
SOLUSDT,2022-11-07T00:00:00Z,0.0001,8
BTCUSDT,2022-11-07T08:00:00Z,0.0001,8
ETHUSDT,2022-11-07T08:00:00Z,-2.72e-06,8
SOLUSDT,2022-11-07T08:00:00Z,9.319e-05,8
BTCUSDT,2022-11-07T16:00:00Z,0.0001,8
ETHUSDT,2022-11-07T16:00:00Z,0.0001,8
SOLUSDT,2022-11-07T16:00:00Z,0.0001,8
BTCUSDT,2022-11-08T00:00:00Z,6.515e-05,8
ETHUSDT,2022-11-08T00:00:00Z,-5.728e-05,8
SOLUSDT,2022-11-08T00:00:00Z,-0.00035346,8
BTCUSDT,2022-11-08T08:00:00Z,-7.88e-06,8
ETHUSDT,2022-11-08T08:00:00Z,-0.00011539,8
SOLUSDT,2022-11-08T08:00:00Z,-0.00124635,8
BTCUSDT,2022-11-08T16:00:00Z,9.446e-05,8
ETHUSDT,2022-11-08T16:00:00Z,7.883e-05,8
SOLUSDT,2022-11-08T16:00:00Z,-0.00059042,8
BTCUSDT,2022-11-09T00:00:00Z,-0.00013884,8
ETHUSDT,2022-11-09T00:00:00Z,-0.00038496,8
SOLUSDT,2022-11-09T00:00:00Z,-0.0075,8
BTCUSDT,2022-11-09T08:00:00Z,7.305e-05,8
ETHUSDT,2022-11-09T08:00:00Z,-0.00012169,8
SOLUSDT,2022-11-09T08:00:00Z,-0.0075,8
BTCUSDT,2022-11-09T16:00:00Z,-0.00032976,8
ETHUSDT,2022-11-09T16:00:00Z,-0.00054682,8
SOLUSDT,2022-11-09T16:00:00Z,-0.015,8
SOLUSDT,2022-11-09T20:00:00Z,-0.02,4
BTCUSDT,2022-11-10T00:00:00Z,-0.00119172,8
ETHUSDT,2022-11-10T00:00:00Z,-0.00060149,8
SOLUSDT,2022-11-10T00:00:00Z,-0.02,4
SOLUSDT,2022-11-10T04:00:00Z,-0.02,2
SOLUSDT,2022-11-10T06:00:00Z,-0.02,2
BTCUSDT,2022-11-10T08:00:00Z,-0.00111953,8
ETHUSDT,2022-11-10T08:00:00Z,-0.000543,8
SOLUSDT,2022-11-10T08:00:00Z,-0.02,2
SOLUSDT,2022-11-10T10:00:00Z,-0.02,2
SOLUSDT,2022-11-10T12:00:00Z,-0.02,2
SOLUSDT,2022-11-10T14:00:00Z,-0.00937683,2
BTCUSDT,2022-11-10T16:00:00Z,-0.00023833,8
ETHUSDT,2022-11-10T16:00:00Z,-0.00015464,8
SOLUSDT,2022-11-10T16:00:00Z,-0.00801579,2
SOLUSDT,2022-11-10T18:00:00Z,-0.01610749,2
SOLUSDT,2022-11-10T20:00:00Z,-0.01792917,2
SOLUSDT,2022-11-10T22:00:00Z,-0.00023209,2
BTCUSDT,2022-11-11T00:00:00Z,-0.00019452,8
ETHUSDT,2022-11-11T00:00:00Z,-0.00016788,8
SOLUSDT,2022-11-11T00:00:00Z,-0.00262997,2
SOLUSDT,2022-11-11T02:00:00Z,-0.00229218,2
SOLUSDT,2022-11-11T04:00:00Z,-0.00407097,2
SOLUSDT,2022-11-11T06:00:00Z,-0.00209331,2
BTCUSDT,2022-11-11T08:00:00Z,-7.277e-05,8
ETHUSDT,2022-11-11T08:00:00Z,-0.00013634,8
SOLUSDT,2022-11-11T08:00:00Z,-0.00097284,2
SOLUSDT,2022-11-11T10:00:00Z,-0.00229598,2
SOLUSDT,2022-11-11T12:00:00Z,-0.0026638,2
SOLUSDT,2022-11-11T14:00:00Z,-0.00373271,2
BTCUSDT,2022-11-11T16:00:00Z,-5.802e-05,8
ETHUSDT,2022-11-11T16:00:00Z,2.873e-05,8
SOLUSDT,2022-11-11T16:00:00Z,-0.01139731,2
SOLUSDT,2022-11-11T18:00:00Z,-0.00145664,2
SOLUSDT,2022-11-11T20:00:00Z,-0.00153438,2
SOLUSDT,2022-11-11T22:00:00Z,-0.0007073,2
BTCUSDT,2022-11-12T00:00:00Z,5.3e-05,8
ETHUSDT,2022-11-12T00:00:00Z,9.985e-05,8
SOLUSDT,2022-11-12T00:00:00Z,-0.00029718,2
SOLUSDT,2022-11-12T02:00:00Z,-0.0018903,2
SOLUSDT,2022-11-12T04:00:00Z,-0.00194529,2
SOLUSDT,2022-11-12T06:00:00Z,-0.00678495,2
BTCUSDT,2022-11-12T08:00:00Z,-2.406e-05,8
ETHUSDT,2022-11-12T08:00:00Z,4.863e-05,8
SOLUSDT,2022-11-12T08:00:00Z,-0.00090442,2
SOLUSDT,2022-11-12T10:00:00Z,-0.00043311,2
SOLUSDT,2022-11-12T12:00:00Z,-0.00166604,2
SOLUSDT,2022-11-12T14:00:00Z,-0.00153586,2
BTCUSDT,2022-11-12T16:00:00Z,6.521e-05,8
ETHUSDT,2022-11-12T16:00:00Z,9.984e-05,8
SOLUSDT,2022-11-12T16:00:00Z,-0.00087212,2
SOLUSDT,2022-11-12T18:00:00Z,-0.00018986,2
SOLUSDT,2022-11-12T20:00:00Z,-0.0002072,2
SOLUSDT,2022-11-12T22:00:00Z,-0.00097367,2
BTCUSDT,2022-11-13T00:00:00Z,3.33e-06,8
ETHUSDT,2022-11-13T00:00:00Z,-9.28e-06,8
SOLUSDT,2022-11-13T00:00:00Z,-0.00070342,2
SOLUSDT,2022-11-13T02:00:00Z,-0.00078974,2
SOLUSDT,2022-11-13T04:00:00Z,-0.00163101,2
SOLUSDT,2022-11-13T06:00:00Z,-0.00033147,2
BTCUSDT,2022-11-13T08:00:00Z,-7.357e-05,8
ETHUSDT,2022-11-13T08:00:00Z,-8.449e-05,8
SOLUSDT,2022-11-13T08:00:00Z,-0.0017701,2
SOLUSDT,2022-11-13T10:00:00Z,-0.00099368,2
SOLUSDT,2022-11-13T12:00:00Z,-0.00083974,2
SOLUSDT,2022-11-13T14:00:00Z,-0.0008275,2
BTCUSDT,2022-11-13T16:00:00Z,2.816e-05,8
ETHUSDT,2022-11-13T16:00:00Z,-1.748e-05,8
SOLUSDT,2022-11-13T16:00:00Z,-0.00013499,2
SOLUSDT,2022-11-13T18:00:00Z,1.458e-05,2
SOLUSDT,2022-11-13T20:00:00Z,-0.00019347,2
SOLUSDT,2022-11-13T22:00:00Z,-0.00049299,2
BTCUSDT,2022-11-14T00:00:00Z,-3.809e-05,8
ETHUSDT,2022-11-14T00:00:00Z,2.81e-05,8
SOLUSDT,2022-11-14T00:00:00Z,-0.0017293,2
SOLUSDT,2022-11-14T02:00:00Z,-0.00444734,2
SOLUSDT,2022-11-14T04:00:00Z,-0.00469829,2
SOLUSDT,2022-11-14T06:00:00Z,-0.00025664,2
BTCUSDT,2022-11-14T08:00:00Z,-7.645e-05,8
ETHUSDT,2022-11-14T08:00:00Z,2.254e-05,8
SOLUSDT,2022-11-14T08:00:00Z,-0.00020798,2
SOLUSDT,2022-11-14T10:00:00Z,-0.00037676,2
SOLUSDT,2022-11-14T12:00:00Z,-0.00065817,2
SOLUSDT,2022-11-14T14:00:00Z,2.5e-05,2
BTCUSDT,2022-11-14T16:00:00Z,-1.132e-05,8
ETHUSDT,2022-11-14T16:00:00Z,5.237e-05,8
SOLUSDT,2022-11-14T16:00:00Z,-0.00078889,2
SOLUSDT,2022-11-14T18:00:00Z,-0.00120937,2
SOLUSDT,2022-11-14T20:00:00Z,2.5e-05,2
SOLUSDT,2022-11-14T22:00:00Z,-7.464e-05,2
BTCUSDT,2022-11-15T00:00:00Z,-0.00010925,8
ETHUSDT,2022-11-15T00:00:00Z,-8.644e-05,8
SOLUSDT,2022-11-15T00:00:00Z,2.5e-05,2
SOLUSDT,2022-11-15T02:00:00Z,2.5e-05,2
SOLUSDT,2022-11-15T04:00:00Z,-0.0004769,2
SOLUSDT,2022-11-15T06:00:00Z,-0.00073828,2
BTCUSDT,2022-11-15T08:00:00Z,-0.00017664,8
ETHUSDT,2022-11-15T08:00:00Z,4.951e-05,8
SOLUSDT,2022-11-15T08:00:00Z,2.5e-05,2
SOLUSDT,2022-11-15T10:00:00Z,2.5e-05,2
SOLUSDT,2022-11-15T12:00:00Z,-0.00022903,2
SOLUSDT,2022-11-15T14:00:00Z,-0.00022959,2
BTCUSDT,2022-11-15T16:00:00Z,2.275e-05,8
ETHUSDT,2022-11-15T16:00:00Z,-4.197e-05,8
SOLUSDT,2022-11-15T16:00:00Z,-0.00071141,2
SOLUSDT,2022-11-15T18:00:00Z,-0.00136816,2
SOLUSDT,2022-11-15T20:00:00Z,-0.00066296,2
SOLUSDT,2022-11-15T22:00:00Z,-0.00074848,2
BTCUSDT,2022-11-16T00:00:00Z,-0.00013216,8
ETHUSDT,2022-11-16T00:00:00Z,-9.137e-05,8
SOLUSDT,2022-11-16T00:00:00Z,-0.00095985,2
SOLUSDT,2022-11-16T02:00:00Z,-0.00055134,2
SOLUSDT,2022-11-16T04:00:00Z,-0.00094499,2
SOLUSDT,2022-11-16T06:00:00Z,-0.00045854,2
BTCUSDT,2022-11-16T08:00:00Z,1.121e-05,8
ETHUSDT,2022-11-16T08:00:00Z,1.19e-06,8
SOLUSDT,2022-11-16T08:00:00Z,-0.0009133,2
SOLUSDT,2022-11-16T10:00:00Z,-0.0011055,2
SOLUSDT,2022-11-16T12:00:00Z,-0.00107526,2
SOLUSDT,2022-11-16T14:00:00Z,-0.00074867,2
BTCUSDT,2022-11-16T16:00:00Z,-6.617e-05,8
ETHUSDT,2022-11-16T16:00:00Z,-4.556e-05,8
SOLUSDT,2022-11-16T16:00:00Z,-0.00031476,2
SOLUSDT,2022-11-16T18:00:00Z,-0.00062708,2
SOLUSDT,2022-11-16T20:00:00Z,-3.556e-05,2
SOLUSDT,2022-11-16T22:00:00Z,-4.335e-05,2
BTCUSDT,2022-11-17T00:00:00Z,-4.542e-05,8
ETHUSDT,2022-11-17T00:00:00Z,-9.394e-05,8
SOLUSDT,2022-11-17T00:00:00Z,-0.00015275,2
SOLUSDT,2022-11-17T02:00:00Z,-8.299e-05,2
SOLUSDT,2022-11-17T04:00:00Z,-0.00033443,2
SOLUSDT,2022-11-17T06:00:00Z,-1.852e-05,2
BTCUSDT,2022-11-17T08:00:00Z,-5.138e-05,8
ETHUSDT,2022-11-17T08:00:00Z,2.558e-05,8
SOLUSDT,2022-11-17T08:00:00Z,-9.19e-05,2
SOLUSDT,2022-11-17T10:00:00Z,-3.299e-05,2
SOLUSDT,2022-11-17T12:00:00Z,2.5e-05,2
SOLUSDT,2022-11-17T14:00:00Z,-0.00336778,2
BTCUSDT,2022-11-17T16:00:00Z,-2.701e-05,8
ETHUSDT,2022-11-17T16:00:00Z,-0.00010849,8
SOLUSDT,2022-11-17T16:00:00Z,-0.00141975,2
SOLUSDT,2022-11-17T18:00:00Z,-0.00141426,2
SOLUSDT,2022-11-17T20:00:00Z,-0.00038974,2
SOLUSDT,2022-11-17T22:00:00Z,-0.00040385,2
BTCUSDT,2022-11-18T00:00:00Z,-2.836e-05,8
ETHUSDT,2022-11-18T00:00:00Z,-8.46e-05,8
SOLUSDT,2022-11-18T00:00:00Z,-0.00107448,2
SOLUSDT,2022-11-18T02:00:00Z,-0.00046528,2
SOLUSDT,2022-11-18T04:00:00Z,-0.00035674,2
SOLUSDT,2022-11-18T06:00:00Z,-0.00029566,2
BTCUSDT,2022-11-18T08:00:00Z,2.398e-05,8
ETHUSDT,2022-11-18T08:00:00Z,-6.951e-05,8
SOLUSDT,2022-11-18T08:00:00Z,-0.00021531,2
BTCUSDT,2022-11-18T16:00:00Z,9.55e-06,8
ETHUSDT,2022-11-18T16:00:00Z,-5.327e-05,8
SOLUSDT,2022-11-18T16:00:00Z,-0.00082757,8
BTCUSDT,2022-11-19T00:00:00Z,5.556e-05,8
ETHUSDT,2022-11-19T00:00:00Z,6.481e-05,8
SOLUSDT,2022-11-19T00:00:00Z,-0.00068642,8
BTCUSDT,2022-11-19T08:00:00Z,7.897e-05,8
ETHUSDT,2022-11-19T08:00:00Z,4.413e-05,8
SOLUSDT,2022-11-19T08:00:00Z,-0.00114938,8
BTCUSDT,2022-11-19T16:00:00Z,-1.169e-05,8
ETHUSDT,2022-11-19T16:00:00Z,5.99e-05,8
SOLUSDT,2022-11-19T16:00:00Z,-0.00052327,8
BTCUSDT,2022-11-20T00:00:00Z,-7.79e-06,8
ETHUSDT,2022-11-20T00:00:00Z,3.77e-06,8
SOLUSDT,2022-11-20T00:00:00Z,-0.00047571,8
BTCUSDT,2022-11-20T08:00:00Z,3.552e-05,8
ETHUSDT,2022-11-20T08:00:00Z,5.73e-05,8
SOLUSDT,2022-11-20T08:00:00Z,-0.00037408,8
BTCUSDT,2022-11-20T16:00:00Z,-9.79e-06,8
ETHUSDT,2022-11-20T16:00:00Z,-2.008e-05,8
SOLUSDT,2022-11-20T16:00:00Z,-0.00112922,8
BTCUSDT,2022-11-21T00:00:00Z,7.898e-05,8
ETHUSDT,2022-11-21T00:00:00Z,-0.00020459,8
SOLUSDT,2022-11-21T00:00:00Z,-0.00075953,8
BTCUSDT,2022-11-21T08:00:00Z,-1.218e-05,8
ETHUSDT,2022-11-21T08:00:00Z,-2.17e-05,8
SOLUSDT,2022-11-21T08:00:00Z,-0.0005083,8
BTCUSDT,2022-11-21T16:00:00Z,2.302e-05,8
ETHUSDT,2022-11-21T16:00:00Z,4.666e-05,8
SOLUSDT,2022-11-21T16:00:00Z,-0.00116096,8
BTCUSDT,2022-11-22T00:00:00Z,-7.485e-05,8
ETHUSDT,2022-11-22T00:00:00Z,-6.623e-05,8
SOLUSDT,2022-11-22T00:00:00Z,-0.00016606,8
BTCUSDT,2022-11-22T08:00:00Z,2.033e-05,8
ETHUSDT,2022-11-22T08:00:00Z,-2.821e-05,8
SOLUSDT,2022-11-22T08:00:00Z,-0.00056977,8
BTCUSDT,2022-11-22T16:00:00Z,7.881e-05,8
ETHUSDT,2022-11-22T16:00:00Z,6.368e-05,8
SOLUSDT,2022-11-22T16:00:00Z,-0.00089583,8
BTCUSDT,2022-11-23T00:00:00Z,9.406e-05,8
ETHUSDT,2022-11-23T00:00:00Z,6.088e-05,8
SOLUSDT,2022-11-23T00:00:00Z,-0.00042476,8
BTCUSDT,2022-11-23T08:00:00Z,0.0001,8
ETHUSDT,2022-11-23T08:00:00Z,-4.079e-05,8
SOLUSDT,2022-11-23T08:00:00Z,-0.00011053,8
BTCUSDT,2022-11-23T16:00:00Z,-3.9e-06,8
ETHUSDT,2022-11-23T16:00:00Z,-9.414e-05,8
SOLUSDT,2022-11-23T16:00:00Z,-0.00097051,8
BTCUSDT,2022-11-24T00:00:00Z,5.42e-05,8
ETHUSDT,2022-11-24T00:00:00Z,4.96e-05,8
SOLUSDT,2022-11-24T00:00:00Z,-0.00110661,8
BTCUSDT,2022-11-24T08:00:00Z,2.012e-05,8
ETHUSDT,2022-11-24T08:00:00Z,-6.135e-05,8
SOLUSDT,2022-11-24T08:00:00Z,-0.0014096,8
BTCUSDT,2022-11-24T16:00:00Z,6.272e-05,8
ETHUSDT,2022-11-24T16:00:00Z,3.796e-05,8
SOLUSDT,2022-11-24T16:00:00Z,-0.00203998,8
BTCUSDT,2022-11-25T00:00:00Z,2.058e-05,8
ETHUSDT,2022-11-25T00:00:00Z,5.572e-05,8
SOLUSDT,2022-11-25T00:00:00Z,-0.00066695,8
BTCUSDT,2022-11-25T08:00:00Z,4.61e-06,8
ETHUSDT,2022-11-25T08:00:00Z,5.499e-05,8
SOLUSDT,2022-11-25T08:00:00Z,-0.00025529,8
BTCUSDT,2022-11-25T16:00:00Z,1.329e-05,8
ETHUSDT,2022-11-25T16:00:00Z,-3.074e-05,8
SOLUSDT,2022-11-25T16:00:00Z,-0.00056949,8
BTCUSDT,2022-11-26T00:00:00Z,3.859e-05,8
ETHUSDT,2022-11-26T00:00:00Z,-4.472e-05,8
SOLUSDT,2022-11-26T00:00:00Z,-0.00015345,8
BTCUSDT,2022-11-26T08:00:00Z,-2.455e-05,8
ETHUSDT,2022-11-26T08:00:00Z,-5.666e-05,8
SOLUSDT,2022-11-26T08:00:00Z,-0.00034616,8
BTCUSDT,2022-11-26T16:00:00Z,3.523e-05,8
ETHUSDT,2022-11-26T16:00:00Z,-6.554e-05,8
SOLUSDT,2022-11-26T16:00:00Z,-0.00055804,8
BTCUSDT,2022-11-27T00:00:00Z,1.063e-05,8
ETHUSDT,2022-11-27T00:00:00Z,-4.687e-05,8
SOLUSDT,2022-11-27T00:00:00Z,-0.00147702,8
BTCUSDT,2022-11-27T08:00:00Z,-3.066e-05,8
ETHUSDT,2022-11-27T08:00:00Z,-0.00011497,8
SOLUSDT,2022-11-27T08:00:00Z,-0.00043291,8
BTCUSDT,2022-11-27T16:00:00Z,3.784e-05,8
ETHUSDT,2022-11-27T16:00:00Z,3.854e-05,8
SOLUSDT,2022-11-27T16:00:00Z,-0.00032864,8
BTCUSDT,2022-11-28T00:00:00Z,2.303e-05,8
ETHUSDT,2022-11-28T00:00:00Z,3.42e-06,8
SOLUSDT,2022-11-28T00:00:00Z,-0.00016117,8
BTCUSDT,2022-11-28T08:00:00Z,5.36e-06,8
ETHUSDT,2022-11-28T08:00:00Z,-2.557e-05,8
SOLUSDT,2022-11-28T08:00:00Z,-0.00540619,8
BTCUSDT,2022-11-28T16:00:00Z,2.1e-07,8
ETHUSDT,2022-11-28T16:00:00Z,-0.00012317,8
SOLUSDT,2022-11-28T16:00:00Z,-0.00281466,8
BTCUSDT,2022-11-29T00:00:00Z,4.76e-05,8
ETHUSDT,2022-11-29T00:00:00Z,3.832e-05,8
SOLUSDT,2022-11-29T00:00:00Z,-0.00021025,8
BTCUSDT,2022-11-29T08:00:00Z,-3.85e-06,8
ETHUSDT,2022-11-29T08:00:00Z,2.946e-05,8
SOLUSDT,2022-11-29T08:00:00Z,-0.0004623,8
BTCUSDT,2022-11-29T16:00:00Z,4.171e-05,8
ETHUSDT,2022-11-29T16:00:00Z,0.0001,8
SOLUSDT,2022-11-29T16:00:00Z,-0.00073299,8
BTCUSDT,2022-11-30T00:00:00Z,3.404e-05,8
ETHUSDT,2022-11-30T00:00:00Z,9.218e-05,8
SOLUSDT,2022-11-30T00:00:00Z,-0.00048248,8
BTCUSDT,2022-11-30T08:00:00Z,4.038e-05,8
ETHUSDT,2022-11-30T08:00:00Z,0.0001,8
SOLUSDT,2022-11-30T08:00:00Z,-0.00140667,8
BTCUSDT,2022-11-30T16:00:00Z,9.511e-05,8
ETHUSDT,2022-11-30T16:00:00Z,0.0001,8
SOLUSDT,2022-11-30T16:00:00Z,-0.00041907,8
BTCUSDT,2022-12-01T00:00:00Z,1.029e-05,8
ETHUSDT,2022-12-01T00:00:00Z,-1.967e-05,8
SOLUSDT,2022-12-01T00:00:00Z,-0.00083649,8
BTCUSDT,2022-12-01T08:00:00Z,-5.001e-05,8
ETHUSDT,2022-12-01T08:00:00Z,3.623e-05,8
SOLUSDT,2022-12-01T08:00:00Z,-0.00015134,8
BTCUSDT,2022-12-01T16:00:00Z,0.0001,8
ETHUSDT,2022-12-01T16:00:00Z,0.0001,8
SOLUSDT,2022-12-01T16:00:00Z,-0.0001949,8
BTCUSDT,2022-12-02T00:00:00Z,8.203e-05,8
ETHUSDT,2022-12-02T00:00:00Z,0.0001,8
SOLUSDT,2022-12-02T00:00:00Z,-0.00093645,8
BTCUSDT,2022-12-02T08:00:00Z,2.825e-05,8
ETHUSDT,2022-12-02T08:00:00Z,-2.44e-06,8
SOLUSDT,2022-12-02T08:00:00Z,-0.00174192,8
BTCUSDT,2022-12-02T16:00:00Z,-3.753e-05,8
ETHUSDT,2022-12-02T16:00:00Z,4.87e-05,8
SOLUSDT,2022-12-02T16:00:00Z,-5.628e-05,8
BTCUSDT,2022-12-03T00:00:00Z,3.302e-05,8
ETHUSDT,2022-12-03T00:00:00Z,-4.81e-06,8
SOLUSDT,2022-12-03T00:00:00Z,9.346e-05,8
BTCUSDT,2022-12-03T08:00:00Z,5.123e-05,8
ETHUSDT,2022-12-03T08:00:00Z,-2.779e-05,8
SOLUSDT,2022-12-03T08:00:00Z,-0.00016897,8
BTCUSDT,2022-12-03T16:00:00Z,0.0001,8
ETHUSDT,2022-12-03T16:00:00Z,-2.251e-05,8
SOLUSDT,2022-12-03T16:00:00Z,-0.00030733,8
BTCUSDT,2022-12-04T00:00:00Z,6.174e-05,8
ETHUSDT,2022-12-04T00:00:00Z,-4.991e-05,8
SOLUSDT,2022-12-04T00:00:00Z,-0.00022684,8
BTCUSDT,2022-12-04T08:00:00Z,6.437e-05,8
ETHUSDT,2022-12-04T08:00:00Z,-1.49e-06,8
SOLUSDT,2022-12-04T08:00:00Z,4.642e-05,8
BTCUSDT,2022-12-04T16:00:00Z,4.581e-05,8
ETHUSDT,2022-12-04T16:00:00Z,3.593e-05,8
SOLUSDT,2022-12-04T16:00:00Z,-1.362e-05,8
BTCUSDT,2022-12-05T00:00:00Z,5.4e-07,8
ETHUSDT,2022-12-05T00:00:00Z,5.566e-05,8
SOLUSDT,2022-12-05T00:00:00Z,0.0001,8
BTCUSDT,2022-12-05T08:00:00Z,-4.218e-05,8
ETHUSDT,2022-12-05T08:00:00Z,-2.459e-05,8
SOLUSDT,2022-12-05T08:00:00Z,-6.606e-05,8
BTCUSDT,2022-12-05T16:00:00Z,4.603e-05,8
ETHUSDT,2022-12-05T16:00:00Z,5.578e-05,8
SOLUSDT,2022-12-05T16:00:00Z,0.0001,8
BTCUSDT,2022-12-06T00:00:00Z,2.206e-05,8
ETHUSDT,2022-12-06T00:00:00Z,4.181e-05,8
SOLUSDT,2022-12-06T00:00:00Z,0.0001,8
BTCUSDT,2022-12-06T08:00:00Z,4.118e-05,8
ETHUSDT,2022-12-06T08:00:00Z,1.389e-05,8
SOLUSDT,2022-12-06T08:00:00Z,6.467e-05,8
BTCUSDT,2022-12-06T16:00:00Z,2.305e-05,8
ETHUSDT,2022-12-06T16:00:00Z,4.364e-05,8
SOLUSDT,2022-12-06T16:00:00Z,1.418e-05,8
BTCUSDT,2022-12-07T00:00:00Z,7.887e-05,8
ETHUSDT,2022-12-07T00:00:00Z,8.029e-05,8
SOLUSDT,2022-12-07T00:00:00Z,4.454e-05,8
BTCUSDT,2022-12-07T08:00:00Z,6.58e-06,8
ETHUSDT,2022-12-07T08:00:00Z,5.95e-06,8
SOLUSDT,2022-12-07T08:00:00Z,3.151e-05,8
BTCUSDT,2022-12-07T16:00:00Z,-1.492e-05,8
ETHUSDT,2022-12-07T16:00:00Z,-2.33e-06,8
SOLUSDT,2022-12-07T16:00:00Z,5.056e-05,8
BTCUSDT,2022-12-08T00:00:00Z,1.183e-05,8
ETHUSDT,2022-12-08T00:00:00Z,6.3e-07,8
SOLUSDT,2022-12-08T00:00:00Z,5.017e-05,8
BTCUSDT,2022-12-08T08:00:00Z,2.152e-05,8
ETHUSDT,2022-12-08T08:00:00Z,1.744e-05,8
SOLUSDT,2022-12-08T08:00:00Z,-0.00028326,8
BTCUSDT,2022-12-08T16:00:00Z,1.67e-06,8
ETHUSDT,2022-12-08T16:00:00Z,-9.2e-07,8
SOLUSDT,2022-12-08T16:00:00Z,1.999e-05,8
BTCUSDT,2022-12-09T00:00:00Z,1.178e-05,8
ETHUSDT,2022-12-09T00:00:00Z,0.0001,8
SOLUSDT,2022-12-09T00:00:00Z,-9.895e-05,8
BTCUSDT,2022-12-09T08:00:00Z,4.007e-05,8
ETHUSDT,2022-12-09T08:00:00Z,6.855e-05,8
SOLUSDT,2022-12-09T08:00:00Z,-2.372e-05,8
BTCUSDT,2022-12-09T16:00:00Z,3.198e-05,8
ETHUSDT,2022-12-09T16:00:00Z,4.9e-05,8
SOLUSDT,2022-12-09T16:00:00Z,7.054e-05,8
BTCUSDT,2022-12-10T00:00:00Z,-1.669e-05,8
ETHUSDT,2022-12-10T00:00:00Z,-1.674e-05,8
SOLUSDT,2022-12-10T00:00:00Z,-4.552e-05,8
BTCUSDT,2022-12-10T08:00:00Z,-6.87e-06,8
ETHUSDT,2022-12-10T08:00:00Z,6.407e-05,8
SOLUSDT,2022-12-10T08:00:00Z,-5.93e-06,8
BTCUSDT,2022-12-10T16:00:00Z,1.711e-05,8
ETHUSDT,2022-12-10T16:00:00Z,6.841e-05,8
SOLUSDT,2022-12-10T16:00:00Z,-0.00016454,8
BTCUSDT,2022-12-11T00:00:00Z,9.29e-06,8
ETHUSDT,2022-12-11T00:00:00Z,-2.288e-05,8
SOLUSDT,2022-12-11T00:00:00Z,-3.942e-05,8
BTCUSDT,2022-12-11T08:00:00Z,8.73e-06,8
ETHUSDT,2022-12-11T08:00:00Z,1.946e-05,8
SOLUSDT,2022-12-11T08:00:00Z,-0.00010562,8
BTCUSDT,2022-12-11T16:00:00Z,6.92e-06,8
ETHUSDT,2022-12-11T16:00:00Z,1.359e-05,8
SOLUSDT,2022-12-11T16:00:00Z,-9.44e-06,8
BTCUSDT,2022-12-12T00:00:00Z,2.406e-05,8
ETHUSDT,2022-12-12T00:00:00Z,3.843e-05,8
SOLUSDT,2022-12-12T00:00:00Z,-0.0001843,8
BTCUSDT,2022-12-12T08:00:00Z,2.638e-05,8
ETHUSDT,2022-12-12T08:00:00Z,-2.359e-05,8
SOLUSDT,2022-12-12T08:00:00Z,-0.00028652,8
BTCUSDT,2022-12-12T16:00:00Z,-1.67e-05,8
ETHUSDT,2022-12-12T16:00:00Z,-2.692e-05,8
SOLUSDT,2022-12-12T16:00:00Z,-0.00012371,8
BTCUSDT,2022-12-13T00:00:00Z,3.003e-05,8
ETHUSDT,2022-12-13T00:00:00Z,8.949e-05,8
SOLUSDT,2022-12-13T00:00:00Z,-1.654e-05,8
BTCUSDT,2022-12-13T08:00:00Z,1.971e-05,8
ETHUSDT,2022-12-13T08:00:00Z,0.0001,8
SOLUSDT,2022-12-13T08:00:00Z,2e-07,8
BTCUSDT,2022-12-13T16:00:00Z,0.0001,8
ETHUSDT,2022-12-13T16:00:00Z,0.0001,8
SOLUSDT,2022-12-13T16:00:00Z,0.0001,8
BTCUSDT,2022-12-14T00:00:00Z,0.0001,8
ETHUSDT,2022-12-14T00:00:00Z,0.0001,8
SOLUSDT,2022-12-14T00:00:00Z,0.0001,8
BTCUSDT,2022-12-14T08:00:00Z,0.0001,8
ETHUSDT,2022-12-14T08:00:00Z,0.0001,8
SOLUSDT,2022-12-14T08:00:00Z,0.0001,8
BTCUSDT,2022-12-14T16:00:00Z,0.0001,8
ETHUSDT,2022-12-14T16:00:00Z,0.0001,8
SOLUSDT,2022-12-14T16:00:00Z,0.0001,8
BTCUSDT,2022-12-15T00:00:00Z,0.0001,8
ETHUSDT,2022-12-15T00:00:00Z,0.0001,8
SOLUSDT,2022-12-15T00:00:00Z,0.0001,8
BTCUSDT,2022-12-15T08:00:00Z,0.0001,8
ETHUSDT,2022-12-15T08:00:00Z,0.0001,8
SOLUSDT,2022-12-15T08:00:00Z,0.0001,8
BTCUSDT,2022-12-15T16:00:00Z,5.18e-05,8
ETHUSDT,2022-12-15T16:00:00Z,0.0001,8
SOLUSDT,2022-12-15T16:00:00Z,0.0001,8
BTCUSDT,2022-12-16T00:00:00Z,4.842e-05,8
ETHUSDT,2022-12-16T00:00:00Z,0.0001,8
SOLUSDT,2022-12-16T00:00:00Z,0.0001,8
BTCUSDT,2022-12-16T08:00:00Z,5.706e-05,8
ETHUSDT,2022-12-16T08:00:00Z,0.0001,8
SOLUSDT,2022-12-16T08:00:00Z,0.0001,8
BTCUSDT,2022-12-16T16:00:00Z,-1.987e-05,8
ETHUSDT,2022-12-16T16:00:00Z,-3.78e-05,8
SOLUSDT,2022-12-16T16:00:00Z,-3.932e-05,8
BTCUSDT,2022-12-17T00:00:00Z,2.013e-05,8
ETHUSDT,2022-12-17T00:00:00Z,8.697e-05,8
SOLUSDT,2022-12-17T00:00:00Z,-7.161e-05,8
BTCUSDT,2022-12-17T08:00:00Z,7.81e-05,8
ETHUSDT,2022-12-17T08:00:00Z,-6.429e-05,8
SOLUSDT,2022-12-17T08:00:00Z,-0.0004589,8
BTCUSDT,2022-12-17T16:00:00Z,9.707e-05,8
ETHUSDT,2022-12-17T16:00:00Z,3.413e-05,8
SOLUSDT,2022-12-17T16:00:00Z,-0.00034297,8
BTCUSDT,2022-12-18T00:00:00Z,6.274e-05,8
ETHUSDT,2022-12-18T00:00:00Z,5.955e-05,8
SOLUSDT,2022-12-18T00:00:00Z,-0.00045493,8
BTCUSDT,2022-12-18T08:00:00Z,6.828e-05,8
ETHUSDT,2022-12-18T08:00:00Z,7.9e-05,8
SOLUSDT,2022-12-18T08:00:00Z,-0.00027776,8
BTCUSDT,2022-12-18T16:00:00Z,-6.47e-06,8
ETHUSDT,2022-12-18T16:00:00Z,4.105e-05,8
SOLUSDT,2022-12-18T16:00:00Z,-0.00035966,8
BTCUSDT,2022-12-19T00:00:00Z,6.468e-05,8
ETHUSDT,2022-12-19T00:00:00Z,-3.395e-05,8
SOLUSDT,2022-12-19T00:00:00Z,-0.00018596,8
BTCUSDT,2022-12-19T08:00:00Z,3.493e-05,8
ETHUSDT,2022-12-19T08:00:00Z,5.7e-06,8
SOLUSDT,2022-12-19T08:00:00Z,-0.00045428,8
BTCUSDT,2022-12-19T16:00:00Z,4.496e-05,8
ETHUSDT,2022-12-19T16:00:00Z,-6.01e-06,8
SOLUSDT,2022-12-19T16:00:00Z,-0.000376,8
BTCUSDT,2022-12-20T00:00:00Z,5.611e-05,8
ETHUSDT,2022-12-20T00:00:00Z,8.479e-05,8
SOLUSDT,2022-12-20T00:00:00Z,-0.00029256,8
BTCUSDT,2022-12-20T08:00:00Z,-1.2e-07,8
ETHUSDT,2022-12-20T08:00:00Z,4.111e-05,8
SOLUSDT,2022-12-20T08:00:00Z,-0.00020607,8
BTCUSDT,2022-12-20T16:00:00Z,3.401e-05,8
ETHUSDT,2022-12-20T16:00:00Z,9.832e-05,8
SOLUSDT,2022-12-20T16:00:00Z,-0.00024139,8
BTCUSDT,2022-12-21T00:00:00Z,3.778e-05,8
ETHUSDT,2022-12-21T00:00:00Z,4.626e-05,8
SOLUSDT,2022-12-21T00:00:00Z,-7.839e-05,8
BTCUSDT,2022-12-21T08:00:00Z,7.742e-05,8
ETHUSDT,2022-12-21T08:00:00Z,8.575e-05,8
SOLUSDT,2022-12-21T08:00:00Z,-0.00034859,8
BTCUSDT,2022-12-21T16:00:00Z,7.582e-05,8
ETHUSDT,2022-12-21T16:00:00Z,6.565e-05,8
SOLUSDT,2022-12-21T16:00:00Z,-0.00033756,8
BTCUSDT,2022-12-22T00:00:00Z,2.918e-05,8
ETHUSDT,2022-12-22T00:00:00Z,8.923e-05,8
SOLUSDT,2022-12-22T00:00:00Z,-0.00027437,8
BTCUSDT,2022-12-22T08:00:00Z,8.167e-05,8
ETHUSDT,2022-12-22T08:00:00Z,9.813e-05,8
SOLUSDT,2022-12-22T08:00:00Z,-0.00027483,8
BTCUSDT,2022-12-22T16:00:00Z,7.198e-05,8
ETHUSDT,2022-12-22T16:00:00Z,7.887e-05,8
SOLUSDT,2022-12-22T16:00:00Z,-0.00010761,8
BTCUSDT,2022-12-23T00:00:00Z,0.0001,8
ETHUSDT,2022-12-23T00:00:00Z,7.468e-05,8
SOLUSDT,2022-12-23T00:00:00Z,-9.791e-05,8
BTCUSDT,2022-12-23T08:00:00Z,0.0001,8
ETHUSDT,2022-12-23T08:00:00Z,0.0001,8
SOLUSDT,2022-12-23T08:00:00Z,9.921e-05,8
BTCUSDT,2022-12-23T16:00:00Z,8.903e-05,8
ETHUSDT,2022-12-23T16:00:00Z,-7.28e-06,8
SOLUSDT,2022-12-23T16:00:00Z,-7.019e-05,8
BTCUSDT,2022-12-24T00:00:00Z,0.0001,8
ETHUSDT,2022-12-24T00:00:00Z,6.767e-05,8
SOLUSDT,2022-12-24T00:00:00Z,-1.74e-06,8
BTCUSDT,2022-12-24T08:00:00Z,4.748e-05,8
ETHUSDT,2022-12-24T08:00:00Z,0.0001,8
SOLUSDT,2022-12-24T08:00:00Z,-0.00121249,8
BTCUSDT,2022-12-24T16:00:00Z,6.222e-05,8
ETHUSDT,2022-12-24T16:00:00Z,5.27e-06,8
SOLUSDT,2022-12-24T16:00:00Z,-0.00155484,8
BTCUSDT,2022-12-25T00:00:00Z,5.21e-06,8
ETHUSDT,2022-12-25T00:00:00Z,-3.84e-06,8
SOLUSDT,2022-12-25T00:00:00Z,-0.00063471,8
BTCUSDT,2022-12-25T08:00:00Z,1.855e-05,8
ETHUSDT,2022-12-25T08:00:00Z,4.1e-07,8
SOLUSDT,2022-12-25T08:00:00Z,-0.00080818,8
BTCUSDT,2022-12-25T16:00:00Z,3.06e-05,8
ETHUSDT,2022-12-25T16:00:00Z,1.343e-05,8
SOLUSDT,2022-12-25T16:00:00Z,-0.00017688,8
BTCUSDT,2022-12-26T00:00:00Z,3.319e-05,8
ETHUSDT,2022-12-26T00:00:00Z,6.962e-05,8
SOLUSDT,2022-12-26T00:00:00Z,-0.00017839,8
BTCUSDT,2022-12-26T08:00:00Z,-5.064e-05,8
ETHUSDT,2022-12-26T08:00:00Z,1.023e-05,8
SOLUSDT,2022-12-26T08:00:00Z,-0.00035979,8
BTCUSDT,2022-12-26T16:00:00Z,2.871e-05,8
ETHUSDT,2022-12-26T16:00:00Z,2.594e-05,8
SOLUSDT,2022-12-26T16:00:00Z,-0.00034214,8
BTCUSDT,2022-12-27T00:00:00Z,8.655e-05,8
ETHUSDT,2022-12-27T00:00:00Z,0.0001,8
SOLUSDT,2022-12-27T00:00:00Z,-0.00014455,8
BTCUSDT,2022-12-27T08:00:00Z,1.102e-05,8
ETHUSDT,2022-12-27T08:00:00Z,2.226e-05,8
SOLUSDT,2022-12-27T08:00:00Z,2.9e-07,8
BTCUSDT,2022-12-27T16:00:00Z,1.951e-05,8
ETHUSDT,2022-12-27T16:00:00Z,7.546e-05,8
SOLUSDT,2022-12-27T16:00:00Z,-0.00016284,8
BTCUSDT,2022-12-28T00:00:00Z,4.252e-05,8
ETHUSDT,2022-12-28T00:00:00Z,0.0001,8
SOLUSDT,2022-12-28T00:00:00Z,0.0001,8
BTCUSDT,2022-12-28T08:00:00Z,9.764e-05,8
ETHUSDT,2022-12-28T08:00:00Z,6.253e-05,8
SOLUSDT,2022-12-28T08:00:00Z,-0.00049469,8
BTCUSDT,2022-12-28T16:00:00Z,2.111e-05,8
ETHUSDT,2022-12-28T16:00:00Z,-2.352e-05,8
SOLUSDT,2022-12-28T16:00:00Z,-0.00062657,8
BTCUSDT,2022-12-29T00:00:00Z,9.985e-05,8
ETHUSDT,2022-12-29T00:00:00Z,0.0001,8
SOLUSDT,2022-12-29T00:00:00Z,-0.00049537,8
BTCUSDT,2022-12-29T08:00:00Z,8.532e-05,8
ETHUSDT,2022-12-29T08:00:00Z,5.835e-05,8
SOLUSDT,2022-12-29T08:00:00Z,-0.00011408,8
BTCUSDT,2022-12-29T16:00:00Z,0.0001,8
ETHUSDT,2022-12-29T16:00:00Z,0.0001,8
SOLUSDT,2022-12-29T16:00:00Z,-0.00013498,8
BTCUSDT,2022-12-30T00:00:00Z,0.0001,8
ETHUSDT,2022-12-30T00:00:00Z,0.0001,8
SOLUSDT,2022-12-30T00:00:00Z,-0.00277763,8
BTCUSDT,2022-12-30T08:00:00Z,7.132e-05,8
ETHUSDT,2022-12-30T08:00:00Z,0.0001,8
SOLUSDT,2022-12-30T08:00:00Z,-0.00216253,8
BTCUSDT,2022-12-30T16:00:00Z,0.0001,8
ETHUSDT,2022-12-30T16:00:00Z,0.0001,8
SOLUSDT,2022-12-30T16:00:00Z,-0.00240802,8
BTCUSDT,2022-12-31T00:00:00Z,0.0001,8
ETHUSDT,2022-12-31T00:00:00Z,0.0001,8
SOLUSDT,2022-12-31T00:00:00Z,-0.00284191,8
BTCUSDT,2022-12-31T08:00:00Z,0.0001,8
ETHUSDT,2022-12-31T08:00:00Z,0.0001,8
SOLUSDT,2022-12-31T08:00:00Z,-0.00180298,8
BTCUSDT,2022-12-31T16:00:00Z,0.0001,8
ETHUSDT,2022-12-31T16:00:00Z,0.0001,8
SOLUSDT,2022-12-31T16:00:00Z,-0.00095178,8
BTCUSDT,2023-01-01T00:00:00Z,0.0001,8
ETHUSDT,2023-01-01T00:00:00Z,0.0001,8
SOLUSDT,2023-01-01T00:00:00Z,-0.00092452,8
BTCUSDT,2023-01-01T08:00:00Z,0.0001,8
ETHUSDT,2023-01-01T08:00:00Z,0.0001,8
SOLUSDT,2023-01-01T08:00:00Z,-0.00039729,8
BTCUSDT,2023-01-01T16:00:00Z,6.91e-06,8
ETHUSDT,2023-01-01T16:00:00Z,0.0001,8
SOLUSDT,2023-01-01T16:00:00Z,-0.00097445,8
BTCUSDT,2023-01-02T00:00:00Z,-1.488e-05,8
ETHUSDT,2023-01-02T00:00:00Z,0.0001,8
SOLUSDT,2023-01-02T00:00:00Z,-0.00105604,8
BTCUSDT,2023-01-02T08:00:00Z,-4.356e-05,8
ETHUSDT,2023-01-02T08:00:00Z,8.878e-05,8
SOLUSDT,2023-01-02T08:00:00Z,-0.00073395,8
BTCUSDT,2023-01-02T16:00:00Z,2.67e-05,8
ETHUSDT,2023-01-02T16:00:00Z,7.464e-05,8
SOLUSDT,2023-01-02T16:00:00Z,-0.00036678,8
BTCUSDT,2023-01-03T00:00:00Z,0.0001,8
ETHUSDT,2023-01-03T00:00:00Z,8.9e-06,8
SOLUSDT,2023-01-03T00:00:00Z,-0.00137389,8
BTCUSDT,2023-01-03T08:00:00Z,8.977e-05,8
ETHUSDT,2023-01-03T08:00:00Z,5.228e-05,8
SOLUSDT,2023-01-03T08:00:00Z,-0.0032206,8
BTCUSDT,2023-01-03T16:00:00Z,3.322e-05,8
ETHUSDT,2023-01-03T16:00:00Z,2.948e-05,8
SOLUSDT,2023-01-03T16:00:00Z,-0.00820119,8
BTCUSDT,2023-01-04T00:00:00Z,6.489e-05,8
ETHUSDT,2023-01-04T00:00:00Z,7.609e-05,8
SOLUSDT,2023-01-04T00:00:00Z,-0.00349905,8
BTCUSDT,2023-01-04T08:00:00Z,3.388e-05,8
ETHUSDT,2023-01-04T08:00:00Z,0.0001,8
SOLUSDT,2023-01-04T08:00:00Z,-0.00927078,8
BTCUSDT,2023-01-04T16:00:00Z,4.931e-05,8
ETHUSDT,2023-01-04T16:00:00Z,0.0001,8
SOLUSDT,2023-01-04T16:00:00Z,-0.00145742,8
BTCUSDT,2023-01-05T00:00:00Z,5.417e-05,8
ETHUSDT,2023-01-05T00:00:00Z,0.0001,8
SOLUSDT,2023-01-05T00:00:00Z,-0.00197574,8
BTCUSDT,2023-01-05T08:00:00Z,4.436e-05,8
ETHUSDT,2023-01-05T08:00:00Z,0.0001,8
SOLUSDT,2023-01-05T08:00:00Z,-0.00017797,8
BTCUSDT,2023-01-05T16:00:00Z,7.264e-05,8
ETHUSDT,2023-01-05T16:00:00Z,0.0001,8
SOLUSDT,2023-01-05T16:00:00Z,-0.00035808,8
BTCUSDT,2023-01-06T00:00:00Z,5.587e-05,8
ETHUSDT,2023-01-06T00:00:00Z,0.0001,8
SOLUSDT,2023-01-06T00:00:00Z,-0.0028675,8
BTCUSDT,2023-01-06T08:00:00Z,6.591e-05,8
ETHUSDT,2023-01-06T08:00:00Z,0.0001,8
SOLUSDT,2023-01-06T08:00:00Z,-5.103e-05,8
BTCUSDT,2023-01-06T16:00:00Z,8.658e-05,8
ETHUSDT,2023-01-06T16:00:00Z,0.0001,8
SOLUSDT,2023-01-06T16:00:00Z,-0.00097063,8
BTCUSDT,2023-01-07T00:00:00Z,2.508e-05,8
ETHUSDT,2023-01-07T00:00:00Z,5.444e-05,8
SOLUSDT,2023-01-07T00:00:00Z,-0.00063098,8
BTCUSDT,2023-01-07T08:00:00Z,6.71e-06,8
ETHUSDT,2023-01-07T08:00:00Z,4.199e-05,8
SOLUSDT,2023-01-07T08:00:00Z,-8.222e-05,8
BTCUSDT,2023-01-07T16:00:00Z,0.0001,8
ETHUSDT,2023-01-07T16:00:00Z,7.19e-05,8
SOLUSDT,2023-01-07T16:00:00Z,-0.00049317,8
BTCUSDT,2023-01-08T00:00:00Z,5.657e-05,8
ETHUSDT,2023-01-08T00:00:00Z,2.131e-05,8
SOLUSDT,2023-01-08T00:00:00Z,-0.00032422,8
BTCUSDT,2023-01-08T08:00:00Z,0.0001,8
ETHUSDT,2023-01-08T08:00:00Z,8.826e-05,8
SOLUSDT,2023-01-08T08:00:00Z,-0.00041686,8
BTCUSDT,2023-01-08T16:00:00Z,7.452e-05,8
ETHUSDT,2023-01-08T16:00:00Z,8.657e-05,8
SOLUSDT,2023-01-08T16:00:00Z,-0.0002307,8
BTCUSDT,2023-01-09T00:00:00Z,5.796e-05,8
ETHUSDT,2023-01-09T00:00:00Z,4.312e-05,8
SOLUSDT,2023-01-09T00:00:00Z,-0.0002275,8
BTCUSDT,2023-01-09T08:00:00Z,-6.66e-06,8
ETHUSDT,2023-01-09T08:00:00Z,7.617e-05,8
SOLUSDT,2023-01-09T08:00:00Z,0.0001,8
BTCUSDT,2023-01-09T16:00:00Z,9.05e-06,8
ETHUSDT,2023-01-09T16:00:00Z,0.0001,8
SOLUSDT,2023-01-09T16:00:00Z,0.0001,8
BTCUSDT,2023-01-10T00:00:00Z,2.417e-05,8
ETHUSDT,2023-01-10T00:00:00Z,0.0001,8
SOLUSDT,2023-01-10T00:00:00Z,0.0001,8
BTCUSDT,2023-01-10T08:00:00Z,9.685e-05,8
ETHUSDT,2023-01-10T08:00:00Z,0.0001,8
SOLUSDT,2023-01-10T08:00:00Z,0.0001,8
BTCUSDT,2023-01-10T16:00:00Z,3.129e-05,8
ETHUSDT,2023-01-10T16:00:00Z,0.0001,8
SOLUSDT,2023-01-10T16:00:00Z,-0.00015347,8
BTCUSDT,2023-01-11T00:00:00Z,2.761e-05,8
ETHUSDT,2023-01-11T00:00:00Z,0.0001,8
SOLUSDT,2023-01-11T00:00:00Z,-0.0002485,8
BTCUSDT,2023-01-11T08:00:00Z,2.477e-05,8
ETHUSDT,2023-01-11T08:00:00Z,0.0001,8
SOLUSDT,2023-01-11T08:00:00Z,-1.768e-05,8
BTCUSDT,2023-01-11T16:00:00Z,-2.11e-06,8
ETHUSDT,2023-01-11T16:00:00Z,2.778e-05,8
SOLUSDT,2023-01-11T16:00:00Z,0.0001,8
BTCUSDT,2023-01-12T00:00:00Z,7.549e-05,8
ETHUSDT,2023-01-12T00:00:00Z,0.0001,8
SOLUSDT,2023-01-12T00:00:00Z,0.0001,8
BTCUSDT,2023-01-12T08:00:00Z,0.0001,8
ETHUSDT,2023-01-12T08:00:00Z,0.0001,8
SOLUSDT,2023-01-12T08:00:00Z,0.0001,8
BTCUSDT,2023-01-12T16:00:00Z,0.0001,8
ETHUSDT,2023-01-12T16:00:00Z,0.0001,8
SOLUSDT,2023-01-12T16:00:00Z,-0.00044772,8
BTCUSDT,2023-01-13T00:00:00Z,0.0001,8
ETHUSDT,2023-01-13T00:00:00Z,0.0001,8
SOLUSDT,2023-01-13T00:00:00Z,-5.616e-05,8
BTCUSDT,2023-01-13T08:00:00Z,0.0001,8
ETHUSDT,2023-01-13T08:00:00Z,0.0001,8
SOLUSDT,2023-01-13T08:00:00Z,2.603e-05,8
BTCUSDT,2023-01-13T16:00:00Z,7.16e-05,8
ETHUSDT,2023-01-13T16:00:00Z,0.0001,8
SOLUSDT,2023-01-13T16:00:00Z,-0.00058902,8
BTCUSDT,2023-01-14T00:00:00Z,8.746e-05,8
ETHUSDT,2023-01-14T00:00:00Z,0.0001,8
SOLUSDT,2023-01-14T00:00:00Z,0.0001,8
BTCUSDT,2023-01-14T08:00:00Z,0.00045847,8
ETHUSDT,2023-01-14T08:00:00Z,0.00061643,8
SOLUSDT,2023-01-14T08:00:00Z,0.00027702,8
BTCUSDT,2023-01-14T16:00:00Z,0.0001,8
ETHUSDT,2023-01-14T16:00:00Z,0.00045951,8
SOLUSDT,2023-01-14T16:00:00Z,0.0001,8
BTCUSDT,2023-01-15T00:00:00Z,0.00013712,8
ETHUSDT,2023-01-15T00:00:00Z,0.00012412,8
SOLUSDT,2023-01-15T00:00:00Z,0.00023978,8
BTCUSDT,2023-01-15T08:00:00Z,0.00012434,8
ETHUSDT,2023-01-15T08:00:00Z,0.00030426,8
SOLUSDT,2023-01-15T08:00:00Z,0.00036502,8
BTCUSDT,2023-01-15T16:00:00Z,0.00019892,8
ETHUSDT,2023-01-15T16:00:00Z,0.00018878,8
SOLUSDT,2023-01-15T16:00:00Z,0.00012309,8
BTCUSDT,2023-01-16T00:00:00Z,0.0001,8
ETHUSDT,2023-01-16T00:00:00Z,0.00014183,8
SOLUSDT,2023-01-16T00:00:00Z,0.00019979,8
BTCUSDT,2023-01-16T08:00:00Z,0.0001,8
ETHUSDT,2023-01-16T08:00:00Z,0.0001,8
SOLUSDT,2023-01-16T08:00:00Z,0.00041624,8
BTCUSDT,2023-01-16T16:00:00Z,0.0001,8
ETHUSDT,2023-01-16T16:00:00Z,0.0001,8
SOLUSDT,2023-01-16T16:00:00Z,0.0001,8
BTCUSDT,2023-01-17T00:00:00Z,0.0001,8
ETHUSDT,2023-01-17T00:00:00Z,0.0001,8
SOLUSDT,2023-01-17T00:00:00Z,0.00012293,8
BTCUSDT,2023-01-17T08:00:00Z,0.0001,8
ETHUSDT,2023-01-17T08:00:00Z,0.0001,8
SOLUSDT,2023-01-17T08:00:00Z,0.0001,8
BTCUSDT,2023-01-17T16:00:00Z,0.0001,8
ETHUSDT,2023-01-17T16:00:00Z,0.0001,8
SOLUSDT,2023-01-17T16:00:00Z,0.0001,8
BTCUSDT,2023-01-18T00:00:00Z,0.0001,8
ETHUSDT,2023-01-18T00:00:00Z,0.0001,8
SOLUSDT,2023-01-18T00:00:00Z,0.0001,8
BTCUSDT,2023-01-18T08:00:00Z,0.0001,8
ETHUSDT,2023-01-18T08:00:00Z,0.0001,8
SOLUSDT,2023-01-18T08:00:00Z,0.0001,8
BTCUSDT,2023-01-18T16:00:00Z,0.0001,8
ETHUSDT,2023-01-18T16:00:00Z,0.0001,8
SOLUSDT,2023-01-18T16:00:00Z,0.0001,8
BTCUSDT,2023-01-19T00:00:00Z,0.0001,8
ETHUSDT,2023-01-19T00:00:00Z,0.0001,8
SOLUSDT,2023-01-19T00:00:00Z,0.0001,8
BTCUSDT,2023-01-19T08:00:00Z,0.0001,8
ETHUSDT,2023-01-19T08:00:00Z,0.0001,8
SOLUSDT,2023-01-19T08:00:00Z,0.0001,8
BTCUSDT,2023-01-19T16:00:00Z,0.0001,8
ETHUSDT,2023-01-19T16:00:00Z,0.0001,8
SOLUSDT,2023-01-19T16:00:00Z,0.0001,8
BTCUSDT,2023-01-20T00:00:00Z,0.0001,8
ETHUSDT,2023-01-20T00:00:00Z,0.0001,8
SOLUSDT,2023-01-20T00:00:00Z,0.0001,8
BTCUSDT,2023-01-20T08:00:00Z,0.0001,8
ETHUSDT,2023-01-20T08:00:00Z,0.0001,8
SOLUSDT,2023-01-20T08:00:00Z,0.0001,8
BTCUSDT,2023-01-20T16:00:00Z,0.0001,8
ETHUSDT,2023-01-20T16:00:00Z,0.0001,8
SOLUSDT,2023-01-20T16:00:00Z,0.0001,8
BTCUSDT,2023-01-21T00:00:00Z,0.0001,8
ETHUSDT,2023-01-21T00:00:00Z,0.0001,8
SOLUSDT,2023-01-21T00:00:00Z,0.0001,8
BTCUSDT,2023-01-21T08:00:00Z,0.0001,8
ETHUSDT,2023-01-21T08:00:00Z,0.0001,8
SOLUSDT,2023-01-21T08:00:00Z,0.00030268,8
BTCUSDT,2023-01-21T16:00:00Z,0.0001,8
ETHUSDT,2023-01-21T16:00:00Z,0.0001,8
SOLUSDT,2023-01-21T16:00:00Z,0.0001,8
BTCUSDT,2023-01-22T00:00:00Z,0.0001,8
ETHUSDT,2023-01-22T00:00:00Z,0.0001,8
SOLUSDT,2023-01-22T00:00:00Z,0.0001,8
BTCUSDT,2023-01-22T08:00:00Z,0.0001,8
ETHUSDT,2023-01-22T08:00:00Z,0.0001,8
SOLUSDT,2023-01-22T08:00:00Z,0.0001,8
BTCUSDT,2023-01-22T16:00:00Z,0.0001,8
ETHUSDT,2023-01-22T16:00:00Z,0.0001,8
SOLUSDT,2023-01-22T16:00:00Z,0.0001,8
BTCUSDT,2023-01-23T00:00:00Z,0.0001,8
ETHUSDT,2023-01-23T00:00:00Z,0.00010356,8
SOLUSDT,2023-01-23T00:00:00Z,0.0001,8
BTCUSDT,2023-01-23T08:00:00Z,0.0001,8
ETHUSDT,2023-01-23T08:00:00Z,0.0001,8
SOLUSDT,2023-01-23T08:00:00Z,0.0001,8
BTCUSDT,2023-01-23T16:00:00Z,0.0001,8
ETHUSDT,2023-01-23T16:00:00Z,0.0001,8
SOLUSDT,2023-01-23T16:00:00Z,0.0001,8
BTCUSDT,2023-01-24T00:00:00Z,0.0001,8
ETHUSDT,2023-01-24T00:00:00Z,0.0001,8
SOLUSDT,2023-01-24T00:00:00Z,0.0001,8
BTCUSDT,2023-01-24T08:00:00Z,0.0001,8
ETHUSDT,2023-01-24T08:00:00Z,0.0001,8
SOLUSDT,2023-01-24T08:00:00Z,0.00013079,8
BTCUSDT,2023-01-24T16:00:00Z,0.0001,8
ETHUSDT,2023-01-24T16:00:00Z,0.0001,8
SOLUSDT,2023-01-24T16:00:00Z,0.0001,8
BTCUSDT,2023-01-25T00:00:00Z,0.0001,8
ETHUSDT,2023-01-25T00:00:00Z,0.0001,8
SOLUSDT,2023-01-25T00:00:00Z,0.0001,8
BTCUSDT,2023-01-25T08:00:00Z,0.0001,8
ETHUSDT,2023-01-25T08:00:00Z,0.0001,8
SOLUSDT,2023-01-25T08:00:00Z,1.239e-05,8
BTCUSDT,2023-01-25T16:00:00Z,0.0001,8
ETHUSDT,2023-01-25T16:00:00Z,0.0001,8
SOLUSDT,2023-01-25T16:00:00Z,0.0001,8
BTCUSDT,2023-01-26T00:00:00Z,0.0001,8
ETHUSDT,2023-01-26T00:00:00Z,0.0001,8
SOLUSDT,2023-01-26T00:00:00Z,0.0001,8
BTCUSDT,2023-01-26T08:00:00Z,0.0001,8
ETHUSDT,2023-01-26T08:00:00Z,0.0001,8
SOLUSDT,2023-01-26T08:00:00Z,0.0001,8
BTCUSDT,2023-01-26T16:00:00Z,0.0001,8
ETHUSDT,2023-01-26T16:00:00Z,0.0001,8
SOLUSDT,2023-01-26T16:00:00Z,0.0001,8
BTCUSDT,2023-01-27T00:00:00Z,0.0001,8
ETHUSDT,2023-01-27T00:00:00Z,0.0001,8
SOLUSDT,2023-01-27T00:00:00Z,0.0001,8
BTCUSDT,2023-01-27T08:00:00Z,9.541e-05,8
ETHUSDT,2023-01-27T08:00:00Z,0.0001,8
SOLUSDT,2023-01-27T08:00:00Z,0.0001,8
BTCUSDT,2023-01-27T16:00:00Z,0.0001,8
ETHUSDT,2023-01-27T16:00:00Z,0.0001,8
SOLUSDT,2023-01-27T16:00:00Z,0.0001,8
BTCUSDT,2023-01-28T00:00:00Z,0.0001,8
ETHUSDT,2023-01-28T00:00:00Z,0.0001,8
SOLUSDT,2023-01-28T00:00:00Z,0.0001,8
BTCUSDT,2023-01-28T08:00:00Z,0.0001,8
ETHUSDT,2023-01-28T08:00:00Z,0.0001,8
SOLUSDT,2023-01-28T08:00:00Z,0.00013046,8
BTCUSDT,2023-01-28T16:00:00Z,0.0001,8
ETHUSDT,2023-01-28T16:00:00Z,0.0001,8
SOLUSDT,2023-01-28T16:00:00Z,0.0001,8
BTCUSDT,2023-01-29T00:00:00Z,0.0001,8
ETHUSDT,2023-01-29T00:00:00Z,0.0001,8
SOLUSDT,2023-01-29T00:00:00Z,0.0001,8
BTCUSDT,2023-01-29T08:00:00Z,0.0001,8
ETHUSDT,2023-01-29T08:00:00Z,0.0001,8
SOLUSDT,2023-01-29T08:00:00Z,0.0001,8
BTCUSDT,2023-01-29T16:00:00Z,0.0001,8
ETHUSDT,2023-01-29T16:00:00Z,0.0001,8
SOLUSDT,2023-01-29T16:00:00Z,0.0001,8
BTCUSDT,2023-01-30T00:00:00Z,0.0001,8
ETHUSDT,2023-01-30T00:00:00Z,0.0001,8
SOLUSDT,2023-01-30T00:00:00Z,0.00050275,8
BTCUSDT,2023-01-30T08:00:00Z,0.0001,8
ETHUSDT,2023-01-30T08:00:00Z,0.0001,8
SOLUSDT,2023-01-30T08:00:00Z,0.0001,8
BTCUSDT,2023-01-30T16:00:00Z,0.0001,8
ETHUSDT,2023-01-30T16:00:00Z,0.0001,8
SOLUSDT,2023-01-30T16:00:00Z,0.0001,8
BTCUSDT,2023-01-31T00:00:00Z,0.0001,8
ETHUSDT,2023-01-31T00:00:00Z,0.0001,8
SOLUSDT,2023-01-31T00:00:00Z,0.0001,8
BTCUSDT,2023-01-31T08:00:00Z,0.0001,8
ETHUSDT,2023-01-31T08:00:00Z,0.0001,8
SOLUSDT,2023-01-31T08:00:00Z,0.0001,8
BTCUSDT,2023-01-31T16:00:00Z,0.0001,8
ETHUSDT,2023-01-31T16:00:00Z,0.0001,8
SOLUSDT,2023-01-31T16:00:00Z,0.0001,8
BTCUSDT,2023-02-01T00:00:00Z,0.0001,8
ETHUSDT,2023-02-01T00:00:00Z,0.0001,8
SOLUSDT,2023-02-01T00:00:00Z,0.0001,8
BTCUSDT,2023-02-01T08:00:00Z,0.0001,8
ETHUSDT,2023-02-01T08:00:00Z,0.0001,8
SOLUSDT,2023-02-01T08:00:00Z,0.0001,8
BTCUSDT,2023-02-01T16:00:00Z,0.0001,8
ETHUSDT,2023-02-01T16:00:00Z,0.0001,8
SOLUSDT,2023-02-01T16:00:00Z,0.0001,8
BTCUSDT,2023-02-02T00:00:00Z,0.0001,8
ETHUSDT,2023-02-02T00:00:00Z,0.0001,8
SOLUSDT,2023-02-02T00:00:00Z,0.0001,8
BTCUSDT,2023-02-02T08:00:00Z,0.0001,8
ETHUSDT,2023-02-02T08:00:00Z,0.0001,8
SOLUSDT,2023-02-02T08:00:00Z,0.00026236,8
BTCUSDT,2023-02-02T16:00:00Z,0.0001,8
ETHUSDT,2023-02-02T16:00:00Z,0.0001,8
SOLUSDT,2023-02-02T16:00:00Z,0.0001,8
BTCUSDT,2023-02-03T00:00:00Z,0.0001,8
ETHUSDT,2023-02-03T00:00:00Z,0.0001,8
SOLUSDT,2023-02-03T00:00:00Z,0.0001,8
BTCUSDT,2023-02-03T08:00:00Z,0.0001,8
ETHUSDT,2023-02-03T08:00:00Z,0.0001,8
SOLUSDT,2023-02-03T08:00:00Z,6.262e-05,8
BTCUSDT,2023-02-03T16:00:00Z,0.0001,8
ETHUSDT,2023-02-03T16:00:00Z,0.0001,8
SOLUSDT,2023-02-03T16:00:00Z,7.317e-05,8
BTCUSDT,2023-02-04T00:00:00Z,0.0001,8
ETHUSDT,2023-02-04T00:00:00Z,0.0001,8
SOLUSDT,2023-02-04T00:00:00Z,0.0001,8
BTCUSDT,2023-02-04T08:00:00Z,0.0001,8
ETHUSDT,2023-02-04T08:00:00Z,0.0001,8
SOLUSDT,2023-02-04T08:00:00Z,0.0001,8
BTCUSDT,2023-02-04T16:00:00Z,0.0001,8
ETHUSDT,2023-02-04T16:00:00Z,0.0001,8
SOLUSDT,2023-02-04T16:00:00Z,0.0001,8
BTCUSDT,2023-02-05T00:00:00Z,0.0001,8
ETHUSDT,2023-02-05T00:00:00Z,0.0001,8
SOLUSDT,2023-02-05T00:00:00Z,0.0001,8
BTCUSDT,2023-02-05T08:00:00Z,0.0001,8
ETHUSDT,2023-02-05T08:00:00Z,0.0001,8
SOLUSDT,2023-02-05T08:00:00Z,-8.182e-05,8
BTCUSDT,2023-02-05T16:00:00Z,0.0001,8
ETHUSDT,2023-02-05T16:00:00Z,0.0001,8
SOLUSDT,2023-02-05T16:00:00Z,-0.00019779,8
BTCUSDT,2023-02-06T00:00:00Z,0.0001,8
ETHUSDT,2023-02-06T00:00:00Z,0.0001,8
SOLUSDT,2023-02-06T00:00:00Z,-4.068e-05,8
BTCUSDT,2023-02-06T08:00:00Z,0.0001,8
ETHUSDT,2023-02-06T08:00:00Z,0.0001,8
SOLUSDT,2023-02-06T08:00:00Z,0.0001,8
BTCUSDT,2023-02-06T16:00:00Z,0.0001,8
ETHUSDT,2023-02-06T16:00:00Z,0.0001,8
SOLUSDT,2023-02-06T16:00:00Z,0.0001,8
BTCUSDT,2023-02-07T00:00:00Z,0.0001,8
ETHUSDT,2023-02-07T00:00:00Z,0.0001,8
SOLUSDT,2023-02-07T00:00:00Z,-0.00011165,8
BTCUSDT,2023-02-07T08:00:00Z,0.0001,8
ETHUSDT,2023-02-07T08:00:00Z,0.0001,8
SOLUSDT,2023-02-07T08:00:00Z,2.94e-05,8
BTCUSDT,2023-02-07T16:00:00Z,0.0001,8
ETHUSDT,2023-02-07T16:00:00Z,0.0001,8
SOLUSDT,2023-02-07T16:00:00Z,0.0001,8
BTCUSDT,2023-02-08T00:00:00Z,0.0001,8
ETHUSDT,2023-02-08T00:00:00Z,0.0001,8
SOLUSDT,2023-02-08T00:00:00Z,-1.031e-05,8
BTCUSDT,2023-02-08T08:00:00Z,0.0001,8
ETHUSDT,2023-02-08T08:00:00Z,0.0001,8
SOLUSDT,2023-02-08T08:00:00Z,0.0001,8
BTCUSDT,2023-02-08T16:00:00Z,0.0001,8
ETHUSDT,2023-02-08T16:00:00Z,0.0001,8
SOLUSDT,2023-02-08T16:00:00Z,0.0001,8
BTCUSDT,2023-02-09T00:00:00Z,0.0001,8
ETHUSDT,2023-02-09T00:00:00Z,0.0001,8
SOLUSDT,2023-02-09T00:00:00Z,0.0001,8
BTCUSDT,2023-02-09T08:00:00Z,0.0001,8
ETHUSDT,2023-02-09T08:00:00Z,0.0001,8
SOLUSDT,2023-02-09T08:00:00Z,-0.00018909,8
BTCUSDT,2023-02-09T16:00:00Z,0.0001,8
ETHUSDT,2023-02-09T16:00:00Z,0.0001,8
SOLUSDT,2023-02-09T16:00:00Z,0.0001,8
BTCUSDT,2023-02-10T00:00:00Z,0.0001,8
ETHUSDT,2023-02-10T00:00:00Z,0.0001,8
SOLUSDT,2023-02-10T00:00:00Z,0.0001,8
BTCUSDT,2023-02-10T08:00:00Z,0.0001,8
ETHUSDT,2023-02-10T08:00:00Z,6.828e-05,8
SOLUSDT,2023-02-10T08:00:00Z,-0.0001841,8
BTCUSDT,2023-02-10T16:00:00Z,0.0001,8
ETHUSDT,2023-02-10T16:00:00Z,0.0001,8
SOLUSDT,2023-02-10T16:00:00Z,-0.00011823,8
BTCUSDT,2023-02-11T00:00:00Z,7.684e-05,8
ETHUSDT,2023-02-11T00:00:00Z,6.47e-05,8
SOLUSDT,2023-02-11T00:00:00Z,-0.00020422,8
BTCUSDT,2023-02-11T08:00:00Z,5.572e-05,8
ETHUSDT,2023-02-11T08:00:00Z,3.345e-05,8
SOLUSDT,2023-02-11T08:00:00Z,-7.827e-05,8
BTCUSDT,2023-02-11T16:00:00Z,5.241e-05,8
ETHUSDT,2023-02-11T16:00:00Z,-2.491e-05,8
SOLUSDT,2023-02-11T16:00:00Z,-0.00029396,8
BTCUSDT,2023-02-12T00:00:00Z,5.343e-05,8
ETHUSDT,2023-02-12T00:00:00Z,8.869e-05,8
SOLUSDT,2023-02-12T00:00:00Z,-0.00043025,8
BTCUSDT,2023-02-12T08:00:00Z,0.0001,8
ETHUSDT,2023-02-12T08:00:00Z,3.225e-05,8
SOLUSDT,2023-02-12T08:00:00Z,-0.00045565,8
BTCUSDT,2023-02-12T16:00:00Z,2.27e-05,8
ETHUSDT,2023-02-12T16:00:00Z,4.579e-05,8
SOLUSDT,2023-02-12T16:00:00Z,-0.00025702,8
BTCUSDT,2023-02-13T00:00:00Z,2.074e-05,8
ETHUSDT,2023-02-13T00:00:00Z,2.555e-05,8
SOLUSDT,2023-02-13T00:00:00Z,-0.00021151,8
BTCUSDT,2023-02-13T08:00:00Z,6.323e-05,8
ETHUSDT,2023-02-13T08:00:00Z,5.994e-05,8
SOLUSDT,2023-02-13T08:00:00Z,-0.00021904,8
BTCUSDT,2023-02-13T16:00:00Z,0.0001,8
ETHUSDT,2023-02-13T16:00:00Z,0.0001,8
SOLUSDT,2023-02-13T16:00:00Z,0.0001,8
BTCUSDT,2023-02-14T00:00:00Z,0.0001,8
ETHUSDT,2023-02-14T00:00:00Z,-4.54e-06,8
SOLUSDT,2023-02-14T00:00:00Z,-0.00020755,8
BTCUSDT,2023-02-14T08:00:00Z,0.0001,8
ETHUSDT,2023-02-14T08:00:00Z,4.405e-05,8
SOLUSDT,2023-02-14T08:00:00Z,-0.00022864,8
BTCUSDT,2023-02-14T16:00:00Z,8.887e-05,8
ETHUSDT,2023-02-14T16:00:00Z,5.311e-05,8
SOLUSDT,2023-02-14T16:00:00Z,1.781e-05,8
BTCUSDT,2023-02-15T00:00:00Z,2.377e-05,8
ETHUSDT,2023-02-15T00:00:00Z,2.91e-05,8
SOLUSDT,2023-02-15T00:00:00Z,9.858e-05,8
BTCUSDT,2023-02-15T08:00:00Z,2.63e-05,8
ETHUSDT,2023-02-15T08:00:00Z,2.81e-05,8
SOLUSDT,2023-02-15T08:00:00Z,8.397e-05,8
BTCUSDT,2023-02-15T16:00:00Z,9.071e-05,8
ETHUSDT,2023-02-15T16:00:00Z,5.715e-05,8
SOLUSDT,2023-02-15T16:00:00Z,-7.224e-05,8
BTCUSDT,2023-02-16T00:00:00Z,0.0001,8
ETHUSDT,2023-02-16T00:00:00Z,0.0001,8
SOLUSDT,2023-02-16T00:00:00Z,0.0001,8
BTCUSDT,2023-02-16T08:00:00Z,0.0001,8
ETHUSDT,2023-02-16T08:00:00Z,0.0001,8
SOLUSDT,2023-02-16T08:00:00Z,0.0001,8
BTCUSDT,2023-02-16T16:00:00Z,0.00023171,8
ETHUSDT,2023-02-16T16:00:00Z,0.00014101,8
SOLUSDT,2023-02-16T16:00:00Z,0.0001,8
BTCUSDT,2023-02-17T00:00:00Z,0.0001,8
ETHUSDT,2023-02-17T00:00:00Z,0.0001,8
SOLUSDT,2023-02-17T00:00:00Z,0.0001,8
BTCUSDT,2023-02-17T08:00:00Z,0.0001,8
ETHUSDT,2023-02-17T08:00:00Z,0.0001,8
SOLUSDT,2023-02-17T08:00:00Z,0.0001,8
BTCUSDT,2023-02-17T16:00:00Z,0.0001,8
ETHUSDT,2023-02-17T16:00:00Z,0.0001,8
SOLUSDT,2023-02-17T16:00:00Z,0.0001,8
BTCUSDT,2023-02-18T00:00:00Z,0.0001,8
ETHUSDT,2023-02-18T00:00:00Z,0.0001,8
SOLUSDT,2023-02-18T00:00:00Z,0.0001,8
BTCUSDT,2023-02-18T08:00:00Z,0.0001,8
ETHUSDT,2023-02-18T08:00:00Z,0.0001,8
SOLUSDT,2023-02-18T08:00:00Z,0.0001,8
BTCUSDT,2023-02-18T16:00:00Z,0.0001,8
ETHUSDT,2023-02-18T16:00:00Z,0.0001,8
SOLUSDT,2023-02-18T16:00:00Z,0.0001,8
BTCUSDT,2023-02-19T00:00:00Z,0.0001,8
ETHUSDT,2023-02-19T00:00:00Z,0.0001,8
SOLUSDT,2023-02-19T00:00:00Z,0.0001,8
BTCUSDT,2023-02-19T08:00:00Z,0.0001,8
ETHUSDT,2023-02-19T08:00:00Z,0.0001,8
SOLUSDT,2023-02-19T08:00:00Z,0.0001,8
BTCUSDT,2023-02-19T16:00:00Z,0.0001,8
ETHUSDT,2023-02-19T16:00:00Z,0.0001,8
SOLUSDT,2023-02-19T16:00:00Z,0.00014645,8
BTCUSDT,2023-02-20T00:00:00Z,0.0001,8
ETHUSDT,2023-02-20T00:00:00Z,0.0001,8
SOLUSDT,2023-02-20T00:00:00Z,0.00017117,8
BTCUSDT,2023-02-20T08:00:00Z,0.0001,8
ETHUSDT,2023-02-20T08:00:00Z,0.0001,8
SOLUSDT,2023-02-20T08:00:00Z,0.00019193,8
BTCUSDT,2023-02-20T16:00:00Z,0.0001,8
ETHUSDT,2023-02-20T16:00:00Z,0.0001,8
SOLUSDT,2023-02-20T16:00:00Z,0.0001276,8
BTCUSDT,2023-02-21T00:00:00Z,0.0001,8
ETHUSDT,2023-02-21T00:00:00Z,0.0001,8
SOLUSDT,2023-02-21T00:00:00Z,0.0001,8
BTCUSDT,2023-02-21T08:00:00Z,0.0001,8
ETHUSDT,2023-02-21T08:00:00Z,0.0001,8
SOLUSDT,2023-02-21T08:00:00Z,0.00016004,8
BTCUSDT,2023-02-21T16:00:00Z,0.0001,8
ETHUSDT,2023-02-21T16:00:00Z,0.0001,8
SOLUSDT,2023-02-21T16:00:00Z,0.0001,8
BTCUSDT,2023-02-22T00:00:00Z,0.0001,8
ETHUSDT,2023-02-22T00:00:00Z,0.0001,8
SOLUSDT,2023-02-22T00:00:00Z,0.0001,8
BTCUSDT,2023-02-22T08:00:00Z,0.0001,8
ETHUSDT,2023-02-22T08:00:00Z,0.0001,8
SOLUSDT,2023-02-22T08:00:00Z,0.0001,8
BTCUSDT,2023-02-22T16:00:00Z,0.0001,8
ETHUSDT,2023-02-22T16:00:00Z,0.0001,8
SOLUSDT,2023-02-22T16:00:00Z,0.0001,8
BTCUSDT,2023-02-23T00:00:00Z,0.0001,8
ETHUSDT,2023-02-23T00:00:00Z,7.072e-05,8
SOLUSDT,2023-02-23T00:00:00Z,0.0001,8
BTCUSDT,2023-02-23T08:00:00Z,3.506e-05,8
ETHUSDT,2023-02-23T08:00:00Z,9.829e-05,8
SOLUSDT,2023-02-23T08:00:00Z,0.0001,8
BTCUSDT,2023-02-23T16:00:00Z,3.631e-05,8
ETHUSDT,2023-02-23T16:00:00Z,4.374e-05,8
SOLUSDT,2023-02-23T16:00:00Z,0.0001,8
BTCUSDT,2023-02-24T00:00:00Z,4.978e-05,8
ETHUSDT,2023-02-24T00:00:00Z,3.804e-05,8
SOLUSDT,2023-02-24T00:00:00Z,0.0001,8
BTCUSDT,2023-02-24T08:00:00Z,4.949e-05,8
ETHUSDT,2023-02-24T08:00:00Z,6.414e-05,8
SOLUSDT,2023-02-24T08:00:00Z,0.0001,8
BTCUSDT,2023-02-24T16:00:00Z,5.44e-05,8
ETHUSDT,2023-02-24T16:00:00Z,8.38e-05,8
SOLUSDT,2023-02-24T16:00:00Z,0.0001,8
BTCUSDT,2023-02-25T00:00:00Z,1.183e-05,8
ETHUSDT,2023-02-25T00:00:00Z,7.921e-05,8
SOLUSDT,2023-02-25T00:00:00Z,-3.219e-05,8
BTCUSDT,2023-02-25T08:00:00Z,6.1e-06,8
ETHUSDT,2023-02-25T08:00:00Z,9.641e-05,8
SOLUSDT,2023-02-25T08:00:00Z,0.0001,8
BTCUSDT,2023-02-25T16:00:00Z,-4.8e-07,8
ETHUSDT,2023-02-25T16:00:00Z,5.498e-05,8
SOLUSDT,2023-02-25T16:00:00Z,0.0001,8
BTCUSDT,2023-02-26T00:00:00Z,7.372e-05,8
ETHUSDT,2023-02-26T00:00:00Z,1.266e-05,8
SOLUSDT,2023-02-26T00:00:00Z,-4.144e-05,8
BTCUSDT,2023-02-26T08:00:00Z,2.76e-05,8
ETHUSDT,2023-02-26T08:00:00Z,4.684e-05,8
SOLUSDT,2023-02-26T08:00:00Z,-7.838e-05,8
BTCUSDT,2023-02-26T16:00:00Z,6.581e-05,8
ETHUSDT,2023-02-26T16:00:00Z,1.098e-05,8
SOLUSDT,2023-02-26T16:00:00Z,-1.898e-05,8
BTCUSDT,2023-02-27T00:00:00Z,8.144e-05,8
ETHUSDT,2023-02-27T00:00:00Z,0.0001,8
SOLUSDT,2023-02-27T00:00:00Z,5.327e-05,8
BTCUSDT,2023-02-27T08:00:00Z,1.196e-05,8
ETHUSDT,2023-02-27T08:00:00Z,8.633e-05,8
SOLUSDT,2023-02-27T08:00:00Z,0.0001,8
BTCUSDT,2023-02-27T16:00:00Z,6.826e-05,8
ETHUSDT,2023-02-27T16:00:00Z,6.025e-05,8
SOLUSDT,2023-02-27T16:00:00Z,8.837e-05,8
BTCUSDT,2023-02-28T00:00:00Z,3.414e-05,8
ETHUSDT,2023-02-28T00:00:00Z,3.555e-05,8
SOLUSDT,2023-02-28T00:00:00Z,5.76e-05,8
BTCUSDT,2023-02-28T08:00:00Z,1.985e-05,8
ETHUSDT,2023-02-28T08:00:00Z,3.626e-05,8
SOLUSDT,2023-02-28T08:00:00Z,0.0001,8
BTCUSDT,2023-02-28T16:00:00Z,5.95e-05,8
ETHUSDT,2023-02-28T16:00:00Z,8.565e-05,8
SOLUSDT,2023-02-28T16:00:00Z,8.349e-05,8
BTCUSDT,2023-03-01T00:00:00Z,1.85e-06,8
ETHUSDT,2023-03-01T00:00:00Z,3.42e-06,8
SOLUSDT,2023-03-01T00:00:00Z,5.877e-05,8
BTCUSDT,2023-03-01T08:00:00Z,0.0001,8
ETHUSDT,2023-03-01T08:00:00Z,0.0001,8
SOLUSDT,2023-03-01T08:00:00Z,0.0001,8
BTCUSDT,2023-03-01T16:00:00Z,0.0001,8
ETHUSDT,2023-03-01T16:00:00Z,0.0001,8
SOLUSDT,2023-03-01T16:00:00Z,0.0001,8
BTCUSDT,2023-03-02T00:00:00Z,8.612e-05,8
ETHUSDT,2023-03-02T00:00:00Z,0.0001,8
SOLUSDT,2023-03-02T00:00:00Z,0.0001,8
BTCUSDT,2023-03-02T08:00:00Z,8.703e-05,8
ETHUSDT,2023-03-02T08:00:00Z,0.0001,8
SOLUSDT,2023-03-02T08:00:00Z,0.0001,8
BTCUSDT,2023-03-02T16:00:00Z,8.395e-05,8
ETHUSDT,2023-03-02T16:00:00Z,7.746e-05,8
SOLUSDT,2023-03-02T16:00:00Z,-8.101e-05,8
BTCUSDT,2023-03-03T00:00:00Z,0.0001,8
ETHUSDT,2023-03-03T00:00:00Z,3.967e-05,8
SOLUSDT,2023-03-03T00:00:00Z,2.047e-05,8
BTCUSDT,2023-03-03T08:00:00Z,-4.203e-05,8
ETHUSDT,2023-03-03T08:00:00Z,-9.17e-06,8
SOLUSDT,2023-03-03T08:00:00Z,2.627e-05,8
BTCUSDT,2023-03-03T16:00:00Z,-2.26e-06,8
ETHUSDT,2023-03-03T16:00:00Z,2.284e-05,8
SOLUSDT,2023-03-03T16:00:00Z,9.745e-05,8
BTCUSDT,2023-03-04T00:00:00Z,5.3e-06,8
ETHUSDT,2023-03-04T00:00:00Z,8.491e-05,8
SOLUSDT,2023-03-04T00:00:00Z,6.271e-05,8
BTCUSDT,2023-03-04T08:00:00Z,3.812e-05,8
ETHUSDT,2023-03-04T08:00:00Z,1.26e-06,8
SOLUSDT,2023-03-04T08:00:00Z,4.321e-05,8
BTCUSDT,2023-03-04T16:00:00Z,2.104e-05,8
ETHUSDT,2023-03-04T16:00:00Z,2.121e-05,8
SOLUSDT,2023-03-04T16:00:00Z,0.0001,8
BTCUSDT,2023-03-05T00:00:00Z,1.874e-05,8
ETHUSDT,2023-03-05T00:00:00Z,5.372e-05,8
SOLUSDT,2023-03-05T00:00:00Z,0.0001,8
BTCUSDT,2023-03-05T08:00:00Z,5.44e-06,8
ETHUSDT,2023-03-05T08:00:00Z,3.555e-05,8
SOLUSDT,2023-03-05T08:00:00Z,0.0001,8
BTCUSDT,2023-03-05T16:00:00Z,3.706e-05,8
ETHUSDT,2023-03-05T16:00:00Z,4.841e-05,8
SOLUSDT,2023-03-05T16:00:00Z,0.0001,8
BTCUSDT,2023-03-06T00:00:00Z,4.054e-05,8
ETHUSDT,2023-03-06T00:00:00Z,4.583e-05,8
SOLUSDT,2023-03-06T00:00:00Z,0.0001,8
BTCUSDT,2023-03-06T08:00:00Z,5.46e-05,8
ETHUSDT,2023-03-06T08:00:00Z,7.122e-05,8
SOLUSDT,2023-03-06T08:00:00Z,3.586e-05,8
BTCUSDT,2023-03-06T16:00:00Z,5.414e-05,8
ETHUSDT,2023-03-06T16:00:00Z,3.604e-05,8
SOLUSDT,2023-03-06T16:00:00Z,-2.168e-05,8
BTCUSDT,2023-03-07T00:00:00Z,1.173e-05,8
ETHUSDT,2023-03-07T00:00:00Z,5.296e-05,8
SOLUSDT,2023-03-07T00:00:00Z,-9.6e-05,8
BTCUSDT,2023-03-07T08:00:00Z,4.375e-05,8
ETHUSDT,2023-03-07T08:00:00Z,7.563e-05,8
SOLUSDT,2023-03-07T08:00:00Z,-7.843e-05,8
BTCUSDT,2023-03-07T16:00:00Z,2.631e-05,8
ETHUSDT,2023-03-07T16:00:00Z,1.011e-05,8
SOLUSDT,2023-03-07T16:00:00Z,-0.00011785,8
BTCUSDT,2023-03-08T00:00:00Z,2.917e-05,8
ETHUSDT,2023-03-08T00:00:00Z,8.208e-05,8
SOLUSDT,2023-03-08T00:00:00Z,-5.279e-05,8
BTCUSDT,2023-03-08T08:00:00Z,3.816e-05,8
ETHUSDT,2023-03-08T08:00:00Z,6.665e-05,8
SOLUSDT,2023-03-08T08:00:00Z,-0.00015628,8
BTCUSDT,2023-03-08T16:00:00Z,0.0001,8
ETHUSDT,2023-03-08T16:00:00Z,8.786e-05,8
SOLUSDT,2023-03-08T16:00:00Z,-0.00015932,8
BTCUSDT,2023-03-09T00:00:00Z,0.0001,8
ETHUSDT,2023-03-09T00:00:00Z,9.084e-05,8
SOLUSDT,2023-03-09T00:00:00Z,-4.86e-05,8
BTCUSDT,2023-03-09T08:00:00Z,0.0001,8
ETHUSDT,2023-03-09T08:00:00Z,7.599e-05,8
SOLUSDT,2023-03-09T08:00:00Z,-0.00015189,8
BTCUSDT,2023-03-09T16:00:00Z,0.0001,8
ETHUSDT,2023-03-09T16:00:00Z,3.643e-05,8
SOLUSDT,2023-03-09T16:00:00Z,0.0001,8
BTCUSDT,2023-03-10T00:00:00Z,-8.895e-05,8
ETHUSDT,2023-03-10T00:00:00Z,-8.306e-05,8
SOLUSDT,2023-03-10T00:00:00Z,-0.00018592,8
BTCUSDT,2023-03-10T08:00:00Z,5.26e-06,8
ETHUSDT,2023-03-10T08:00:00Z,-9.7e-07,8
SOLUSDT,2023-03-10T08:00:00Z,8.585e-05,8
BTCUSDT,2023-03-10T16:00:00Z,-1.647e-05,8
ETHUSDT,2023-03-10T16:00:00Z,-5.12e-06,8
SOLUSDT,2023-03-10T16:00:00Z,-0.00019429,8
BTCUSDT,2023-03-11T00:00:00Z,2.364e-05,8
ETHUSDT,2023-03-11T00:00:00Z,2.796e-05,8
SOLUSDT,2023-03-11T00:00:00Z,-0.00036773,8
BTCUSDT,2023-03-11T08:00:00Z,-2.296e-05,8
ETHUSDT,2023-03-11T08:00:00Z,-5.766e-05,8
SOLUSDT,2023-03-11T08:00:00Z,-0.0001919,8
BTCUSDT,2023-03-11T16:00:00Z,-2.341e-05,8
ETHUSDT,2023-03-11T16:00:00Z,4.677e-05,8
SOLUSDT,2023-03-11T16:00:00Z,-0.00035499,8
BTCUSDT,2023-03-12T00:00:00Z,3.76e-06,8
ETHUSDT,2023-03-12T00:00:00Z,-1.066e-05,8
SOLUSDT,2023-03-12T00:00:00Z,-0.00013186,8
BTCUSDT,2023-03-12T08:00:00Z,9.088e-05,8
ETHUSDT,2023-03-12T08:00:00Z,8.67e-05,8
SOLUSDT,2023-03-12T08:00:00Z,6.8e-05,8
BTCUSDT,2023-03-12T16:00:00Z,-4.068e-05,8
ETHUSDT,2023-03-12T16:00:00Z,-4.286e-05,8
SOLUSDT,2023-03-12T16:00:00Z,-0.00019726,8
BTCUSDT,2023-03-13T00:00:00Z,0.0001,8
ETHUSDT,2023-03-13T00:00:00Z,0.0001,8
SOLUSDT,2023-03-13T00:00:00Z,0.0001,8
BTCUSDT,2023-03-13T08:00:00Z,6.011e-05,8
ETHUSDT,2023-03-13T08:00:00Z,0.0001,8
SOLUSDT,2023-03-13T08:00:00Z,0.0001,8
BTCUSDT,2023-03-13T16:00:00Z,0.0001,8
ETHUSDT,2023-03-13T16:00:00Z,0.0001,8
SOLUSDT,2023-03-13T16:00:00Z,0.0001,8
BTCUSDT,2023-03-14T00:00:00Z,0.00015042,8
ETHUSDT,2023-03-14T00:00:00Z,0.0001,8
SOLUSDT,2023-03-14T00:00:00Z,0.0001,8
BTCUSDT,2023-03-14T08:00:00Z,0.0001,8
ETHUSDT,2023-03-14T08:00:00Z,0.0001,8
SOLUSDT,2023-03-14T08:00:00Z,0.0001,8
BTCUSDT,2023-03-14T16:00:00Z,0.00029811,8
ETHUSDT,2023-03-14T16:00:00Z,0.0001,8
SOLUSDT,2023-03-14T16:00:00Z,0.0001,8
BTCUSDT,2023-03-15T00:00:00Z,0.0001,8
ETHUSDT,2023-03-15T00:00:00Z,0.00031728,8
SOLUSDT,2023-03-15T00:00:00Z,0.00018064,8
BTCUSDT,2023-03-15T08:00:00Z,0.00024127,8
ETHUSDT,2023-03-15T08:00:00Z,0.00018366,8
SOLUSDT,2023-03-15T08:00:00Z,0.0001,8
BTCUSDT,2023-03-15T16:00:00Z,0.00022126,8
ETHUSDT,2023-03-15T16:00:00Z,0.0001,8
SOLUSDT,2023-03-15T16:00:00Z,0.0001,8
BTCUSDT,2023-03-16T00:00:00Z,0.0001,8
ETHUSDT,2023-03-16T00:00:00Z,0.0001,8
SOLUSDT,2023-03-16T00:00:00Z,-0.00010063,8
BTCUSDT,2023-03-16T08:00:00Z,0.0001,8
ETHUSDT,2023-03-16T08:00:00Z,0.0001,8
SOLUSDT,2023-03-16T08:00:00Z,0.0001,8
BTCUSDT,2023-03-16T16:00:00Z,0.0001,8
ETHUSDT,2023-03-16T16:00:00Z,0.0001,8
SOLUSDT,2023-03-16T16:00:00Z,-0.00017595,8
BTCUSDT,2023-03-17T00:00:00Z,3.311e-05,8
ETHUSDT,2023-03-17T00:00:00Z,5.964e-05,8
SOLUSDT,2023-03-17T00:00:00Z,6.18e-06,8
BTCUSDT,2023-03-17T08:00:00Z,0.0001,8
ETHUSDT,2023-03-17T08:00:00Z,5.941e-05,8
SOLUSDT,2023-03-17T08:00:00Z,-3.828e-05,8
BTCUSDT,2023-03-17T16:00:00Z,0.0001,8
ETHUSDT,2023-03-17T16:00:00Z,0.0001,8
SOLUSDT,2023-03-17T16:00:00Z,-5.87e-05,8
BTCUSDT,2023-03-18T00:00:00Z,0.0001,8
ETHUSDT,2023-03-18T00:00:00Z,0.0001,8
SOLUSDT,2023-03-18T00:00:00Z,0.0001,8
BTCUSDT,2023-03-18T08:00:00Z,0.0001,8
ETHUSDT,2023-03-18T08:00:00Z,0.0001,8
SOLUSDT,2023-03-18T08:00:00Z,0.00027581,8
BTCUSDT,2023-03-18T16:00:00Z,0.0001,8
ETHUSDT,2023-03-18T16:00:00Z,0.0001,8
SOLUSDT,2023-03-18T16:00:00Z,0.0001,8
BTCUSDT,2023-03-19T00:00:00Z,0.0001,8
ETHUSDT,2023-03-19T00:00:00Z,0.0001,8
SOLUSDT,2023-03-19T00:00:00Z,0.0001,8
BTCUSDT,2023-03-19T08:00:00Z,0.0001,8
ETHUSDT,2023-03-19T08:00:00Z,0.0001,8
SOLUSDT,2023-03-19T08:00:00Z,0.0001,8
BTCUSDT,2023-03-19T16:00:00Z,0.0001,8
ETHUSDT,2023-03-19T16:00:00Z,0.0001,8
SOLUSDT,2023-03-19T16:00:00Z,0.0001,8
BTCUSDT,2023-03-20T00:00:00Z,0.0001,8
ETHUSDT,2023-03-20T00:00:00Z,0.0001,8
SOLUSDT,2023-03-20T00:00:00Z,0.0001,8
BTCUSDT,2023-03-20T08:00:00Z,9.081e-05,8
ETHUSDT,2023-03-20T08:00:00Z,0.0001,8
SOLUSDT,2023-03-20T08:00:00Z,0.0001,8
BTCUSDT,2023-03-20T16:00:00Z,0.0001,8
ETHUSDT,2023-03-20T16:00:00Z,8.194e-05,8
SOLUSDT,2023-03-20T16:00:00Z,0.0001,8
BTCUSDT,2023-03-21T00:00:00Z,8.118e-05,8
ETHUSDT,2023-03-21T00:00:00Z,7.106e-05,8
SOLUSDT,2023-03-21T00:00:00Z,0.0001,8
BTCUSDT,2023-03-21T08:00:00Z,1.254e-05,8
ETHUSDT,2023-03-21T08:00:00Z,4.611e-05,8
SOLUSDT,2023-03-21T08:00:00Z,0.0001,8
BTCUSDT,2023-03-21T16:00:00Z,2.92e-06,8
ETHUSDT,2023-03-21T16:00:00Z,8.99e-05,8
SOLUSDT,2023-03-21T16:00:00Z,0.0001,8
BTCUSDT,2023-03-22T00:00:00Z,2.68e-06,8
ETHUSDT,2023-03-22T00:00:00Z,5.146e-05,8
SOLUSDT,2023-03-22T00:00:00Z,0.0001,8
BTCUSDT,2023-03-22T08:00:00Z,6e-08,8
ETHUSDT,2023-03-22T08:00:00Z,1.267e-05,8
SOLUSDT,2023-03-22T08:00:00Z,6.109e-05,8
BTCUSDT,2023-03-22T16:00:00Z,5.334e-05,8
ETHUSDT,2023-03-22T16:00:00Z,5.54e-05,8
SOLUSDT,2023-03-22T16:00:00Z,0.0001,8
BTCUSDT,2023-03-23T00:00:00Z,2.48e-06,8
ETHUSDT,2023-03-23T00:00:00Z,1.123e-05,8
SOLUSDT,2023-03-23T00:00:00Z,-8.698e-05,8
BTCUSDT,2023-03-23T08:00:00Z,-1.09e-05,8
ETHUSDT,2023-03-23T08:00:00Z,6.86e-05,8
SOLUSDT,2023-03-23T08:00:00Z,1.638e-05,8
BTCUSDT,2023-03-23T16:00:00Z,0.0001,8
ETHUSDT,2023-03-23T16:00:00Z,0.0001,8
SOLUSDT,2023-03-23T16:00:00Z,0.0001,8
BTCUSDT,2023-03-24T00:00:00Z,0.0001,8
ETHUSDT,2023-03-24T00:00:00Z,0.0001,8
SOLUSDT,2023-03-24T00:00:00Z,0.0001,8
BTCUSDT,2023-03-24T08:00:00Z,0.0001,8
ETHUSDT,2023-03-24T08:00:00Z,0.0001,8
SOLUSDT,2023-03-24T08:00:00Z,0.0001,8
BTCUSDT,2023-03-24T16:00:00Z,0.0001,8
ETHUSDT,2023-03-24T16:00:00Z,0.0001,8
SOLUSDT,2023-03-24T16:00:00Z,0.0001,8
BTCUSDT,2023-03-25T00:00:00Z,-3.1e-06,8
ETHUSDT,2023-03-25T00:00:00Z,1.992e-05,8
SOLUSDT,2023-03-25T00:00:00Z,-6.551e-05,8
BTCUSDT,2023-03-25T08:00:00Z,4.25e-06,8
ETHUSDT,2023-03-25T08:00:00Z,1.46e-05,8
SOLUSDT,2023-03-25T08:00:00Z,-5.825e-05,8
BTCUSDT,2023-03-25T16:00:00Z,2.92e-06,8
ETHUSDT,2023-03-25T16:00:00Z,-7.95e-06,8
SOLUSDT,2023-03-25T16:00:00Z,-4.6e-05,8
BTCUSDT,2023-03-26T00:00:00Z,6.1e-07,8
ETHUSDT,2023-03-26T00:00:00Z,8.29e-06,8
SOLUSDT,2023-03-26T00:00:00Z,-0.00010361,8
BTCUSDT,2023-03-26T08:00:00Z,-3.326e-05,8
ETHUSDT,2023-03-26T08:00:00Z,9.97e-06,8
SOLUSDT,2023-03-26T08:00:00Z,-2.291e-05,8
BTCUSDT,2023-03-26T16:00:00Z,3.634e-05,8
ETHUSDT,2023-03-26T16:00:00Z,4.383e-05,8
SOLUSDT,2023-03-26T16:00:00Z,-4.191e-05,8
BTCUSDT,2023-03-27T00:00:00Z,2.905e-05,8
ETHUSDT,2023-03-27T00:00:00Z,1.635e-05,8
SOLUSDT,2023-03-27T00:00:00Z,0.0001,8
BTCUSDT,2023-03-27T08:00:00Z,2.409e-05,8
ETHUSDT,2023-03-27T08:00:00Z,-3.85e-06,8
SOLUSDT,2023-03-27T08:00:00Z,3.888e-05,8
BTCUSDT,2023-03-27T16:00:00Z,-3.96e-06,8
ETHUSDT,2023-03-27T16:00:00Z,-1.71e-06,8
SOLUSDT,2023-03-27T16:00:00Z,2.013e-05,8
BTCUSDT,2023-03-28T00:00:00Z,-1.428e-05,8
ETHUSDT,2023-03-28T00:00:00Z,-1.478e-05,8
SOLUSDT,2023-03-28T00:00:00Z,-0.00017394,8
BTCUSDT,2023-03-28T08:00:00Z,1.123e-05,8
ETHUSDT,2023-03-28T08:00:00Z,3.473e-05,8
SOLUSDT,2023-03-28T08:00:00Z,8.36e-05,8
BTCUSDT,2023-03-28T16:00:00Z,7.531e-05,8
ETHUSDT,2023-03-28T16:00:00Z,6.578e-05,8
SOLUSDT,2023-03-28T16:00:00Z,-2.188e-05,8
BTCUSDT,2023-03-29T00:00:00Z,6.075e-05,8
ETHUSDT,2023-03-29T00:00:00Z,0.0001,8
SOLUSDT,2023-03-29T00:00:00Z,-0.00016763,8
BTCUSDT,2023-03-29T08:00:00Z,7.098e-05,8
ETHUSDT,2023-03-29T08:00:00Z,7.584e-05,8
SOLUSDT,2023-03-29T08:00:00Z,0.0001,8
BTCUSDT,2023-03-29T16:00:00Z,0.0001,8
ETHUSDT,2023-03-29T16:00:00Z,0.0001,8
SOLUSDT,2023-03-29T16:00:00Z,8.936e-05,8
BTCUSDT,2023-03-30T00:00:00Z,6.987e-05,8
ETHUSDT,2023-03-30T00:00:00Z,5.756e-05,8
SOLUSDT,2023-03-30T00:00:00Z,4.312e-05,8
BTCUSDT,2023-03-30T08:00:00Z,5.638e-05,8
ETHUSDT,2023-03-30T08:00:00Z,2.86e-06,8
SOLUSDT,2023-03-30T08:00:00Z,7.675e-05,8
BTCUSDT,2023-03-30T16:00:00Z,1.123e-05,8
ETHUSDT,2023-03-30T16:00:00Z,5.025e-05,8
SOLUSDT,2023-03-30T16:00:00Z,-6.11e-05,8
BTCUSDT,2023-03-31T00:00:00Z,-2.712e-05,8
ETHUSDT,2023-03-31T00:00:00Z,7.203e-05,8
SOLUSDT,2023-03-31T00:00:00Z,-0.00011842,8
BTCUSDT,2023-03-31T08:00:00Z,6.358e-05,8
ETHUSDT,2023-03-31T08:00:00Z,6.982e-05,8
SOLUSDT,2023-03-31T08:00:00Z,-3.734e-05,8
BTCUSDT,2023-03-31T16:00:00Z,0.0001,8
ETHUSDT,2023-03-31T16:00:00Z,0.0001,8
SOLUSDT,2023-03-31T16:00:00Z,-1.814e-05,8
BTCUSDT,2023-04-01T00:00:00Z,0.0001,8
ETHUSDT,2023-04-01T00:00:00Z,0.0001,8
SOLUSDT,2023-04-01T00:00:00Z,0.0001,8
BTCUSDT,2023-04-01T08:00:00Z,0.0001,8
ETHUSDT,2023-04-01T08:00:00Z,0.0001,8
SOLUSDT,2023-04-01T08:00:00Z,0.0001,8
BTCUSDT,2023-04-01T16:00:00Z,8.84e-05,8
ETHUSDT,2023-04-01T16:00:00Z,6.306e-05,8
SOLUSDT,2023-04-01T16:00:00Z,0.0001,8
BTCUSDT,2023-04-02T00:00:00Z,4.527e-05,8
ETHUSDT,2023-04-02T00:00:00Z,3.987e-05,8
SOLUSDT,2023-04-02T00:00:00Z,0.0001,8
BTCUSDT,2023-04-02T08:00:00Z,6.893e-05,8
ETHUSDT,2023-04-02T08:00:00Z,5.018e-05,8
SOLUSDT,2023-04-02T08:00:00Z,0.0001,8
BTCUSDT,2023-04-02T16:00:00Z,4.514e-05,8
ETHUSDT,2023-04-02T16:00:00Z,3.503e-05,8
SOLUSDT,2023-04-02T16:00:00Z,6.11e-06,8
BTCUSDT,2023-04-03T00:00:00Z,1.759e-05,8
ETHUSDT,2023-04-03T00:00:00Z,-2.938e-05,8
SOLUSDT,2023-04-03T00:00:00Z,-0.00014684,8
BTCUSDT,2023-04-03T08:00:00Z,-1.24e-05,8
ETHUSDT,2023-04-03T08:00:00Z,-1.96e-05,8
SOLUSDT,2023-04-03T08:00:00Z,2.36e-05,8
BTCUSDT,2023-04-03T16:00:00Z,5.688e-05,8
ETHUSDT,2023-04-03T16:00:00Z,-4.71e-06,8
SOLUSDT,2023-04-03T16:00:00Z,7.659e-05,8
BTCUSDT,2023-04-04T00:00:00Z,-6.009e-05,8
ETHUSDT,2023-04-04T00:00:00Z,6.36e-05,8
SOLUSDT,2023-04-04T00:00:00Z,7.915e-05,8
BTCUSDT,2023-04-04T08:00:00Z,-1.357e-05,8
ETHUSDT,2023-04-04T08:00:00Z,3.238e-05,8
SOLUSDT,2023-04-04T08:00:00Z,2.383e-05,8
BTCUSDT,2023-04-04T16:00:00Z,-1.276e-05,8
ETHUSDT,2023-04-04T16:00:00Z,0.0001,8
SOLUSDT,2023-04-04T16:00:00Z,0.0001,8
BTCUSDT,2023-04-05T00:00:00Z,2.76e-05,8
ETHUSDT,2023-04-05T00:00:00Z,6.853e-05,8
SOLUSDT,2023-04-05T00:00:00Z,0.0001,8
BTCUSDT,2023-04-05T08:00:00Z,8.517e-05,8
ETHUSDT,2023-04-05T08:00:00Z,0.0001,8
SOLUSDT,2023-04-05T08:00:00Z,0.0001,8
BTCUSDT,2023-04-05T16:00:00Z,5.265e-05,8
ETHUSDT,2023-04-05T16:00:00Z,0.0001,8
SOLUSDT,2023-04-05T16:00:00Z,0.0001,8
BTCUSDT,2023-04-06T00:00:00Z,1.442e-05,8
ETHUSDT,2023-04-06T00:00:00Z,5.011e-05,8
SOLUSDT,2023-04-06T00:00:00Z,0.0001,8
BTCUSDT,2023-04-06T08:00:00Z,3.598e-05,8
ETHUSDT,2023-04-06T08:00:00Z,6.251e-05,8
SOLUSDT,2023-04-06T08:00:00Z,8.021e-05,8
BTCUSDT,2023-04-06T16:00:00Z,-2.975e-05,8
ETHUSDT,2023-04-06T16:00:00Z,2.17e-06,8
SOLUSDT,2023-04-06T16:00:00Z,1.019e-05,8
BTCUSDT,2023-04-07T00:00:00Z,1.004e-05,8
ETHUSDT,2023-04-07T00:00:00Z,2.088e-05,8
SOLUSDT,2023-04-07T00:00:00Z,4.2e-07,8
BTCUSDT,2023-04-07T08:00:00Z,-1.473e-05,8
ETHUSDT,2023-04-07T08:00:00Z,7.093e-05,8
SOLUSDT,2023-04-07T08:00:00Z,-7.207e-05,8
BTCUSDT,2023-04-07T16:00:00Z,1.055e-05,8
ETHUSDT,2023-04-07T16:00:00Z,3.638e-05,8
SOLUSDT,2023-04-07T16:00:00Z,2.05e-06,8
BTCUSDT,2023-04-08T00:00:00Z,2.68e-06,8
ETHUSDT,2023-04-08T00:00:00Z,3.725e-05,8
SOLUSDT,2023-04-08T00:00:00Z,0.0001,8
BTCUSDT,2023-04-08T08:00:00Z,4.66e-06,8
ETHUSDT,2023-04-08T08:00:00Z,1.046e-05,8
SOLUSDT,2023-04-08T08:00:00Z,4.752e-05,8
BTCUSDT,2023-04-08T16:00:00Z,3.192e-05,8
ETHUSDT,2023-04-08T16:00:00Z,2.21e-05,8
SOLUSDT,2023-04-08T16:00:00Z,8.084e-05,8
BTCUSDT,2023-04-09T00:00:00Z,9.5e-06,8
ETHUSDT,2023-04-09T00:00:00Z,8.21e-06,8
SOLUSDT,2023-04-09T00:00:00Z,8.52e-06,8
BTCUSDT,2023-04-09T08:00:00Z,-9.04e-06,8
ETHUSDT,2023-04-09T08:00:00Z,-1.908e-05,8
SOLUSDT,2023-04-09T08:00:00Z,-1.384e-05,8
BTCUSDT,2023-04-09T16:00:00Z,-8.53e-06,8
ETHUSDT,2023-04-09T16:00:00Z,3.067e-05,8
SOLUSDT,2023-04-09T16:00:00Z,8.973e-05,8
BTCUSDT,2023-04-10T00:00:00Z,0.0001,8
ETHUSDT,2023-04-10T00:00:00Z,3.359e-05,8
SOLUSDT,2023-04-10T00:00:00Z,0.0001,8
BTCUSDT,2023-04-10T08:00:00Z,0.0001,8
ETHUSDT,2023-04-10T08:00:00Z,-4.969e-05,8
SOLUSDT,2023-04-10T08:00:00Z,6.116e-05,8
BTCUSDT,2023-04-10T16:00:00Z,6.167e-05,8
ETHUSDT,2023-04-10T16:00:00Z,2.062e-05,8
SOLUSDT,2023-04-10T16:00:00Z,0.0001,8
BTCUSDT,2023-04-11T00:00:00Z,0.0001,8
ETHUSDT,2023-04-11T00:00:00Z,2.648e-05,8
SOLUSDT,2023-04-11T00:00:00Z,0.0001,8
BTCUSDT,2023-04-11T08:00:00Z,0.0001,8
ETHUSDT,2023-04-11T08:00:00Z,8.648e-05,8
SOLUSDT,2023-04-11T08:00:00Z,0.0001,8
BTCUSDT,2023-04-11T16:00:00Z,0.0001,8
ETHUSDT,2023-04-11T16:00:00Z,6.716e-05,8
SOLUSDT,2023-04-11T16:00:00Z,0.0001,8
BTCUSDT,2023-04-12T00:00:00Z,9.582e-05,8
ETHUSDT,2023-04-12T00:00:00Z,1.041e-05,8
SOLUSDT,2023-04-12T00:00:00Z,0.0001,8
BTCUSDT,2023-04-12T08:00:00Z,8.195e-05,8
ETHUSDT,2023-04-12T08:00:00Z,1.29e-05,8
SOLUSDT,2023-04-12T08:00:00Z,0.0001,8
BTCUSDT,2023-04-12T16:00:00Z,1.747e-05,8
ETHUSDT,2023-04-12T16:00:00Z,3.624e-05,8
SOLUSDT,2023-04-12T16:00:00Z,0.0001,8
BTCUSDT,2023-04-13T00:00:00Z,6.665e-05,8
ETHUSDT,2023-04-13T00:00:00Z,0.0001,8
SOLUSDT,2023-04-13T00:00:00Z,2.795e-05,8
BTCUSDT,2023-04-13T08:00:00Z,4.427e-05,8
ETHUSDT,2023-04-13T08:00:00Z,0.0001,8
SOLUSDT,2023-04-13T08:00:00Z,6.992e-05,8
BTCUSDT,2023-04-13T16:00:00Z,0.0001,8
ETHUSDT,2023-04-13T16:00:00Z,0.0001,8
SOLUSDT,2023-04-13T16:00:00Z,0.0001,8
BTCUSDT,2023-04-14T00:00:00Z,-1.13e-06,8
ETHUSDT,2023-04-14T00:00:00Z,0.0001,8
SOLUSDT,2023-04-14T00:00:00Z,0.0001,8
BTCUSDT,2023-04-14T08:00:00Z,0.0001,8
ETHUSDT,2023-04-14T08:00:00Z,0.0001,8
SOLUSDT,2023-04-14T08:00:00Z,0.0001,8
BTCUSDT,2023-04-14T16:00:00Z,3.42e-05,8
ETHUSDT,2023-04-14T16:00:00Z,0.0001,8
SOLUSDT,2023-04-14T16:00:00Z,0.0001,8
BTCUSDT,2023-04-15T00:00:00Z,-4.975e-05,8
ETHUSDT,2023-04-15T00:00:00Z,0.0001,8
SOLUSDT,2023-04-15T00:00:00Z,0.0001,8
BTCUSDT,2023-04-15T08:00:00Z,8.455e-05,8
ETHUSDT,2023-04-15T08:00:00Z,0.0001,8
SOLUSDT,2023-04-15T08:00:00Z,0.0001,8
BTCUSDT,2023-04-15T16:00:00Z,0.0001,8
ETHUSDT,2023-04-15T16:00:00Z,0.0001,8
SOLUSDT,2023-04-15T16:00:00Z,0.0001,8
BTCUSDT,2023-04-16T00:00:00Z,7.144e-05,8
ETHUSDT,2023-04-16T00:00:00Z,0.0001,8
SOLUSDT,2023-04-16T00:00:00Z,0.0001,8
BTCUSDT,2023-04-16T08:00:00Z,0.0001,8
ETHUSDT,2023-04-16T08:00:00Z,0.0001,8
SOLUSDT,2023-04-16T08:00:00Z,0.00025575,8
BTCUSDT,2023-04-16T16:00:00Z,0.0001,8
ETHUSDT,2023-04-16T16:00:00Z,0.0001,8
SOLUSDT,2023-04-16T16:00:00Z,0.0001,8
BTCUSDT,2023-04-17T00:00:00Z,0.0001,8
ETHUSDT,2023-04-17T00:00:00Z,0.0001,8
SOLUSDT,2023-04-17T00:00:00Z,0.0002925,8
BTCUSDT,2023-04-17T08:00:00Z,7.376e-05,8
ETHUSDT,2023-04-17T08:00:00Z,0.0001,8
SOLUSDT,2023-04-17T08:00:00Z,0.00035646,8
BTCUSDT,2023-04-17T16:00:00Z,0.0001,8
ETHUSDT,2023-04-17T16:00:00Z,0.0001,8
SOLUSDT,2023-04-17T16:00:00Z,0.00013821,8
BTCUSDT,2023-04-18T00:00:00Z,4.683e-05,8
ETHUSDT,2023-04-18T00:00:00Z,0.0001,8
SOLUSDT,2023-04-18T00:00:00Z,0.0001,8
BTCUSDT,2023-04-18T08:00:00Z,-5.1e-06,8
ETHUSDT,2023-04-18T08:00:00Z,0.0001,8
SOLUSDT,2023-04-18T08:00:00Z,0.0001,8
BTCUSDT,2023-04-18T16:00:00Z,6.772e-05,8
ETHUSDT,2023-04-18T16:00:00Z,0.0001,8
SOLUSDT,2023-04-18T16:00:00Z,0.0001,8
BTCUSDT,2023-04-19T00:00:00Z,0.0001,8
ETHUSDT,2023-04-19T00:00:00Z,0.0001,8
SOLUSDT,2023-04-19T00:00:00Z,0.0001,8
BTCUSDT,2023-04-19T08:00:00Z,6.231e-05,8
ETHUSDT,2023-04-19T08:00:00Z,0.0001,8
SOLUSDT,2023-04-19T08:00:00Z,0.0001,8
BTCUSDT,2023-04-19T16:00:00Z,-8.1e-07,8
ETHUSDT,2023-04-19T16:00:00Z,-1.015e-05,8
SOLUSDT,2023-04-19T16:00:00Z,-5.574e-05,8
BTCUSDT,2023-04-20T00:00:00Z,8.579e-05,8
ETHUSDT,2023-04-20T00:00:00Z,6.419e-05,8
SOLUSDT,2023-04-20T00:00:00Z,0.0001,8
BTCUSDT,2023-04-20T08:00:00Z,3.668e-05,8
ETHUSDT,2023-04-20T08:00:00Z,3.2e-07,8
SOLUSDT,2023-04-20T08:00:00Z,0.0001,8
BTCUSDT,2023-04-20T16:00:00Z,5.898e-05,8
ETHUSDT,2023-04-20T16:00:00Z,2.269e-05,8
SOLUSDT,2023-04-20T16:00:00Z,0.0001,8
BTCUSDT,2023-04-21T00:00:00Z,6.297e-05,8
ETHUSDT,2023-04-21T00:00:00Z,8.62e-05,8
SOLUSDT,2023-04-21T00:00:00Z,-3.575e-05,8
BTCUSDT,2023-04-21T08:00:00Z,0.0001,8
ETHUSDT,2023-04-21T08:00:00Z,6.903e-05,8
SOLUSDT,2023-04-21T08:00:00Z,0.0001,8
BTCUSDT,2023-04-21T16:00:00Z,0.0001,8
ETHUSDT,2023-04-21T16:00:00Z,8.488e-05,8
SOLUSDT,2023-04-21T16:00:00Z,0.0001,8
BTCUSDT,2023-04-22T00:00:00Z,0.0001,8
ETHUSDT,2023-04-22T00:00:00Z,5.467e-05,8
SOLUSDT,2023-04-22T00:00:00Z,-1.147e-05,8
BTCUSDT,2023-04-22T08:00:00Z,6.858e-05,8
ETHUSDT,2023-04-22T08:00:00Z,-5.62e-06,8
SOLUSDT,2023-04-22T08:00:00Z,9.14e-06,8
BTCUSDT,2023-04-22T16:00:00Z,2.09e-05,8
ETHUSDT,2023-04-22T16:00:00Z,2.848e-05,8
SOLUSDT,2023-04-22T16:00:00Z,-3.008e-05,8
BTCUSDT,2023-04-23T00:00:00Z,3.768e-05,8
ETHUSDT,2023-04-23T00:00:00Z,-6.991e-05,8
SOLUSDT,2023-04-23T00:00:00Z,-4.662e-05,8
BTCUSDT,2023-04-23T08:00:00Z,1.376e-05,8
ETHUSDT,2023-04-23T08:00:00Z,1.032e-05,8
SOLUSDT,2023-04-23T08:00:00Z,7.476e-05,8
BTCUSDT,2023-04-23T16:00:00Z,2.369e-05,8
ETHUSDT,2023-04-23T16:00:00Z,4.969e-05,8
SOLUSDT,2023-04-23T16:00:00Z,9.355e-05,8
BTCUSDT,2023-04-24T00:00:00Z,4.679e-05,8
ETHUSDT,2023-04-24T00:00:00Z,9.041e-05,8
SOLUSDT,2023-04-24T00:00:00Z,3.83e-06,8
BTCUSDT,2023-04-24T08:00:00Z,3.694e-05,8
ETHUSDT,2023-04-24T08:00:00Z,1.238e-05,8
SOLUSDT,2023-04-24T08:00:00Z,9.297e-05,8
BTCUSDT,2023-04-24T16:00:00Z,2.63e-05,8
ETHUSDT,2023-04-24T16:00:00Z,5.112e-05,8
SOLUSDT,2023-04-24T16:00:00Z,0.0001,8
BTCUSDT,2023-04-25T00:00:00Z,5.066e-05,8
ETHUSDT,2023-04-25T00:00:00Z,8.411e-05,8
SOLUSDT,2023-04-25T00:00:00Z,-1.61e-05,8
BTCUSDT,2023-04-25T08:00:00Z,6.606e-05,8
ETHUSDT,2023-04-25T08:00:00Z,8.034e-05,8
SOLUSDT,2023-04-25T08:00:00Z,-2.918e-05,8
BTCUSDT,2023-04-25T16:00:00Z,8.541e-05,8
ETHUSDT,2023-04-25T16:00:00Z,6.892e-05,8
SOLUSDT,2023-04-25T16:00:00Z,1.692e-05,8
BTCUSDT,2023-04-26T00:00:00Z,4.346e-05,8
ETHUSDT,2023-04-26T00:00:00Z,3.84e-05,8
SOLUSDT,2023-04-26T00:00:00Z,5.839e-05,8
BTCUSDT,2023-04-26T08:00:00Z,1.686e-05,8
ETHUSDT,2023-04-26T08:00:00Z,1.253e-05,8
SOLUSDT,2023-04-26T08:00:00Z,1.365e-05,8
BTCUSDT,2023-04-26T16:00:00Z,0.0001,8
ETHUSDT,2023-04-26T16:00:00Z,8.7e-05,8
SOLUSDT,2023-04-26T16:00:00Z,0.0001,8
BTCUSDT,2023-04-27T00:00:00Z,2.518e-05,8
ETHUSDT,2023-04-27T00:00:00Z,-2.203e-05,8
SOLUSDT,2023-04-27T00:00:00Z,-0.00012155,8
BTCUSDT,2023-04-27T08:00:00Z,5.769e-05,8
ETHUSDT,2023-04-27T08:00:00Z,5.85e-05,8
SOLUSDT,2023-04-27T08:00:00Z,2.06e-05,8
BTCUSDT,2023-04-27T16:00:00Z,3.265e-05,8
ETHUSDT,2023-04-27T16:00:00Z,3.408e-05,8
SOLUSDT,2023-04-27T16:00:00Z,5.188e-05,8
BTCUSDT,2023-04-28T00:00:00Z,0.0001,8
ETHUSDT,2023-04-28T00:00:00Z,8.67e-05,8
SOLUSDT,2023-04-28T00:00:00Z,0.0001,8
BTCUSDT,2023-04-28T08:00:00Z,0.0001,8
ETHUSDT,2023-04-28T08:00:00Z,8.037e-05,8
SOLUSDT,2023-04-28T08:00:00Z,0.0001,8
BTCUSDT,2023-04-28T16:00:00Z,4.476e-05,8
ETHUSDT,2023-04-28T16:00:00Z,8.463e-05,8
SOLUSDT,2023-04-28T16:00:00Z,0.0001,8
BTCUSDT,2023-04-29T00:00:00Z,3.7e-07,8
ETHUSDT,2023-04-29T00:00:00Z,4.382e-05,8
SOLUSDT,2023-04-29T00:00:00Z,6.328e-05,8
BTCUSDT,2023-04-29T08:00:00Z,6.751e-05,8
ETHUSDT,2023-04-29T08:00:00Z,7.125e-05,8
SOLUSDT,2023-04-29T08:00:00Z,0.0001,8
BTCUSDT,2023-04-29T16:00:00Z,7.826e-05,8
ETHUSDT,2023-04-29T16:00:00Z,5.044e-05,8
SOLUSDT,2023-04-29T16:00:00Z,0.0001,8
BTCUSDT,2023-04-30T00:00:00Z,3.132e-05,8
ETHUSDT,2023-04-30T00:00:00Z,6.303e-05,8
SOLUSDT,2023-04-30T00:00:00Z,5.413e-05,8
BTCUSDT,2023-04-30T08:00:00Z,3.501e-05,8
ETHUSDT,2023-04-30T08:00:00Z,-2.13e-06,8
SOLUSDT,2023-04-30T08:00:00Z,7.129e-05,8
BTCUSDT,2023-04-30T16:00:00Z,6.078e-05,8
ETHUSDT,2023-04-30T16:00:00Z,8.291e-05,8
SOLUSDT,2023-04-30T16:00:00Z,0.0001,8
BTCUSDT,2023-05-01T00:00:00Z,2.435e-05,8
ETHUSDT,2023-05-01T00:00:00Z,-2.629e-05,8
SOLUSDT,2023-05-01T00:00:00Z,0.0001,8
BTCUSDT,2023-05-01T08:00:00Z,-6.37e-05,8
ETHUSDT,2023-05-01T08:00:00Z,2.338e-05,8
SOLUSDT,2023-05-01T08:00:00Z,1.535e-05,8
BTCUSDT,2023-05-01T16:00:00Z,5.66e-06,8
ETHUSDT,2023-05-01T16:00:00Z,8.46e-06,8
SOLUSDT,2023-05-01T16:00:00Z,0.0001,8
BTCUSDT,2023-05-02T00:00:00Z,9.68e-06,8
ETHUSDT,2023-05-02T00:00:00Z,9.917e-05,8
SOLUSDT,2023-05-02T00:00:00Z,6.98e-06,8
BTCUSDT,2023-05-02T08:00:00Z,6.135e-05,8
ETHUSDT,2023-05-02T08:00:00Z,2.555e-05,8
SOLUSDT,2023-05-02T08:00:00Z,3.889e-05,8
BTCUSDT,2023-05-02T16:00:00Z,1.204e-05,8
ETHUSDT,2023-05-02T16:00:00Z,8.146e-05,8
SOLUSDT,2023-05-02T16:00:00Z,-4.732e-05,8
BTCUSDT,2023-05-03T00:00:00Z,8.568e-05,8
ETHUSDT,2023-05-03T00:00:00Z,9.799e-05,8
SOLUSDT,2023-05-03T00:00:00Z,2.069e-05,8
BTCUSDT,2023-05-03T08:00:00Z,5.435e-05,8
ETHUSDT,2023-05-03T08:00:00Z,6.273e-05,8
SOLUSDT,2023-05-03T08:00:00Z,3.138e-05,8
BTCUSDT,2023-05-03T16:00:00Z,5.701e-05,8
ETHUSDT,2023-05-03T16:00:00Z,0.0001,8
SOLUSDT,2023-05-03T16:00:00Z,3.849e-05,8
BTCUSDT,2023-05-04T00:00:00Z,0.0001,8
ETHUSDT,2023-05-04T00:00:00Z,0.0001,8
SOLUSDT,2023-05-04T00:00:00Z,-2.27e-06,8
BTCUSDT,2023-05-04T08:00:00Z,9.992e-05,8
ETHUSDT,2023-05-04T08:00:00Z,0.0001,8
SOLUSDT,2023-05-04T08:00:00Z,0.0001,8
BTCUSDT,2023-05-04T16:00:00Z,4.314e-05,8
ETHUSDT,2023-05-04T16:00:00Z,9.9e-05,8
SOLUSDT,2023-05-04T16:00:00Z,0.0001,8
BTCUSDT,2023-05-05T00:00:00Z,3.731e-05,8
ETHUSDT,2023-05-05T00:00:00Z,3.555e-05,8
SOLUSDT,2023-05-05T00:00:00Z,0.0001,8
BTCUSDT,2023-05-05T08:00:00Z,9.909e-05,8
ETHUSDT,2023-05-05T08:00:00Z,5.68e-05,8
SOLUSDT,2023-05-05T08:00:00Z,3.223e-05,8
BTCUSDT,2023-05-05T16:00:00Z,8.548e-05,8
ETHUSDT,2023-05-05T16:00:00Z,0.0001,8
SOLUSDT,2023-05-05T16:00:00Z,0.0001,8
BTCUSDT,2023-05-06T00:00:00Z,0.0001,8
ETHUSDT,2023-05-06T00:00:00Z,0.0001,8
SOLUSDT,2023-05-06T00:00:00Z,0.0001,8
BTCUSDT,2023-05-06T08:00:00Z,0.0001,8
ETHUSDT,2023-05-06T08:00:00Z,0.0001,8
SOLUSDT,2023-05-06T08:00:00Z,0.0001,8
BTCUSDT,2023-05-06T16:00:00Z,0.0001,8
ETHUSDT,2023-05-06T16:00:00Z,6.94e-06,8
SOLUSDT,2023-05-06T16:00:00Z,2.441e-05,8
BTCUSDT,2023-05-07T00:00:00Z,4.321e-05,8
ETHUSDT,2023-05-07T00:00:00Z,1.519e-05,8
SOLUSDT,2023-05-07T00:00:00Z,3.648e-05,8
BTCUSDT,2023-05-07T08:00:00Z,4.047e-05,8
ETHUSDT,2023-05-07T08:00:00Z,2.257e-05,8
SOLUSDT,2023-05-07T08:00:00Z,-2.12e-05,8
BTCUSDT,2023-05-07T16:00:00Z,6.046e-05,8
ETHUSDT,2023-05-07T16:00:00Z,4.724e-05,8
SOLUSDT,2023-05-07T16:00:00Z,6.249e-05,8
BTCUSDT,2023-05-08T00:00:00Z,7.2e-06,8
ETHUSDT,2023-05-08T00:00:00Z,5.356e-05,8
SOLUSDT,2023-05-08T00:00:00Z,0.0001,8
BTCUSDT,2023-05-08T08:00:00Z,4.07e-06,8
ETHUSDT,2023-05-08T08:00:00Z,1.131e-05,8
SOLUSDT,2023-05-08T08:00:00Z,-7.742e-05,8
BTCUSDT,2023-05-08T16:00:00Z,3.902e-05,8
ETHUSDT,2023-05-08T16:00:00Z,3.803e-05,8
SOLUSDT,2023-05-08T16:00:00Z,2.595e-05,8
BTCUSDT,2023-05-09T00:00:00Z,5.11e-05,8
ETHUSDT,2023-05-09T00:00:00Z,9.627e-05,8
SOLUSDT,2023-05-09T00:00:00Z,-0.00019637,8
BTCUSDT,2023-05-09T08:00:00Z,6.841e-05,8
ETHUSDT,2023-05-09T08:00:00Z,0.0001,8
SOLUSDT,2023-05-09T08:00:00Z,-5.327e-05,8
BTCUSDT,2023-05-09T16:00:00Z,3.78e-06,8
ETHUSDT,2023-05-09T16:00:00Z,5.218e-05,8
SOLUSDT,2023-05-09T16:00:00Z,-5.678e-05,8
BTCUSDT,2023-05-10T00:00:00Z,3.752e-05,8
ETHUSDT,2023-05-10T00:00:00Z,2.199e-05,8
SOLUSDT,2023-05-10T00:00:00Z,-4.287e-05,8
BTCUSDT,2023-05-10T08:00:00Z,4.785e-05,8
ETHUSDT,2023-05-10T08:00:00Z,6.916e-05,8
SOLUSDT,2023-05-10T08:00:00Z,2.809e-05,8
BTCUSDT,2023-05-10T16:00:00Z,3.792e-05,8
ETHUSDT,2023-05-10T16:00:00Z,4.334e-05,8
SOLUSDT,2023-05-10T16:00:00Z,-2.9e-07,8
BTCUSDT,2023-05-11T00:00:00Z,1.596e-05,8
ETHUSDT,2023-05-11T00:00:00Z,-3.99e-06,8
SOLUSDT,2023-05-11T00:00:00Z,7.952e-05,8
BTCUSDT,2023-05-11T08:00:00Z,6.926e-05,8
ETHUSDT,2023-05-11T08:00:00Z,2.198e-05,8
SOLUSDT,2023-05-11T08:00:00Z,2.605e-05,8
BTCUSDT,2023-05-11T16:00:00Z,5.207e-05,8
ETHUSDT,2023-05-11T16:00:00Z,5.429e-05,8
SOLUSDT,2023-05-11T16:00:00Z,2.286e-05,8
BTCUSDT,2023-05-12T00:00:00Z,3.633e-05,8
ETHUSDT,2023-05-12T00:00:00Z,1.83e-05,8
SOLUSDT,2023-05-12T00:00:00Z,1.031e-05,8
BTCUSDT,2023-05-12T08:00:00Z,3.964e-05,8
ETHUSDT,2023-05-12T08:00:00Z,4.54e-06,8
SOLUSDT,2023-05-12T08:00:00Z,8.362e-05,8
BTCUSDT,2023-05-12T16:00:00Z,2.762e-05,8
ETHUSDT,2023-05-12T16:00:00Z,-9.17e-06,8
SOLUSDT,2023-05-12T16:00:00Z,8.03e-06,8
BTCUSDT,2023-05-13T00:00:00Z,-1e-07,8
ETHUSDT,2023-05-13T00:00:00Z,2.858e-05,8
SOLUSDT,2023-05-13T00:00:00Z,1.245e-05,8
BTCUSDT,2023-05-13T08:00:00Z,5.385e-05,8
ETHUSDT,2023-05-13T08:00:00Z,2.366e-05,8
SOLUSDT,2023-05-13T08:00:00Z,6.953e-05,8
BTCUSDT,2023-05-13T16:00:00Z,4.494e-05,8
ETHUSDT,2023-05-13T16:00:00Z,8.57e-06,8
SOLUSDT,2023-05-13T16:00:00Z,0.0001,8
BTCUSDT,2023-05-14T00:00:00Z,1.715e-05,8
ETHUSDT,2023-05-14T00:00:00Z,-4.8e-06,8
SOLUSDT,2023-05-14T00:00:00Z,7.69e-05,8
BTCUSDT,2023-05-14T08:00:00Z,3.039e-05,8
ETHUSDT,2023-05-14T08:00:00Z,5.487e-05,8
SOLUSDT,2023-05-14T08:00:00Z,6.449e-05,8
BTCUSDT,2023-05-14T16:00:00Z,3.537e-05,8
ETHUSDT,2023-05-14T16:00:00Z,3.797e-05,8
SOLUSDT,2023-05-14T16:00:00Z,6.799e-05,8
BTCUSDT,2023-05-15T00:00:00Z,4.407e-05,8
ETHUSDT,2023-05-15T00:00:00Z,-1.849e-05,8
SOLUSDT,2023-05-15T00:00:00Z,8.94e-06,8
BTCUSDT,2023-05-15T08:00:00Z,-1.576e-05,8
ETHUSDT,2023-05-15T08:00:00Z,-2.95e-06,8
SOLUSDT,2023-05-15T08:00:00Z,6.491e-05,8
BTCUSDT,2023-05-15T16:00:00Z,-1.9e-06,8
ETHUSDT,2023-05-15T16:00:00Z,-1.988e-05,8
SOLUSDT,2023-05-15T16:00:00Z,8.447e-05,8
BTCUSDT,2023-05-16T00:00:00Z,8.66e-05,8
ETHUSDT,2023-05-16T00:00:00Z,-1.56e-05,8
SOLUSDT,2023-05-16T00:00:00Z,0.0001,8
BTCUSDT,2023-05-16T08:00:00Z,3.165e-05,8
ETHUSDT,2023-05-16T08:00:00Z,1.255e-05,8
SOLUSDT,2023-05-16T08:00:00Z,6.067e-05,8
BTCUSDT,2023-05-16T16:00:00Z,5.8e-05,8
ETHUSDT,2023-05-16T16:00:00Z,6.009e-05,8
SOLUSDT,2023-05-16T16:00:00Z,0.0001,8
BTCUSDT,2023-05-17T00:00:00Z,8.392e-05,8
ETHUSDT,2023-05-17T00:00:00Z,8.76e-05,8
SOLUSDT,2023-05-17T00:00:00Z,3.051e-05,8
BTCUSDT,2023-05-17T08:00:00Z,7.029e-05,8
ETHUSDT,2023-05-17T08:00:00Z,-1.53e-05,8
SOLUSDT,2023-05-17T08:00:00Z,0.0001,8
BTCUSDT,2023-05-17T16:00:00Z,4.461e-05,8
ETHUSDT,2023-05-17T16:00:00Z,3.984e-05,8
SOLUSDT,2023-05-17T16:00:00Z,9.695e-05,8
BTCUSDT,2023-05-18T00:00:00Z,0.0001,8
ETHUSDT,2023-05-18T00:00:00Z,7.696e-05,8
SOLUSDT,2023-05-18T00:00:00Z,0.0001,8
BTCUSDT,2023-05-18T08:00:00Z,0.0001,8
ETHUSDT,2023-05-18T08:00:00Z,6.739e-05,8
SOLUSDT,2023-05-18T08:00:00Z,0.0001,8
BTCUSDT,2023-05-18T16:00:00Z,8.342e-05,8
ETHUSDT,2023-05-18T16:00:00Z,5.135e-05,8
SOLUSDT,2023-05-18T16:00:00Z,2.95e-05,8
BTCUSDT,2023-05-19T00:00:00Z,2.716e-05,8
ETHUSDT,2023-05-19T00:00:00Z,4.796e-05,8
SOLUSDT,2023-05-19T00:00:00Z,-9.122e-05,8
BTCUSDT,2023-05-19T08:00:00Z,4.474e-05,8
ETHUSDT,2023-05-19T08:00:00Z,2.782e-05,8
SOLUSDT,2023-05-19T08:00:00Z,2.946e-05,8
BTCUSDT,2023-05-19T16:00:00Z,3.815e-05,8
ETHUSDT,2023-05-19T16:00:00Z,0.0001,8
SOLUSDT,2023-05-19T16:00:00Z,8.946e-05,8
BTCUSDT,2023-05-20T00:00:00Z,5.313e-05,8
ETHUSDT,2023-05-20T00:00:00Z,7.933e-05,8
SOLUSDT,2023-05-20T00:00:00Z,9.555e-05,8
BTCUSDT,2023-05-20T08:00:00Z,2.455e-05,8
ETHUSDT,2023-05-20T08:00:00Z,7.88e-06,8
SOLUSDT,2023-05-20T08:00:00Z,2.515e-05,8
BTCUSDT,2023-05-20T16:00:00Z,-8.49e-06,8
ETHUSDT,2023-05-20T16:00:00Z,-1.76e-06,8
SOLUSDT,2023-05-20T16:00:00Z,3.057e-05,8
BTCUSDT,2023-05-21T00:00:00Z,4.776e-05,8
ETHUSDT,2023-05-21T00:00:00Z,4.22e-05,8
SOLUSDT,2023-05-21T00:00:00Z,0.0001,8
BTCUSDT,2023-05-21T08:00:00Z,7.262e-05,8
ETHUSDT,2023-05-21T08:00:00Z,-1.59e-06,8
SOLUSDT,2023-05-21T08:00:00Z,0.0001,8
BTCUSDT,2023-05-21T16:00:00Z,5.071e-05,8
ETHUSDT,2023-05-21T16:00:00Z,2.497e-05,8
SOLUSDT,2023-05-21T16:00:00Z,9.479e-05,8
BTCUSDT,2023-05-22T00:00:00Z,3.019e-05,8
ETHUSDT,2023-05-22T00:00:00Z,2.428e-05,8
SOLUSDT,2023-05-22T00:00:00Z,2.963e-05,8
BTCUSDT,2023-05-22T08:00:00Z,2.1e-06,8
ETHUSDT,2023-05-22T08:00:00Z,5.518e-05,8
SOLUSDT,2023-05-22T08:00:00Z,7.846e-05,8
BTCUSDT,2023-05-22T16:00:00Z,4.77e-05,8
ETHUSDT,2023-05-22T16:00:00Z,9.003e-05,8
SOLUSDT,2023-05-22T16:00:00Z,0.0001,8
BTCUSDT,2023-05-23T00:00:00Z,0.0001,8
ETHUSDT,2023-05-23T00:00:00Z,2.79e-05,8
SOLUSDT,2023-05-23T00:00:00Z,0.0001,8
BTCUSDT,2023-05-23T08:00:00Z,0.0001,8
ETHUSDT,2023-05-23T08:00:00Z,0.0001,8
SOLUSDT,2023-05-23T08:00:00Z,9.997e-05,8
BTCUSDT,2023-05-23T16:00:00Z,0.0001,8
ETHUSDT,2023-05-23T16:00:00Z,7.379e-05,8
SOLUSDT,2023-05-23T16:00:00Z,0.0001,8
BTCUSDT,2023-05-24T00:00:00Z,0.0001,8
ETHUSDT,2023-05-24T00:00:00Z,9.078e-05,8
SOLUSDT,2023-05-24T00:00:00Z,0.0001,8
BTCUSDT,2023-05-24T08:00:00Z,2.067e-05,8
ETHUSDT,2023-05-24T08:00:00Z,1.006e-05,8
SOLUSDT,2023-05-24T08:00:00Z,6.455e-05,8
BTCUSDT,2023-05-24T16:00:00Z,4.362e-05,8
ETHUSDT,2023-05-24T16:00:00Z,4.917e-05,8
SOLUSDT,2023-05-24T16:00:00Z,9.78e-05,8
BTCUSDT,2023-05-25T00:00:00Z,5.82e-05,8
ETHUSDT,2023-05-25T00:00:00Z,1.449e-05,8
SOLUSDT,2023-05-25T00:00:00Z,5.668e-05,8
BTCUSDT,2023-05-25T08:00:00Z,0.0001,8
ETHUSDT,2023-05-25T08:00:00Z,1.48e-06,8
SOLUSDT,2023-05-25T08:00:00Z,5.885e-05,8
BTCUSDT,2023-05-25T16:00:00Z,0.0001,8
ETHUSDT,2023-05-25T16:00:00Z,6.605e-05,8
SOLUSDT,2023-05-25T16:00:00Z,0.0001,8
BTCUSDT,2023-05-26T00:00:00Z,0.0001,8
ETHUSDT,2023-05-26T00:00:00Z,0.0001,8
SOLUSDT,2023-05-26T00:00:00Z,0.0001,8
BTCUSDT,2023-05-26T08:00:00Z,9.583e-05,8
ETHUSDT,2023-05-26T08:00:00Z,6.574e-05,8
SOLUSDT,2023-05-26T08:00:00Z,0.0001,8
BTCUSDT,2023-05-26T16:00:00Z,4.953e-05,8
ETHUSDT,2023-05-26T16:00:00Z,3.794e-05,8
SOLUSDT,2023-05-26T16:00:00Z,0.0001,8
BTCUSDT,2023-05-27T00:00:00Z,7.146e-05,8
ETHUSDT,2023-05-27T00:00:00Z,6.425e-05,8
SOLUSDT,2023-05-27T00:00:00Z,0.0001,8
BTCUSDT,2023-05-27T08:00:00Z,8.564e-05,8
ETHUSDT,2023-05-27T08:00:00Z,4.565e-05,8
SOLUSDT,2023-05-27T08:00:00Z,0.0001,8
BTCUSDT,2023-05-27T16:00:00Z,7.362e-05,8
ETHUSDT,2023-05-27T16:00:00Z,-3.23e-05,8
SOLUSDT,2023-05-27T16:00:00Z,0.0001,8
BTCUSDT,2023-05-28T00:00:00Z,9.88e-05,8
ETHUSDT,2023-05-28T00:00:00Z,-1.2e-06,8
SOLUSDT,2023-05-28T00:00:00Z,0.0001,8
BTCUSDT,2023-05-28T08:00:00Z,0.0001,8
ETHUSDT,2023-05-28T08:00:00Z,-1.086e-05,8
SOLUSDT,2023-05-28T08:00:00Z,0.0001,8
BTCUSDT,2023-05-28T16:00:00Z,0.0001,8
ETHUSDT,2023-05-28T16:00:00Z,2.481e-05,8
SOLUSDT,2023-05-28T16:00:00Z,0.0001,8
BTCUSDT,2023-05-29T00:00:00Z,0.0001,8
ETHUSDT,2023-05-29T00:00:00Z,0.0001,8
SOLUSDT,2023-05-29T00:00:00Z,0.0001,8
BTCUSDT,2023-05-29T08:00:00Z,0.0001,8
ETHUSDT,2023-05-29T08:00:00Z,0.0001,8
SOLUSDT,2023-05-29T08:00:00Z,0.0001,8
BTCUSDT,2023-05-29T16:00:00Z,0.0001,8
ETHUSDT,2023-05-29T16:00:00Z,0.0001,8
SOLUSDT,2023-05-29T16:00:00Z,0.0001,8
BTCUSDT,2023-05-30T00:00:00Z,6.187e-05,8
ETHUSDT,2023-05-30T00:00:00Z,0.0001,8
SOLUSDT,2023-05-30T00:00:00Z,0.0001,8
BTCUSDT,2023-05-30T08:00:00Z,9.036e-05,8
ETHUSDT,2023-05-30T08:00:00Z,0.0001,8
SOLUSDT,2023-05-30T08:00:00Z,0.0001,8
BTCUSDT,2023-05-30T16:00:00Z,3.861e-05,8
ETHUSDT,2023-05-30T16:00:00Z,4.386e-05,8
SOLUSDT,2023-05-30T16:00:00Z,0.0001,8
BTCUSDT,2023-05-31T00:00:00Z,2.344e-05,8
ETHUSDT,2023-05-31T00:00:00Z,7.951e-05,8
SOLUSDT,2023-05-31T00:00:00Z,0.0001,8
BTCUSDT,2023-05-31T08:00:00Z,2.864e-05,8
ETHUSDT,2023-05-31T08:00:00Z,5.35e-06,8
SOLUSDT,2023-05-31T08:00:00Z,0.0001,8
BTCUSDT,2023-05-31T16:00:00Z,9.865e-05,8
ETHUSDT,2023-05-31T16:00:00Z,4.873e-05,8
SOLUSDT,2023-05-31T16:00:00Z,0.0001,8
BTCUSDT,2023-06-01T00:00:00Z,2.096e-05,8
ETHUSDT,2023-06-01T00:00:00Z,6.731e-05,8
SOLUSDT,2023-06-01T00:00:00Z,0.0001,8
BTCUSDT,2023-06-01T08:00:00Z,9.641e-05,8
ETHUSDT,2023-06-01T08:00:00Z,9.125e-05,8
SOLUSDT,2023-06-01T08:00:00Z,0.0001,8
BTCUSDT,2023-06-01T16:00:00Z,0.0001,8
ETHUSDT,2023-06-01T16:00:00Z,0.0001,8
SOLUSDT,2023-06-01T16:00:00Z,0.0001,8
BTCUSDT,2023-06-02T00:00:00Z,4.77e-05,8
ETHUSDT,2023-06-02T00:00:00Z,4.67e-05,8
SOLUSDT,2023-06-02T00:00:00Z,0.0001,8
BTCUSDT,2023-06-02T08:00:00Z,9.266e-05,8
ETHUSDT,2023-06-02T08:00:00Z,0.0001,8
SOLUSDT,2023-06-02T08:00:00Z,0.0001,8
BTCUSDT,2023-06-02T16:00:00Z,9.946e-05,8
ETHUSDT,2023-06-02T16:00:00Z,8.252e-05,8
SOLUSDT,2023-06-02T16:00:00Z,0.0001,8
BTCUSDT,2023-06-03T00:00:00Z,7.42e-05,8
ETHUSDT,2023-06-03T00:00:00Z,0.0001,8
SOLUSDT,2023-06-03T00:00:00Z,0.0001,8
BTCUSDT,2023-06-03T08:00:00Z,0.0001,8
ETHUSDT,2023-06-03T08:00:00Z,7.857e-05,8
SOLUSDT,2023-06-03T08:00:00Z,0.0001,8
BTCUSDT,2023-06-03T16:00:00Z,5.566e-05,8
ETHUSDT,2023-06-03T16:00:00Z,9.5e-06,8
SOLUSDT,2023-06-03T16:00:00Z,0.0001,8
BTCUSDT,2023-06-04T00:00:00Z,4.85e-05,8
ETHUSDT,2023-06-04T00:00:00Z,2.827e-05,8
SOLUSDT,2023-06-04T00:00:00Z,0.0001,8
BTCUSDT,2023-06-04T08:00:00Z,0.0001,8
ETHUSDT,2023-06-04T08:00:00Z,4.801e-05,8
SOLUSDT,2023-06-04T08:00:00Z,0.0001,8
BTCUSDT,2023-06-04T16:00:00Z,0.0001,8
ETHUSDT,2023-06-04T16:00:00Z,8.077e-05,8
SOLUSDT,2023-06-04T16:00:00Z,0.0001,8
BTCUSDT,2023-06-05T00:00:00Z,0.0001,8
ETHUSDT,2023-06-05T00:00:00Z,2.94e-06,8
SOLUSDT,2023-06-05T00:00:00Z,0.0001,8
BTCUSDT,2023-06-05T08:00:00Z,9.538e-05,8
ETHUSDT,2023-06-05T08:00:00Z,2.308e-05,8
SOLUSDT,2023-06-05T08:00:00Z,0.0001,8
BTCUSDT,2023-06-05T16:00:00Z,7.856e-05,8
ETHUSDT,2023-06-05T16:00:00Z,7.505e-05,8
SOLUSDT,2023-06-05T16:00:00Z,0.0001,8
BTCUSDT,2023-06-06T00:00:00Z,-7.157e-05,8
ETHUSDT,2023-06-06T00:00:00Z,-4.896e-05,8
SOLUSDT,2023-06-06T00:00:00Z,-7.522e-05,8
BTCUSDT,2023-06-06T08:00:00Z,-3.047e-05,8
ETHUSDT,2023-06-06T08:00:00Z,1.99e-06,8
SOLUSDT,2023-06-06T08:00:00Z,-1.215e-05,8
BTCUSDT,2023-06-06T16:00:00Z,4.288e-05,8
ETHUSDT,2023-06-06T16:00:00Z,8.581e-05,8
SOLUSDT,2023-06-06T16:00:00Z,6.245e-05,8
BTCUSDT,2023-06-07T00:00:00Z,0.0001,8
ETHUSDT,2023-06-07T00:00:00Z,0.0001,8
SOLUSDT,2023-06-07T00:00:00Z,0.0001,8
BTCUSDT,2023-06-07T08:00:00Z,0.0001,8
ETHUSDT,2023-06-07T08:00:00Z,0.0001,8
SOLUSDT,2023-06-07T08:00:00Z,0.0001,8
BTCUSDT,2023-06-07T16:00:00Z,4.005e-05,8
ETHUSDT,2023-06-07T16:00:00Z,2.658e-05,8
SOLUSDT,2023-06-07T16:00:00Z,8.161e-05,8
BTCUSDT,2023-06-08T00:00:00Z,5.504e-05,8
ETHUSDT,2023-06-08T00:00:00Z,6.055e-05,8
SOLUSDT,2023-06-08T00:00:00Z,-2.973e-05,8
BTCUSDT,2023-06-08T08:00:00Z,3.09e-05,8
ETHUSDT,2023-06-08T08:00:00Z,5.971e-05,8
SOLUSDT,2023-06-08T08:00:00Z,-6.138e-05,8
BTCUSDT,2023-06-08T16:00:00Z,4.011e-05,8
ETHUSDT,2023-06-08T16:00:00Z,6.27e-05,8
SOLUSDT,2023-06-08T16:00:00Z,-3.987e-05,8
BTCUSDT,2023-06-09T00:00:00Z,6.588e-05,8
ETHUSDT,2023-06-09T00:00:00Z,7.287e-05,8
SOLUSDT,2023-06-09T00:00:00Z,-1.99e-05,8
BTCUSDT,2023-06-09T08:00:00Z,7.916e-05,8
ETHUSDT,2023-06-09T08:00:00Z,9.72e-06,8
SOLUSDT,2023-06-09T08:00:00Z,2.244e-05,8
BTCUSDT,2023-06-09T16:00:00Z,4.404e-05,8
ETHUSDT,2023-06-09T16:00:00Z,7.382e-05,8
SOLUSDT,2023-06-09T16:00:00Z,4.756e-05,8
BTCUSDT,2023-06-10T00:00:00Z,8.702e-05,8
ETHUSDT,2023-06-10T00:00:00Z,6.01e-05,8
SOLUSDT,2023-06-10T00:00:00Z,4.312e-05,8
BTCUSDT,2023-06-10T08:00:00Z,2.417e-05,8
ETHUSDT,2023-06-10T08:00:00Z,5.325e-05,8
SOLUSDT,2023-06-10T08:00:00Z,-0.00018689,8
BTCUSDT,2023-06-10T16:00:00Z,3.854e-05,8
ETHUSDT,2023-06-10T16:00:00Z,1.875e-05,8
SOLUSDT,2023-06-10T16:00:00Z,-0.00045568,8
BTCUSDT,2023-06-11T00:00:00Z,4.45e-05,8
ETHUSDT,2023-06-11T00:00:00Z,1.783e-05,8
SOLUSDT,2023-06-11T00:00:00Z,-0.00025962,8
BTCUSDT,2023-06-11T08:00:00Z,3.197e-05,8
ETHUSDT,2023-06-11T08:00:00Z,6.332e-05,8
SOLUSDT,2023-06-11T08:00:00Z,-0.00039139,8
BTCUSDT,2023-06-11T16:00:00Z,5.925e-05,8
ETHUSDT,2023-06-11T16:00:00Z,2.351e-05,8
SOLUSDT,2023-06-11T16:00:00Z,-0.00011432,8
BTCUSDT,2023-06-12T00:00:00Z,8.66e-05,8
ETHUSDT,2023-06-12T00:00:00Z,7.802e-05,8
SOLUSDT,2023-06-12T00:00:00Z,-5.452e-05,8
BTCUSDT,2023-06-12T08:00:00Z,3.065e-05,8
ETHUSDT,2023-06-12T08:00:00Z,9.417e-05,8
SOLUSDT,2023-06-12T08:00:00Z,-0.00010351,8
BTCUSDT,2023-06-12T16:00:00Z,3.624e-05,8
ETHUSDT,2023-06-12T16:00:00Z,2.839e-05,8
SOLUSDT,2023-06-12T16:00:00Z,0.0001,8
BTCUSDT,2023-06-13T00:00:00Z,0.0001,8
ETHUSDT,2023-06-13T00:00:00Z,7.468e-05,8
SOLUSDT,2023-06-13T00:00:00Z,-6.7e-06,8
BTCUSDT,2023-06-13T08:00:00Z,6.18e-05,8
ETHUSDT,2023-06-13T08:00:00Z,4.944e-05,8
SOLUSDT,2023-06-13T08:00:00Z,8.95e-06,8
BTCUSDT,2023-06-13T16:00:00Z,6.503e-05,8
ETHUSDT,2023-06-13T16:00:00Z,5.417e-05,8
SOLUSDT,2023-06-13T16:00:00Z,-1.734e-05,8
BTCUSDT,2023-06-14T00:00:00Z,2.438e-05,8
ETHUSDT,2023-06-14T00:00:00Z,9.312e-05,8
SOLUSDT,2023-06-14T00:00:00Z,-6.216e-05,8
BTCUSDT,2023-06-14T08:00:00Z,2.716e-05,8
ETHUSDT,2023-06-14T08:00:00Z,1.378e-05,8
SOLUSDT,2023-06-14T08:00:00Z,-9.959e-05,8
BTCUSDT,2023-06-14T16:00:00Z,3.661e-05,8
ETHUSDT,2023-06-14T16:00:00Z,2.759e-05,8
SOLUSDT,2023-06-14T16:00:00Z,-3.849e-05,8
BTCUSDT,2023-06-15T00:00:00Z,-3.265e-05,8
ETHUSDT,2023-06-15T00:00:00Z,-7.479e-05,8
SOLUSDT,2023-06-15T00:00:00Z,-3.913e-05,8
BTCUSDT,2023-06-15T08:00:00Z,6.193e-05,8
ETHUSDT,2023-06-15T08:00:00Z,-8.236e-05,8
SOLUSDT,2023-06-15T08:00:00Z,-0.0001096,8
BTCUSDT,2023-06-15T16:00:00Z,6.687e-05,8
ETHUSDT,2023-06-15T16:00:00Z,3.041e-05,8
SOLUSDT,2023-06-15T16:00:00Z,0.0001,8
BTCUSDT,2023-06-16T00:00:00Z,3.971e-05,8
ETHUSDT,2023-06-16T00:00:00Z,-8.034e-05,8
SOLUSDT,2023-06-16T00:00:00Z,2.986e-05,8
BTCUSDT,2023-06-16T08:00:00Z,7.81e-06,8
ETHUSDT,2023-06-16T08:00:00Z,-5.17e-05,8
SOLUSDT,2023-06-16T08:00:00Z,3.481e-05,8
BTCUSDT,2023-06-16T16:00:00Z,2.36e-06,8
ETHUSDT,2023-06-16T16:00:00Z,-1.294e-05,8
SOLUSDT,2023-06-16T16:00:00Z,-4.6e-06,8
BTCUSDT,2023-06-17T00:00:00Z,9.868e-05,8
ETHUSDT,2023-06-17T00:00:00Z,6.711e-05,8
SOLUSDT,2023-06-17T00:00:00Z,-3.146e-05,8
BTCUSDT,2023-06-17T08:00:00Z,0.0001,8
ETHUSDT,2023-06-17T08:00:00Z,0.0001,8
SOLUSDT,2023-06-17T08:00:00Z,5.237e-05,8
BTCUSDT,2023-06-17T16:00:00Z,7.543e-05,8
ETHUSDT,2023-06-17T16:00:00Z,-1.45e-06,8
SOLUSDT,2023-06-17T16:00:00Z,6.248e-05,8
BTCUSDT,2023-06-18T00:00:00Z,3.706e-05,8
ETHUSDT,2023-06-18T00:00:00Z,-7.19e-06,8
SOLUSDT,2023-06-18T00:00:00Z,-2.892e-05,8
BTCUSDT,2023-06-18T08:00:00Z,8.233e-05,8
ETHUSDT,2023-06-18T08:00:00Z,-8.65e-06,8
SOLUSDT,2023-06-18T08:00:00Z,-5.493e-05,8
BTCUSDT,2023-06-18T16:00:00Z,6.705e-05,8
ETHUSDT,2023-06-18T16:00:00Z,5.296e-05,8
SOLUSDT,2023-06-18T16:00:00Z,-1.03e-06,8
BTCUSDT,2023-06-19T00:00:00Z,7.04e-05,8
ETHUSDT,2023-06-19T00:00:00Z,3.436e-05,8
SOLUSDT,2023-06-19T00:00:00Z,-6.35e-05,8
BTCUSDT,2023-06-19T08:00:00Z,6.397e-05,8
ETHUSDT,2023-06-19T08:00:00Z,5.597e-05,8
SOLUSDT,2023-06-19T08:00:00Z,-8.954e-05,8
BTCUSDT,2023-06-19T16:00:00Z,3.69e-05,8
ETHUSDT,2023-06-19T16:00:00Z,2.962e-05,8
SOLUSDT,2023-06-19T16:00:00Z,-4.972e-05,8
BTCUSDT,2023-06-20T00:00:00Z,4.35e-05,8
ETHUSDT,2023-06-20T00:00:00Z,3.35e-05,8
SOLUSDT,2023-06-20T00:00:00Z,-0.0001454,8
BTCUSDT,2023-06-20T08:00:00Z,-4.48e-06,8
ETHUSDT,2023-06-20T08:00:00Z,-2.167e-05,8
SOLUSDT,2023-06-20T08:00:00Z,-8.12e-06,8
BTCUSDT,2023-06-20T16:00:00Z,-2.597e-05,8
ETHUSDT,2023-06-20T16:00:00Z,2.359e-05,8
SOLUSDT,2023-06-20T16:00:00Z,1.7e-06,8
BTCUSDT,2023-06-21T00:00:00Z,6.295e-05,8
ETHUSDT,2023-06-21T00:00:00Z,0.0001,8
SOLUSDT,2023-06-21T00:00:00Z,5.55e-06,8
BTCUSDT,2023-06-21T08:00:00Z,0.0001,8
ETHUSDT,2023-06-21T08:00:00Z,1.018e-05,8
SOLUSDT,2023-06-21T08:00:00Z,7.67e-05,8
BTCUSDT,2023-06-21T16:00:00Z,2.551e-05,8
ETHUSDT,2023-06-21T16:00:00Z,-2.36e-06,8
SOLUSDT,2023-06-21T16:00:00Z,1.523e-05,8
BTCUSDT,2023-06-22T00:00:00Z,0.0001,8
ETHUSDT,2023-06-22T00:00:00Z,0.0001,8
SOLUSDT,2023-06-22T00:00:00Z,5.684e-05,8
BTCUSDT,2023-06-22T08:00:00Z,0.0001,8
ETHUSDT,2023-06-22T08:00:00Z,0.0001,8
SOLUSDT,2023-06-22T08:00:00Z,1.267e-05,8
BTCUSDT,2023-06-22T16:00:00Z,9.236e-05,8
ETHUSDT,2023-06-22T16:00:00Z,0.0001,8
SOLUSDT,2023-06-22T16:00:00Z,-9.97e-06,8
BTCUSDT,2023-06-23T00:00:00Z,0.0001,8
ETHUSDT,2023-06-23T00:00:00Z,0.0001,8
SOLUSDT,2023-06-23T00:00:00Z,8.86e-05,8
BTCUSDT,2023-06-23T08:00:00Z,0.0001,8
ETHUSDT,2023-06-23T08:00:00Z,0.0001,8
SOLUSDT,2023-06-23T08:00:00Z,0.0001,8
BTCUSDT,2023-06-23T16:00:00Z,0.0001,8
ETHUSDT,2023-06-23T16:00:00Z,4.288e-05,8
SOLUSDT,2023-06-23T16:00:00Z,-3.27e-06,8
BTCUSDT,2023-06-24T00:00:00Z,0.0001,8
ETHUSDT,2023-06-24T00:00:00Z,0.0001,8
SOLUSDT,2023-06-24T00:00:00Z,-5.354e-05,8
BTCUSDT,2023-06-24T08:00:00Z,0.0001,8
ETHUSDT,2023-06-24T08:00:00Z,0.0001,8
SOLUSDT,2023-06-24T08:00:00Z,8.164e-05,8
BTCUSDT,2023-06-24T16:00:00Z,0.0001,8
ETHUSDT,2023-06-24T16:00:00Z,3.414e-05,8
SOLUSDT,2023-06-24T16:00:00Z,1.615e-05,8
BTCUSDT,2023-06-25T00:00:00Z,0.0001,8
ETHUSDT,2023-06-25T00:00:00Z,0.0001,8
SOLUSDT,2023-06-25T00:00:00Z,-9.403e-05,8
BTCUSDT,2023-06-25T08:00:00Z,0.0001,8
ETHUSDT,2023-06-25T08:00:00Z,0.0001,8
SOLUSDT,2023-06-25T08:00:00Z,4.045e-05,8
BTCUSDT,2023-06-25T16:00:00Z,0.0001,8
ETHUSDT,2023-06-25T16:00:00Z,0.0001,8
SOLUSDT,2023-06-25T16:00:00Z,2.049e-05,8
BTCUSDT,2023-06-26T00:00:00Z,0.0001,8
ETHUSDT,2023-06-26T00:00:00Z,0.0001,8
SOLUSDT,2023-06-26T00:00:00Z,2.481e-05,8
BTCUSDT,2023-06-26T08:00:00Z,0.0001,8
ETHUSDT,2023-06-26T08:00:00Z,7.153e-05,8
SOLUSDT,2023-06-26T08:00:00Z,-6.749e-05,8
BTCUSDT,2023-06-26T16:00:00Z,0.0001,8
ETHUSDT,2023-06-26T16:00:00Z,7.038e-05,8
SOLUSDT,2023-06-26T16:00:00Z,5.956e-05,8
BTCUSDT,2023-06-27T00:00:00Z,0.0001,8
ETHUSDT,2023-06-27T00:00:00Z,4.477e-05,8
SOLUSDT,2023-06-27T00:00:00Z,-2.886e-05,8
BTCUSDT,2023-06-27T08:00:00Z,0.0001,8
ETHUSDT,2023-06-27T08:00:00Z,6.237e-05,8
SOLUSDT,2023-06-27T08:00:00Z,0.0001,8
BTCUSDT,2023-06-27T16:00:00Z,0.0001,8
ETHUSDT,2023-06-27T16:00:00Z,1.184e-05,8
SOLUSDT,2023-06-27T16:00:00Z,0.0001,8
BTCUSDT,2023-06-28T00:00:00Z,0.0001,8
ETHUSDT,2023-06-28T00:00:00Z,0.0001,8
SOLUSDT,2023-06-28T00:00:00Z,0.0001,8
BTCUSDT,2023-06-28T08:00:00Z,9.302e-05,8
ETHUSDT,2023-06-28T08:00:00Z,2.202e-05,8
SOLUSDT,2023-06-28T08:00:00Z,-1.801e-05,8
BTCUSDT,2023-06-28T16:00:00Z,4.598e-05,8
ETHUSDT,2023-06-28T16:00:00Z,3.873e-05,8
SOLUSDT,2023-06-28T16:00:00Z,5.458e-05,8
BTCUSDT,2023-06-29T00:00:00Z,6.574e-05,8
ETHUSDT,2023-06-29T00:00:00Z,1.497e-05,8
SOLUSDT,2023-06-29T00:00:00Z,1.7e-05,8
BTCUSDT,2023-06-29T08:00:00Z,9.3e-05,8
ETHUSDT,2023-06-29T08:00:00Z,1.188e-05,8
SOLUSDT,2023-06-29T08:00:00Z,0.0001,8
BTCUSDT,2023-06-29T16:00:00Z,0.0001,8
ETHUSDT,2023-06-29T16:00:00Z,0.0001,8
SOLUSDT,2023-06-29T16:00:00Z,0.0001,8
BTCUSDT,2023-06-30T00:00:00Z,0.0001,8
ETHUSDT,2023-06-30T00:00:00Z,3.965e-05,8
SOLUSDT,2023-06-30T00:00:00Z,4.827e-05,8
BTCUSDT,2023-06-30T08:00:00Z,0.0001,8
ETHUSDT,2023-06-30T08:00:00Z,0.0001,8
SOLUSDT,2023-06-30T08:00:00Z,0.0001,8
BTCUSDT,2023-06-30T16:00:00Z,0.0001,8
ETHUSDT,2023-06-30T16:00:00Z,0.0001,8
SOLUSDT,2023-06-30T16:00:00Z,0.0001,8
BTCUSDT,2023-07-01T00:00:00Z,0.0001,8
ETHUSDT,2023-07-01T00:00:00Z,0.0001,8
SOLUSDT,2023-07-01T00:00:00Z,0.0001,8
BTCUSDT,2023-07-01T08:00:00Z,0.0001,8
ETHUSDT,2023-07-01T08:00:00Z,0.0001,8
SOLUSDT,2023-07-01T08:00:00Z,0.0001,8
BTCUSDT,2023-07-01T16:00:00Z,0.0001,8
ETHUSDT,2023-07-01T16:00:00Z,0.0001,8
SOLUSDT,2023-07-01T16:00:00Z,2.201e-05,8
BTCUSDT,2023-07-02T00:00:00Z,0.0001,8
ETHUSDT,2023-07-02T00:00:00Z,0.0001,8
SOLUSDT,2023-07-02T00:00:00Z,0.0001,8
BTCUSDT,2023-07-02T08:00:00Z,0.0001,8
ETHUSDT,2023-07-02T08:00:00Z,0.0001,8
SOLUSDT,2023-07-02T08:00:00Z,0.0001,8
BTCUSDT,2023-07-02T16:00:00Z,0.0001,8
ETHUSDT,2023-07-02T16:00:00Z,0.0001,8
SOLUSDT,2023-07-02T16:00:00Z,0.0001,8
BTCUSDT,2023-07-03T00:00:00Z,0.0001,8
ETHUSDT,2023-07-03T00:00:00Z,0.0001,8
SOLUSDT,2023-07-03T00:00:00Z,0.0001,8
BTCUSDT,2023-07-03T08:00:00Z,0.0001,8
ETHUSDT,2023-07-03T08:00:00Z,0.0001,8
SOLUSDT,2023-07-03T08:00:00Z,0.0001,8
BTCUSDT,2023-07-03T16:00:00Z,0.0001,8
ETHUSDT,2023-07-03T16:00:00Z,0.0001,8
SOLUSDT,2023-07-03T16:00:00Z,0.0001,8
BTCUSDT,2023-07-04T00:00:00Z,0.0001,8
ETHUSDT,2023-07-04T00:00:00Z,0.0001,8
SOLUSDT,2023-07-04T00:00:00Z,6.327e-05,8
BTCUSDT,2023-07-04T08:00:00Z,0.0001,8
ETHUSDT,2023-07-04T08:00:00Z,0.0001,8
SOLUSDT,2023-07-04T08:00:00Z,0.0001,8
BTCUSDT,2023-07-04T16:00:00Z,0.0001,8
ETHUSDT,2023-07-04T16:00:00Z,0.0001,8
SOLUSDT,2023-07-04T16:00:00Z,0.0001,8
BTCUSDT,2023-07-05T00:00:00Z,0.0001,8
ETHUSDT,2023-07-05T00:00:00Z,0.0001,8
SOLUSDT,2023-07-05T00:00:00Z,0.0001,8
BTCUSDT,2023-07-05T08:00:00Z,0.0001,8
ETHUSDT,2023-07-05T08:00:00Z,0.0001,8
SOLUSDT,2023-07-05T08:00:00Z,0.0001,8
BTCUSDT,2023-07-05T16:00:00Z,0.0001,8
ETHUSDT,2023-07-05T16:00:00Z,0.0001,8
SOLUSDT,2023-07-05T16:00:00Z,4.304e-05,8
BTCUSDT,2023-07-06T00:00:00Z,0.0001,8
ETHUSDT,2023-07-06T00:00:00Z,0.0001,8
SOLUSDT,2023-07-06T00:00:00Z,-5.29e-06,8
BTCUSDT,2023-07-06T08:00:00Z,7.72e-05,8
ETHUSDT,2023-07-06T08:00:00Z,0.0001,8
SOLUSDT,2023-07-06T08:00:00Z,0.0001,8
BTCUSDT,2023-07-06T16:00:00Z,1.492e-05,8
ETHUSDT,2023-07-06T16:00:00Z,2.778e-05,8
SOLUSDT,2023-07-06T16:00:00Z,0.0001,8
BTCUSDT,2023-07-07T00:00:00Z,6.98e-06,8
ETHUSDT,2023-07-07T00:00:00Z,7.449e-05,8
SOLUSDT,2023-07-07T00:00:00Z,0.0001,8
BTCUSDT,2023-07-07T08:00:00Z,4.221e-05,8
ETHUSDT,2023-07-07T08:00:00Z,3.362e-05,8
SOLUSDT,2023-07-07T08:00:00Z,8.838e-05,8
BTCUSDT,2023-07-07T16:00:00Z,-6.58e-06,8
ETHUSDT,2023-07-07T16:00:00Z,2.585e-05,8
SOLUSDT,2023-07-07T16:00:00Z,-0.00022841,8
BTCUSDT,2023-07-08T00:00:00Z,3.757e-05,8
ETHUSDT,2023-07-08T00:00:00Z,3.796e-05,8
SOLUSDT,2023-07-08T00:00:00Z,-5.703e-05,8
BTCUSDT,2023-07-08T08:00:00Z,2.631e-05,8
ETHUSDT,2023-07-08T08:00:00Z,1.339e-05,8
SOLUSDT,2023-07-08T08:00:00Z,1.315e-05,8
BTCUSDT,2023-07-08T16:00:00Z,1.686e-05,8
ETHUSDT,2023-07-08T16:00:00Z,-4.17e-06,8
SOLUSDT,2023-07-08T16:00:00Z,0.0001,8
BTCUSDT,2023-07-09T00:00:00Z,5.707e-05,8
ETHUSDT,2023-07-09T00:00:00Z,3.226e-05,8
SOLUSDT,2023-07-09T00:00:00Z,-0.00011345,8
BTCUSDT,2023-07-09T08:00:00Z,6.821e-05,8
ETHUSDT,2023-07-09T08:00:00Z,2.878e-05,8
SOLUSDT,2023-07-09T08:00:00Z,1.049e-05,8
BTCUSDT,2023-07-09T16:00:00Z,6.153e-05,8
ETHUSDT,2023-07-09T16:00:00Z,3.18e-05,8
SOLUSDT,2023-07-09T16:00:00Z,0.0001,8
BTCUSDT,2023-07-10T00:00:00Z,-2.182e-05,8
ETHUSDT,2023-07-10T00:00:00Z,2.726e-05,8
SOLUSDT,2023-07-10T00:00:00Z,0.0001,8
BTCUSDT,2023-07-10T08:00:00Z,4.85e-05,8
ETHUSDT,2023-07-10T08:00:00Z,4.524e-05,8
SOLUSDT,2023-07-10T08:00:00Z,0.0001,8
BTCUSDT,2023-07-10T16:00:00Z,2.995e-05,8
ETHUSDT,2023-07-10T16:00:00Z,7.179e-05,8
SOLUSDT,2023-07-10T16:00:00Z,-5.346e-05,8
BTCUSDT,2023-07-11T00:00:00Z,8.01e-05,8
ETHUSDT,2023-07-11T00:00:00Z,9.527e-05,8
SOLUSDT,2023-07-11T00:00:00Z,-0.00013561,8
BTCUSDT,2023-07-11T08:00:00Z,8.265e-05,8
ETHUSDT,2023-07-11T08:00:00Z,7.653e-05,8
SOLUSDT,2023-07-11T08:00:00Z,-2.651e-05,8
BTCUSDT,2023-07-11T16:00:00Z,3.954e-05,8
ETHUSDT,2023-07-11T16:00:00Z,2.549e-05,8
SOLUSDT,2023-07-11T16:00:00Z,2.775e-05,8
BTCUSDT,2023-07-12T00:00:00Z,7.041e-05,8
ETHUSDT,2023-07-12T00:00:00Z,8.29e-05,8
SOLUSDT,2023-07-12T00:00:00Z,1.497e-05,8
BTCUSDT,2023-07-12T08:00:00Z,6.479e-05,8
ETHUSDT,2023-07-12T08:00:00Z,0.0001,8
SOLUSDT,2023-07-12T08:00:00Z,-2.714e-05,8
BTCUSDT,2023-07-12T16:00:00Z,4.65e-05,8
ETHUSDT,2023-07-12T16:00:00Z,7.32e-05,8
SOLUSDT,2023-07-12T16:00:00Z,4.12e-05,8
BTCUSDT,2023-07-13T00:00:00Z,-1.135e-05,8
ETHUSDT,2023-07-13T00:00:00Z,-8.22e-06,8
SOLUSDT,2023-07-13T00:00:00Z,9.789e-05,8
BTCUSDT,2023-07-13T08:00:00Z,6.12e-05,8
ETHUSDT,2023-07-13T08:00:00Z,5.591e-05,8
SOLUSDT,2023-07-13T08:00:00Z,-6.37e-06,8
BTCUSDT,2023-07-13T16:00:00Z,5.29e-06,8
ETHUSDT,2023-07-13T16:00:00Z,-4.55e-05,8
SOLUSDT,2023-07-13T16:00:00Z,-0.00021919,8
BTCUSDT,2023-07-14T00:00:00Z,0.0001,8
ETHUSDT,2023-07-14T00:00:00Z,0.0001,8
SOLUSDT,2023-07-14T00:00:00Z,0.0001,8
BTCUSDT,2023-07-14T08:00:00Z,0.0001,8
ETHUSDT,2023-07-14T08:00:00Z,0.0001,8
SOLUSDT,2023-07-14T08:00:00Z,0.00029523,8
BTCUSDT,2023-07-14T16:00:00Z,0.0001,8
ETHUSDT,2023-07-14T16:00:00Z,0.0001,8
SOLUSDT,2023-07-14T16:00:00Z,0.00017912,8
BTCUSDT,2023-07-15T00:00:00Z,-7.313e-05,8
ETHUSDT,2023-07-15T00:00:00Z,-1.31e-06,8
SOLUSDT,2023-07-15T00:00:00Z,0.0001,8
BTCUSDT,2023-07-15T08:00:00Z,3.007e-05,8
ETHUSDT,2023-07-15T08:00:00Z,8.11e-05,8
SOLUSDT,2023-07-15T08:00:00Z,0.0001,8
BTCUSDT,2023-07-15T16:00:00Z,2.984e-05,8
ETHUSDT,2023-07-15T16:00:00Z,8.792e-05,8
SOLUSDT,2023-07-15T16:00:00Z,0.0001,8
BTCUSDT,2023-07-16T00:00:00Z,1.993e-05,8
ETHUSDT,2023-07-16T00:00:00Z,5.641e-05,8
SOLUSDT,2023-07-16T00:00:00Z,0.0001,8
BTCUSDT,2023-07-16T08:00:00Z,7.772e-05,8
ETHUSDT,2023-07-16T08:00:00Z,4.632e-05,8
SOLUSDT,2023-07-16T08:00:00Z,0.0001,8
BTCUSDT,2023-07-16T16:00:00Z,4.583e-05,8
ETHUSDT,2023-07-16T16:00:00Z,4.081e-05,8
SOLUSDT,2023-07-16T16:00:00Z,0.0001,8
BTCUSDT,2023-07-17T00:00:00Z,2.785e-05,8
ETHUSDT,2023-07-17T00:00:00Z,2.809e-05,8
SOLUSDT,2023-07-17T00:00:00Z,0.0001,8
BTCUSDT,2023-07-17T08:00:00Z,6.278e-05,8
ETHUSDT,2023-07-17T08:00:00Z,2.313e-05,8
SOLUSDT,2023-07-17T08:00:00Z,0.0001,8
BTCUSDT,2023-07-17T16:00:00Z,6.261e-05,8
ETHUSDT,2023-07-17T16:00:00Z,3.963e-05,8
SOLUSDT,2023-07-17T16:00:00Z,0.0001,8
BTCUSDT,2023-07-18T00:00:00Z,3.983e-05,8
ETHUSDT,2023-07-18T00:00:00Z,6.696e-05,8
SOLUSDT,2023-07-18T00:00:00Z,9.171e-05,8
BTCUSDT,2023-07-18T08:00:00Z,6.798e-05,8
ETHUSDT,2023-07-18T08:00:00Z,8.539e-05,8
SOLUSDT,2023-07-18T08:00:00Z,0.0001,8
BTCUSDT,2023-07-18T16:00:00Z,7.477e-05,8
ETHUSDT,2023-07-18T16:00:00Z,7.161e-05,8
SOLUSDT,2023-07-18T16:00:00Z,0.0001,8
BTCUSDT,2023-07-19T00:00:00Z,0.0001,8
ETHUSDT,2023-07-19T00:00:00Z,6.538e-05,8
SOLUSDT,2023-07-19T00:00:00Z,0.0001,8
BTCUSDT,2023-07-19T08:00:00Z,5.224e-05,8
ETHUSDT,2023-07-19T08:00:00Z,0.0001,8
SOLUSDT,2023-07-19T08:00:00Z,0.0001,8
BTCUSDT,2023-07-19T16:00:00Z,7.69e-05,8
ETHUSDT,2023-07-19T16:00:00Z,9.161e-05,8
SOLUSDT,2023-07-19T16:00:00Z,0.0001,8
BTCUSDT,2023-07-20T00:00:00Z,2.652e-05,8
ETHUSDT,2023-07-20T00:00:00Z,-2.41e-06,8
SOLUSDT,2023-07-20T00:00:00Z,7.165e-05,8
BTCUSDT,2023-07-20T08:00:00Z,9.641e-05,8
ETHUSDT,2023-07-20T08:00:00Z,9.217e-05,8
SOLUSDT,2023-07-20T08:00:00Z,0.0001,8
BTCUSDT,2023-07-20T16:00:00Z,5.563e-05,8
ETHUSDT,2023-07-20T16:00:00Z,0.0001,8
SOLUSDT,2023-07-20T16:00:00Z,0.0001,8
BTCUSDT,2023-07-21T00:00:00Z,2.877e-05,8
ETHUSDT,2023-07-21T00:00:00Z,1.798e-05,8
SOLUSDT,2023-07-21T00:00:00Z,1.25e-05,8
BTCUSDT,2023-07-21T08:00:00Z,7.77e-06,8
ETHUSDT,2023-07-21T08:00:00Z,4.73e-06,8
SOLUSDT,2023-07-21T08:00:00Z,-1.51e-06,8
BTCUSDT,2023-07-21T16:00:00Z,3.717e-05,8
ETHUSDT,2023-07-21T16:00:00Z,7.376e-05,8
SOLUSDT,2023-07-21T16:00:00Z,7.977e-05,8
BTCUSDT,2023-07-22T00:00:00Z,2.195e-05,8
ETHUSDT,2023-07-22T00:00:00Z,5.769e-05,8
SOLUSDT,2023-07-22T00:00:00Z,2.099e-05,8
BTCUSDT,2023-07-22T08:00:00Z,9.44e-06,8
ETHUSDT,2023-07-22T08:00:00Z,-4.15e-06,8
SOLUSDT,2023-07-22T08:00:00Z,0.0001,8
BTCUSDT,2023-07-22T16:00:00Z,1.77e-06,8
ETHUSDT,2023-07-22T16:00:00Z,1.649e-05,8
SOLUSDT,2023-07-22T16:00:00Z,0.0001,8
BTCUSDT,2023-07-23T00:00:00Z,2.908e-05,8
ETHUSDT,2023-07-23T00:00:00Z,1.578e-05,8
SOLUSDT,2023-07-23T00:00:00Z,8.045e-05,8
BTCUSDT,2023-07-23T08:00:00Z,0.0001,8
ETHUSDT,2023-07-23T08:00:00Z,3.411e-05,8
SOLUSDT,2023-07-23T08:00:00Z,6.786e-05,8
BTCUSDT,2023-07-23T16:00:00Z,9.372e-05,8
ETHUSDT,2023-07-23T16:00:00Z,5.404e-05,8
SOLUSDT,2023-07-23T16:00:00Z,0.0001,8
BTCUSDT,2023-07-24T00:00:00Z,0.0001,8
ETHUSDT,2023-07-24T00:00:00Z,0.0001,8
SOLUSDT,2023-07-24T00:00:00Z,5.539e-05,8
BTCUSDT,2023-07-24T08:00:00Z,4.338e-05,8
ETHUSDT,2023-07-24T08:00:00Z,-8e-07,8
SOLUSDT,2023-07-24T08:00:00Z,8.79e-05,8
BTCUSDT,2023-07-24T16:00:00Z,0.0001,8
ETHUSDT,2023-07-24T16:00:00Z,7.167e-05,8
SOLUSDT,2023-07-24T16:00:00Z,0.0001,8
BTCUSDT,2023-07-25T00:00:00Z,7.702e-05,8
ETHUSDT,2023-07-25T00:00:00Z,8.389e-05,8
SOLUSDT,2023-07-25T00:00:00Z,2.921e-05,8
BTCUSDT,2023-07-25T08:00:00Z,6.913e-05,8
ETHUSDT,2023-07-25T08:00:00Z,0.0001,8
SOLUSDT,2023-07-25T08:00:00Z,4.666e-05,8
BTCUSDT,2023-07-25T16:00:00Z,9.465e-05,8
ETHUSDT,2023-07-25T16:00:00Z,7.49e-05,8
SOLUSDT,2023-07-25T16:00:00Z,-2.252e-05,8
BTCUSDT,2023-07-26T00:00:00Z,9.451e-05,8
ETHUSDT,2023-07-26T00:00:00Z,9.056e-05,8
SOLUSDT,2023-07-26T00:00:00Z,9.281e-05,8
BTCUSDT,2023-07-26T08:00:00Z,0.0001,8
ETHUSDT,2023-07-26T08:00:00Z,6.753e-05,8
SOLUSDT,2023-07-26T08:00:00Z,-1.83e-06,8
BTCUSDT,2023-07-26T16:00:00Z,5.768e-05,8
ETHUSDT,2023-07-26T16:00:00Z,9.889e-05,8
SOLUSDT,2023-07-26T16:00:00Z,4.654e-05,8
BTCUSDT,2023-07-27T00:00:00Z,3.136e-05,8
ETHUSDT,2023-07-27T00:00:00Z,0.0001,8
SOLUSDT,2023-07-27T00:00:00Z,0.0001,8
BTCUSDT,2023-07-27T08:00:00Z,3.83e-05,8
ETHUSDT,2023-07-27T08:00:00Z,8.145e-05,8
SOLUSDT,2023-07-27T08:00:00Z,2.473e-05,8
BTCUSDT,2023-07-27T16:00:00Z,2.876e-05,8
ETHUSDT,2023-07-27T16:00:00Z,3.967e-05,8
SOLUSDT,2023-07-27T16:00:00Z,1.048e-05,8
BTCUSDT,2023-07-28T00:00:00Z,4.373e-05,8
ETHUSDT,2023-07-28T00:00:00Z,4.95e-05,8
SOLUSDT,2023-07-28T00:00:00Z,0.0001,8
BTCUSDT,2023-07-28T08:00:00Z,6.675e-05,8
ETHUSDT,2023-07-28T08:00:00Z,5.36e-05,8
SOLUSDT,2023-07-28T08:00:00Z,0.0001,8
BTCUSDT,2023-07-28T16:00:00Z,0.0001,8
ETHUSDT,2023-07-28T16:00:00Z,9.408e-05,8
SOLUSDT,2023-07-28T16:00:00Z,0.0001,8
BTCUSDT,2023-07-29T00:00:00Z,0.0001,8
ETHUSDT,2023-07-29T00:00:00Z,0.0001,8
SOLUSDT,2023-07-29T00:00:00Z,0.0001,8
BTCUSDT,2023-07-29T08:00:00Z,4.567e-05,8
ETHUSDT,2023-07-29T08:00:00Z,1.485e-05,8
SOLUSDT,2023-07-29T08:00:00Z,0.0001,8
BTCUSDT,2023-07-29T16:00:00Z,7.53e-05,8
ETHUSDT,2023-07-29T16:00:00Z,0.0001,8
SOLUSDT,2023-07-29T16:00:00Z,8.555e-05,8
BTCUSDT,2023-07-30T00:00:00Z,8.151e-05,8
ETHUSDT,2023-07-30T00:00:00Z,0.0001,8
SOLUSDT,2023-07-30T00:00:00Z,0.0001,8
BTCUSDT,2023-07-30T08:00:00Z,5.56e-05,8
ETHUSDT,2023-07-30T08:00:00Z,1.949e-05,8
SOLUSDT,2023-07-30T08:00:00Z,9.213e-05,8
BTCUSDT,2023-07-30T16:00:00Z,4.357e-05,8
ETHUSDT,2023-07-30T16:00:00Z,3.686e-05,8
SOLUSDT,2023-07-30T16:00:00Z,0.0001,8
BTCUSDT,2023-07-31T00:00:00Z,2.369e-05,8
ETHUSDT,2023-07-31T00:00:00Z,4.9e-07,8
SOLUSDT,2023-07-31T00:00:00Z,9.232e-05,8
BTCUSDT,2023-07-31T08:00:00Z,7.362e-05,8
ETHUSDT,2023-07-31T08:00:00Z,1.7e-06,8
SOLUSDT,2023-07-31T08:00:00Z,-2.568e-05,8
BTCUSDT,2023-07-31T16:00:00Z,8.239e-05,8
ETHUSDT,2023-07-31T16:00:00Z,4.221e-05,8
SOLUSDT,2023-07-31T16:00:00Z,4.713e-05,8
BTCUSDT,2023-08-01T00:00:00Z,6.3e-05,8
ETHUSDT,2023-08-01T00:00:00Z,8.008e-05,8
SOLUSDT,2023-08-01T00:00:00Z,0.0001,8
BTCUSDT,2023-08-01T08:00:00Z,6.768e-05,8
ETHUSDT,2023-08-01T08:00:00Z,3.03e-05,8
SOLUSDT,2023-08-01T08:00:00Z,7.943e-05,8
BTCUSDT,2023-08-01T16:00:00Z,0.0001,8
ETHUSDT,2023-08-01T16:00:00Z,0.0001,8
SOLUSDT,2023-08-01T16:00:00Z,6.97e-05,8
BTCUSDT,2023-08-02T00:00:00Z,0.0001,8
ETHUSDT,2023-08-02T00:00:00Z,0.0001,8
SOLUSDT,2023-08-02T00:00:00Z,1.932e-05,8
BTCUSDT,2023-08-02T08:00:00Z,0.0001,8
ETHUSDT,2023-08-02T08:00:00Z,0.0001,8
SOLUSDT,2023-08-02T08:00:00Z,1.057e-05,8
BTCUSDT,2023-08-02T16:00:00Z,0.0001,8
ETHUSDT,2023-08-02T16:00:00Z,0.0001,8
SOLUSDT,2023-08-02T16:00:00Z,3.245e-05,8
BTCUSDT,2023-08-03T00:00:00Z,0.0001,8
ETHUSDT,2023-08-03T00:00:00Z,0.0001,8
SOLUSDT,2023-08-03T00:00:00Z,-2.37e-05,8
BTCUSDT,2023-08-03T08:00:00Z,0.0001,8
ETHUSDT,2023-08-03T08:00:00Z,0.0001,8
SOLUSDT,2023-08-03T08:00:00Z,0.0001,8
BTCUSDT,2023-08-03T16:00:00Z,0.0001,8
ETHUSDT,2023-08-03T16:00:00Z,0.0001,8
SOLUSDT,2023-08-03T16:00:00Z,-3.185e-05,8
BTCUSDT,2023-08-04T00:00:00Z,8.116e-05,8
ETHUSDT,2023-08-04T00:00:00Z,0.0001,8
SOLUSDT,2023-08-04T00:00:00Z,1.777e-05,8
BTCUSDT,2023-08-04T08:00:00Z,0.0001,8
ETHUSDT,2023-08-04T08:00:00Z,4.83e-05,8
SOLUSDT,2023-08-04T08:00:00Z,9.93e-06,8
BTCUSDT,2023-08-04T16:00:00Z,0.0001,8
ETHUSDT,2023-08-04T16:00:00Z,0.0001,8
SOLUSDT,2023-08-04T16:00:00Z,5.856e-05,8
BTCUSDT,2023-08-05T00:00:00Z,4.181e-05,8
ETHUSDT,2023-08-05T00:00:00Z,6.861e-05,8
SOLUSDT,2023-08-05T00:00:00Z,0.0001,8
BTCUSDT,2023-08-05T08:00:00Z,0.0001,8
ETHUSDT,2023-08-05T08:00:00Z,9.22e-05,8
SOLUSDT,2023-08-05T08:00:00Z,2.082e-05,8
BTCUSDT,2023-08-05T16:00:00Z,0.0001,8
ETHUSDT,2023-08-05T16:00:00Z,0.0001,8
SOLUSDT,2023-08-05T16:00:00Z,4.43e-05,8
BTCUSDT,2023-08-06T00:00:00Z,0.0001,8
ETHUSDT,2023-08-06T00:00:00Z,0.0001,8
SOLUSDT,2023-08-06T00:00:00Z,-3.498e-05,8
BTCUSDT,2023-08-06T08:00:00Z,0.0001,8
ETHUSDT,2023-08-06T08:00:00Z,6.951e-05,8
SOLUSDT,2023-08-06T08:00:00Z,0.0001,8
BTCUSDT,2023-08-06T16:00:00Z,0.0001,8
ETHUSDT,2023-08-06T16:00:00Z,4.934e-05,8
SOLUSDT,2023-08-06T16:00:00Z,0.0001,8
BTCUSDT,2023-08-07T00:00:00Z,0.0001,8
ETHUSDT,2023-08-07T00:00:00Z,0.0001,8
SOLUSDT,2023-08-07T00:00:00Z,0.0001,8
BTCUSDT,2023-08-07T08:00:00Z,7.669e-05,8
ETHUSDT,2023-08-07T08:00:00Z,9.331e-05,8
SOLUSDT,2023-08-07T08:00:00Z,7.203e-05,8
BTCUSDT,2023-08-07T16:00:00Z,0.0001,8
ETHUSDT,2023-08-07T16:00:00Z,0.0001,8
SOLUSDT,2023-08-07T16:00:00Z,0.0001,8
BTCUSDT,2023-08-08T00:00:00Z,0.0001,8
ETHUSDT,2023-08-08T00:00:00Z,6.695e-05,8
SOLUSDT,2023-08-08T00:00:00Z,7.405e-05,8
BTCUSDT,2023-08-08T08:00:00Z,9.136e-05,8
ETHUSDT,2023-08-08T08:00:00Z,0.0001,8
SOLUSDT,2023-08-08T08:00:00Z,0.0001,8
BTCUSDT,2023-08-08T16:00:00Z,5.944e-05,8
ETHUSDT,2023-08-08T16:00:00Z,4.942e-05,8
SOLUSDT,2023-08-08T16:00:00Z,9.805e-05,8
BTCUSDT,2023-08-09T00:00:00Z,8.11e-05,8
ETHUSDT,2023-08-09T00:00:00Z,0.0001,8
SOLUSDT,2023-08-09T00:00:00Z,9.326e-05,8
BTCUSDT,2023-08-09T08:00:00Z,9.527e-05,8
ETHUSDT,2023-08-09T08:00:00Z,1.575e-05,8
SOLUSDT,2023-08-09T08:00:00Z,7.15e-06,8
BTCUSDT,2023-08-09T16:00:00Z,8.877e-05,8
ETHUSDT,2023-08-09T16:00:00Z,6.699e-05,8
SOLUSDT,2023-08-09T16:00:00Z,6.361e-05,8
BTCUSDT,2023-08-10T00:00:00Z,0.0001,8
ETHUSDT,2023-08-10T00:00:00Z,8.799e-05,8
SOLUSDT,2023-08-10T00:00:00Z,0.0001,8
BTCUSDT,2023-08-10T08:00:00Z,0.0001,8
ETHUSDT,2023-08-10T08:00:00Z,9.807e-05,8
SOLUSDT,2023-08-10T08:00:00Z,0.0001,8
BTCUSDT,2023-08-10T16:00:00Z,8.277e-05,8
ETHUSDT,2023-08-10T16:00:00Z,8.989e-05,8
SOLUSDT,2023-08-10T16:00:00Z,0.0001,8
BTCUSDT,2023-08-11T00:00:00Z,0.0001,8
ETHUSDT,2023-08-11T00:00:00Z,3.796e-05,8
SOLUSDT,2023-08-11T00:00:00Z,5.018e-05,8
BTCUSDT,2023-08-11T08:00:00Z,0.0001,8
ETHUSDT,2023-08-11T08:00:00Z,7.02e-06,8
SOLUSDT,2023-08-11T08:00:00Z,0.0001,8
BTCUSDT,2023-08-11T16:00:00Z,7.123e-05,8
ETHUSDT,2023-08-11T16:00:00Z,4.072e-05,8
SOLUSDT,2023-08-11T16:00:00Z,0.0001,8
BTCUSDT,2023-08-12T00:00:00Z,0.0001,8
ETHUSDT,2023-08-12T00:00:00Z,6.253e-05,8
SOLUSDT,2023-08-12T00:00:00Z,0.0001,8
BTCUSDT,2023-08-12T08:00:00Z,0.0001,8
ETHUSDT,2023-08-12T08:00:00Z,4.437e-05,8
SOLUSDT,2023-08-12T08:00:00Z,0.0001,8
BTCUSDT,2023-08-12T16:00:00Z,9.305e-05,8
ETHUSDT,2023-08-12T16:00:00Z,6.868e-05,8
SOLUSDT,2023-08-12T16:00:00Z,0.0001,8
BTCUSDT,2023-08-13T00:00:00Z,0.0001,8
ETHUSDT,2023-08-13T00:00:00Z,5.65e-05,8
SOLUSDT,2023-08-13T00:00:00Z,7.464e-05,8
BTCUSDT,2023-08-13T08:00:00Z,4.637e-05,8
ETHUSDT,2023-08-13T08:00:00Z,3.083e-05,8
SOLUSDT,2023-08-13T08:00:00Z,5.155e-05,8
BTCUSDT,2023-08-13T16:00:00Z,0.0001,8
ETHUSDT,2023-08-13T16:00:00Z,9.458e-05,8
SOLUSDT,2023-08-13T16:00:00Z,0.0001,8
BTCUSDT,2023-08-14T00:00:00Z,0.0001,8
ETHUSDT,2023-08-14T00:00:00Z,0.0001,8
SOLUSDT,2023-08-14T00:00:00Z,0.0001,8
BTCUSDT,2023-08-14T08:00:00Z,0.0001,8
ETHUSDT,2023-08-14T08:00:00Z,0.0001,8
SOLUSDT,2023-08-14T08:00:00Z,7.157e-05,8
BTCUSDT,2023-08-14T16:00:00Z,0.0001,8
ETHUSDT,2023-08-14T16:00:00Z,9.882e-05,8
SOLUSDT,2023-08-14T16:00:00Z,3.069e-05,8
BTCUSDT,2023-08-15T00:00:00Z,0.0001,8
ETHUSDT,2023-08-15T00:00:00Z,7.579e-05,8
SOLUSDT,2023-08-15T00:00:00Z,7.225e-05,8
BTCUSDT,2023-08-15T08:00:00Z,0.0001,8
ETHUSDT,2023-08-15T08:00:00Z,9.894e-05,8
SOLUSDT,2023-08-15T08:00:00Z,0.0001,8
BTCUSDT,2023-08-15T16:00:00Z,0.0001,8
ETHUSDT,2023-08-15T16:00:00Z,8.909e-05,8
SOLUSDT,2023-08-15T16:00:00Z,0.0001,8
BTCUSDT,2023-08-16T00:00:00Z,0.0001,8
ETHUSDT,2023-08-16T00:00:00Z,7.286e-05,8
SOLUSDT,2023-08-16T00:00:00Z,0.0001,8
BTCUSDT,2023-08-16T08:00:00Z,0.0001,8
ETHUSDT,2023-08-16T08:00:00Z,9.487e-05,8
SOLUSDT,2023-08-16T08:00:00Z,0.0001,8
BTCUSDT,2023-08-16T16:00:00Z,0.0001,8
ETHUSDT,2023-08-16T16:00:00Z,0.0001,8
SOLUSDT,2023-08-16T16:00:00Z,5.907e-05,8
BTCUSDT,2023-08-17T00:00:00Z,0.0001,8
ETHUSDT,2023-08-17T00:00:00Z,0.0001,8
SOLUSDT,2023-08-17T00:00:00Z,6.9e-07,8
BTCUSDT,2023-08-17T08:00:00Z,0.0001,8
ETHUSDT,2023-08-17T08:00:00Z,7.426e-05,8
SOLUSDT,2023-08-17T08:00:00Z,0.0001,8
BTCUSDT,2023-08-17T16:00:00Z,0.0001,8
ETHUSDT,2023-08-17T16:00:00Z,7.146e-05,8
SOLUSDT,2023-08-17T16:00:00Z,3.019e-05,8
BTCUSDT,2023-08-18T00:00:00Z,0.0001,8
ETHUSDT,2023-08-18T00:00:00Z,-0.00017498,8
SOLUSDT,2023-08-18T00:00:00Z,-0.00029147,8
BTCUSDT,2023-08-18T08:00:00Z,-4.6e-07,8
ETHUSDT,2023-08-18T08:00:00Z,8.602e-05,8
SOLUSDT,2023-08-18T08:00:00Z,-2.584e-05,8
BTCUSDT,2023-08-18T16:00:00Z,5.166e-05,8
ETHUSDT,2023-08-18T16:00:00Z,2.951e-05,8
SOLUSDT,2023-08-18T16:00:00Z,8.169e-05,8
BTCUSDT,2023-08-19T00:00:00Z,-2.74e-06,8
ETHUSDT,2023-08-19T00:00:00Z,-4.58e-05,8
SOLUSDT,2023-08-19T00:00:00Z,-7.003e-05,8
BTCUSDT,2023-08-19T08:00:00Z,-3.22e-06,8
ETHUSDT,2023-08-19T08:00:00Z,-7.861e-05,8
SOLUSDT,2023-08-19T08:00:00Z,-5.498e-05,8
BTCUSDT,2023-08-19T16:00:00Z,-5.286e-05,8
ETHUSDT,2023-08-19T16:00:00Z,-8.349e-05,8
SOLUSDT,2023-08-19T16:00:00Z,-6.27e-05,8
BTCUSDT,2023-08-20T00:00:00Z,-3.069e-05,8
ETHUSDT,2023-08-20T00:00:00Z,-0.00011445,8
SOLUSDT,2023-08-20T00:00:00Z,-6.623e-05,8
BTCUSDT,2023-08-20T08:00:00Z,-4.364e-05,8
ETHUSDT,2023-08-20T08:00:00Z,-9.092e-05,8
SOLUSDT,2023-08-20T08:00:00Z,-7.076e-05,8
BTCUSDT,2023-08-20T16:00:00Z,-1.93e-06,8
ETHUSDT,2023-08-20T16:00:00Z,-1.625e-05,8
SOLUSDT,2023-08-20T16:00:00Z,-3.023e-05,8
BTCUSDT,2023-08-21T00:00:00Z,-2.797e-05,8
ETHUSDT,2023-08-21T00:00:00Z,-4.01e-05,8
SOLUSDT,2023-08-21T00:00:00Z,-3.625e-05,8
BTCUSDT,2023-08-21T08:00:00Z,8.16e-06,8
ETHUSDT,2023-08-21T08:00:00Z,-4.365e-05,8
SOLUSDT,2023-08-21T08:00:00Z,-7.183e-05,8
BTCUSDT,2023-08-21T16:00:00Z,-1.619e-05,8
ETHUSDT,2023-08-21T16:00:00Z,5.92e-06,8
SOLUSDT,2023-08-21T16:00:00Z,-7.18e-06,8
BTCUSDT,2023-08-22T00:00:00Z,-3.08e-06,8
ETHUSDT,2023-08-22T00:00:00Z,3.645e-05,8
SOLUSDT,2023-08-22T00:00:00Z,1.569e-05,8
BTCUSDT,2023-08-22T08:00:00Z,-1.928e-05,8
ETHUSDT,2023-08-22T08:00:00Z,-6.552e-05,8
SOLUSDT,2023-08-22T08:00:00Z,5.112e-05,8
BTCUSDT,2023-08-22T16:00:00Z,3.048e-05,8
ETHUSDT,2023-08-22T16:00:00Z,-3.757e-05,8
SOLUSDT,2023-08-22T16:00:00Z,2.087e-05,8
BTCUSDT,2023-08-23T00:00:00Z,7.39e-06,8
ETHUSDT,2023-08-23T00:00:00Z,-2.059e-05,8
SOLUSDT,2023-08-23T00:00:00Z,-0.00012671,8
BTCUSDT,2023-08-23T08:00:00Z,-1.02e-05,8
ETHUSDT,2023-08-23T08:00:00Z,-1.6e-06,8
SOLUSDT,2023-08-23T08:00:00Z,-3.319e-05,8
BTCUSDT,2023-08-23T16:00:00Z,3.247e-05,8
ETHUSDT,2023-08-23T16:00:00Z,3.34e-06,8
SOLUSDT,2023-08-23T16:00:00Z,3.526e-05,8
BTCUSDT,2023-08-24T00:00:00Z,-2.822e-05,8
ETHUSDT,2023-08-24T00:00:00Z,2.659e-05,8
SOLUSDT,2023-08-24T00:00:00Z,-7.433e-05,8
BTCUSDT,2023-08-24T08:00:00Z,2.506e-05,8
ETHUSDT,2023-08-24T08:00:00Z,-9.57e-06,8
SOLUSDT,2023-08-24T08:00:00Z,-9.124e-05,8
BTCUSDT,2023-08-24T16:00:00Z,4.9e-05,8
ETHUSDT,2023-08-24T16:00:00Z,-1.897e-05,8
SOLUSDT,2023-08-24T16:00:00Z,-9.96e-06,8
BTCUSDT,2023-08-25T00:00:00Z,-6.59e-06,8
ETHUSDT,2023-08-25T00:00:00Z,-2.692e-05,8
SOLUSDT,2023-08-25T00:00:00Z,-8.674e-05,8
BTCUSDT,2023-08-25T08:00:00Z,2.802e-05,8
ETHUSDT,2023-08-25T08:00:00Z,-1.529e-05,8
SOLUSDT,2023-08-25T08:00:00Z,-5.421e-05,8
BTCUSDT,2023-08-25T16:00:00Z,5.218e-05,8
ETHUSDT,2023-08-25T16:00:00Z,4.98e-06,8
SOLUSDT,2023-08-25T16:00:00Z,-0.00018382,8
BTCUSDT,2023-08-26T00:00:00Z,3.82e-05,8
ETHUSDT,2023-08-26T00:00:00Z,3.56e-05,8
SOLUSDT,2023-08-26T00:00:00Z,-0.00014373,8
BTCUSDT,2023-08-26T08:00:00Z,5.334e-05,8
ETHUSDT,2023-08-26T08:00:00Z,-5.5e-07,8
SOLUSDT,2023-08-26T08:00:00Z,-0.00024234,8
BTCUSDT,2023-08-26T16:00:00Z,2.096e-05,8
ETHUSDT,2023-08-26T16:00:00Z,-6.303e-05,8
SOLUSDT,2023-08-26T16:00:00Z,-0.00018306,8
BTCUSDT,2023-08-27T00:00:00Z,9.9e-07,8
ETHUSDT,2023-08-27T00:00:00Z,3.99e-06,8
SOLUSDT,2023-08-27T00:00:00Z,-0.00017578,8
BTCUSDT,2023-08-27T08:00:00Z,3.976e-05,8
ETHUSDT,2023-08-27T08:00:00Z,1.535e-05,8
SOLUSDT,2023-08-27T08:00:00Z,-0.00011914,8
BTCUSDT,2023-08-27T16:00:00Z,1.232e-05,8
ETHUSDT,2023-08-27T16:00:00Z,2.696e-05,8
SOLUSDT,2023-08-27T16:00:00Z,-0.00016818,8
BTCUSDT,2023-08-28T00:00:00Z,-3.95e-06,8
ETHUSDT,2023-08-28T00:00:00Z,-1.76e-06,8
SOLUSDT,2023-08-28T00:00:00Z,-3.451e-05,8
BTCUSDT,2023-08-28T08:00:00Z,4.424e-05,8
ETHUSDT,2023-08-28T08:00:00Z,-4.85e-05,8
SOLUSDT,2023-08-28T08:00:00Z,-2.329e-05,8
BTCUSDT,2023-08-28T16:00:00Z,4.524e-05,8
ETHUSDT,2023-08-28T16:00:00Z,5.739e-05,8
SOLUSDT,2023-08-28T16:00:00Z,2.945e-05,8
BTCUSDT,2023-08-29T00:00:00Z,8.24e-06,8
ETHUSDT,2023-08-29T00:00:00Z,3.145e-05,8
SOLUSDT,2023-08-29T00:00:00Z,8.373e-05,8
BTCUSDT,2023-08-29T08:00:00Z,3.769e-05,8
ETHUSDT,2023-08-29T08:00:00Z,1.139e-05,8
SOLUSDT,2023-08-29T08:00:00Z,5.29e-06,8
BTCUSDT,2023-08-29T16:00:00Z,-0.00010934,8
ETHUSDT,2023-08-29T16:00:00Z,-0.0001273,8
SOLUSDT,2023-08-29T16:00:00Z,-0.00040362,8
BTCUSDT,2023-08-30T00:00:00Z,4.868e-05,8
ETHUSDT,2023-08-30T00:00:00Z,7.488e-05,8
SOLUSDT,2023-08-30T00:00:00Z,0.0001,8
BTCUSDT,2023-08-30T08:00:00Z,5.731e-05,8
ETHUSDT,2023-08-30T08:00:00Z,7.249e-05,8
SOLUSDT,2023-08-30T08:00:00Z,2.088e-05,8
BTCUSDT,2023-08-30T16:00:00Z,3.944e-05,8
ETHUSDT,2023-08-30T16:00:00Z,4.644e-05,8
SOLUSDT,2023-08-30T16:00:00Z,8.869e-05,8
BTCUSDT,2023-08-31T00:00:00Z,2.909e-05,8
ETHUSDT,2023-08-31T00:00:00Z,3.628e-05,8
SOLUSDT,2023-08-31T00:00:00Z,-5.589e-05,8
BTCUSDT,2023-08-31T08:00:00Z,6.859e-05,8
ETHUSDT,2023-08-31T08:00:00Z,5.955e-05,8
SOLUSDT,2023-08-31T08:00:00Z,-7.295e-05,8
BTCUSDT,2023-08-31T16:00:00Z,8.105e-05,8
ETHUSDT,2023-08-31T16:00:00Z,2.375e-05,8
SOLUSDT,2023-08-31T16:00:00Z,-9.89e-05,8
BTCUSDT,2023-09-01T00:00:00Z,2.583e-05,8
ETHUSDT,2023-09-01T00:00:00Z,3.532e-05,8
SOLUSDT,2023-09-01T00:00:00Z,-0.00013928,8
BTCUSDT,2023-09-01T08:00:00Z,5.968e-05,8
ETHUSDT,2023-09-01T08:00:00Z,-1.812e-05,8
SOLUSDT,2023-09-01T08:00:00Z,-9.007e-05,8
BTCUSDT,2023-09-01T16:00:00Z,6.254e-05,8
ETHUSDT,2023-09-01T16:00:00Z,2.457e-05,8
SOLUSDT,2023-09-01T16:00:00Z,5.2e-05,8
BTCUSDT,2023-09-02T00:00:00Z,4.998e-05,8
ETHUSDT,2023-09-02T00:00:00Z,8.05e-06,8
SOLUSDT,2023-09-02T00:00:00Z,6.71e-06,8
BTCUSDT,2023-09-02T08:00:00Z,1.937e-05,8
ETHUSDT,2023-09-02T08:00:00Z,-1.621e-05,8
SOLUSDT,2023-09-02T08:00:00Z,-8.469e-05,8
BTCUSDT,2023-09-02T16:00:00Z,-2.018e-05,8
ETHUSDT,2023-09-02T16:00:00Z,6.05e-06,8
SOLUSDT,2023-09-02T16:00:00Z,-5.343e-05,8
BTCUSDT,2023-09-03T00:00:00Z,4.839e-05,8
ETHUSDT,2023-09-03T00:00:00Z,1.39e-05,8
SOLUSDT,2023-09-03T00:00:00Z,-6.5e-07,8
BTCUSDT,2023-09-03T08:00:00Z,2.35e-06,8
ETHUSDT,2023-09-03T08:00:00Z,-2.475e-05,8
SOLUSDT,2023-09-03T08:00:00Z,-3.935e-05,8
BTCUSDT,2023-09-03T16:00:00Z,2.89e-05,8
ETHUSDT,2023-09-03T16:00:00Z,-6.21e-06,8
SOLUSDT,2023-09-03T16:00:00Z,-3.56e-05,8
BTCUSDT,2023-09-04T00:00:00Z,2.69e-05,8
ETHUSDT,2023-09-04T00:00:00Z,-7.5e-07,8
SOLUSDT,2023-09-04T00:00:00Z,-5.078e-05,8
BTCUSDT,2023-09-04T08:00:00Z,1.469e-05,8
ETHUSDT,2023-09-04T08:00:00Z,-7.752e-05,8
SOLUSDT,2023-09-04T08:00:00Z,-7.224e-05,8
BTCUSDT,2023-09-04T16:00:00Z,-1.059e-05,8
ETHUSDT,2023-09-04T16:00:00Z,9.8e-06,8
SOLUSDT,2023-09-04T16:00:00Z,8.919e-05,8
BTCUSDT,2023-09-05T00:00:00Z,5.3e-07,8
ETHUSDT,2023-09-05T00:00:00Z,3.126e-05,8
SOLUSDT,2023-09-05T00:00:00Z,1.756e-05,8
BTCUSDT,2023-09-05T08:00:00Z,1.975e-05,8
ETHUSDT,2023-09-05T08:00:00Z,2.9e-06,8
SOLUSDT,2023-09-05T08:00:00Z,-6.252e-05,8
BTCUSDT,2023-09-05T16:00:00Z,3.366e-05,8
ETHUSDT,2023-09-05T16:00:00Z,9.77e-06,8
SOLUSDT,2023-09-05T16:00:00Z,-0.00010758,8
BTCUSDT,2023-09-06T00:00:00Z,1.737e-05,8
ETHUSDT,2023-09-06T00:00:00Z,2.88e-05,8
SOLUSDT,2023-09-06T00:00:00Z,-1.341e-05,8
BTCUSDT,2023-09-06T08:00:00Z,-2.763e-05,8
ETHUSDT,2023-09-06T08:00:00Z,-3.144e-05,8
SOLUSDT,2023-09-06T08:00:00Z,8.04e-06,8
BTCUSDT,2023-09-06T16:00:00Z,2.135e-05,8
ETHUSDT,2023-09-06T16:00:00Z,5.701e-05,8
SOLUSDT,2023-09-06T16:00:00Z,2.839e-05,8
BTCUSDT,2023-09-07T00:00:00Z,3.83e-05,8
ETHUSDT,2023-09-07T00:00:00Z,4.502e-05,8
SOLUSDT,2023-09-07T00:00:00Z,-2.787e-05,8
BTCUSDT,2023-09-07T08:00:00Z,3.883e-05,8
ETHUSDT,2023-09-07T08:00:00Z,7.831e-05,8
SOLUSDT,2023-09-07T08:00:00Z,2.88e-06,8
BTCUSDT,2023-09-07T16:00:00Z,6.924e-05,8
ETHUSDT,2023-09-07T16:00:00Z,4.354e-05,8
SOLUSDT,2023-09-07T16:00:00Z,3.3e-07,8
BTCUSDT,2023-09-08T00:00:00Z,-1.525e-05,8
ETHUSDT,2023-09-08T00:00:00Z,5.596e-05,8
SOLUSDT,2023-09-08T00:00:00Z,-8.527e-05,8
BTCUSDT,2023-09-08T08:00:00Z,5.12e-06,8
ETHUSDT,2023-09-08T08:00:00Z,2.685e-05,8
SOLUSDT,2023-09-08T08:00:00Z,-0.00013966,8
BTCUSDT,2023-09-08T16:00:00Z,-1.691e-05,8
ETHUSDT,2023-09-08T16:00:00Z,2.497e-05,8
SOLUSDT,2023-09-08T16:00:00Z,-0.00021132,8
BTCUSDT,2023-09-09T00:00:00Z,-5.057e-05,8
ETHUSDT,2023-09-09T00:00:00Z,5.008e-05,8
SOLUSDT,2023-09-09T00:00:00Z,-0.0001045,8
BTCUSDT,2023-09-09T08:00:00Z,-3.77e-06,8
ETHUSDT,2023-09-09T08:00:00Z,2.832e-05,8
SOLUSDT,2023-09-09T08:00:00Z,-0.00021188,8
BTCUSDT,2023-09-09T16:00:00Z,1.423e-05,8
ETHUSDT,2023-09-09T16:00:00Z,4.629e-05,8
SOLUSDT,2023-09-09T16:00:00Z,-0.00016996,8
BTCUSDT,2023-09-10T00:00:00Z,-7.3e-07,8
ETHUSDT,2023-09-10T00:00:00Z,3.947e-05,8
SOLUSDT,2023-09-10T00:00:00Z,-0.0002388,8
BTCUSDT,2023-09-10T08:00:00Z,3.294e-05,8
ETHUSDT,2023-09-10T08:00:00Z,1.527e-05,8
SOLUSDT,2023-09-10T08:00:00Z,-0.00038599,8
BTCUSDT,2023-09-10T16:00:00Z,2.609e-05,8
ETHUSDT,2023-09-10T16:00:00Z,7.75e-06,8
SOLUSDT,2023-09-10T16:00:00Z,-0.00047908,8
BTCUSDT,2023-09-11T00:00:00Z,-3e-06,8
ETHUSDT,2023-09-11T00:00:00Z,4.838e-05,8
SOLUSDT,2023-09-11T00:00:00Z,-0.00036941,8
BTCUSDT,2023-09-11T08:00:00Z,1.823e-05,8
ETHUSDT,2023-09-11T08:00:00Z,5.747e-05,8
SOLUSDT,2023-09-11T08:00:00Z,-0.00022734,8
BTCUSDT,2023-09-11T16:00:00Z,1.838e-05,8
ETHUSDT,2023-09-11T16:00:00Z,-6.25e-06,8
SOLUSDT,2023-09-11T16:00:00Z,-6.124e-05,8
BTCUSDT,2023-09-12T00:00:00Z,2.73e-05,8
ETHUSDT,2023-09-12T00:00:00Z,-4.991e-05,8
SOLUSDT,2023-09-12T00:00:00Z,-3.978e-05,8
BTCUSDT,2023-09-12T08:00:00Z,5.425e-05,8
ETHUSDT,2023-09-12T08:00:00Z,-2.671e-05,8
SOLUSDT,2023-09-12T08:00:00Z,-5.673e-05,8
BTCUSDT,2023-09-12T16:00:00Z,-3.502e-05,8
ETHUSDT,2023-09-12T16:00:00Z,-1.44e-06,8
SOLUSDT,2023-09-12T16:00:00Z,-7.381e-05,8
BTCUSDT,2023-09-13T00:00:00Z,2.342e-05,8
ETHUSDT,2023-09-13T00:00:00Z,2.004e-05,8
SOLUSDT,2023-09-13T00:00:00Z,-0.00016024,8
BTCUSDT,2023-09-13T08:00:00Z,1.26e-05,8
ETHUSDT,2023-09-13T08:00:00Z,-3.26e-05,8
SOLUSDT,2023-09-13T08:00:00Z,-0.00017635,8
BTCUSDT,2023-09-13T16:00:00Z,3.099e-05,8
ETHUSDT,2023-09-13T16:00:00Z,3.87e-05,8
SOLUSDT,2023-09-13T16:00:00Z,-4.981e-05,8
BTCUSDT,2023-09-14T00:00:00Z,4.61e-06,8
ETHUSDT,2023-09-14T00:00:00Z,-3.64e-05,8
SOLUSDT,2023-09-14T00:00:00Z,-0.00016123,8
BTCUSDT,2023-09-14T08:00:00Z,3.428e-05,8
ETHUSDT,2023-09-14T08:00:00Z,3.172e-05,8
SOLUSDT,2023-09-14T08:00:00Z,-0.0001497,8
BTCUSDT,2023-09-14T16:00:00Z,-4.748e-05,8
ETHUSDT,2023-09-14T16:00:00Z,-5.6e-06,8
SOLUSDT,2023-09-14T16:00:00Z,-0.00024678,8
BTCUSDT,2023-09-15T00:00:00Z,-2.641e-05,8
ETHUSDT,2023-09-15T00:00:00Z,7.26e-06,8
SOLUSDT,2023-09-15T00:00:00Z,-0.0002153,8
BTCUSDT,2023-09-15T08:00:00Z,-7.61e-06,8
ETHUSDT,2023-09-15T08:00:00Z,-2.473e-05,8
SOLUSDT,2023-09-15T08:00:00Z,-0.00012046,8
BTCUSDT,2023-09-15T16:00:00Z,7.561e-05,8
ETHUSDT,2023-09-15T16:00:00Z,3.877e-05,8
SOLUSDT,2023-09-15T16:00:00Z,-5.91e-06,8
BTCUSDT,2023-09-16T00:00:00Z,-1.381e-05,8
ETHUSDT,2023-09-16T00:00:00Z,0.0001,8
SOLUSDT,2023-09-16T00:00:00Z,1.257e-05,8
BTCUSDT,2023-09-16T08:00:00Z,-4.32e-05,8
ETHUSDT,2023-09-16T08:00:00Z,9.3e-06,8
SOLUSDT,2023-09-16T08:00:00Z,-5.38e-05,8
BTCUSDT,2023-09-16T16:00:00Z,-3.161e-05,8
ETHUSDT,2023-09-16T16:00:00Z,2.24e-06,8
SOLUSDT,2023-09-16T16:00:00Z,-0.00014091,8
BTCUSDT,2023-09-17T00:00:00Z,8.97e-06,8
ETHUSDT,2023-09-17T00:00:00Z,2.272e-05,8
SOLUSDT,2023-09-17T00:00:00Z,-0.00021514,8
BTCUSDT,2023-09-17T08:00:00Z,1.142e-05,8
ETHUSDT,2023-09-17T08:00:00Z,-9.41e-06,8
SOLUSDT,2023-09-17T08:00:00Z,-7.124e-05,8
BTCUSDT,2023-09-17T16:00:00Z,6.49e-06,8
ETHUSDT,2023-09-17T16:00:00Z,4.182e-05,8
SOLUSDT,2023-09-17T16:00:00Z,-5.427e-05,8
BTCUSDT,2023-09-18T00:00:00Z,-5.08e-06,8
ETHUSDT,2023-09-18T00:00:00Z,6.22e-06,8
SOLUSDT,2023-09-18T00:00:00Z,-0.00030943,8
BTCUSDT,2023-09-18T08:00:00Z,5.79e-06,8
ETHUSDT,2023-09-18T08:00:00Z,1.365e-05,8
SOLUSDT,2023-09-18T08:00:00Z,-7.847e-05,8
BTCUSDT,2023-09-18T16:00:00Z,-6.774e-05,8
ETHUSDT,2023-09-18T16:00:00Z,2.976e-05,8
SOLUSDT,2023-09-18T16:00:00Z,-0.00013976,8
BTCUSDT,2023-09-19T00:00:00Z,2.468e-05,8
ETHUSDT,2023-09-19T00:00:00Z,-1.298e-05,8
SOLUSDT,2023-09-19T00:00:00Z,-5.9e-05,8
BTCUSDT,2023-09-19T08:00:00Z,-1.972e-05,8
ETHUSDT,2023-09-19T08:00:00Z,-1.248e-05,8
SOLUSDT,2023-09-19T08:00:00Z,-0.00010841,8
BTCUSDT,2023-09-19T16:00:00Z,-1.756e-05,8
ETHUSDT,2023-09-19T16:00:00Z,1.153e-05,8
SOLUSDT,2023-09-19T16:00:00Z,0.0001,8
BTCUSDT,2023-09-20T00:00:00Z,-2.614e-05,8
ETHUSDT,2023-09-20T00:00:00Z,4.614e-05,8
SOLUSDT,2023-09-20T00:00:00Z,-0.00014401,8
BTCUSDT,2023-09-20T08:00:00Z,-3.777e-05,8
ETHUSDT,2023-09-20T08:00:00Z,2.387e-05,8
SOLUSDT,2023-09-20T08:00:00Z,-8.143e-05,8
BTCUSDT,2023-09-20T16:00:00Z,-9.91e-06,8
ETHUSDT,2023-09-20T16:00:00Z,2.909e-05,8
SOLUSDT,2023-09-20T16:00:00Z,-9.609e-05,8
BTCUSDT,2023-09-21T00:00:00Z,-2.9e-07,8
ETHUSDT,2023-09-21T00:00:00Z,3.804e-05,8
SOLUSDT,2023-09-21T00:00:00Z,-7.77e-06,8
BTCUSDT,2023-09-21T08:00:00Z,4.303e-05,8
ETHUSDT,2023-09-21T08:00:00Z,7.655e-05,8
SOLUSDT,2023-09-21T08:00:00Z,-6.489e-05,8
BTCUSDT,2023-09-21T16:00:00Z,7.429e-05,8
ETHUSDT,2023-09-21T16:00:00Z,-6.38e-06,8
SOLUSDT,2023-09-21T16:00:00Z,0.0001,8
BTCUSDT,2023-09-22T00:00:00Z,-6.2e-07,8
ETHUSDT,2023-09-22T00:00:00Z,2.241e-05,8
SOLUSDT,2023-09-22T00:00:00Z,1.075e-05,8
BTCUSDT,2023-09-22T08:00:00Z,1.034e-05,8
ETHUSDT,2023-09-22T08:00:00Z,2.865e-05,8
SOLUSDT,2023-09-22T08:00:00Z,1.389e-05,8
BTCUSDT,2023-09-22T16:00:00Z,2.136e-05,8
ETHUSDT,2023-09-22T16:00:00Z,3.523e-05,8
SOLUSDT,2023-09-22T16:00:00Z,4.359e-05,8
BTCUSDT,2023-09-23T00:00:00Z,6.676e-05,8
ETHUSDT,2023-09-23T00:00:00Z,2.817e-05,8
SOLUSDT,2023-09-23T00:00:00Z,5.987e-05,8
BTCUSDT,2023-09-23T08:00:00Z,1.556e-05,8
ETHUSDT,2023-09-23T08:00:00Z,2.963e-05,8
SOLUSDT,2023-09-23T08:00:00Z,0.0001,8
BTCUSDT,2023-09-23T16:00:00Z,2.09e-06,8
ETHUSDT,2023-09-23T16:00:00Z,2.321e-05,8
SOLUSDT,2023-09-23T16:00:00Z,5.94e-05,8
BTCUSDT,2023-09-24T00:00:00Z,-1.392e-05,8
ETHUSDT,2023-09-24T00:00:00Z,2.991e-05,8
SOLUSDT,2023-09-24T00:00:00Z,8.557e-05,8
BTCUSDT,2023-09-24T08:00:00Z,4.721e-05,8
ETHUSDT,2023-09-24T08:00:00Z,-5.58e-06,8
SOLUSDT,2023-09-24T08:00:00Z,8.1e-06,8
BTCUSDT,2023-09-24T16:00:00Z,2.887e-05,8
ETHUSDT,2023-09-24T16:00:00Z,4.671e-05,8
SOLUSDT,2023-09-24T16:00:00Z,6.559e-05,8
BTCUSDT,2023-09-25T00:00:00Z,-1.26e-05,8
ETHUSDT,2023-09-25T00:00:00Z,2.857e-05,8
SOLUSDT,2023-09-25T00:00:00Z,1.511e-05,8
BTCUSDT,2023-09-25T08:00:00Z,8.565e-05,8
ETHUSDT,2023-09-25T08:00:00Z,4.305e-05,8
SOLUSDT,2023-09-25T08:00:00Z,-3.233e-05,8
BTCUSDT,2023-09-25T16:00:00Z,4.792e-05,8
ETHUSDT,2023-09-25T16:00:00Z,5.13e-05,8
SOLUSDT,2023-09-25T16:00:00Z,2.778e-05,8
BTCUSDT,2023-09-26T00:00:00Z,-3.91e-05,8
ETHUSDT,2023-09-26T00:00:00Z,6.471e-05,8
SOLUSDT,2023-09-26T00:00:00Z,1.913e-05,8
BTCUSDT,2023-09-26T08:00:00Z,-1.215e-05,8
ETHUSDT,2023-09-26T08:00:00Z,1.558e-05,8
SOLUSDT,2023-09-26T08:00:00Z,-6.278e-05,8
BTCUSDT,2023-09-26T16:00:00Z,5.626e-05,8
ETHUSDT,2023-09-26T16:00:00Z,5.673e-05,8
SOLUSDT,2023-09-26T16:00:00Z,1.89e-05,8
BTCUSDT,2023-09-27T00:00:00Z,9.944e-05,8
ETHUSDT,2023-09-27T00:00:00Z,0.0001,8
SOLUSDT,2023-09-27T00:00:00Z,7.51e-05,8
BTCUSDT,2023-09-27T08:00:00Z,3.378e-05,8
ETHUSDT,2023-09-27T08:00:00Z,6.67e-06,8
SOLUSDT,2023-09-27T08:00:00Z,3.583e-05,8
BTCUSDT,2023-09-27T16:00:00Z,2.074e-05,8
ETHUSDT,2023-09-27T16:00:00Z,4.982e-05,8
SOLUSDT,2023-09-27T16:00:00Z,2.165e-05,8
BTCUSDT,2023-09-28T00:00:00Z,6.74e-06,8
ETHUSDT,2023-09-28T00:00:00Z,8.17e-06,8
SOLUSDT,2023-09-28T00:00:00Z,-0.00025005,8
BTCUSDT,2023-09-28T08:00:00Z,-1.581e-05,8
ETHUSDT,2023-09-28T08:00:00Z,4.301e-05,8
SOLUSDT,2023-09-28T08:00:00Z,4.959e-05,8
BTCUSDT,2023-09-28T16:00:00Z,-4.732e-05,8
ETHUSDT,2023-09-28T16:00:00Z,2.239e-05,8
SOLUSDT,2023-09-28T16:00:00Z,0.0001,8
BTCUSDT,2023-09-29T00:00:00Z,-3.894e-05,8
ETHUSDT,2023-09-29T00:00:00Z,-3.93e-06,8
SOLUSDT,2023-09-29T00:00:00Z,-8.879e-05,8
BTCUSDT,2023-09-29T08:00:00Z,-2.567e-05,8
ETHUSDT,2023-09-29T08:00:00Z,4.429e-05,8
SOLUSDT,2023-09-29T08:00:00Z,3.522e-05,8
BTCUSDT,2023-09-29T16:00:00Z,4.76e-06,8
ETHUSDT,2023-09-29T16:00:00Z,1.2e-07,8
SOLUSDT,2023-09-29T16:00:00Z,-8.995e-05,8
BTCUSDT,2023-09-30T00:00:00Z,6.43e-06,8
ETHUSDT,2023-09-30T00:00:00Z,9.07e-06,8
SOLUSDT,2023-09-30T00:00:00Z,-9.192e-05,8
BTCUSDT,2023-09-30T08:00:00Z,1.864e-05,8
ETHUSDT,2023-09-30T08:00:00Z,-2.413e-05,8
SOLUSDT,2023-09-30T08:00:00Z,-0.00013968,8
BTCUSDT,2023-09-30T16:00:00Z,1.525e-05,8
ETHUSDT,2023-09-30T16:00:00Z,1.168e-05,8
SOLUSDT,2023-09-30T16:00:00Z,-0.00033235,8
BTCUSDT,2023-10-01T00:00:00Z,2.95e-06,8
ETHUSDT,2023-10-01T00:00:00Z,-1.276e-05,8
SOLUSDT,2023-10-01T00:00:00Z,-0.00015019,8
BTCUSDT,2023-10-01T08:00:00Z,-6.19e-06,8
ETHUSDT,2023-10-01T08:00:00Z,8.22e-06,8
SOLUSDT,2023-10-01T08:00:00Z,-0.00024577,8
BTCUSDT,2023-10-01T16:00:00Z,-2.263e-05,8
ETHUSDT,2023-10-01T16:00:00Z,3.599e-05,8
SOLUSDT,2023-10-01T16:00:00Z,4.55e-05,8
BTCUSDT,2023-10-02T00:00:00Z,5.831e-05,8
ETHUSDT,2023-10-02T00:00:00Z,0.0001,8
SOLUSDT,2023-10-02T00:00:00Z,0.0001,8
BTCUSDT,2023-10-02T08:00:00Z,7.28e-06,8
ETHUSDT,2023-10-02T08:00:00Z,6.308e-05,8
SOLUSDT,2023-10-02T08:00:00Z,-5.358e-05,8
BTCUSDT,2023-10-02T16:00:00Z,-1.477e-05,8
ETHUSDT,2023-10-02T16:00:00Z,6.372e-05,8
SOLUSDT,2023-10-02T16:00:00Z,7.399e-05,8
BTCUSDT,2023-10-03T00:00:00Z,4.172e-05,8
ETHUSDT,2023-10-03T00:00:00Z,3.9e-07,8
SOLUSDT,2023-10-03T00:00:00Z,0.0001,8
BTCUSDT,2023-10-03T08:00:00Z,1.667e-05,8
ETHUSDT,2023-10-03T08:00:00Z,1.728e-05,8
SOLUSDT,2023-10-03T08:00:00Z,-9.329e-05,8
BTCUSDT,2023-10-03T16:00:00Z,2.5e-05,8
ETHUSDT,2023-10-03T16:00:00Z,7.087e-05,8
SOLUSDT,2023-10-03T16:00:00Z,-0.00016715,8
BTCUSDT,2023-10-04T00:00:00Z,6.031e-05,8
ETHUSDT,2023-10-04T00:00:00Z,4.62e-05,8
SOLUSDT,2023-10-04T00:00:00Z,-0.00020449,8
BTCUSDT,2023-10-04T08:00:00Z,6.2e-05,8
ETHUSDT,2023-10-04T08:00:00Z,7.38e-06,8
SOLUSDT,2023-10-04T08:00:00Z,-0.00014362,8
BTCUSDT,2023-10-04T16:00:00Z,-2.857e-05,8
ETHUSDT,2023-10-04T16:00:00Z,2.618e-05,8
SOLUSDT,2023-10-04T16:00:00Z,1.008e-05,8
BTCUSDT,2023-10-05T00:00:00Z,-3.807e-05,8
ETHUSDT,2023-10-05T00:00:00Z,2.065e-05,8
SOLUSDT,2023-10-05T00:00:00Z,-0.00019583,8
BTCUSDT,2023-10-05T08:00:00Z,-4.268e-05,8
ETHUSDT,2023-10-05T08:00:00Z,2.685e-05,8
SOLUSDT,2023-10-05T08:00:00Z,-0.00010441,8
BTCUSDT,2023-10-05T16:00:00Z,-2.302e-05,8
ETHUSDT,2023-10-05T16:00:00Z,2.072e-05,8
SOLUSDT,2023-10-05T16:00:00Z,-0.0002138,8
BTCUSDT,2023-10-06T00:00:00Z,-1.106e-05,8
ETHUSDT,2023-10-06T00:00:00Z,0.0001,8
SOLUSDT,2023-10-06T00:00:00Z,-0.00014401,8
BTCUSDT,2023-10-06T08:00:00Z,1.436e-05,8
ETHUSDT,2023-10-06T08:00:00Z,8.473e-05,8
SOLUSDT,2023-10-06T08:00:00Z,-1.702e-05,8
BTCUSDT,2023-10-06T16:00:00Z,-3.149e-05,8
ETHUSDT,2023-10-06T16:00:00Z,5.905e-05,8
SOLUSDT,2023-10-06T16:00:00Z,6.028e-05,8
BTCUSDT,2023-10-07T00:00:00Z,2.124e-05,8
ETHUSDT,2023-10-07T00:00:00Z,8.468e-05,8
SOLUSDT,2023-10-07T00:00:00Z,1.517e-05,8
BTCUSDT,2023-10-07T08:00:00Z,2.849e-05,8
ETHUSDT,2023-10-07T08:00:00Z,3.736e-05,8
SOLUSDT,2023-10-07T08:00:00Z,-3.624e-05,8
BTCUSDT,2023-10-07T16:00:00Z,2.083e-05,8
ETHUSDT,2023-10-07T16:00:00Z,3.615e-05,8
SOLUSDT,2023-10-07T16:00:00Z,-0.00013829,8
BTCUSDT,2023-10-08T00:00:00Z,3.14e-06,8
ETHUSDT,2023-10-08T00:00:00Z,9.048e-05,8
SOLUSDT,2023-10-08T00:00:00Z,-7.284e-05,8
BTCUSDT,2023-10-08T08:00:00Z,9.74e-06,8
ETHUSDT,2023-10-08T08:00:00Z,9.246e-05,8
SOLUSDT,2023-10-08T08:00:00Z,-4.763e-05,8
BTCUSDT,2023-10-08T16:00:00Z,5.163e-05,8
ETHUSDT,2023-10-08T16:00:00Z,9.791e-05,8
SOLUSDT,2023-10-08T16:00:00Z,-2.324e-05,8
BTCUSDT,2023-10-09T00:00:00Z,3.992e-05,8
ETHUSDT,2023-10-09T00:00:00Z,0.0001,8
SOLUSDT,2023-10-09T00:00:00Z,-2.043e-05,8
BTCUSDT,2023-10-09T08:00:00Z,3.515e-05,8
ETHUSDT,2023-10-09T08:00:00Z,6.572e-05,8
SOLUSDT,2023-10-09T08:00:00Z,-0.00010232,8
BTCUSDT,2023-10-09T16:00:00Z,7.838e-05,8
ETHUSDT,2023-10-09T16:00:00Z,3.935e-05,8
SOLUSDT,2023-10-09T16:00:00Z,-8.685e-05,8
BTCUSDT,2023-10-10T00:00:00Z,6.349e-05,8
ETHUSDT,2023-10-10T00:00:00Z,6.268e-05,8
SOLUSDT,2023-10-10T00:00:00Z,-0.00026515,8
BTCUSDT,2023-10-10T08:00:00Z,1.894e-05,8
ETHUSDT,2023-10-10T08:00:00Z,8.857e-05,8
SOLUSDT,2023-10-10T08:00:00Z,-0.00011672,8
BTCUSDT,2023-10-10T16:00:00Z,4.548e-05,8
ETHUSDT,2023-10-10T16:00:00Z,5.511e-05,8
SOLUSDT,2023-10-10T16:00:00Z,-4.739e-05,8
BTCUSDT,2023-10-11T00:00:00Z,5.918e-05,8
ETHUSDT,2023-10-11T00:00:00Z,2.257e-05,8
SOLUSDT,2023-10-11T00:00:00Z,-8.746e-05,8
BTCUSDT,2023-10-11T08:00:00Z,8.33e-05,8
ETHUSDT,2023-10-11T08:00:00Z,5.392e-05,8
SOLUSDT,2023-10-11T08:00:00Z,-1.27e-05,8
BTCUSDT,2023-10-11T16:00:00Z,6.319e-05,8
ETHUSDT,2023-10-11T16:00:00Z,4.725e-05,8
SOLUSDT,2023-10-11T16:00:00Z,-0.00010217,8
BTCUSDT,2023-10-12T00:00:00Z,0.0001,8
ETHUSDT,2023-10-12T00:00:00Z,4.026e-05,8
SOLUSDT,2023-10-12T00:00:00Z,-5.206e-05,8
BTCUSDT,2023-10-12T08:00:00Z,2.661e-05,8
ETHUSDT,2023-10-12T08:00:00Z,2.69e-05,8
SOLUSDT,2023-10-12T08:00:00Z,5.051e-05,8
BTCUSDT,2023-10-12T16:00:00Z,7.304e-05,8
ETHUSDT,2023-10-12T16:00:00Z,7.112e-05,8
SOLUSDT,2023-10-12T16:00:00Z,-4.469e-05,8
BTCUSDT,2023-10-13T00:00:00Z,2.294e-05,8
ETHUSDT,2023-10-13T00:00:00Z,3.69e-05,8
SOLUSDT,2023-10-13T00:00:00Z,-4.739e-05,8
BTCUSDT,2023-10-13T08:00:00Z,2.039e-05,8
ETHUSDT,2023-10-13T08:00:00Z,3.476e-05,8
SOLUSDT,2023-10-13T08:00:00Z,-7.419e-05,8
BTCUSDT,2023-10-13T16:00:00Z,2.326e-05,8
ETHUSDT,2023-10-13T16:00:00Z,2.693e-05,8
SOLUSDT,2023-10-13T16:00:00Z,-7.301e-05,8
BTCUSDT,2023-10-14T00:00:00Z,1.05e-06,8
ETHUSDT,2023-10-14T00:00:00Z,1.068e-05,8
SOLUSDT,2023-10-14T00:00:00Z,-0.00015669,8
BTCUSDT,2023-10-14T08:00:00Z,2.211e-05,8
ETHUSDT,2023-10-14T08:00:00Z,3.108e-05,8
SOLUSDT,2023-10-14T08:00:00Z,-0.0003452,8
BTCUSDT,2023-10-14T16:00:00Z,2.456e-05,8
ETHUSDT,2023-10-14T16:00:00Z,6.65e-05,8
SOLUSDT,2023-10-14T16:00:00Z,-4.015e-05,8
BTCUSDT,2023-10-15T00:00:00Z,-1.509e-05,8
ETHUSDT,2023-10-15T00:00:00Z,7.083e-05,8
SOLUSDT,2023-10-15T00:00:00Z,-7.073e-05,8
BTCUSDT,2023-10-15T08:00:00Z,4.292e-05,8
ETHUSDT,2023-10-15T08:00:00Z,5.253e-05,8
SOLUSDT,2023-10-15T08:00:00Z,-1.29e-06,8
BTCUSDT,2023-10-15T16:00:00Z,2.224e-05,8
ETHUSDT,2023-10-15T16:00:00Z,2.062e-05,8
SOLUSDT,2023-10-15T16:00:00Z,2.222e-05,8
BTCUSDT,2023-10-16T00:00:00Z,5.11e-06,8
ETHUSDT,2023-10-16T00:00:00Z,5.18e-05,8
SOLUSDT,2023-10-16T00:00:00Z,-0.00010829,8
BTCUSDT,2023-10-16T08:00:00Z,2.8e-07,8
ETHUSDT,2023-10-16T08:00:00Z,4.393e-05,8
SOLUSDT,2023-10-16T08:00:00Z,-6.321e-05,8
BTCUSDT,2023-10-16T16:00:00Z,9.644e-05,8
ETHUSDT,2023-10-16T16:00:00Z,8.412e-05,8
SOLUSDT,2023-10-16T16:00:00Z,-0.00013087,8
BTCUSDT,2023-10-17T00:00:00Z,2.04e-06,8
ETHUSDT,2023-10-17T00:00:00Z,1.957e-05,8
SOLUSDT,2023-10-17T00:00:00Z,8.45e-06,8
BTCUSDT,2023-10-17T08:00:00Z,1.493e-05,8
ETHUSDT,2023-10-17T08:00:00Z,2.557e-05,8
SOLUSDT,2023-10-17T08:00:00Z,-0.00014135,8
BTCUSDT,2023-10-17T16:00:00Z,-2.311e-05,8
ETHUSDT,2023-10-17T16:00:00Z,6.742e-05,8
SOLUSDT,2023-10-17T16:00:00Z,2.264e-05,8
BTCUSDT,2023-10-18T00:00:00Z,-3.343e-05,8
ETHUSDT,2023-10-18T00:00:00Z,5.947e-05,8
SOLUSDT,2023-10-18T00:00:00Z,7.478e-05,8
BTCUSDT,2023-10-18T08:00:00Z,-1.216e-05,8
ETHUSDT,2023-10-18T08:00:00Z,1.385e-05,8
SOLUSDT,2023-10-18T08:00:00Z,-2.937e-05,8
BTCUSDT,2023-10-18T16:00:00Z,1.644e-05,8
ETHUSDT,2023-10-18T16:00:00Z,6.495e-05,8
SOLUSDT,2023-10-18T16:00:00Z,9.438e-05,8
BTCUSDT,2023-10-19T00:00:00Z,-1.028e-05,8
ETHUSDT,2023-10-19T00:00:00Z,4.251e-05,8
SOLUSDT,2023-10-19T00:00:00Z,1.267e-05,8
BTCUSDT,2023-10-19T08:00:00Z,-6.24e-06,8
ETHUSDT,2023-10-19T08:00:00Z,2.988e-05,8
SOLUSDT,2023-10-19T08:00:00Z,-0.00010177,8
BTCUSDT,2023-10-19T16:00:00Z,-0.00011006,8
ETHUSDT,2023-10-19T16:00:00Z,5.842e-05,8
SOLUSDT,2023-10-19T16:00:00Z,-0.00018428,8
BTCUSDT,2023-10-20T00:00:00Z,-9.272e-05,8
ETHUSDT,2023-10-20T00:00:00Z,3.868e-05,8
SOLUSDT,2023-10-20T00:00:00Z,-1.42e-05,8
BTCUSDT,2023-10-20T08:00:00Z,1.938e-05,8
ETHUSDT,2023-10-20T08:00:00Z,5.912e-05,8
SOLUSDT,2023-10-20T08:00:00Z,-0.00060231,8
BTCUSDT,2023-10-20T16:00:00Z,2.687e-05,8
ETHUSDT,2023-10-20T16:00:00Z,7.072e-05,8
SOLUSDT,2023-10-20T16:00:00Z,-6.18e-06,8
BTCUSDT,2023-10-21T00:00:00Z,-1.585e-05,8
ETHUSDT,2023-10-21T00:00:00Z,4.902e-05,8
SOLUSDT,2023-10-21T00:00:00Z,-8.888e-05,8
BTCUSDT,2023-10-21T08:00:00Z,4.374e-05,8
ETHUSDT,2023-10-21T08:00:00Z,1.735e-05,8
SOLUSDT,2023-10-21T08:00:00Z,-9.934e-05,8
BTCUSDT,2023-10-21T16:00:00Z,5.827e-05,8
ETHUSDT,2023-10-21T16:00:00Z,3.771e-05,8
SOLUSDT,2023-10-21T16:00:00Z,6.969e-05,8
BTCUSDT,2023-10-22T00:00:00Z,2.567e-05,8
ETHUSDT,2023-10-22T00:00:00Z,7.554e-05,8
SOLUSDT,2023-10-22T00:00:00Z,-9.897e-05,8
BTCUSDT,2023-10-22T08:00:00Z,2.579e-05,8
ETHUSDT,2023-10-22T08:00:00Z,2.649e-05,8
SOLUSDT,2023-10-22T08:00:00Z,-4.073e-05,8
BTCUSDT,2023-10-22T16:00:00Z,3.115e-05,8
ETHUSDT,2023-10-22T16:00:00Z,6.03e-06,8
SOLUSDT,2023-10-22T16:00:00Z,5.08e-05,8
BTCUSDT,2023-10-23T00:00:00Z,8.25e-05,8
ETHUSDT,2023-10-23T00:00:00Z,9.262e-05,8
SOLUSDT,2023-10-23T00:00:00Z,2.37e-06,8
BTCUSDT,2023-10-23T08:00:00Z,9.59e-05,8
ETHUSDT,2023-10-23T08:00:00Z,1.593e-05,8
SOLUSDT,2023-10-23T08:00:00Z,-2.29e-06,8
BTCUSDT,2023-10-23T16:00:00Z,6.48e-06,8
ETHUSDT,2023-10-23T16:00:00Z,1.883e-05,8
SOLUSDT,2023-10-23T16:00:00Z,1.601e-05,8
BTCUSDT,2023-10-24T00:00:00Z,0.0001,8
ETHUSDT,2023-10-24T00:00:00Z,0.0001,8
SOLUSDT,2023-10-24T00:00:00Z,0.0001,8
BTCUSDT,2023-10-24T08:00:00Z,0.0001,8
ETHUSDT,2023-10-24T08:00:00Z,0.0001,8
SOLUSDT,2023-10-24T08:00:00Z,0.0001,8
BTCUSDT,2023-10-24T16:00:00Z,0.0001,8
ETHUSDT,2023-10-24T16:00:00Z,0.0001,8
SOLUSDT,2023-10-24T16:00:00Z,0.0001,8
BTCUSDT,2023-10-25T00:00:00Z,0.0001,8
ETHUSDT,2023-10-25T00:00:00Z,0.0001,8
SOLUSDT,2023-10-25T00:00:00Z,0.0001,8
BTCUSDT,2023-10-25T08:00:00Z,0.0001,8
ETHUSDT,2023-10-25T08:00:00Z,0.0001,8
SOLUSDT,2023-10-25T08:00:00Z,0.0001,8
BTCUSDT,2023-10-25T16:00:00Z,0.0001,8
ETHUSDT,2023-10-25T16:00:00Z,0.0001,8
SOLUSDT,2023-10-25T16:00:00Z,0.0001,8
BTCUSDT,2023-10-26T00:00:00Z,0.0001,8
ETHUSDT,2023-10-26T00:00:00Z,0.0001,8
SOLUSDT,2023-10-26T00:00:00Z,0.0001,8
BTCUSDT,2023-10-26T08:00:00Z,0.0001,8
ETHUSDT,2023-10-26T08:00:00Z,0.0001,8
SOLUSDT,2023-10-26T08:00:00Z,0.0001,8
BTCUSDT,2023-10-26T16:00:00Z,0.0001,8
ETHUSDT,2023-10-26T16:00:00Z,0.0001,8
SOLUSDT,2023-10-26T16:00:00Z,4.969e-05,8
BTCUSDT,2023-10-27T00:00:00Z,0.0001,8
ETHUSDT,2023-10-27T00:00:00Z,0.0001,8
SOLUSDT,2023-10-27T00:00:00Z,0.0001,8
BTCUSDT,2023-10-27T08:00:00Z,0.0001,8
ETHUSDT,2023-10-27T08:00:00Z,0.0001,8
SOLUSDT,2023-10-27T08:00:00Z,0.0001,8
BTCUSDT,2023-10-27T16:00:00Z,0.0001,8
ETHUSDT,2023-10-27T16:00:00Z,0.0001,8
SOLUSDT,2023-10-27T16:00:00Z,0.0001,8
BTCUSDT,2023-10-28T00:00:00Z,0.0001,8
ETHUSDT,2023-10-28T00:00:00Z,0.0001,8
SOLUSDT,2023-10-28T00:00:00Z,0.0001,8
BTCUSDT,2023-10-28T08:00:00Z,0.0001,8
ETHUSDT,2023-10-28T08:00:00Z,0.0001,8
SOLUSDT,2023-10-28T08:00:00Z,0.0001,8
BTCUSDT,2023-10-28T16:00:00Z,0.0001,8
ETHUSDT,2023-10-28T16:00:00Z,0.0001,8
SOLUSDT,2023-10-28T16:00:00Z,0.0001,8
BTCUSDT,2023-10-29T00:00:00Z,0.0001,8
ETHUSDT,2023-10-29T00:00:00Z,0.0001,8
SOLUSDT,2023-10-29T00:00:00Z,0.0001,8
BTCUSDT,2023-10-29T08:00:00Z,0.0001,8
ETHUSDT,2023-10-29T08:00:00Z,0.0001,8
SOLUSDT,2023-10-29T08:00:00Z,0.0001,8
BTCUSDT,2023-10-29T16:00:00Z,0.0001,8
ETHUSDT,2023-10-29T16:00:00Z,0.0001,8
SOLUSDT,2023-10-29T16:00:00Z,0.0001,8
BTCUSDT,2023-10-30T00:00:00Z,0.0001,8
ETHUSDT,2023-10-30T00:00:00Z,0.0001,8
SOLUSDT,2023-10-30T00:00:00Z,0.0001,8
BTCUSDT,2023-10-30T08:00:00Z,0.0001,8
ETHUSDT,2023-10-30T08:00:00Z,0.0001,8
SOLUSDT,2023-10-30T08:00:00Z,9.376e-05,8
BTCUSDT,2023-10-30T16:00:00Z,0.0001,8
ETHUSDT,2023-10-30T16:00:00Z,0.0001,8
SOLUSDT,2023-10-30T16:00:00Z,0.0001,8
BTCUSDT,2023-10-31T00:00:00Z,0.0001,8
ETHUSDT,2023-10-31T00:00:00Z,0.0001,8
SOLUSDT,2023-10-31T00:00:00Z,0.0001,8
BTCUSDT,2023-10-31T08:00:00Z,0.0001,8
ETHUSDT,2023-10-31T08:00:00Z,0.0001,8
SOLUSDT,2023-10-31T08:00:00Z,0.0001,8
BTCUSDT,2023-10-31T16:00:00Z,0.0001,8
ETHUSDT,2023-10-31T16:00:00Z,0.0001,8
SOLUSDT,2023-10-31T16:00:00Z,4.712e-05,8
BTCUSDT,2023-11-01T00:00:00Z,0.0001,8
ETHUSDT,2023-11-01T00:00:00Z,0.0001,8
SOLUSDT,2023-11-01T00:00:00Z,5.676e-05,8
BTCUSDT,2023-11-01T08:00:00Z,0.0001,8
ETHUSDT,2023-11-01T08:00:00Z,0.0001,8
SOLUSDT,2023-11-01T08:00:00Z,-4.06e-05,8
BTCUSDT,2023-11-01T16:00:00Z,0.0001,8
ETHUSDT,2023-11-01T16:00:00Z,0.0001,8
SOLUSDT,2023-11-01T16:00:00Z,-0.00041129,8
BTCUSDT,2023-11-02T00:00:00Z,0.0001,8
ETHUSDT,2023-11-02T00:00:00Z,0.00026784,8
SOLUSDT,2023-11-02T00:00:00Z,0.0001,8
BTCUSDT,2023-11-02T08:00:00Z,0.0001,8
ETHUSDT,2023-11-02T08:00:00Z,0.00020558,8
SOLUSDT,2023-11-02T08:00:00Z,0.0001,8
BTCUSDT,2023-11-02T16:00:00Z,0.0001,8
ETHUSDT,2023-11-02T16:00:00Z,0.0001,8
SOLUSDT,2023-11-02T16:00:00Z,0.0001,8
BTCUSDT,2023-11-03T00:00:00Z,0.0001,8
ETHUSDT,2023-11-03T00:00:00Z,0.0001,8
SOLUSDT,2023-11-03T00:00:00Z,0.0001,8
BTCUSDT,2023-11-03T08:00:00Z,0.0001,8
ETHUSDT,2023-11-03T08:00:00Z,0.0001,8
SOLUSDT,2023-11-03T08:00:00Z,0.0001,8
BTCUSDT,2023-11-03T16:00:00Z,0.0001,8
ETHUSDT,2023-11-03T16:00:00Z,0.0001,8
SOLUSDT,2023-11-03T16:00:00Z,0.0001,8
BTCUSDT,2023-11-04T00:00:00Z,0.0001,8
ETHUSDT,2023-11-04T00:00:00Z,0.0001,8
SOLUSDT,2023-11-04T00:00:00Z,0.0001,8
BTCUSDT,2023-11-04T08:00:00Z,0.0001,8
ETHUSDT,2023-11-04T08:00:00Z,0.0001,8
SOLUSDT,2023-11-04T08:00:00Z,0.0001,8
BTCUSDT,2023-11-04T16:00:00Z,0.0001,8
ETHUSDT,2023-11-04T16:00:00Z,0.0001,8
SOLUSDT,2023-11-04T16:00:00Z,0.0001,8
BTCUSDT,2023-11-05T00:00:00Z,0.0001,8
ETHUSDT,2023-11-05T00:00:00Z,0.0001,8
SOLUSDT,2023-11-05T00:00:00Z,0.0001,8
BTCUSDT,2023-11-05T08:00:00Z,0.0001,8
ETHUSDT,2023-11-05T08:00:00Z,0.0001,8
SOLUSDT,2023-11-05T08:00:00Z,0.0001,8
BTCUSDT,2023-11-05T16:00:00Z,0.0001,8
ETHUSDT,2023-11-05T16:00:00Z,0.0001,8
SOLUSDT,2023-11-05T16:00:00Z,0.0001,8
BTCUSDT,2023-11-06T00:00:00Z,0.0001,8
ETHUSDT,2023-11-06T00:00:00Z,0.0001,8
SOLUSDT,2023-11-06T00:00:00Z,0.0001,8
BTCUSDT,2023-11-06T08:00:00Z,0.0001,8
ETHUSDT,2023-11-06T08:00:00Z,0.0001,8
SOLUSDT,2023-11-06T08:00:00Z,0.0001,8
BTCUSDT,2023-11-06T16:00:00Z,0.0001,8
ETHUSDT,2023-11-06T16:00:00Z,0.0001,8
SOLUSDT,2023-11-06T16:00:00Z,0.00015286,8
BTCUSDT,2023-11-07T00:00:00Z,0.0001,8
ETHUSDT,2023-11-07T00:00:00Z,0.0001,8
SOLUSDT,2023-11-07T00:00:00Z,0.0001,8
BTCUSDT,2023-11-07T08:00:00Z,0.0001,8
ETHUSDT,2023-11-07T08:00:00Z,0.0001,8
SOLUSDT,2023-11-07T08:00:00Z,0.0001,8
BTCUSDT,2023-11-07T16:00:00Z,0.0001,8
ETHUSDT,2023-11-07T16:00:00Z,0.0001,8
SOLUSDT,2023-11-07T16:00:00Z,0.00020579,8
BTCUSDT,2023-11-08T00:00:00Z,0.0001,8
ETHUSDT,2023-11-08T00:00:00Z,0.0001,8
SOLUSDT,2023-11-08T00:00:00Z,0.00017143,8
BTCUSDT,2023-11-08T08:00:00Z,0.0001,8
ETHUSDT,2023-11-08T08:00:00Z,0.0001,8
SOLUSDT,2023-11-08T08:00:00Z,0.0001,8
BTCUSDT,2023-11-08T16:00:00Z,0.0001,8
ETHUSDT,2023-11-08T16:00:00Z,0.0001,8
SOLUSDT,2023-11-08T16:00:00Z,0.0001,8
BTCUSDT,2023-11-09T00:00:00Z,0.0001,8
ETHUSDT,2023-11-09T00:00:00Z,0.0001,8
SOLUSDT,2023-11-09T00:00:00Z,0.0001,8
BTCUSDT,2023-11-09T08:00:00Z,0.0001,8
ETHUSDT,2023-11-09T08:00:00Z,0.0001,8
SOLUSDT,2023-11-09T08:00:00Z,0.0001,8
BTCUSDT,2023-11-09T16:00:00Z,0.00020027,8
ETHUSDT,2023-11-09T16:00:00Z,0.00071131,8
SOLUSDT,2023-11-09T16:00:00Z,0.00028089,8
BTCUSDT,2023-11-10T00:00:00Z,0.0001,8
ETHUSDT,2023-11-10T00:00:00Z,0.00027525,8
SOLUSDT,2023-11-10T00:00:00Z,0.0001,8
BTCUSDT,2023-11-10T08:00:00Z,0.00011682,8
ETHUSDT,2023-11-10T08:00:00Z,0.00041432,8
SOLUSDT,2023-11-10T08:00:00Z,0.00015368,8
BTCUSDT,2023-11-10T16:00:00Z,0.0001,8
ETHUSDT,2023-11-10T16:00:00Z,0.00012656,8
SOLUSDT,2023-11-10T16:00:00Z,0.00011529,8
BTCUSDT,2023-11-11T00:00:00Z,0.0001,8
ETHUSDT,2023-11-11T00:00:00Z,0.00013604,8
SOLUSDT,2023-11-11T00:00:00Z,0.0001,8
BTCUSDT,2023-11-11T08:00:00Z,0.00016607,8
ETHUSDT,2023-11-11T08:00:00Z,0.00013371,8
SOLUSDT,2023-11-11T08:00:00Z,0.0001,8
BTCUSDT,2023-11-11T16:00:00Z,0.00014648,8
ETHUSDT,2023-11-11T16:00:00Z,0.00027449,8
SOLUSDT,2023-11-11T16:00:00Z,0.00030654,8
BTCUSDT,2023-11-12T00:00:00Z,0.0001543,8
ETHUSDT,2023-11-12T00:00:00Z,0.00016325,8
SOLUSDT,2023-11-12T00:00:00Z,0.00051279,8
BTCUSDT,2023-11-12T08:00:00Z,0.00023487,8
ETHUSDT,2023-11-12T08:00:00Z,0.0001,8
SOLUSDT,2023-11-12T08:00:00Z,0.00017231,8
BTCUSDT,2023-11-12T16:00:00Z,0.00027221,8
ETHUSDT,2023-11-12T16:00:00Z,0.00024299,8
SOLUSDT,2023-11-12T16:00:00Z,0.00016254,8
BTCUSDT,2023-11-13T00:00:00Z,0.00032467,8
ETHUSDT,2023-11-13T00:00:00Z,0.0003299,8
SOLUSDT,2023-11-13T00:00:00Z,0.00050694,8
BTCUSDT,2023-11-13T08:00:00Z,0.00010893,8
ETHUSDT,2023-11-13T08:00:00Z,0.00022787,8
SOLUSDT,2023-11-13T08:00:00Z,0.00033025,8
BTCUSDT,2023-11-13T16:00:00Z,0.00020492,8
ETHUSDT,2023-11-13T16:00:00Z,0.00022833,8
SOLUSDT,2023-11-13T16:00:00Z,0.0001,8
BTCUSDT,2023-11-14T00:00:00Z,0.00017382,8
ETHUSDT,2023-11-14T00:00:00Z,0.00018828,8
SOLUSDT,2023-11-14T00:00:00Z,0.00047225,8
BTCUSDT,2023-11-14T08:00:00Z,0.00016369,8
ETHUSDT,2023-11-14T08:00:00Z,0.00013623,8
SOLUSDT,2023-11-14T08:00:00Z,0.0001,8
BTCUSDT,2023-11-14T16:00:00Z,0.00014477,8
ETHUSDT,2023-11-14T16:00:00Z,0.0001,8
SOLUSDT,2023-11-14T16:00:00Z,0.00027352,8
BTCUSDT,2023-11-15T00:00:00Z,0.0001,8
ETHUSDT,2023-11-15T00:00:00Z,0.0001,8
SOLUSDT,2023-11-15T00:00:00Z,0.00012356,8
BTCUSDT,2023-11-15T08:00:00Z,0.0001,8
ETHUSDT,2023-11-15T08:00:00Z,0.0001,8
SOLUSDT,2023-11-15T08:00:00Z,0.00010903,8
BTCUSDT,2023-11-15T16:00:00Z,0.0001,8
ETHUSDT,2023-11-15T16:00:00Z,0.0001,8
SOLUSDT,2023-11-15T16:00:00Z,0.00026624,8
BTCUSDT,2023-11-16T00:00:00Z,0.0001,8
ETHUSDT,2023-11-16T00:00:00Z,0.0001,8
SOLUSDT,2023-11-16T00:00:00Z,0.00031874,8
BTCUSDT,2023-11-16T08:00:00Z,0.00015199,8
ETHUSDT,2023-11-16T08:00:00Z,0.0001,8
SOLUSDT,2023-11-16T08:00:00Z,0.00014572,8
BTCUSDT,2023-11-16T16:00:00Z,0.00012014,8
ETHUSDT,2023-11-16T16:00:00Z,0.0001,8
SOLUSDT,2023-11-16T16:00:00Z,0.0003015,8
BTCUSDT,2023-11-17T00:00:00Z,0.0001,8
ETHUSDT,2023-11-17T00:00:00Z,0.0001,8
SOLUSDT,2023-11-17T00:00:00Z,0.0001,8
BTCUSDT,2023-11-17T08:00:00Z,0.0001,8
ETHUSDT,2023-11-17T08:00:00Z,0.0001,8
SOLUSDT,2023-11-17T08:00:00Z,0.0001,8
BTCUSDT,2023-11-17T16:00:00Z,0.0001,8
ETHUSDT,2023-11-17T16:00:00Z,0.0001,8
SOLUSDT,2023-11-17T16:00:00Z,0.0001,8
BTCUSDT,2023-11-18T00:00:00Z,0.0001,8
ETHUSDT,2023-11-18T00:00:00Z,0.0001,8
SOLUSDT,2023-11-18T00:00:00Z,0.0001,8
BTCUSDT,2023-11-18T08:00:00Z,0.0001,8
ETHUSDT,2023-11-18T08:00:00Z,0.0001,8
SOLUSDT,2023-11-18T08:00:00Z,0.0001,8
BTCUSDT,2023-11-18T16:00:00Z,0.0001,8
ETHUSDT,2023-11-18T16:00:00Z,0.0001,8
SOLUSDT,2023-11-18T16:00:00Z,0.0001,8
BTCUSDT,2023-11-19T00:00:00Z,0.0001,8
ETHUSDT,2023-11-19T00:00:00Z,0.0001,8
SOLUSDT,2023-11-19T00:00:00Z,0.0001,8
BTCUSDT,2023-11-19T08:00:00Z,0.0001,8
ETHUSDT,2023-11-19T08:00:00Z,0.0001,8
SOLUSDT,2023-11-19T08:00:00Z,0.0001,8
BTCUSDT,2023-11-19T16:00:00Z,0.0001,8
ETHUSDT,2023-11-19T16:00:00Z,0.0001,8
SOLUSDT,2023-11-19T16:00:00Z,0.0001,8
BTCUSDT,2023-11-20T00:00:00Z,0.0001,8
ETHUSDT,2023-11-20T00:00:00Z,0.0001,8
SOLUSDT,2023-11-20T00:00:00Z,0.0001,8
BTCUSDT,2023-11-20T08:00:00Z,0.0001,8
ETHUSDT,2023-11-20T08:00:00Z,0.0001,8
SOLUSDT,2023-11-20T08:00:00Z,0.0001,8
BTCUSDT,2023-11-20T16:00:00Z,0.0001,8
ETHUSDT,2023-11-20T16:00:00Z,0.0001,8
SOLUSDT,2023-11-20T16:00:00Z,0.0001,8
BTCUSDT,2023-11-21T00:00:00Z,0.0001,8
ETHUSDT,2023-11-21T00:00:00Z,0.0001,8
SOLUSDT,2023-11-21T00:00:00Z,0.0001,8
BTCUSDT,2023-11-21T08:00:00Z,0.0001,8
ETHUSDT,2023-11-21T08:00:00Z,0.0001,8
SOLUSDT,2023-11-21T08:00:00Z,0.0001,8
BTCUSDT,2023-11-21T16:00:00Z,0.0001,8
ETHUSDT,2023-11-21T16:00:00Z,0.0001,8
SOLUSDT,2023-11-21T16:00:00Z,0.0001,8
BTCUSDT,2023-11-22T00:00:00Z,0.0001,8
ETHUSDT,2023-11-22T00:00:00Z,0.0001,8
SOLUSDT,2023-11-22T00:00:00Z,0.0001,8
BTCUSDT,2023-11-22T08:00:00Z,0.0001,8
ETHUSDT,2023-11-22T08:00:00Z,0.0001,8
SOLUSDT,2023-11-22T08:00:00Z,0.0001,8
BTCUSDT,2023-11-22T16:00:00Z,0.0001,8
ETHUSDT,2023-11-22T16:00:00Z,0.0001,8
SOLUSDT,2023-11-22T16:00:00Z,0.0001,8
BTCUSDT,2023-11-23T00:00:00Z,0.0001,8
ETHUSDT,2023-11-23T00:00:00Z,0.0001,8
SOLUSDT,2023-11-23T00:00:00Z,0.0001,8
BTCUSDT,2023-11-23T08:00:00Z,0.0001,8
ETHUSDT,2023-11-23T08:00:00Z,0.0001,8
SOLUSDT,2023-11-23T08:00:00Z,0.0001,8
BTCUSDT,2023-11-23T16:00:00Z,0.0001,8
ETHUSDT,2023-11-23T16:00:00Z,0.0001,8
SOLUSDT,2023-11-23T16:00:00Z,0.0001,8
BTCUSDT,2023-11-24T00:00:00Z,0.0001,8
ETHUSDT,2023-11-24T00:00:00Z,0.0001,8
SOLUSDT,2023-11-24T00:00:00Z,0.0001,8
BTCUSDT,2023-11-24T08:00:00Z,0.0001,8
ETHUSDT,2023-11-24T08:00:00Z,0.0001,8
SOLUSDT,2023-11-24T08:00:00Z,0.0001,8
BTCUSDT,2023-11-24T16:00:00Z,0.0001,8
ETHUSDT,2023-11-24T16:00:00Z,0.0001,8
SOLUSDT,2023-11-24T16:00:00Z,0.0001,8
BTCUSDT,2023-11-25T00:00:00Z,0.0001,8
ETHUSDT,2023-11-25T00:00:00Z,0.0001,8
SOLUSDT,2023-11-25T00:00:00Z,0.0001,8
BTCUSDT,2023-11-25T08:00:00Z,0.0001,8
ETHUSDT,2023-11-25T08:00:00Z,0.0001,8
SOLUSDT,2023-11-25T08:00:00Z,0.0001,8
BTCUSDT,2023-11-25T16:00:00Z,0.0001,8
ETHUSDT,2023-11-25T16:00:00Z,0.0001,8
SOLUSDT,2023-11-25T16:00:00Z,0.0001,8
BTCUSDT,2023-11-26T00:00:00Z,0.0001,8
ETHUSDT,2023-11-26T00:00:00Z,0.0001,8
SOLUSDT,2023-11-26T00:00:00Z,0.0001,8
BTCUSDT,2023-11-26T08:00:00Z,0.0001,8
ETHUSDT,2023-11-26T08:00:00Z,0.0001,8
SOLUSDT,2023-11-26T08:00:00Z,0.0001,8
BTCUSDT,2023-11-26T16:00:00Z,0.0001,8
ETHUSDT,2023-11-26T16:00:00Z,0.0001,8
SOLUSDT,2023-11-26T16:00:00Z,0.0001,8
BTCUSDT,2023-11-27T00:00:00Z,0.0001,8
ETHUSDT,2023-11-27T00:00:00Z,0.0001,8
SOLUSDT,2023-11-27T00:00:00Z,0.0001,8
BTCUSDT,2023-11-27T08:00:00Z,0.0001,8
ETHUSDT,2023-11-27T08:00:00Z,0.0001,8
SOLUSDT,2023-11-27T08:00:00Z,0.0001,8
BTCUSDT,2023-11-27T16:00:00Z,0.0001,8
ETHUSDT,2023-11-27T16:00:00Z,0.0001,8
SOLUSDT,2023-11-27T16:00:00Z,0.0001,8
BTCUSDT,2023-11-28T00:00:00Z,0.0001,8
ETHUSDT,2023-11-28T00:00:00Z,0.0001,8
SOLUSDT,2023-11-28T00:00:00Z,0.0001,8
BTCUSDT,2023-11-28T08:00:00Z,0.0001,8
ETHUSDT,2023-11-28T08:00:00Z,0.0001,8
SOLUSDT,2023-11-28T08:00:00Z,0.0001,8
BTCUSDT,2023-11-28T16:00:00Z,0.0001,8
ETHUSDT,2023-11-28T16:00:00Z,0.0001,8
SOLUSDT,2023-11-28T16:00:00Z,0.0001,8
BTCUSDT,2023-11-29T00:00:00Z,0.0001,8
ETHUSDT,2023-11-29T00:00:00Z,0.0001,8
SOLUSDT,2023-11-29T00:00:00Z,0.0001,8
BTCUSDT,2023-11-29T08:00:00Z,0.0001,8
ETHUSDT,2023-11-29T08:00:00Z,0.0001,8
SOLUSDT,2023-11-29T08:00:00Z,0.0001,8
BTCUSDT,2023-11-29T16:00:00Z,0.0001,8
ETHUSDT,2023-11-29T16:00:00Z,0.0001,8
SOLUSDT,2023-11-29T16:00:00Z,0.0001,8
BTCUSDT,2023-11-30T00:00:00Z,0.0001,8
ETHUSDT,2023-11-30T00:00:00Z,0.0001,8
SOLUSDT,2023-11-30T00:00:00Z,0.0001,8
BTCUSDT,2023-11-30T08:00:00Z,0.0001,8
ETHUSDT,2023-11-30T08:00:00Z,0.0001,8
SOLUSDT,2023-11-30T08:00:00Z,0.0001,8
BTCUSDT,2023-11-30T16:00:00Z,0.0001,8
ETHUSDT,2023-11-30T16:00:00Z,0.0001,8
SOLUSDT,2023-11-30T16:00:00Z,0.0001,8
BTCUSDT,2023-12-01T00:00:00Z,0.0001,8
ETHUSDT,2023-12-01T00:00:00Z,0.0001,8
SOLUSDT,2023-12-01T00:00:00Z,0.0001,8
BTCUSDT,2023-12-01T08:00:00Z,0.0001,8
ETHUSDT,2023-12-01T08:00:00Z,0.0001,8
SOLUSDT,2023-12-01T08:00:00Z,0.0001,8
BTCUSDT,2023-12-01T16:00:00Z,0.0001,8
ETHUSDT,2023-12-01T16:00:00Z,0.0001,8
SOLUSDT,2023-12-01T16:00:00Z,0.0001,8
BTCUSDT,2023-12-02T00:00:00Z,9.95e-05,8
ETHUSDT,2023-12-02T00:00:00Z,0.0001,8
SOLUSDT,2023-12-02T00:00:00Z,0.0001,8
BTCUSDT,2023-12-02T08:00:00Z,6.973e-05,8
ETHUSDT,2023-12-02T08:00:00Z,0.0001,8
SOLUSDT,2023-12-02T08:00:00Z,0.00030174,8
BTCUSDT,2023-12-02T16:00:00Z,8.541e-05,8
ETHUSDT,2023-12-02T16:00:00Z,0.0001,8
SOLUSDT,2023-12-02T16:00:00Z,0.0001,8
BTCUSDT,2023-12-03T00:00:00Z,0.0001,8
ETHUSDT,2023-12-03T00:00:00Z,0.0001,8
SOLUSDT,2023-12-03T00:00:00Z,0.0001,8
BTCUSDT,2023-12-03T08:00:00Z,0.0001,8
ETHUSDT,2023-12-03T08:00:00Z,0.0001,8
SOLUSDT,2023-12-03T08:00:00Z,0.00020381,8
BTCUSDT,2023-12-03T16:00:00Z,0.0001,8
ETHUSDT,2023-12-03T16:00:00Z,0.0001,8
SOLUSDT,2023-12-03T16:00:00Z,0.00018264,8
BTCUSDT,2023-12-04T00:00:00Z,0.0001,8
ETHUSDT,2023-12-04T00:00:00Z,0.0001,8
SOLUSDT,2023-12-04T00:00:00Z,0.0001,8
BTCUSDT,2023-12-04T08:00:00Z,0.0001,8
ETHUSDT,2023-12-04T08:00:00Z,0.0001,8
SOLUSDT,2023-12-04T08:00:00Z,0.00053853,8
BTCUSDT,2023-12-04T16:00:00Z,0.0001,8
ETHUSDT,2023-12-04T16:00:00Z,0.0001,8
SOLUSDT,2023-12-04T16:00:00Z,0.0001,8
BTCUSDT,2023-12-05T00:00:00Z,0.0001,8
ETHUSDT,2023-12-05T00:00:00Z,0.0001,8
SOLUSDT,2023-12-05T00:00:00Z,0.0001,8
BTCUSDT,2023-12-05T08:00:00Z,0.0001,8
ETHUSDT,2023-12-05T08:00:00Z,0.0001,8
SOLUSDT,2023-12-05T08:00:00Z,0.0001,8
BTCUSDT,2023-12-05T16:00:00Z,0.0001,8
ETHUSDT,2023-12-05T16:00:00Z,0.0001,8
SOLUSDT,2023-12-05T16:00:00Z,0.0001,8
BTCUSDT,2023-12-06T00:00:00Z,0.0001,8
ETHUSDT,2023-12-06T00:00:00Z,0.0001,8
SOLUSDT,2023-12-06T00:00:00Z,0.00025226,8
BTCUSDT,2023-12-06T08:00:00Z,0.0001,8
ETHUSDT,2023-12-06T08:00:00Z,0.0001,8
SOLUSDT,2023-12-06T08:00:00Z,0.00045867,8
BTCUSDT,2023-12-06T16:00:00Z,0.0001,8
ETHUSDT,2023-12-06T16:00:00Z,0.0001,8
SOLUSDT,2023-12-06T16:00:00Z,0.00011861,8
BTCUSDT,2023-12-07T00:00:00Z,0.0001,8
ETHUSDT,2023-12-07T00:00:00Z,0.0001,8
SOLUSDT,2023-12-07T00:00:00Z,0.0001,8
BTCUSDT,2023-12-07T08:00:00Z,0.0001,8
ETHUSDT,2023-12-07T08:00:00Z,0.0001,8
SOLUSDT,2023-12-07T08:00:00Z,0.0001,8
BTCUSDT,2023-12-07T16:00:00Z,0.0001,8
ETHUSDT,2023-12-07T16:00:00Z,0.0001,8
SOLUSDT,2023-12-07T16:00:00Z,0.00036868,8
BTCUSDT,2023-12-08T00:00:00Z,0.0001,8
ETHUSDT,2023-12-08T00:00:00Z,0.00022693,8
SOLUSDT,2023-12-08T00:00:00Z,0.00061268,8
BTCUSDT,2023-12-08T08:00:00Z,0.00023288,8
ETHUSDT,2023-12-08T08:00:00Z,0.00012399,8
SOLUSDT,2023-12-08T08:00:00Z,0.00024053,8
BTCUSDT,2023-12-08T16:00:00Z,0.00020242,8
ETHUSDT,2023-12-08T16:00:00Z,0.00010417,8
SOLUSDT,2023-12-08T16:00:00Z,0.0002033,8
BTCUSDT,2023-12-09T00:00:00Z,0.00011504,8
ETHUSDT,2023-12-09T00:00:00Z,0.00022528,8
SOLUSDT,2023-12-09T00:00:00Z,0.00032215,8
BTCUSDT,2023-12-09T08:00:00Z,0.00030159,8
ETHUSDT,2023-12-09T08:00:00Z,0.00031293,8
SOLUSDT,2023-12-09T08:00:00Z,0.000394,8
BTCUSDT,2023-12-09T16:00:00Z,0.00017192,8
ETHUSDT,2023-12-09T16:00:00Z,0.00033485,8
SOLUSDT,2023-12-09T16:00:00Z,0.0001,8
BTCUSDT,2023-12-10T00:00:00Z,0.00020724,8
ETHUSDT,2023-12-10T00:00:00Z,0.00016658,8
SOLUSDT,2023-12-10T00:00:00Z,0.00025874,8
BTCUSDT,2023-12-10T08:00:00Z,0.00020383,8
ETHUSDT,2023-12-10T08:00:00Z,0.00015944,8
SOLUSDT,2023-12-10T08:00:00Z,0.00037686,8
BTCUSDT,2023-12-10T16:00:00Z,0.00023923,8
ETHUSDT,2023-12-10T16:00:00Z,0.00022842,8
SOLUSDT,2023-12-10T16:00:00Z,0.00020175,8
BTCUSDT,2023-12-11T00:00:00Z,0.0001473,8
ETHUSDT,2023-12-11T00:00:00Z,0.00024112,8
SOLUSDT,2023-12-11T00:00:00Z,0.00027221,8
BTCUSDT,2023-12-11T08:00:00Z,0.0001,8
ETHUSDT,2023-12-11T08:00:00Z,0.0001,8
SOLUSDT,2023-12-11T08:00:00Z,0.0001,8
BTCUSDT,2023-12-11T16:00:00Z,0.0001,8
ETHUSDT,2023-12-11T16:00:00Z,0.0001,8
SOLUSDT,2023-12-11T16:00:00Z,0.0001,8
BTCUSDT,2023-12-12T00:00:00Z,0.0001,8
ETHUSDT,2023-12-12T00:00:00Z,0.0001,8
SOLUSDT,2023-12-12T00:00:00Z,0.00023316,8
BTCUSDT,2023-12-12T08:00:00Z,0.0001,8
ETHUSDT,2023-12-12T08:00:00Z,0.0001,8
SOLUSDT,2023-12-12T08:00:00Z,0.00011574,8
BTCUSDT,2023-12-12T16:00:00Z,0.0001,8
ETHUSDT,2023-12-12T16:00:00Z,0.0001,8
SOLUSDT,2023-12-12T16:00:00Z,0.00011972,8
BTCUSDT,2023-12-13T00:00:00Z,0.00011909,8
ETHUSDT,2023-12-13T00:00:00Z,0.00012813,8
SOLUSDT,2023-12-13T00:00:00Z,0.0001,8
BTCUSDT,2023-12-13T08:00:00Z,0.00010162,8
ETHUSDT,2023-12-13T08:00:00Z,0.00015058,8
SOLUSDT,2023-12-13T08:00:00Z,0.0001,8
BTCUSDT,2023-12-13T16:00:00Z,0.00012601,8
ETHUSDT,2023-12-13T16:00:00Z,0.00010581,8
SOLUSDT,2023-12-13T16:00:00Z,0.0001,8
BTCUSDT,2023-12-14T00:00:00Z,0.0001,8
ETHUSDT,2023-12-14T00:00:00Z,0.0001,8
SOLUSDT,2023-12-14T00:00:00Z,0.0001,8
BTCUSDT,2023-12-14T08:00:00Z,0.0001,8
ETHUSDT,2023-12-14T08:00:00Z,0.0001,8
SOLUSDT,2023-12-14T08:00:00Z,0.0001,8
BTCUSDT,2023-12-14T16:00:00Z,0.0001,8
ETHUSDT,2023-12-14T16:00:00Z,0.0001,8
SOLUSDT,2023-12-14T16:00:00Z,0.0001,8
BTCUSDT,2023-12-15T00:00:00Z,0.0001,8
ETHUSDT,2023-12-15T00:00:00Z,0.0001,8
SOLUSDT,2023-12-15T00:00:00Z,0.00016198,8
BTCUSDT,2023-12-15T08:00:00Z,0.0001,8
ETHUSDT,2023-12-15T08:00:00Z,0.0001,8
SOLUSDT,2023-12-15T08:00:00Z,0.0001688,8
BTCUSDT,2023-12-15T16:00:00Z,0.0001,8
ETHUSDT,2023-12-15T16:00:00Z,0.00010419,8
SOLUSDT,2023-12-15T16:00:00Z,0.00032874,8
BTCUSDT,2023-12-16T00:00:00Z,0.0001,8
ETHUSDT,2023-12-16T00:00:00Z,0.0001,8
SOLUSDT,2023-12-16T00:00:00Z,0.0001,8
BTCUSDT,2023-12-16T08:00:00Z,0.0001,8
ETHUSDT,2023-12-16T08:00:00Z,0.0001,8
SOLUSDT,2023-12-16T08:00:00Z,0.0001,8
BTCUSDT,2023-12-16T16:00:00Z,0.0001,8
ETHUSDT,2023-12-16T16:00:00Z,0.0001,8
SOLUSDT,2023-12-16T16:00:00Z,0.0001,8
BTCUSDT,2023-12-17T00:00:00Z,0.0001,8
ETHUSDT,2023-12-17T00:00:00Z,0.0001,8
SOLUSDT,2023-12-17T00:00:00Z,0.0001,8
BTCUSDT,2023-12-17T08:00:00Z,0.0001,8
ETHUSDT,2023-12-17T08:00:00Z,0.0001,8
SOLUSDT,2023-12-17T08:00:00Z,0.0001,8
BTCUSDT,2023-12-17T16:00:00Z,0.0001,8
ETHUSDT,2023-12-17T16:00:00Z,0.00011402,8
SOLUSDT,2023-12-17T16:00:00Z,0.0001,8
BTCUSDT,2023-12-18T00:00:00Z,0.00013355,8
ETHUSDT,2023-12-18T00:00:00Z,0.00015083,8
SOLUSDT,2023-12-18T00:00:00Z,0.0001,8
BTCUSDT,2023-12-18T08:00:00Z,0.0001,8
ETHUSDT,2023-12-18T08:00:00Z,0.0001,8
SOLUSDT,2023-12-18T08:00:00Z,0.0001,8
BTCUSDT,2023-12-18T16:00:00Z,0.00015611,8
ETHUSDT,2023-12-18T16:00:00Z,0.0001,8
SOLUSDT,2023-12-18T16:00:00Z,0.0001,8
BTCUSDT,2023-12-19T00:00:00Z,0.0001,8
ETHUSDT,2023-12-19T00:00:00Z,0.0001,8
SOLUSDT,2023-12-19T00:00:00Z,0.0001,8
BTCUSDT,2023-12-19T08:00:00Z,0.0001,8
ETHUSDT,2023-12-19T08:00:00Z,0.0001,8
SOLUSDT,2023-12-19T08:00:00Z,0.0001,8
BTCUSDT,2023-12-19T16:00:00Z,0.0001,8
ETHUSDT,2023-12-19T16:00:00Z,0.0001,8
SOLUSDT,2023-12-19T16:00:00Z,0.0001033,8
BTCUSDT,2023-12-20T00:00:00Z,0.00010506,8
ETHUSDT,2023-12-20T00:00:00Z,0.0001,8
SOLUSDT,2023-12-20T00:00:00Z,0.0001,8
BTCUSDT,2023-12-20T08:00:00Z,0.0001,8
ETHUSDT,2023-12-20T08:00:00Z,0.0001,8
SOLUSDT,2023-12-20T08:00:00Z,0.00028564,8
BTCUSDT,2023-12-20T16:00:00Z,0.00023637,8
ETHUSDT,2023-12-20T16:00:00Z,0.00023154,8
SOLUSDT,2023-12-20T16:00:00Z,0.00018812,8
BTCUSDT,2023-12-21T00:00:00Z,0.00027143,8
ETHUSDT,2023-12-21T00:00:00Z,0.00026163,8
SOLUSDT,2023-12-21T00:00:00Z,0.0001,8
BTCUSDT,2023-12-21T08:00:00Z,0.00029216,8
ETHUSDT,2023-12-21T08:00:00Z,0.0002655,8
SOLUSDT,2023-12-21T08:00:00Z,0.0001,8
BTCUSDT,2023-12-21T16:00:00Z,0.00028948,8
ETHUSDT,2023-12-21T16:00:00Z,0.00042074,8
SOLUSDT,2023-12-21T16:00:00Z,0.0001,8
BTCUSDT,2023-12-22T00:00:00Z,0.00030806,8
ETHUSDT,2023-12-22T00:00:00Z,0.00044152,8
SOLUSDT,2023-12-22T00:00:00Z,0.00031152,8
BTCUSDT,2023-12-22T08:00:00Z,0.0002961,8
ETHUSDT,2023-12-22T08:00:00Z,0.00043341,8
SOLUSDT,2023-12-22T08:00:00Z,0.00036827,8
BTCUSDT,2023-12-22T16:00:00Z,0.00018011,8
ETHUSDT,2023-12-22T16:00:00Z,0.00051141,8
SOLUSDT,2023-12-22T16:00:00Z,0.00012814,8
BTCUSDT,2023-12-23T00:00:00Z,0.00016285,8
ETHUSDT,2023-12-23T00:00:00Z,0.0001854,8
SOLUSDT,2023-12-23T00:00:00Z,0.0001,8
BTCUSDT,2023-12-23T08:00:00Z,0.0001,8
ETHUSDT,2023-12-23T08:00:00Z,0.00012586,8
SOLUSDT,2023-12-23T08:00:00Z,0.00018694,8
BTCUSDT,2023-12-23T16:00:00Z,0.00015066,8
ETHUSDT,2023-12-23T16:00:00Z,0.00017945,8
SOLUSDT,2023-12-23T16:00:00Z,0.0001,8
BTCUSDT,2023-12-24T00:00:00Z,0.0001,8
ETHUSDT,2023-12-24T00:00:00Z,0.00013318,8
SOLUSDT,2023-12-24T00:00:00Z,0.00034505,8
BTCUSDT,2023-12-24T08:00:00Z,0.0002079,8
ETHUSDT,2023-12-24T08:00:00Z,0.00021857,8
SOLUSDT,2023-12-24T08:00:00Z,0.00025777,8
BTCUSDT,2023-12-24T16:00:00Z,0.00019729,8
ETHUSDT,2023-12-24T16:00:00Z,0.00019769,8
SOLUSDT,2023-12-24T16:00:00Z,0.00012453,8
BTCUSDT,2023-12-25T00:00:00Z,0.0001,8
ETHUSDT,2023-12-25T00:00:00Z,0.00013827,8
SOLUSDT,2023-12-25T00:00:00Z,0.0001913,8
BTCUSDT,2023-12-25T08:00:00Z,0.0001,8
ETHUSDT,2023-12-25T08:00:00Z,0.00021479,8
SOLUSDT,2023-12-25T08:00:00Z,0.00018571,8
BTCUSDT,2023-12-25T16:00:00Z,0.00037908,8
ETHUSDT,2023-12-25T16:00:00Z,0.0004388,8
SOLUSDT,2023-12-25T16:00:00Z,0.00063964,8
BTCUSDT,2023-12-26T00:00:00Z,0.00043391,8
ETHUSDT,2023-12-26T00:00:00Z,0.00050051,8
SOLUSDT,2023-12-26T00:00:00Z,0.00029627,8
BTCUSDT,2023-12-26T08:00:00Z,0.00023757,8
ETHUSDT,2023-12-26T08:00:00Z,0.00029501,8
SOLUSDT,2023-12-26T08:00:00Z,0.00012594,8
BTCUSDT,2023-12-26T16:00:00Z,0.00029559,8
ETHUSDT,2023-12-26T16:00:00Z,0.00036888,8
SOLUSDT,2023-12-26T16:00:00Z,0.00014423,8
BTCUSDT,2023-12-27T00:00:00Z,0.00027621,8
ETHUSDT,2023-12-27T00:00:00Z,0.0003153,8
SOLUSDT,2023-12-27T00:00:00Z,0.0001,8
BTCUSDT,2023-12-27T08:00:00Z,0.00037942,8
ETHUSDT,2023-12-27T08:00:00Z,0.00040955,8
SOLUSDT,2023-12-27T08:00:00Z,0.00041146,8
BTCUSDT,2023-12-27T16:00:00Z,0.00032304,8
ETHUSDT,2023-12-27T16:00:00Z,0.00049072,8
SOLUSDT,2023-12-27T16:00:00Z,0.00067699,8
BTCUSDT,2023-12-28T00:00:00Z,0.00013021,8
ETHUSDT,2023-12-28T00:00:00Z,0.00027263,8
SOLUSDT,2023-12-28T00:00:00Z,0.00053993,8
BTCUSDT,2023-12-28T08:00:00Z,0.00037879,8
ETHUSDT,2023-12-28T08:00:00Z,0.00057135,8
SOLUSDT,2023-12-28T08:00:00Z,0.00086297,8
BTCUSDT,2023-12-28T16:00:00Z,0.00050152,8
ETHUSDT,2023-12-28T16:00:00Z,0.00049862,8
SOLUSDT,2023-12-28T16:00:00Z,0.00084399,8
BTCUSDT,2023-12-29T00:00:00Z,0.0005517,8
ETHUSDT,2023-12-29T00:00:00Z,0.00044508,8
SOLUSDT,2023-12-29T00:00:00Z,0.00050327,8
BTCUSDT,2023-12-29T08:00:00Z,0.00049912,8
ETHUSDT,2023-12-29T08:00:00Z,0.00049499,8
SOLUSDT,2023-12-29T08:00:00Z,0.00040365,8
BTCUSDT,2023-12-29T16:00:00Z,0.00047082,8
ETHUSDT,2023-12-29T16:00:00Z,0.00047123,8
SOLUSDT,2023-12-29T16:00:00Z,0.00044869,8
BTCUSDT,2023-12-30T00:00:00Z,0.00033033,8
ETHUSDT,2023-12-30T00:00:00Z,0.00027255,8
SOLUSDT,2023-12-30T00:00:00Z,0.00046726,8
BTCUSDT,2023-12-30T08:00:00Z,0.0004358,8
ETHUSDT,2023-12-30T08:00:00Z,0.00031443,8
SOLUSDT,2023-12-30T08:00:00Z,0.00024082,8
BTCUSDT,2023-12-30T16:00:00Z,0.00037842,8
ETHUSDT,2023-12-30T16:00:00Z,0.00026513,8
SOLUSDT,2023-12-30T16:00:00Z,0.00030813,8
BTCUSDT,2023-12-31T00:00:00Z,0.00027855,8
ETHUSDT,2023-12-31T00:00:00Z,0.00021714,8
SOLUSDT,2023-12-31T00:00:00Z,0.00034362,8
BTCUSDT,2023-12-31T08:00:00Z,0.00034573,8
ETHUSDT,2023-12-31T08:00:00Z,0.00027824,8
SOLUSDT,2023-12-31T08:00:00Z,0.00052654,8
BTCUSDT,2023-12-31T16:00:00Z,0.00033597,8
ETHUSDT,2023-12-31T16:00:00Z,0.00031621,8
SOLUSDT,2023-12-31T16:00:00Z,0.00041035,8
BTCUSDT,2024-01-01T00:00:00Z,0.00037409,8
ETHUSDT,2024-01-01T00:00:00Z,0.00027858,8
SOLUSDT,2024-01-01T00:00:00Z,0.0002241,8
BTCUSDT,2024-01-01T08:00:00Z,0.00027213,8
ETHUSDT,2024-01-01T08:00:00Z,0.00031096,8
SOLUSDT,2024-01-01T08:00:00Z,0.00032989,8
BTCUSDT,2024-01-01T16:00:00Z,0.00033601,8
ETHUSDT,2024-01-01T16:00:00Z,0.00043011,8
SOLUSDT,2024-01-01T16:00:00Z,0.00051477,8
BTCUSDT,2024-01-02T00:00:00Z,0.00065846,8
ETHUSDT,2024-01-02T00:00:00Z,0.00053505,8
SOLUSDT,2024-01-02T00:00:00Z,0.00057513,8
BTCUSDT,2024-01-02T08:00:00Z,0.00035179,8
ETHUSDT,2024-01-02T08:00:00Z,0.0005124,8
SOLUSDT,2024-01-02T08:00:00Z,0.00046798,8
BTCUSDT,2024-01-02T16:00:00Z,0.0005373,8
ETHUSDT,2024-01-02T16:00:00Z,0.00063801,8
SOLUSDT,2024-01-02T16:00:00Z,0.00096801,8
BTCUSDT,2024-01-03T00:00:00Z,0.00021159,8
ETHUSDT,2024-01-03T00:00:00Z,0.00028538,8
SOLUSDT,2024-01-03T00:00:00Z,0.00032289,8
BTCUSDT,2024-01-03T08:00:00Z,0.00017123,8
ETHUSDT,2024-01-03T08:00:00Z,0.00024384,8
SOLUSDT,2024-01-03T08:00:00Z,0.00013468,8
BTCUSDT,2024-01-03T16:00:00Z,0.0001,8
ETHUSDT,2024-01-03T16:00:00Z,0.0001,8
SOLUSDT,2024-01-03T16:00:00Z,0.0001,8
BTCUSDT,2024-01-04T00:00:00Z,0.0001,8
ETHUSDT,2024-01-04T00:00:00Z,0.0001,8
SOLUSDT,2024-01-04T00:00:00Z,0.0001,8
BTCUSDT,2024-01-04T08:00:00Z,0.0001,8
ETHUSDT,2024-01-04T08:00:00Z,0.0001,8
SOLUSDT,2024-01-04T08:00:00Z,0.0001,8
BTCUSDT,2024-01-04T16:00:00Z,0.0001,8
ETHUSDT,2024-01-04T16:00:00Z,0.0001,8
SOLUSDT,2024-01-04T16:00:00Z,0.0001,8
BTCUSDT,2024-01-05T00:00:00Z,0.0001,8
ETHUSDT,2024-01-05T00:00:00Z,0.0001,8
SOLUSDT,2024-01-05T00:00:00Z,0.0001,8
BTCUSDT,2024-01-05T08:00:00Z,0.0001,8
ETHUSDT,2024-01-05T08:00:00Z,0.0001,8
SOLUSDT,2024-01-05T08:00:00Z,0.0001,8
BTCUSDT,2024-01-05T16:00:00Z,0.0001,8
ETHUSDT,2024-01-05T16:00:00Z,0.0001,8
SOLUSDT,2024-01-05T16:00:00Z,0.0001,8
BTCUSDT,2024-01-06T00:00:00Z,0.0001,8
ETHUSDT,2024-01-06T00:00:00Z,0.0001,8
SOLUSDT,2024-01-06T00:00:00Z,0.0001,8
BTCUSDT,2024-01-06T08:00:00Z,0.0001,8
ETHUSDT,2024-01-06T08:00:00Z,0.0001,8
SOLUSDT,2024-01-06T08:00:00Z,0.0001,8
BTCUSDT,2024-01-06T16:00:00Z,0.0001,8
ETHUSDT,2024-01-06T16:00:00Z,0.0001,8
SOLUSDT,2024-01-06T16:00:00Z,0.0001,8
BTCUSDT,2024-01-07T00:00:00Z,0.0001,8
ETHUSDT,2024-01-07T00:00:00Z,0.0001,8
SOLUSDT,2024-01-07T00:00:00Z,0.0001,8
BTCUSDT,2024-01-07T08:00:00Z,0.0001,8
ETHUSDT,2024-01-07T08:00:00Z,0.0001,8
SOLUSDT,2024-01-07T08:00:00Z,0.0001,8
BTCUSDT,2024-01-07T16:00:00Z,0.0001,8
ETHUSDT,2024-01-07T16:00:00Z,0.0001,8
SOLUSDT,2024-01-07T16:00:00Z,0.0001,8
BTCUSDT,2024-01-08T00:00:00Z,0.0001,8
ETHUSDT,2024-01-08T00:00:00Z,0.0001,8
SOLUSDT,2024-01-08T00:00:00Z,0.0001,8
BTCUSDT,2024-01-08T08:00:00Z,0.0001,8
ETHUSDT,2024-01-08T08:00:00Z,0.0001,8
SOLUSDT,2024-01-08T08:00:00Z,0.0001,8
BTCUSDT,2024-01-08T16:00:00Z,0.0001,8
ETHUSDT,2024-01-08T16:00:00Z,0.0001,8
SOLUSDT,2024-01-08T16:00:00Z,0.0001,8
BTCUSDT,2024-01-09T00:00:00Z,0.0001,8
ETHUSDT,2024-01-09T00:00:00Z,0.0001,8
SOLUSDT,2024-01-09T00:00:00Z,0.0001,8
BTCUSDT,2024-01-09T08:00:00Z,0.0001,8
ETHUSDT,2024-01-09T08:00:00Z,0.0001,8
SOLUSDT,2024-01-09T08:00:00Z,0.0001,8
BTCUSDT,2024-01-09T16:00:00Z,0.0001,8
ETHUSDT,2024-01-09T16:00:00Z,0.0001,8
SOLUSDT,2024-01-09T16:00:00Z,0.0001,8
BTCUSDT,2024-01-10T00:00:00Z,0.0001,8
ETHUSDT,2024-01-10T00:00:00Z,0.0001,8
SOLUSDT,2024-01-10T00:00:00Z,0.0001,8
BTCUSDT,2024-01-10T08:00:00Z,0.0001,8
ETHUSDT,2024-01-10T08:00:00Z,0.0001,8
SOLUSDT,2024-01-10T08:00:00Z,0.0001,8
BTCUSDT,2024-01-10T16:00:00Z,0.0001,8
ETHUSDT,2024-01-10T16:00:00Z,0.0001,8
SOLUSDT,2024-01-10T16:00:00Z,0.0001,8
BTCUSDT,2024-01-11T00:00:00Z,0.0001,8
ETHUSDT,2024-01-11T00:00:00Z,0.0001,8
SOLUSDT,2024-01-11T00:00:00Z,0.0001,8
BTCUSDT,2024-01-11T08:00:00Z,0.0001,8
ETHUSDT,2024-01-11T08:00:00Z,0.0001,8
SOLUSDT,2024-01-11T08:00:00Z,0.0001,8
BTCUSDT,2024-01-11T16:00:00Z,0.0001,8
ETHUSDT,2024-01-11T16:00:00Z,0.0001,8
SOLUSDT,2024-01-11T16:00:00Z,0.0001,8
BTCUSDT,2024-01-12T00:00:00Z,0.0001,8
ETHUSDT,2024-01-12T00:00:00Z,0.0001,8
SOLUSDT,2024-01-12T00:00:00Z,0.0001,8
BTCUSDT,2024-01-12T08:00:00Z,0.0001,8
ETHUSDT,2024-01-12T08:00:00Z,0.0001,8
SOLUSDT,2024-01-12T08:00:00Z,0.0001,8
BTCUSDT,2024-01-12T16:00:00Z,0.0001,8
ETHUSDT,2024-01-12T16:00:00Z,0.0001,8
SOLUSDT,2024-01-12T16:00:00Z,0.0001,8
BTCUSDT,2024-01-13T00:00:00Z,0.0001,8
ETHUSDT,2024-01-13T00:00:00Z,0.0001,8
SOLUSDT,2024-01-13T00:00:00Z,0.0001,8
BTCUSDT,2024-01-13T08:00:00Z,0.0001,8
ETHUSDT,2024-01-13T08:00:00Z,0.0001,8
SOLUSDT,2024-01-13T08:00:00Z,0.0001,8
BTCUSDT,2024-01-13T16:00:00Z,0.0001,8
ETHUSDT,2024-01-13T16:00:00Z,0.0001,8
SOLUSDT,2024-01-13T16:00:00Z,0.0001,8
BTCUSDT,2024-01-14T00:00:00Z,0.0001,8
ETHUSDT,2024-01-14T00:00:00Z,0.0001,8
SOLUSDT,2024-01-14T00:00:00Z,0.0001,8
BTCUSDT,2024-01-14T08:00:00Z,0.0001,8
ETHUSDT,2024-01-14T08:00:00Z,0.0001,8
SOLUSDT,2024-01-14T08:00:00Z,0.0001,8
BTCUSDT,2024-01-14T16:00:00Z,0.0001,8
ETHUSDT,2024-01-14T16:00:00Z,0.0001,8
SOLUSDT,2024-01-14T16:00:00Z,0.0001,8
BTCUSDT,2024-01-15T00:00:00Z,0.0001,8
ETHUSDT,2024-01-15T00:00:00Z,0.0001,8
SOLUSDT,2024-01-15T00:00:00Z,0.0001,8
BTCUSDT,2024-01-15T08:00:00Z,0.0001,8
ETHUSDT,2024-01-15T08:00:00Z,0.0001,8
SOLUSDT,2024-01-15T08:00:00Z,0.0001,8
BTCUSDT,2024-01-15T16:00:00Z,0.0001,8
ETHUSDT,2024-01-15T16:00:00Z,0.0001,8
SOLUSDT,2024-01-15T16:00:00Z,0.0001,8
BTCUSDT,2024-01-16T00:00:00Z,0.0001,8
ETHUSDT,2024-01-16T00:00:00Z,0.0001,8
SOLUSDT,2024-01-16T00:00:00Z,0.0001,8
BTCUSDT,2024-01-16T08:00:00Z,0.0001,8
ETHUSDT,2024-01-16T08:00:00Z,0.0001,8
SOLUSDT,2024-01-16T08:00:00Z,0.0001,8
BTCUSDT,2024-01-16T16:00:00Z,0.0001,8
ETHUSDT,2024-01-16T16:00:00Z,0.0001,8
SOLUSDT,2024-01-16T16:00:00Z,0.0001,8
BTCUSDT,2024-01-17T00:00:00Z,0.0001,8
ETHUSDT,2024-01-17T00:00:00Z,0.0001,8
SOLUSDT,2024-01-17T00:00:00Z,0.0001,8
BTCUSDT,2024-01-17T08:00:00Z,0.0001,8
ETHUSDT,2024-01-17T08:00:00Z,0.0001,8
SOLUSDT,2024-01-17T08:00:00Z,0.0001,8
BTCUSDT,2024-01-17T16:00:00Z,0.0001,8
ETHUSDT,2024-01-17T16:00:00Z,0.0001,8
SOLUSDT,2024-01-17T16:00:00Z,0.0001,8
BTCUSDT,2024-01-18T00:00:00Z,0.0001,8
ETHUSDT,2024-01-18T00:00:00Z,0.0001,8
SOLUSDT,2024-01-18T00:00:00Z,0.0001,8
BTCUSDT,2024-01-18T08:00:00Z,0.0001,8
ETHUSDT,2024-01-18T08:00:00Z,0.0001,8
SOLUSDT,2024-01-18T08:00:00Z,0.0001,8
BTCUSDT,2024-01-18T16:00:00Z,0.0001,8
ETHUSDT,2024-01-18T16:00:00Z,0.0001,8
SOLUSDT,2024-01-18T16:00:00Z,0.0001,8
BTCUSDT,2024-01-19T00:00:00Z,0.0001,8
ETHUSDT,2024-01-19T00:00:00Z,0.0001,8
SOLUSDT,2024-01-19T00:00:00Z,0.0001,8
BTCUSDT,2024-01-19T08:00:00Z,0.0001,8
ETHUSDT,2024-01-19T08:00:00Z,0.0001,8
SOLUSDT,2024-01-19T08:00:00Z,0.0001,8
BTCUSDT,2024-01-19T16:00:00Z,0.0001,8
ETHUSDT,2024-01-19T16:00:00Z,0.0001,8
SOLUSDT,2024-01-19T16:00:00Z,0.0001,8
BTCUSDT,2024-01-20T00:00:00Z,0.0001,8
ETHUSDT,2024-01-20T00:00:00Z,0.0001,8
SOLUSDT,2024-01-20T00:00:00Z,0.0001,8
BTCUSDT,2024-01-20T08:00:00Z,0.0001,8
ETHUSDT,2024-01-20T08:00:00Z,0.0001,8
SOLUSDT,2024-01-20T08:00:00Z,0.0001,8
BTCUSDT,2024-01-20T16:00:00Z,0.0001,8
ETHUSDT,2024-01-20T16:00:00Z,0.0001,8
SOLUSDT,2024-01-20T16:00:00Z,0.0001,8
BTCUSDT,2024-01-21T00:00:00Z,0.0001,8
ETHUSDT,2024-01-21T00:00:00Z,0.0001,8
SOLUSDT,2024-01-21T00:00:00Z,0.0001,8
BTCUSDT,2024-01-21T08:00:00Z,0.0001,8
ETHUSDT,2024-01-21T08:00:00Z,0.0001,8
SOLUSDT,2024-01-21T08:00:00Z,0.0001,8
BTCUSDT,2024-01-21T16:00:00Z,0.0001,8
ETHUSDT,2024-01-21T16:00:00Z,0.0001,8
SOLUSDT,2024-01-21T16:00:00Z,0.0001,8
BTCUSDT,2024-01-22T00:00:00Z,0.0001,8
ETHUSDT,2024-01-22T00:00:00Z,0.0001,8
SOLUSDT,2024-01-22T00:00:00Z,0.0001,8
BTCUSDT,2024-01-22T08:00:00Z,0.0001,8
ETHUSDT,2024-01-22T08:00:00Z,0.0001,8
SOLUSDT,2024-01-22T08:00:00Z,0.0001,8
BTCUSDT,2024-01-22T16:00:00Z,0.0001,8
ETHUSDT,2024-01-22T16:00:00Z,0.0001,8
SOLUSDT,2024-01-22T16:00:00Z,0.0001,8
BTCUSDT,2024-01-23T00:00:00Z,0.0001,8
ETHUSDT,2024-01-23T00:00:00Z,0.0001,8
SOLUSDT,2024-01-23T00:00:00Z,0.0001,8
BTCUSDT,2024-01-23T08:00:00Z,0.0001,8
ETHUSDT,2024-01-23T08:00:00Z,0.0001,8
SOLUSDT,2024-01-23T08:00:00Z,0.0001,8
BTCUSDT,2024-01-23T16:00:00Z,0.0001,8
ETHUSDT,2024-01-23T16:00:00Z,0.0001,8
SOLUSDT,2024-01-23T16:00:00Z,0.0001,8
BTCUSDT,2024-01-24T00:00:00Z,0.0001,8
ETHUSDT,2024-01-24T00:00:00Z,0.0001,8
SOLUSDT,2024-01-24T00:00:00Z,0.0001,8
BTCUSDT,2024-01-24T08:00:00Z,0.0001,8
ETHUSDT,2024-01-24T08:00:00Z,0.0001,8
SOLUSDT,2024-01-24T08:00:00Z,0.0001,8
BTCUSDT,2024-01-24T16:00:00Z,0.0001,8
ETHUSDT,2024-01-24T16:00:00Z,0.0001,8
SOLUSDT,2024-01-24T16:00:00Z,0.0001,8
BTCUSDT,2024-01-25T00:00:00Z,0.0001,8
ETHUSDT,2024-01-25T00:00:00Z,0.0001,8
SOLUSDT,2024-01-25T00:00:00Z,0.0001,8
BTCUSDT,2024-01-25T08:00:00Z,0.0001,8
ETHUSDT,2024-01-25T08:00:00Z,0.0001,8
SOLUSDT,2024-01-25T08:00:00Z,0.0001,8
BTCUSDT,2024-01-25T16:00:00Z,0.0001,8
ETHUSDT,2024-01-25T16:00:00Z,0.0001,8
SOLUSDT,2024-01-25T16:00:00Z,0.0001,8
BTCUSDT,2024-01-26T00:00:00Z,0.0001,8
ETHUSDT,2024-01-26T00:00:00Z,0.0001,8
SOLUSDT,2024-01-26T00:00:00Z,0.0001,8
BTCUSDT,2024-01-26T08:00:00Z,0.0001,8
ETHUSDT,2024-01-26T08:00:00Z,0.0001,8
SOLUSDT,2024-01-26T08:00:00Z,0.0001,8
BTCUSDT,2024-01-26T16:00:00Z,0.0001,8
ETHUSDT,2024-01-26T16:00:00Z,0.0001,8
SOLUSDT,2024-01-26T16:00:00Z,7.999e-05,8
BTCUSDT,2024-01-27T00:00:00Z,8.966e-05,8
ETHUSDT,2024-01-27T00:00:00Z,6.877e-05,8
SOLUSDT,2024-01-27T00:00:00Z,0.0001,8
BTCUSDT,2024-01-27T08:00:00Z,0.0001,8
ETHUSDT,2024-01-27T08:00:00Z,0.0001,8
SOLUSDT,2024-01-27T08:00:00Z,0.0001,8
BTCUSDT,2024-01-27T16:00:00Z,8.3e-05,8
ETHUSDT,2024-01-27T16:00:00Z,0.0001,8
SOLUSDT,2024-01-27T16:00:00Z,0.0001,8
BTCUSDT,2024-01-28T00:00:00Z,0.0001,8
ETHUSDT,2024-01-28T00:00:00Z,6.557e-05,8
SOLUSDT,2024-01-28T00:00:00Z,8.902e-05,8
BTCUSDT,2024-01-28T08:00:00Z,4.725e-05,8
ETHUSDT,2024-01-28T08:00:00Z,6.135e-05,8
SOLUSDT,2024-01-28T08:00:00Z,2.568e-05,8
BTCUSDT,2024-01-28T16:00:00Z,0.0001,8
ETHUSDT,2024-01-28T16:00:00Z,8.266e-05,8
SOLUSDT,2024-01-28T16:00:00Z,0.0001,8
BTCUSDT,2024-01-29T00:00:00Z,0.0001,8
ETHUSDT,2024-01-29T00:00:00Z,0.0001,8
SOLUSDT,2024-01-29T00:00:00Z,0.0001,8
BTCUSDT,2024-01-29T08:00:00Z,9.142e-05,8
ETHUSDT,2024-01-29T08:00:00Z,0.0001,8
SOLUSDT,2024-01-29T08:00:00Z,3.929e-05,8
BTCUSDT,2024-01-29T16:00:00Z,0.0001,8
ETHUSDT,2024-01-29T16:00:00Z,0.0001,8
SOLUSDT,2024-01-29T16:00:00Z,0.0001,8
BTCUSDT,2024-01-30T00:00:00Z,0.0001,8
ETHUSDT,2024-01-30T00:00:00Z,0.0001,8
SOLUSDT,2024-01-30T00:00:00Z,0.0001,8
BTCUSDT,2024-01-30T08:00:00Z,9.492e-05,8
ETHUSDT,2024-01-30T08:00:00Z,6.195e-05,8
SOLUSDT,2024-01-30T08:00:00Z,4.333e-05,8
BTCUSDT,2024-01-30T16:00:00Z,5.149e-05,8
ETHUSDT,2024-01-30T16:00:00Z,0.0001,8
SOLUSDT,2024-01-30T16:00:00Z,0.0001,8
BTCUSDT,2024-01-31T00:00:00Z,2.154e-05,8
ETHUSDT,2024-01-31T00:00:00Z,0.0001,8
SOLUSDT,2024-01-31T00:00:00Z,0.0001,8
BTCUSDT,2024-01-31T08:00:00Z,0.0001,8
ETHUSDT,2024-01-31T08:00:00Z,0.0001,8
SOLUSDT,2024-01-31T08:00:00Z,5.702e-05,8
BTCUSDT,2024-01-31T16:00:00Z,0.0001,8
ETHUSDT,2024-01-31T16:00:00Z,0.0001,8
SOLUSDT,2024-01-31T16:00:00Z,0.0001,8
BTCUSDT,2024-02-01T00:00:00Z,0.0001,8
ETHUSDT,2024-02-01T00:00:00Z,5.527e-05,8
SOLUSDT,2024-02-01T00:00:00Z,5.15e-05,8
BTCUSDT,2024-02-01T08:00:00Z,0.0001,8
ETHUSDT,2024-02-01T08:00:00Z,7.871e-05,8
SOLUSDT,2024-02-01T08:00:00Z,0.0001,8
BTCUSDT,2024-02-01T16:00:00Z,0.0001,8
ETHUSDT,2024-02-01T16:00:00Z,0.0001,8
SOLUSDT,2024-02-01T16:00:00Z,7.451e-05,8
BTCUSDT,2024-02-02T00:00:00Z,0.0001,8
ETHUSDT,2024-02-02T00:00:00Z,0.0001,8
SOLUSDT,2024-02-02T00:00:00Z,0.0001,8
BTCUSDT,2024-02-02T08:00:00Z,0.0001,8
ETHUSDT,2024-02-02T08:00:00Z,3.678e-05,8
SOLUSDT,2024-02-02T08:00:00Z,0.0001,8
BTCUSDT,2024-02-02T16:00:00Z,0.0001,8
ETHUSDT,2024-02-02T16:00:00Z,0.0001,8
SOLUSDT,2024-02-02T16:00:00Z,0.0001,8
BTCUSDT,2024-02-03T00:00:00Z,7.627e-05,8
ETHUSDT,2024-02-03T00:00:00Z,8.15e-05,8
SOLUSDT,2024-02-03T00:00:00Z,0.0001,8
BTCUSDT,2024-02-03T08:00:00Z,9.042e-05,8
ETHUSDT,2024-02-03T08:00:00Z,0.0001,8
SOLUSDT,2024-02-03T08:00:00Z,9.726e-05,8
BTCUSDT,2024-02-03T16:00:00Z,8.028e-05,8
ETHUSDT,2024-02-03T16:00:00Z,4.476e-05,8
SOLUSDT,2024-02-03T16:00:00Z,0.0001,8
BTCUSDT,2024-02-04T00:00:00Z,8.307e-05,8
ETHUSDT,2024-02-04T00:00:00Z,3.18e-05,8
SOLUSDT,2024-02-04T00:00:00Z,0.0001,8
BTCUSDT,2024-02-04T08:00:00Z,8.846e-05,8
ETHUSDT,2024-02-04T08:00:00Z,9.094e-05,8
SOLUSDT,2024-02-04T08:00:00Z,0.0001,8
BTCUSDT,2024-02-04T16:00:00Z,0.0001,8
ETHUSDT,2024-02-04T16:00:00Z,0.0001,8
SOLUSDT,2024-02-04T16:00:00Z,0.0001,8
BTCUSDT,2024-02-05T00:00:00Z,0.0001,8
ETHUSDT,2024-02-05T00:00:00Z,0.0001,8
SOLUSDT,2024-02-05T00:00:00Z,0.0001,8
BTCUSDT,2024-02-05T08:00:00Z,0.0001,8
ETHUSDT,2024-02-05T08:00:00Z,0.0001,8
SOLUSDT,2024-02-05T08:00:00Z,0.0001,8
BTCUSDT,2024-02-05T16:00:00Z,0.0001,8
ETHUSDT,2024-02-05T16:00:00Z,0.0001,8
SOLUSDT,2024-02-05T16:00:00Z,0.0001,8
BTCUSDT,2024-02-06T00:00:00Z,0.0001,8
ETHUSDT,2024-02-06T00:00:00Z,5.691e-05,8
SOLUSDT,2024-02-06T00:00:00Z,5.616e-05,8
BTCUSDT,2024-02-06T08:00:00Z,6.723e-05,8
ETHUSDT,2024-02-06T08:00:00Z,0.0001,8
SOLUSDT,2024-02-06T08:00:00Z,0.0001,8
BTCUSDT,2024-02-06T16:00:00Z,0.0001,8
ETHUSDT,2024-02-06T16:00:00Z,0.0001,8
SOLUSDT,2024-02-06T16:00:00Z,0.0001,8
BTCUSDT,2024-02-07T00:00:00Z,7.527e-05,8
ETHUSDT,2024-02-07T00:00:00Z,7.659e-05,8
SOLUSDT,2024-02-07T00:00:00Z,0.0001,8
BTCUSDT,2024-02-07T08:00:00Z,5.373e-05,8
ETHUSDT,2024-02-07T08:00:00Z,4.883e-05,8
SOLUSDT,2024-02-07T08:00:00Z,0.0001,8
BTCUSDT,2024-02-07T16:00:00Z,8.306e-05,8
ETHUSDT,2024-02-07T16:00:00Z,4.309e-05,8
SOLUSDT,2024-02-07T16:00:00Z,0.0001,8
BTCUSDT,2024-02-08T00:00:00Z,0.0001,8
ETHUSDT,2024-02-08T00:00:00Z,0.0001,8
SOLUSDT,2024-02-08T00:00:00Z,0.0001,8
BTCUSDT,2024-02-08T08:00:00Z,6.535e-05,8
ETHUSDT,2024-02-08T08:00:00Z,7.523e-05,8
SOLUSDT,2024-02-08T08:00:00Z,0.0001,8
BTCUSDT,2024-02-08T16:00:00Z,2.59e-05,8
ETHUSDT,2024-02-08T16:00:00Z,9.802e-05,8
SOLUSDT,2024-02-08T16:00:00Z,0.0001,8
BTCUSDT,2024-02-09T00:00:00Z,3.16e-05,8
ETHUSDT,2024-02-09T00:00:00Z,7.752e-05,8
SOLUSDT,2024-02-09T00:00:00Z,7.069e-05,8
BTCUSDT,2024-02-09T08:00:00Z,0.0001,8
ETHUSDT,2024-02-09T08:00:00Z,0.0001,8
SOLUSDT,2024-02-09T08:00:00Z,3.075e-05,8
BTCUSDT,2024-02-09T16:00:00Z,9.801e-05,8
ETHUSDT,2024-02-09T16:00:00Z,0.0001,8
SOLUSDT,2024-02-09T16:00:00Z,0.0001,8
BTCUSDT,2024-02-10T00:00:00Z,8.041e-05,8
ETHUSDT,2024-02-10T00:00:00Z,7.838e-05,8
SOLUSDT,2024-02-10T00:00:00Z,0.0001,8
BTCUSDT,2024-02-10T08:00:00Z,0.0001,8
ETHUSDT,2024-02-10T08:00:00Z,9.615e-05,8
SOLUSDT,2024-02-10T08:00:00Z,0.0001,8
BTCUSDT,2024-02-10T16:00:00Z,0.0001,8
ETHUSDT,2024-02-10T16:00:00Z,9.995e-05,8
SOLUSDT,2024-02-10T16:00:00Z,0.0001,8
BTCUSDT,2024-02-11T00:00:00Z,0.0001,8
ETHUSDT,2024-02-11T00:00:00Z,0.0001,8
SOLUSDT,2024-02-11T00:00:00Z,0.0001,8
BTCUSDT,2024-02-11T08:00:00Z,0.0001,8
ETHUSDT,2024-02-11T08:00:00Z,0.0001,8
SOLUSDT,2024-02-11T08:00:00Z,0.0001,8
BTCUSDT,2024-02-11T16:00:00Z,0.0001,8
ETHUSDT,2024-02-11T16:00:00Z,4.792e-05,8
SOLUSDT,2024-02-11T16:00:00Z,0.0001,8
BTCUSDT,2024-02-12T00:00:00Z,0.0001,8
ETHUSDT,2024-02-12T00:00:00Z,5.076e-05,8
SOLUSDT,2024-02-12T00:00:00Z,0.0001,8
BTCUSDT,2024-02-12T08:00:00Z,0.0001,8
ETHUSDT,2024-02-12T08:00:00Z,9.971e-05,8
SOLUSDT,2024-02-12T08:00:00Z,0.0001,8
BTCUSDT,2024-02-12T16:00:00Z,0.0001,8
ETHUSDT,2024-02-12T16:00:00Z,0.0001,8
SOLUSDT,2024-02-12T16:00:00Z,0.0001,8
BTCUSDT,2024-02-13T00:00:00Z,0.0001,8
ETHUSDT,2024-02-13T00:00:00Z,0.0001,8
SOLUSDT,2024-02-13T00:00:00Z,0.0001,8
BTCUSDT,2024-02-13T08:00:00Z,0.0001,8
ETHUSDT,2024-02-13T08:00:00Z,0.0001,8
SOLUSDT,2024-02-13T08:00:00Z,0.00014166,8
BTCUSDT,2024-02-13T16:00:00Z,0.0001,8
ETHUSDT,2024-02-13T16:00:00Z,0.0001,8
SOLUSDT,2024-02-13T16:00:00Z,0.0001,8
BTCUSDT,2024-02-14T00:00:00Z,0.0001,8
ETHUSDT,2024-02-14T00:00:00Z,0.0001,8
SOLUSDT,2024-02-14T00:00:00Z,0.0001,8
BTCUSDT,2024-02-14T08:00:00Z,0.0001,8
ETHUSDT,2024-02-14T08:00:00Z,0.0001,8
SOLUSDT,2024-02-14T08:00:00Z,0.0001,8
BTCUSDT,2024-02-14T16:00:00Z,0.00012283,8
ETHUSDT,2024-02-14T16:00:00Z,0.00013082,8
SOLUSDT,2024-02-14T16:00:00Z,0.00029225,8
BTCUSDT,2024-02-15T00:00:00Z,0.0001,8
ETHUSDT,2024-02-15T00:00:00Z,0.0001,8
SOLUSDT,2024-02-15T00:00:00Z,0.00013572,8
BTCUSDT,2024-02-15T08:00:00Z,0.0001,8
ETHUSDT,2024-02-15T08:00:00Z,0.00012136,8
SOLUSDT,2024-02-15T08:00:00Z,0.00015932,8
BTCUSDT,2024-02-15T16:00:00Z,0.0001,8
ETHUSDT,2024-02-15T16:00:00Z,0.00015412,8
SOLUSDT,2024-02-15T16:00:00Z,0.00012,8
BTCUSDT,2024-02-16T00:00:00Z,0.0001,8
ETHUSDT,2024-02-16T00:00:00Z,0.00011125,8
SOLUSDT,2024-02-16T00:00:00Z,0.00022371,8
BTCUSDT,2024-02-16T08:00:00Z,0.0001,8
ETHUSDT,2024-02-16T08:00:00Z,0.00011597,8
SOLUSDT,2024-02-16T08:00:00Z,0.00032087,8
BTCUSDT,2024-02-16T16:00:00Z,0.0001,8
ETHUSDT,2024-02-16T16:00:00Z,0.0001,8
SOLUSDT,2024-02-16T16:00:00Z,0.00016914,8
BTCUSDT,2024-02-17T00:00:00Z,0.0001,8
ETHUSDT,2024-02-17T00:00:00Z,0.0001,8
SOLUSDT,2024-02-17T00:00:00Z,0.00017661,8
BTCUSDT,2024-02-17T08:00:00Z,0.0001,8
ETHUSDT,2024-02-17T08:00:00Z,0.0001,8
SOLUSDT,2024-02-17T08:00:00Z,0.00042046,8
BTCUSDT,2024-02-17T16:00:00Z,0.00016041,8
ETHUSDT,2024-02-17T16:00:00Z,0.00013519,8
SOLUSDT,2024-02-17T16:00:00Z,0.00028279,8
BTCUSDT,2024-02-18T00:00:00Z,0.0001724,8
ETHUSDT,2024-02-18T00:00:00Z,0.0001,8
SOLUSDT,2024-02-18T00:00:00Z,0.00022777,8
BTCUSDT,2024-02-18T08:00:00Z,0.00015305,8
ETHUSDT,2024-02-18T08:00:00Z,0.0001114,8
SOLUSDT,2024-02-18T08:00:00Z,0.00019395,8
BTCUSDT,2024-02-18T16:00:00Z,0.00017095,8
ETHUSDT,2024-02-18T16:00:00Z,0.0001,8
SOLUSDT,2024-02-18T16:00:00Z,0.00022192,8
BTCUSDT,2024-02-19T00:00:00Z,0.00023064,8
ETHUSDT,2024-02-19T00:00:00Z,0.0001,8
SOLUSDT,2024-02-19T00:00:00Z,0.0003023,8
BTCUSDT,2024-02-19T08:00:00Z,0.00019594,8
ETHUSDT,2024-02-19T08:00:00Z,0.0001,8
SOLUSDT,2024-02-19T08:00:00Z,0.00029566,8
BTCUSDT,2024-02-19T16:00:00Z,0.00013327,8
ETHUSDT,2024-02-19T16:00:00Z,0.0001,8
SOLUSDT,2024-02-19T16:00:00Z,0.00031944,8
BTCUSDT,2024-02-20T00:00:00Z,0.00010461,8
ETHUSDT,2024-02-20T00:00:00Z,0.000265,8
SOLUSDT,2024-02-20T00:00:00Z,0.0004747,8
BTCUSDT,2024-02-20T08:00:00Z,0.00010912,8
ETHUSDT,2024-02-20T08:00:00Z,0.0001,8
SOLUSDT,2024-02-20T08:00:00Z,0.00029934,8
BTCUSDT,2024-02-20T16:00:00Z,0.00020259,8
ETHUSDT,2024-02-20T16:00:00Z,0.00025431,8
SOLUSDT,2024-02-20T16:00:00Z,0.00031742,8
BTCUSDT,2024-02-21T00:00:00Z,0.0001,8
ETHUSDT,2024-02-21T00:00:00Z,0.00020319,8
SOLUSDT,2024-02-21T00:00:00Z,0.00016255,8
BTCUSDT,2024-02-21T08:00:00Z,0.00011242,8
ETHUSDT,2024-02-21T08:00:00Z,0.00011802,8
SOLUSDT,2024-02-21T08:00:00Z,0.0002531,8
BTCUSDT,2024-02-21T16:00:00Z,0.0001,8
ETHUSDT,2024-02-21T16:00:00Z,0.0001,8
SOLUSDT,2024-02-21T16:00:00Z,0.0001773,8
BTCUSDT,2024-02-22T00:00:00Z,0.0001,8
ETHUSDT,2024-02-22T00:00:00Z,0.0001,8
SOLUSDT,2024-02-22T00:00:00Z,0.00016351,8
BTCUSDT,2024-02-22T08:00:00Z,0.0001348,8
ETHUSDT,2024-02-22T08:00:00Z,0.0001,8
SOLUSDT,2024-02-22T08:00:00Z,0.00021049,8
BTCUSDT,2024-02-22T16:00:00Z,0.00012557,8
ETHUSDT,2024-02-22T16:00:00Z,0.0001,8
SOLUSDT,2024-02-22T16:00:00Z,0.00018339,8
BTCUSDT,2024-02-23T00:00:00Z,0.0001,8
ETHUSDT,2024-02-23T00:00:00Z,0.0001,8
SOLUSDT,2024-02-23T00:00:00Z,0.00026289,8
BTCUSDT,2024-02-23T08:00:00Z,0.0001,8
ETHUSDT,2024-02-23T08:00:00Z,0.0001,8
SOLUSDT,2024-02-23T08:00:00Z,0.00032841,8
BTCUSDT,2024-02-23T16:00:00Z,0.00012991,8
ETHUSDT,2024-02-23T16:00:00Z,0.0001,8
SOLUSDT,2024-02-23T16:00:00Z,0.00016957,8
BTCUSDT,2024-02-24T00:00:00Z,0.0001,8
ETHUSDT,2024-02-24T00:00:00Z,0.0001,8
SOLUSDT,2024-02-24T00:00:00Z,0.00027113,8
BTCUSDT,2024-02-24T08:00:00Z,0.0001,8
ETHUSDT,2024-02-24T08:00:00Z,0.0001,8
SOLUSDT,2024-02-24T08:00:00Z,0.00033132,8
BTCUSDT,2024-02-24T16:00:00Z,0.0001,8
ETHUSDT,2024-02-24T16:00:00Z,0.0001,8
SOLUSDT,2024-02-24T16:00:00Z,0.0002623,8
BTCUSDT,2024-02-25T00:00:00Z,0.00011438,8
ETHUSDT,2024-02-25T00:00:00Z,0.0001,8
SOLUSDT,2024-02-25T00:00:00Z,0.00027207,8
BTCUSDT,2024-02-25T08:00:00Z,0.00015012,8
ETHUSDT,2024-02-25T08:00:00Z,0.00025856,8
SOLUSDT,2024-02-25T08:00:00Z,0.00041614,8
BTCUSDT,2024-02-25T16:00:00Z,0.00015062,8
ETHUSDT,2024-02-25T16:00:00Z,0.0002111,8
SOLUSDT,2024-02-25T16:00:00Z,0.00042645,8
BTCUSDT,2024-02-26T00:00:00Z,0.00026761,8
ETHUSDT,2024-02-26T00:00:00Z,0.00059496,8
SOLUSDT,2024-02-26T00:00:00Z,0.00055329,8
BTCUSDT,2024-02-26T08:00:00Z,0.00021567,8
ETHUSDT,2024-02-26T08:00:00Z,0.00018258,8
SOLUSDT,2024-02-26T08:00:00Z,0.00055349,8
BTCUSDT,2024-02-26T16:00:00Z,0.00027227,8
ETHUSDT,2024-02-26T16:00:00Z,0.00020172,8
SOLUSDT,2024-02-26T16:00:00Z,0.00038701,8
BTCUSDT,2024-02-27T00:00:00Z,0.00032262,8
ETHUSDT,2024-02-27T00:00:00Z,0.00028561,8
SOLUSDT,2024-02-27T00:00:00Z,0.00060184,8
BTCUSDT,2024-02-27T08:00:00Z,0.00073521,8
ETHUSDT,2024-02-27T08:00:00Z,0.00066751,8
SOLUSDT,2024-02-27T08:00:00Z,0.00069189,8
BTCUSDT,2024-02-27T16:00:00Z,0.00022965,8
ETHUSDT,2024-02-27T16:00:00Z,0.00029666,8
SOLUSDT,2024-02-27T16:00:00Z,0.00051508,8
BTCUSDT,2024-02-28T00:00:00Z,0.00026729,8
ETHUSDT,2024-02-28T00:00:00Z,0.00033546,8
SOLUSDT,2024-02-28T00:00:00Z,0.00032603,8
BTCUSDT,2024-02-28T08:00:00Z,0.00023682,8
ETHUSDT,2024-02-28T08:00:00Z,0.00032021,8
SOLUSDT,2024-02-28T08:00:00Z,0.00040753,8
BTCUSDT,2024-02-28T16:00:00Z,0.00053538,8
ETHUSDT,2024-02-28T16:00:00Z,0.00043581,8
SOLUSDT,2024-02-28T16:00:00Z,0.00078549,8
BTCUSDT,2024-02-29T00:00:00Z,0.00069091,8
ETHUSDT,2024-02-29T00:00:00Z,0.00062574,8
SOLUSDT,2024-02-29T00:00:00Z,0.00089,8
BTCUSDT,2024-02-29T08:00:00Z,0.00076337,8
ETHUSDT,2024-02-29T08:00:00Z,0.00073381,8
SOLUSDT,2024-02-29T08:00:00Z,0.00098885,8
BTCUSDT,2024-02-29T16:00:00Z,0.00057031,8
ETHUSDT,2024-02-29T16:00:00Z,0.00075727,8
SOLUSDT,2024-02-29T16:00:00Z,0.00081567,8
BTCUSDT,2024-03-01T00:00:00Z,0.00053322,8
ETHUSDT,2024-03-01T00:00:00Z,0.0005304,8
SOLUSDT,2024-03-01T00:00:00Z,0.00060436,8
BTCUSDT,2024-03-01T08:00:00Z,0.00064824,8
ETHUSDT,2024-03-01T08:00:00Z,0.00039096,8
SOLUSDT,2024-03-01T08:00:00Z,0.00061591,8
BTCUSDT,2024-03-01T16:00:00Z,0.0004601,8
ETHUSDT,2024-03-01T16:00:00Z,0.00052446,8
SOLUSDT,2024-03-01T16:00:00Z,0.00066424,8
BTCUSDT,2024-03-02T00:00:00Z,0.00033426,8
ETHUSDT,2024-03-02T00:00:00Z,0.00048856,8
SOLUSDT,2024-03-02T00:00:00Z,0.00073268,8
BTCUSDT,2024-03-02T08:00:00Z,0.00057174,8
ETHUSDT,2024-03-02T08:00:00Z,0.00057488,8
SOLUSDT,2024-03-02T08:00:00Z,0.000755,8
BTCUSDT,2024-03-02T16:00:00Z,0.00056396,8
ETHUSDT,2024-03-02T16:00:00Z,0.00055344,8
SOLUSDT,2024-03-02T16:00:00Z,0.00063147,8
BTCUSDT,2024-03-03T00:00:00Z,0.00046267,8
ETHUSDT,2024-03-03T00:00:00Z,0.00039105,8
SOLUSDT,2024-03-03T00:00:00Z,0.00076414,8
BTCUSDT,2024-03-03T08:00:00Z,0.00042989,8
ETHUSDT,2024-03-03T08:00:00Z,0.00038668,8
SOLUSDT,2024-03-03T08:00:00Z,0.0005416,8
BTCUSDT,2024-03-03T16:00:00Z,0.00044598,8
ETHUSDT,2024-03-03T16:00:00Z,0.00037021,8
SOLUSDT,2024-03-03T16:00:00Z,0.00058338,8
BTCUSDT,2024-03-04T00:00:00Z,0.00055071,8
ETHUSDT,2024-03-04T00:00:00Z,0.00041907,8
SOLUSDT,2024-03-04T00:00:00Z,0.00070533,8
BTCUSDT,2024-03-04T08:00:00Z,0.00046833,8
ETHUSDT,2024-03-04T08:00:00Z,0.00028996,8
SOLUSDT,2024-03-04T08:00:00Z,0.00072401,8
BTCUSDT,2024-03-04T16:00:00Z,0.0006362,8
ETHUSDT,2024-03-04T16:00:00Z,0.00050061,8
SOLUSDT,2024-03-04T16:00:00Z,0.00073074,8
BTCUSDT,2024-03-05T00:00:00Z,0.0004896,8
ETHUSDT,2024-03-05T00:00:00Z,0.00038776,8
SOLUSDT,2024-03-05T00:00:00Z,0.00071628,8
BTCUSDT,2024-03-05T08:00:00Z,0.00082969,8
ETHUSDT,2024-03-05T08:00:00Z,0.00101724,8
SOLUSDT,2024-03-05T08:00:00Z,0.00119261,8
BTCUSDT,2024-03-05T16:00:00Z,0.00088148,8
ETHUSDT,2024-03-05T16:00:00Z,0.00082409,8
SOLUSDT,2024-03-05T16:00:00Z,0.0011456,8
BTCUSDT,2024-03-06T00:00:00Z,0.0003628,8
ETHUSDT,2024-03-06T00:00:00Z,0.0002058,8
SOLUSDT,2024-03-06T00:00:00Z,0.0001,8
BTCUSDT,2024-03-06T08:00:00Z,0.00033876,8
ETHUSDT,2024-03-06T08:00:00Z,0.00038362,8
SOLUSDT,2024-03-06T08:00:00Z,0.00036233,8
BTCUSDT,2024-03-06T16:00:00Z,0.00049354,8
ETHUSDT,2024-03-06T16:00:00Z,0.00040511,8
SOLUSDT,2024-03-06T16:00:00Z,0.00038317,8
BTCUSDT,2024-03-07T00:00:00Z,0.00030311,8
ETHUSDT,2024-03-07T00:00:00Z,0.00035699,8
SOLUSDT,2024-03-07T00:00:00Z,0.00038906,8
BTCUSDT,2024-03-07T08:00:00Z,0.00040984,8
ETHUSDT,2024-03-07T08:00:00Z,0.00039169,8
SOLUSDT,2024-03-07T08:00:00Z,0.00054339,8
BTCUSDT,2024-03-07T16:00:00Z,0.00054217,8
ETHUSDT,2024-03-07T16:00:00Z,0.00044218,8
SOLUSDT,2024-03-07T16:00:00Z,0.00052411,8
BTCUSDT,2024-03-08T00:00:00Z,0.00034819,8
ETHUSDT,2024-03-08T00:00:00Z,0.00042931,8
SOLUSDT,2024-03-08T00:00:00Z,0.00059435,8
BTCUSDT,2024-03-08T08:00:00Z,0.00043497,8
ETHUSDT,2024-03-08T08:00:00Z,0.00057985,8
SOLUSDT,2024-03-08T08:00:00Z,0.00055843,8
BTCUSDT,2024-03-08T16:00:00Z,0.00062913,8
ETHUSDT,2024-03-08T16:00:00Z,0.00048823,8
SOLUSDT,2024-03-08T16:00:00Z,0.00053032,8
BTCUSDT,2024-03-09T00:00:00Z,0.00019134,8
ETHUSDT,2024-03-09T00:00:00Z,0.00033201,8
SOLUSDT,2024-03-09T00:00:00Z,0.00048054,8
BTCUSDT,2024-03-09T08:00:00Z,0.00031281,8
ETHUSDT,2024-03-09T08:00:00Z,0.0003653,8
SOLUSDT,2024-03-09T08:00:00Z,0.00029228,8
BTCUSDT,2024-03-09T16:00:00Z,0.00026407,8
ETHUSDT,2024-03-09T16:00:00Z,0.00035498,8
SOLUSDT,2024-03-09T16:00:00Z,0.00044156,8
BTCUSDT,2024-03-10T00:00:00Z,0.0003101,8
ETHUSDT,2024-03-10T00:00:00Z,0.00034688,8
SOLUSDT,2024-03-10T00:00:00Z,0.00040915,8
BTCUSDT,2024-03-10T08:00:00Z,0.00063451,8
ETHUSDT,2024-03-10T08:00:00Z,0.00049375,8
SOLUSDT,2024-03-10T08:00:00Z,0.00084919,8
BTCUSDT,2024-03-10T16:00:00Z,0.00054479,8
ETHUSDT,2024-03-10T16:00:00Z,0.00029818,8
SOLUSDT,2024-03-10T16:00:00Z,0.00033129,8
BTCUSDT,2024-03-11T00:00:00Z,0.00035489,8
ETHUSDT,2024-03-11T00:00:00Z,0.00029368,8
SOLUSDT,2024-03-11T00:00:00Z,0.00023257,8
BTCUSDT,2024-03-11T08:00:00Z,0.00078428,8
ETHUSDT,2024-03-11T08:00:00Z,0.00067235,8
SOLUSDT,2024-03-11T08:00:00Z,0.00066664,8
BTCUSDT,2024-03-11T16:00:00Z,0.00066396,8
ETHUSDT,2024-03-11T16:00:00Z,0.00064296,8
SOLUSDT,2024-03-11T16:00:00Z,0.00081096,8
BTCUSDT,2024-03-12T00:00:00Z,0.0004447,8
ETHUSDT,2024-03-12T00:00:00Z,0.00068106,8
SOLUSDT,2024-03-12T00:00:00Z,0.00071463,8
BTCUSDT,2024-03-12T08:00:00Z,0.000453,8
ETHUSDT,2024-03-12T08:00:00Z,0.00037542,8
SOLUSDT,2024-03-12T08:00:00Z,0.00073858,8
BTCUSDT,2024-03-12T16:00:00Z,0.00047935,8
ETHUSDT,2024-03-12T16:00:00Z,0.00048306,8
SOLUSDT,2024-03-12T16:00:00Z,0.00055607,8
BTCUSDT,2024-03-13T00:00:00Z,0.00033224,8
ETHUSDT,2024-03-13T00:00:00Z,0.00046983,8
SOLUSDT,2024-03-13T00:00:00Z,0.00064251,8
BTCUSDT,2024-03-13T08:00:00Z,0.0006442,8
ETHUSDT,2024-03-13T08:00:00Z,0.00060121,8
SOLUSDT,2024-03-13T08:00:00Z,0.00069679,8
BTCUSDT,2024-03-13T16:00:00Z,0.00045402,8
ETHUSDT,2024-03-13T16:00:00Z,0.00044242,8
SOLUSDT,2024-03-13T16:00:00Z,0.00064562,8
BTCUSDT,2024-03-14T00:00:00Z,0.00024393,8
ETHUSDT,2024-03-14T00:00:00Z,0.00040995,8
SOLUSDT,2024-03-14T00:00:00Z,0.0005267,8
BTCUSDT,2024-03-14T08:00:00Z,0.00038753,8
ETHUSDT,2024-03-14T08:00:00Z,0.00050365,8
SOLUSDT,2024-03-14T08:00:00Z,0.0005183,8
BTCUSDT,2024-03-14T16:00:00Z,0.00038258,8
ETHUSDT,2024-03-14T16:00:00Z,0.00035217,8
SOLUSDT,2024-03-14T16:00:00Z,0.00052725,8
BTCUSDT,2024-03-15T00:00:00Z,0.00038515,8
ETHUSDT,2024-03-15T00:00:00Z,0.00040271,8
SOLUSDT,2024-03-15T00:00:00Z,0.00063046,8
BTCUSDT,2024-03-15T08:00:00Z,0.00014328,8
ETHUSDT,2024-03-15T08:00:00Z,0.00023171,8
SOLUSDT,2024-03-15T08:00:00Z,0.00034279,8
BTCUSDT,2024-03-15T16:00:00Z,0.00015306,8
ETHUSDT,2024-03-15T16:00:00Z,0.00033557,8
SOLUSDT,2024-03-15T16:00:00Z,0.0002746,8
BTCUSDT,2024-03-16T00:00:00Z,0.0001,8
ETHUSDT,2024-03-16T00:00:00Z,0.00018856,8
SOLUSDT,2024-03-16T00:00:00Z,0.00014955,8
BTCUSDT,2024-03-16T08:00:00Z,0.00023202,8
ETHUSDT,2024-03-16T08:00:00Z,0.0002749,8
SOLUSDT,2024-03-16T08:00:00Z,0.00020435,8
BTCUSDT,2024-03-16T16:00:00Z,0.00020813,8
ETHUSDT,2024-03-16T16:00:00Z,0.00028914,8
SOLUSDT,2024-03-16T16:00:00Z,0.00015327,8
BTCUSDT,2024-03-17T00:00:00Z,0.00013089,8
ETHUSDT,2024-03-17T00:00:00Z,0.00013396,8
SOLUSDT,2024-03-17T00:00:00Z,0.00014108,8
BTCUSDT,2024-03-17T08:00:00Z,0.00017773,8
ETHUSDT,2024-03-17T08:00:00Z,0.00011824,8
SOLUSDT,2024-03-17T08:00:00Z,0.0001,8
BTCUSDT,2024-03-17T16:00:00Z,0.00024827,8
ETHUSDT,2024-03-17T16:00:00Z,0.00030376,8
SOLUSDT,2024-03-17T16:00:00Z,0.00030858,8
BTCUSDT,2024-03-18T00:00:00Z,0.00020181,8
ETHUSDT,2024-03-18T00:00:00Z,0.00017304,8
SOLUSDT,2024-03-18T00:00:00Z,0.00033129,8
BTCUSDT,2024-03-18T08:00:00Z,0.00030597,8
ETHUSDT,2024-03-18T08:00:00Z,0.00026393,8
SOLUSDT,2024-03-18T08:00:00Z,0.00028956,8
BTCUSDT,2024-03-18T16:00:00Z,0.00027195,8
ETHUSDT,2024-03-18T16:00:00Z,0.00029608,8
SOLUSDT,2024-03-18T16:00:00Z,0.00018996,8
BTCUSDT,2024-03-19T00:00:00Z,0.00026923,8
ETHUSDT,2024-03-19T00:00:00Z,0.00028148,8
SOLUSDT,2024-03-19T00:00:00Z,0.0002092,8
BTCUSDT,2024-03-19T08:00:00Z,0.00029065,8
ETHUSDT,2024-03-19T08:00:00Z,0.00023311,8
SOLUSDT,2024-03-19T08:00:00Z,0.00020307,8
BTCUSDT,2024-03-19T16:00:00Z,0.00024018,8
ETHUSDT,2024-03-19T16:00:00Z,0.00013469,8
SOLUSDT,2024-03-19T16:00:00Z,0.0001,8
BTCUSDT,2024-03-20T00:00:00Z,0.00015847,8
ETHUSDT,2024-03-20T00:00:00Z,0.00016096,8
SOLUSDT,2024-03-20T00:00:00Z,0.00018828,8
BTCUSDT,2024-03-20T08:00:00Z,0.00018388,8
ETHUSDT,2024-03-20T08:00:00Z,0.0001,8
SOLUSDT,2024-03-20T08:00:00Z,0.00018831,8
BTCUSDT,2024-03-20T16:00:00Z,0.0001,8
ETHUSDT,2024-03-20T16:00:00Z,0.0001,8
SOLUSDT,2024-03-20T16:00:00Z,0.00010917,8
BTCUSDT,2024-03-21T00:00:00Z,0.00010403,8
ETHUSDT,2024-03-21T00:00:00Z,0.00019507,8
SOLUSDT,2024-03-21T00:00:00Z,0.00015928,8
BTCUSDT,2024-03-21T08:00:00Z,0.00019304,8
ETHUSDT,2024-03-21T08:00:00Z,0.00013771,8
SOLUSDT,2024-03-21T08:00:00Z,0.00030752,8
BTCUSDT,2024-03-21T16:00:00Z,0.0001951,8
ETHUSDT,2024-03-21T16:00:00Z,0.00017743,8
SOLUSDT,2024-03-21T16:00:00Z,0.00014524,8
BTCUSDT,2024-03-22T00:00:00Z,0.00016271,8
ETHUSDT,2024-03-22T00:00:00Z,0.00022775,8
SOLUSDT,2024-03-22T00:00:00Z,0.00014092,8
BTCUSDT,2024-03-22T08:00:00Z,0.0001,8
ETHUSDT,2024-03-22T08:00:00Z,0.00023317,8
SOLUSDT,2024-03-22T08:00:00Z,0.00014802,8
BTCUSDT,2024-03-22T16:00:00Z,0.00011993,8
ETHUSDT,2024-03-22T16:00:00Z,0.00016092,8
SOLUSDT,2024-03-22T16:00:00Z,0.00016161,8
BTCUSDT,2024-03-23T00:00:00Z,0.0001,8
ETHUSDT,2024-03-23T00:00:00Z,0.00010552,8
SOLUSDT,2024-03-23T00:00:00Z,0.00015244,8
BTCUSDT,2024-03-23T08:00:00Z,0.0001,8
ETHUSDT,2024-03-23T08:00:00Z,0.00012459,8
SOLUSDT,2024-03-23T08:00:00Z,0.00015091,8
BTCUSDT,2024-03-23T16:00:00Z,0.00010806,8
ETHUSDT,2024-03-23T16:00:00Z,0.00013906,8
SOLUSDT,2024-03-23T16:00:00Z,0.00016841,8
BTCUSDT,2024-03-24T00:00:00Z,0.00010351,8
ETHUSDT,2024-03-24T00:00:00Z,0.00012767,8
SOLUSDT,2024-03-24T00:00:00Z,0.00017713,8
BTCUSDT,2024-03-24T08:00:00Z,0.00014616,8
ETHUSDT,2024-03-24T08:00:00Z,0.00017907,8
SOLUSDT,2024-03-24T08:00:00Z,0.00015435,8
BTCUSDT,2024-03-24T16:00:00Z,0.00015884,8
ETHUSDT,2024-03-24T16:00:00Z,0.00017171,8
SOLUSDT,2024-03-24T16:00:00Z,0.00025686,8
BTCUSDT,2024-03-25T00:00:00Z,0.00025549,8
ETHUSDT,2024-03-25T00:00:00Z,0.00020242,8
SOLUSDT,2024-03-25T00:00:00Z,0.00021466,8
BTCUSDT,2024-03-25T08:00:00Z,0.00016324,8
ETHUSDT,2024-03-25T08:00:00Z,0.00011009,8
SOLUSDT,2024-03-25T08:00:00Z,0.00017494,8
BTCUSDT,2024-03-25T16:00:00Z,0.00028815,8
ETHUSDT,2024-03-25T16:00:00Z,0.00022958,8
SOLUSDT,2024-03-25T16:00:00Z,0.00020373,8
BTCUSDT,2024-03-26T00:00:00Z,0.00021963,8
ETHUSDT,2024-03-26T00:00:00Z,0.00039028,8
SOLUSDT,2024-03-26T00:00:00Z,0.00039207,8
BTCUSDT,2024-03-26T08:00:00Z,0.00018348,8
ETHUSDT,2024-03-26T08:00:00Z,0.00018,8
SOLUSDT,2024-03-26T08:00:00Z,0.00020767,8
BTCUSDT,2024-03-26T16:00:00Z,0.00026764,8
ETHUSDT,2024-03-26T16:00:00Z,0.00026242,8
SOLUSDT,2024-03-26T16:00:00Z,0.00025173,8
BTCUSDT,2024-03-27T00:00:00Z,0.00028757,8
ETHUSDT,2024-03-27T00:00:00Z,0.00024667,8
SOLUSDT,2024-03-27T00:00:00Z,0.00032068,8
BTCUSDT,2024-03-27T08:00:00Z,0.00029551,8
ETHUSDT,2024-03-27T08:00:00Z,0.00021635,8
SOLUSDT,2024-03-27T08:00:00Z,0.0004048,8
BTCUSDT,2024-03-27T16:00:00Z,0.00043631,8
ETHUSDT,2024-03-27T16:00:00Z,0.00035332,8
SOLUSDT,2024-03-27T16:00:00Z,0.00025221,8
BTCUSDT,2024-03-28T00:00:00Z,0.00024195,8
ETHUSDT,2024-03-28T00:00:00Z,0.00038952,8
SOLUSDT,2024-03-28T00:00:00Z,0.00026487,8
BTCUSDT,2024-03-28T08:00:00Z,0.00029899,8
ETHUSDT,2024-03-28T08:00:00Z,0.00035672,8
SOLUSDT,2024-03-28T08:00:00Z,0.00039989,8
BTCUSDT,2024-03-28T16:00:00Z,0.0002943,8
ETHUSDT,2024-03-28T16:00:00Z,0.00036879,8
SOLUSDT,2024-03-28T16:00:00Z,0.00036742,8
BTCUSDT,2024-03-29T00:00:00Z,0.0001825,8
ETHUSDT,2024-03-29T00:00:00Z,0.00034117,8
SOLUSDT,2024-03-29T00:00:00Z,0.00045018,8
BTCUSDT,2024-03-29T08:00:00Z,0.00025456,8
ETHUSDT,2024-03-29T08:00:00Z,0.00030332,8
SOLUSDT,2024-03-29T08:00:00Z,0.00035449,8
BTCUSDT,2024-03-29T16:00:00Z,0.0003017,8
ETHUSDT,2024-03-29T16:00:00Z,0.00037327,8
SOLUSDT,2024-03-29T16:00:00Z,0.00040773,8
BTCUSDT,2024-03-30T00:00:00Z,0.00019624,8
ETHUSDT,2024-03-30T00:00:00Z,0.00024188,8
SOLUSDT,2024-03-30T00:00:00Z,0.00052381,8
BTCUSDT,2024-03-30T08:00:00Z,0.00032267,8
ETHUSDT,2024-03-30T08:00:00Z,0.00024854,8
SOLUSDT,2024-03-30T08:00:00Z,0.00055026,8
BTCUSDT,2024-03-30T16:00:00Z,0.0003436,8
ETHUSDT,2024-03-30T16:00:00Z,0.00045204,8
SOLUSDT,2024-03-30T16:00:00Z,0.00058211,8
BTCUSDT,2024-03-31T00:00:00Z,0.00032351,8
ETHUSDT,2024-03-31T00:00:00Z,0.00026461,8
SOLUSDT,2024-03-31T00:00:00Z,0.00044594,8
BTCUSDT,2024-03-31T08:00:00Z,0.00039889,8
ETHUSDT,2024-03-31T08:00:00Z,0.00065366,8
SOLUSDT,2024-03-31T08:00:00Z,0.00046087,8
BTCUSDT,2024-03-31T16:00:00Z,0.00040301,8
ETHUSDT,2024-03-31T16:00:00Z,0.00058292,8
SOLUSDT,2024-03-31T16:00:00Z,0.00053015,8
BTCUSDT,2024-04-01T00:00:00Z,0.00070161,8
ETHUSDT,2024-04-01T00:00:00Z,0.00060909,8
SOLUSDT,2024-04-01T00:00:00Z,0.00083459,8
BTCUSDT,2024-04-01T08:00:00Z,0.00033491,8
ETHUSDT,2024-04-01T08:00:00Z,0.00035798,8
SOLUSDT,2024-04-01T08:00:00Z,0.00044327,8
BTCUSDT,2024-04-01T16:00:00Z,0.00027469,8
ETHUSDT,2024-04-01T16:00:00Z,0.00019362,8
SOLUSDT,2024-04-01T16:00:00Z,0.00031429,8
BTCUSDT,2024-04-02T00:00:00Z,0.00010926,8
ETHUSDT,2024-04-02T00:00:00Z,0.00015034,8
SOLUSDT,2024-04-02T00:00:00Z,0.00015817,8
BTCUSDT,2024-04-02T08:00:00Z,0.0001,8
ETHUSDT,2024-04-02T08:00:00Z,0.0001,8
SOLUSDT,2024-04-02T08:00:00Z,0.0001,8
BTCUSDT,2024-04-02T16:00:00Z,0.00016456,8
ETHUSDT,2024-04-02T16:00:00Z,0.00012642,8
SOLUSDT,2024-04-02T16:00:00Z,0.00015893,8
BTCUSDT,2024-04-03T00:00:00Z,0.0001,8
ETHUSDT,2024-04-03T00:00:00Z,0.0001,8
SOLUSDT,2024-04-03T00:00:00Z,0.0001096,8
BTCUSDT,2024-04-03T08:00:00Z,0.0001,8
ETHUSDT,2024-04-03T08:00:00Z,0.0001,8
SOLUSDT,2024-04-03T08:00:00Z,0.0001,8
BTCUSDT,2024-04-03T16:00:00Z,0.0001,8
ETHUSDT,2024-04-03T16:00:00Z,0.0001,8
SOLUSDT,2024-04-03T16:00:00Z,0.00016154,8
BTCUSDT,2024-04-04T00:00:00Z,0.0001,8
ETHUSDT,2024-04-04T00:00:00Z,0.0001,8
SOLUSDT,2024-04-04T00:00:00Z,0.0001,8
BTCUSDT,2024-04-04T08:00:00Z,0.0001,8
ETHUSDT,2024-04-04T08:00:00Z,0.0001,8
SOLUSDT,2024-04-04T08:00:00Z,0.0001,8
BTCUSDT,2024-04-04T16:00:00Z,0.0001,8
ETHUSDT,2024-04-04T16:00:00Z,0.0001,8
SOLUSDT,2024-04-04T16:00:00Z,0.00016815,8
BTCUSDT,2024-04-05T00:00:00Z,0.0001,8
ETHUSDT,2024-04-05T00:00:00Z,0.0001,8
SOLUSDT,2024-04-05T00:00:00Z,0.0001,8
BTCUSDT,2024-04-05T08:00:00Z,0.0001,8
ETHUSDT,2024-04-05T08:00:00Z,0.0001,8
SOLUSDT,2024-04-05T08:00:00Z,0.0001,8
BTCUSDT,2024-04-05T16:00:00Z,0.0001,8
ETHUSDT,2024-04-05T16:00:00Z,0.0001,8
SOLUSDT,2024-04-05T16:00:00Z,0.0001,8
BTCUSDT,2024-04-06T00:00:00Z,0.0001,8
ETHUSDT,2024-04-06T00:00:00Z,0.00016732,8
SOLUSDT,2024-04-06T00:00:00Z,0.0001,8
BTCUSDT,2024-04-06T08:00:00Z,0.0001,8
ETHUSDT,2024-04-06T08:00:00Z,0.0001,8
SOLUSDT,2024-04-06T08:00:00Z,0.0001,8
BTCUSDT,2024-04-06T16:00:00Z,0.0001,8
ETHUSDT,2024-04-06T16:00:00Z,0.0001,8
SOLUSDT,2024-04-06T16:00:00Z,0.0001,8
BTCUSDT,2024-04-07T00:00:00Z,0.0001,8
ETHUSDT,2024-04-07T00:00:00Z,0.0001,8
SOLUSDT,2024-04-07T00:00:00Z,0.0001,8
BTCUSDT,2024-04-07T08:00:00Z,0.0001,8
ETHUSDT,2024-04-07T08:00:00Z,0.0001,8
SOLUSDT,2024-04-07T08:00:00Z,0.0001,8
BTCUSDT,2024-04-07T16:00:00Z,0.0001,8
ETHUSDT,2024-04-07T16:00:00Z,0.0001,8
SOLUSDT,2024-04-07T16:00:00Z,0.0001,8
BTCUSDT,2024-04-08T00:00:00Z,0.0001,8
ETHUSDT,2024-04-08T00:00:00Z,0.0001,8
SOLUSDT,2024-04-08T00:00:00Z,0.00013953,8
BTCUSDT,2024-04-08T08:00:00Z,0.0001,8
ETHUSDT,2024-04-08T08:00:00Z,0.0001,8
SOLUSDT,2024-04-08T08:00:00Z,0.00025466,8
BTCUSDT,2024-04-08T16:00:00Z,0.00035189,8
ETHUSDT,2024-04-08T16:00:00Z,0.00031896,8
SOLUSDT,2024-04-08T16:00:00Z,0.00018234,8
BTCUSDT,2024-04-09T00:00:00Z,0.00020915,8
ETHUSDT,2024-04-09T00:00:00Z,0.00024848,8
SOLUSDT,2024-04-09T00:00:00Z,0.00013524,8
BTCUSDT,2024-04-09T08:00:00Z,0.00020603,8
ETHUSDT,2024-04-09T08:00:00Z,0.00010159,8
SOLUSDT,2024-04-09T08:00:00Z,0.00012502,8
BTCUSDT,2024-04-09T16:00:00Z,0.00019061,8
ETHUSDT,2024-04-09T16:00:00Z,0.00015222,8
SOLUSDT,2024-04-09T16:00:00Z,0.00011397,8
BTCUSDT,2024-04-10T00:00:00Z,0.00011929,8
ETHUSDT,2024-04-10T00:00:00Z,0.00018733,8
SOLUSDT,2024-04-10T00:00:00Z,0.00036513,8
BTCUSDT,2024-04-10T08:00:00Z,0.00012457,8
ETHUSDT,2024-04-10T08:00:00Z,0.00015363,8
SOLUSDT,2024-04-10T08:00:00Z,0.00031624,8
BTCUSDT,2024-04-10T16:00:00Z,0.0001,8
ETHUSDT,2024-04-10T16:00:00Z,0.00013253,8
SOLUSDT,2024-04-10T16:00:00Z,0.00017163,8
BTCUSDT,2024-04-11T00:00:00Z,0.00013979,8
ETHUSDT,2024-04-11T00:00:00Z,0.0001,8
SOLUSDT,2024-04-11T00:00:00Z,0.00027306,8
BTCUSDT,2024-04-11T08:00:00Z,0.00020153,8
ETHUSDT,2024-04-11T08:00:00Z,0.00015483,8
SOLUSDT,2024-04-11T08:00:00Z,0.00024101,8
BTCUSDT,2024-04-11T16:00:00Z,0.00019763,8
ETHUSDT,2024-04-11T16:00:00Z,0.0001,8
SOLUSDT,2024-04-11T16:00:00Z,0.00027676,8
BTCUSDT,2024-04-12T00:00:00Z,0.00011258,8
ETHUSDT,2024-04-12T00:00:00Z,0.0001,8
SOLUSDT,2024-04-12T00:00:00Z,0.00026578,8
BTCUSDT,2024-04-12T08:00:00Z,0.0002563,8
ETHUSDT,2024-04-12T08:00:00Z,0.0001,8
SOLUSDT,2024-04-12T08:00:00Z,0.0002941,8
BTCUSDT,2024-04-12T16:00:00Z,0.00012214,8
ETHUSDT,2024-04-12T16:00:00Z,0.0001,8
SOLUSDT,2024-04-12T16:00:00Z,0.00025596,8
BTCUSDT,2024-04-13T00:00:00Z,0.0001,8
ETHUSDT,2024-04-13T00:00:00Z,0.0001,8
SOLUSDT,2024-04-13T00:00:00Z,0.0001,8
BTCUSDT,2024-04-13T08:00:00Z,0.0001,8
ETHUSDT,2024-04-13T08:00:00Z,0.0001,8
SOLUSDT,2024-04-13T08:00:00Z,0.0001,8
BTCUSDT,2024-04-13T16:00:00Z,0.0001,8
ETHUSDT,2024-04-13T16:00:00Z,0.0001,8
SOLUSDT,2024-04-13T16:00:00Z,0.0001,8
BTCUSDT,2024-04-14T00:00:00Z,0.0001,8
ETHUSDT,2024-04-14T00:00:00Z,0.0001,8
SOLUSDT,2024-04-14T00:00:00Z,0.0001,8
BTCUSDT,2024-04-14T08:00:00Z,0.0001,8
ETHUSDT,2024-04-14T08:00:00Z,0.0001,8
SOLUSDT,2024-04-14T08:00:00Z,0.0001,8
BTCUSDT,2024-04-14T16:00:00Z,0.0001,8
ETHUSDT,2024-04-14T16:00:00Z,0.0001,8
SOLUSDT,2024-04-14T16:00:00Z,0.0001,8
BTCUSDT,2024-04-15T00:00:00Z,0.0001,8
ETHUSDT,2024-04-15T00:00:00Z,0.0001,8
SOLUSDT,2024-04-15T00:00:00Z,9.686e-05,8
BTCUSDT,2024-04-15T08:00:00Z,1.759e-05,8
ETHUSDT,2024-04-15T08:00:00Z,5.422e-05,8
SOLUSDT,2024-04-15T08:00:00Z,-7.58e-06,8
BTCUSDT,2024-04-15T16:00:00Z,0.0001,8
ETHUSDT,2024-04-15T16:00:00Z,8.871e-05,8
SOLUSDT,2024-04-15T16:00:00Z,6.37e-05,8
BTCUSDT,2024-04-16T00:00:00Z,5.953e-05,8
ETHUSDT,2024-04-16T00:00:00Z,7.898e-05,8
SOLUSDT,2024-04-16T00:00:00Z,-5.815e-05,8
BTCUSDT,2024-04-16T08:00:00Z,9.525e-05,8
ETHUSDT,2024-04-16T08:00:00Z,8.536e-05,8
SOLUSDT,2024-04-16T08:00:00Z,4.459e-05,8
BTCUSDT,2024-04-16T16:00:00Z,3.513e-05,8
ETHUSDT,2024-04-16T16:00:00Z,5.787e-05,8
SOLUSDT,2024-04-16T16:00:00Z,2.516e-05,8
BTCUSDT,2024-04-17T00:00:00Z,6.375e-05,8
ETHUSDT,2024-04-17T00:00:00Z,9.805e-05,8
SOLUSDT,2024-04-17T00:00:00Z,-2.599e-05,8
BTCUSDT,2024-04-17T08:00:00Z,3.574e-05,8
ETHUSDT,2024-04-17T08:00:00Z,5.11e-06,8
SOLUSDT,2024-04-17T08:00:00Z,3.33e-06,8
BTCUSDT,2024-04-17T16:00:00Z,6.534e-05,8
ETHUSDT,2024-04-17T16:00:00Z,4.92e-06,8
SOLUSDT,2024-04-17T16:00:00Z,0.0001,8
BTCUSDT,2024-04-18T00:00:00Z,6.937e-05,8
ETHUSDT,2024-04-18T00:00:00Z,3.509e-05,8
SOLUSDT,2024-04-18T00:00:00Z,6.888e-05,8
BTCUSDT,2024-04-18T08:00:00Z,5.982e-05,8
ETHUSDT,2024-04-18T08:00:00Z,2.246e-05,8
SOLUSDT,2024-04-18T08:00:00Z,7.203e-05,8
BTCUSDT,2024-04-18T16:00:00Z,-3.334e-05,8
ETHUSDT,2024-04-18T16:00:00Z,6.353e-05,8
SOLUSDT,2024-04-18T16:00:00Z,6.59e-05,8
BTCUSDT,2024-04-19T00:00:00Z,-3.12e-05,8
ETHUSDT,2024-04-19T00:00:00Z,3.973e-05,8
SOLUSDT,2024-04-19T00:00:00Z,-1.667e-05,8
BTCUSDT,2024-04-19T08:00:00Z,6.641e-05,8
ETHUSDT,2024-04-19T08:00:00Z,8.503e-05,8
SOLUSDT,2024-04-19T08:00:00Z,4.68e-05,8
BTCUSDT,2024-04-19T16:00:00Z,5.88e-05,8
ETHUSDT,2024-04-19T16:00:00Z,5.417e-05,8
SOLUSDT,2024-04-19T16:00:00Z,2.007e-05,8
BTCUSDT,2024-04-20T00:00:00Z,0.0001,8
ETHUSDT,2024-04-20T00:00:00Z,0.0001,8
SOLUSDT,2024-04-20T00:00:00Z,0.0001,8
BTCUSDT,2024-04-20T08:00:00Z,-7.66e-06,8
ETHUSDT,2024-04-20T08:00:00Z,2.386e-05,8
SOLUSDT,2024-04-20T08:00:00Z,4.184e-05,8
BTCUSDT,2024-04-20T16:00:00Z,4.204e-05,8
ETHUSDT,2024-04-20T16:00:00Z,5.114e-05,8
SOLUSDT,2024-04-20T16:00:00Z,6.594e-05,8
BTCUSDT,2024-04-21T00:00:00Z,3.186e-05,8
ETHUSDT,2024-04-21T00:00:00Z,5.559e-05,8
SOLUSDT,2024-04-21T00:00:00Z,7.055e-05,8
BTCUSDT,2024-04-21T08:00:00Z,-2.093e-05,8
ETHUSDT,2024-04-21T08:00:00Z,-6.27e-06,8
SOLUSDT,2024-04-21T08:00:00Z,-2.982e-05,8
BTCUSDT,2024-04-21T16:00:00Z,8.271e-05,8
ETHUSDT,2024-04-21T16:00:00Z,4.395e-05,8
SOLUSDT,2024-04-21T16:00:00Z,4.268e-05,8
BTCUSDT,2024-04-22T00:00:00Z,4.409e-05,8
ETHUSDT,2024-04-22T00:00:00Z,3.417e-05,8
SOLUSDT,2024-04-22T00:00:00Z,3.735e-05,8
BTCUSDT,2024-04-22T08:00:00Z,2.497e-05,8
ETHUSDT,2024-04-22T08:00:00Z,4.908e-05,8
SOLUSDT,2024-04-22T08:00:00Z,8.512e-05,8
BTCUSDT,2024-04-22T16:00:00Z,8.98e-06,8
ETHUSDT,2024-04-22T16:00:00Z,-1.974e-05,8
SOLUSDT,2024-04-22T16:00:00Z,-3.018e-05,8
BTCUSDT,2024-04-23T00:00:00Z,-1.236e-05,8
ETHUSDT,2024-04-23T00:00:00Z,6.74e-06,8
SOLUSDT,2024-04-23T00:00:00Z,-1.27e-05,8
BTCUSDT,2024-04-23T08:00:00Z,5.24e-05,8
ETHUSDT,2024-04-23T08:00:00Z,1.147e-05,8
SOLUSDT,2024-04-23T08:00:00Z,-4.214e-05,8
BTCUSDT,2024-04-23T16:00:00Z,-1.083e-05,8
ETHUSDT,2024-04-23T16:00:00Z,6.979e-05,8
SOLUSDT,2024-04-23T16:00:00Z,1.577e-05,8
BTCUSDT,2024-04-24T00:00:00Z,1.413e-05,8
ETHUSDT,2024-04-24T00:00:00Z,4.713e-05,8
SOLUSDT,2024-04-24T00:00:00Z,9.77e-06,8
BTCUSDT,2024-04-24T08:00:00Z,5.302e-05,8
ETHUSDT,2024-04-24T08:00:00Z,1.937e-05,8
SOLUSDT,2024-04-24T08:00:00Z,6.43e-06,8
BTCUSDT,2024-04-24T16:00:00Z,7.047e-05,8
ETHUSDT,2024-04-24T16:00:00Z,4.804e-05,8
SOLUSDT,2024-04-24T16:00:00Z,0.0001,8
BTCUSDT,2024-04-25T00:00:00Z,7.02e-05,8
ETHUSDT,2024-04-25T00:00:00Z,4.66e-06,8
SOLUSDT,2024-04-25T00:00:00Z,0.0001,8
BTCUSDT,2024-04-25T08:00:00Z,4.069e-05,8
ETHUSDT,2024-04-25T08:00:00Z,1.706e-05,8
SOLUSDT,2024-04-25T08:00:00Z,2.239e-05,8
BTCUSDT,2024-04-25T16:00:00Z,1.14e-05,8
ETHUSDT,2024-04-25T16:00:00Z,0.0001,8
SOLUSDT,2024-04-25T16:00:00Z,0.0001,8
BTCUSDT,2024-04-26T00:00:00Z,1.709e-05,8
ETHUSDT,2024-04-26T00:00:00Z,1.631e-05,8
SOLUSDT,2024-04-26T00:00:00Z,6.164e-05,8
BTCUSDT,2024-04-26T08:00:00Z,6.85e-06,8
ETHUSDT,2024-04-26T08:00:00Z,3.847e-05,8
SOLUSDT,2024-04-26T08:00:00Z,8.426e-05,8
BTCUSDT,2024-04-26T16:00:00Z,5.562e-05,8
ETHUSDT,2024-04-26T16:00:00Z,4.582e-05,8
SOLUSDT,2024-04-26T16:00:00Z,8.505e-05,8
BTCUSDT,2024-04-27T00:00:00Z,0.0001,8
ETHUSDT,2024-04-27T00:00:00Z,0.0001,8
SOLUSDT,2024-04-27T00:00:00Z,5.384e-05,8
BTCUSDT,2024-04-27T08:00:00Z,7.47e-05,8
ETHUSDT,2024-04-27T08:00:00Z,7.026e-05,8
SOLUSDT,2024-04-27T08:00:00Z,-2.561e-05,8
BTCUSDT,2024-04-27T16:00:00Z,2.834e-05,8
ETHUSDT,2024-04-27T16:00:00Z,2.355e-05,8
SOLUSDT,2024-04-27T16:00:00Z,2.358e-05,8
BTCUSDT,2024-04-28T00:00:00Z,1.006e-05,8
ETHUSDT,2024-04-28T00:00:00Z,9.322e-05,8
SOLUSDT,2024-04-28T00:00:00Z,2.733e-05,8
BTCUSDT,2024-04-28T08:00:00Z,-2.081e-05,8
ETHUSDT,2024-04-28T08:00:00Z,8.3e-05,8
SOLUSDT,2024-04-28T08:00:00Z,3.029e-05,8
BTCUSDT,2024-04-28T16:00:00Z,2.782e-05,8
ETHUSDT,2024-04-28T16:00:00Z,8.272e-05,8
SOLUSDT,2024-04-28T16:00:00Z,0.0001,8
BTCUSDT,2024-04-29T00:00:00Z,2.472e-05,8
ETHUSDT,2024-04-29T00:00:00Z,8.816e-05,8
SOLUSDT,2024-04-29T00:00:00Z,0.0001,8
BTCUSDT,2024-04-29T08:00:00Z,5.544e-05,8
ETHUSDT,2024-04-29T08:00:00Z,0.0001,8
SOLUSDT,2024-04-29T08:00:00Z,0.0001,8
BTCUSDT,2024-04-29T16:00:00Z,6.828e-05,8
ETHUSDT,2024-04-29T16:00:00Z,5.981e-05,8
SOLUSDT,2024-04-29T16:00:00Z,0.0001,8
BTCUSDT,2024-04-30T00:00:00Z,9.74e-05,8
ETHUSDT,2024-04-30T00:00:00Z,7.518e-05,8
SOLUSDT,2024-04-30T00:00:00Z,6.384e-05,8
BTCUSDT,2024-04-30T08:00:00Z,9.154e-05,8
ETHUSDT,2024-04-30T08:00:00Z,7.389e-05,8
SOLUSDT,2024-04-30T08:00:00Z,0.0001,8
BTCUSDT,2024-04-30T16:00:00Z,0.0001,8
ETHUSDT,2024-04-30T16:00:00Z,3.887e-05,8
SOLUSDT,2024-04-30T16:00:00Z,4.102e-05,8
BTCUSDT,2024-05-01T00:00:00Z,0.0001,8
ETHUSDT,2024-05-01T00:00:00Z,1.865e-05,8
SOLUSDT,2024-05-01T00:00:00Z,-3.566e-05,8
BTCUSDT,2024-05-01T08:00:00Z,8.946e-05,8
ETHUSDT,2024-05-01T08:00:00Z,4.89e-05,8
SOLUSDT,2024-05-01T08:00:00Z,0.0001,8
BTCUSDT,2024-05-01T16:00:00Z,9.902e-05,8
ETHUSDT,2024-05-01T16:00:00Z,7.347e-05,8
SOLUSDT,2024-05-01T16:00:00Z,9.105e-05,8
BTCUSDT,2024-05-02T00:00:00Z,6.634e-05,8
ETHUSDT,2024-05-02T00:00:00Z,-8.6e-07,8
SOLUSDT,2024-05-02T00:00:00Z,3.78e-06,8
BTCUSDT,2024-05-02T08:00:00Z,6.169e-05,8
ETHUSDT,2024-05-02T08:00:00Z,9.579e-05,8
SOLUSDT,2024-05-02T08:00:00Z,7.951e-05,8
BTCUSDT,2024-05-02T16:00:00Z,-1.23e-06,8
ETHUSDT,2024-05-02T16:00:00Z,7.757e-05,8
SOLUSDT,2024-05-02T16:00:00Z,3.479e-05,8
BTCUSDT,2024-05-03T00:00:00Z,-1.549e-05,8
ETHUSDT,2024-05-03T00:00:00Z,4.044e-05,8
SOLUSDT,2024-05-03T00:00:00Z,5.799e-05,8
BTCUSDT,2024-05-03T08:00:00Z,-3.764e-05,8
ETHUSDT,2024-05-03T08:00:00Z,2.157e-05,8
SOLUSDT,2024-05-03T08:00:00Z,-5.326e-05,8
BTCUSDT,2024-05-03T16:00:00Z,8.091e-05,8
ETHUSDT,2024-05-03T16:00:00Z,3.457e-05,8
SOLUSDT,2024-05-03T16:00:00Z,3.126e-05,8
BTCUSDT,2024-05-04T00:00:00Z,2.703e-05,8
ETHUSDT,2024-05-04T00:00:00Z,4.29e-05,8
SOLUSDT,2024-05-04T00:00:00Z,-8.768e-05,8
BTCUSDT,2024-05-04T08:00:00Z,7.455e-05,8
ETHUSDT,2024-05-04T08:00:00Z,8.465e-05,8
SOLUSDT,2024-05-04T08:00:00Z,1.077e-05,8
BTCUSDT,2024-05-04T16:00:00Z,6.265e-05,8
ETHUSDT,2024-05-04T16:00:00Z,7.001e-05,8
SOLUSDT,2024-05-04T16:00:00Z,1.309e-05,8
BTCUSDT,2024-05-05T00:00:00Z,6.906e-05,8
ETHUSDT,2024-05-05T00:00:00Z,8.848e-05,8
SOLUSDT,2024-05-05T00:00:00Z,5.621e-05,8
BTCUSDT,2024-05-05T08:00:00Z,6.47e-06,8
ETHUSDT,2024-05-05T08:00:00Z,9.394e-05,8
SOLUSDT,2024-05-05T08:00:00Z,8.266e-05,8
BTCUSDT,2024-05-05T16:00:00Z,3.893e-05,8
ETHUSDT,2024-05-05T16:00:00Z,5.578e-05,8
SOLUSDT,2024-05-05T16:00:00Z,7.548e-05,8
BTCUSDT,2024-05-06T00:00:00Z,6.02e-06,8
ETHUSDT,2024-05-06T00:00:00Z,5.569e-05,8
SOLUSDT,2024-05-06T00:00:00Z,5.854e-05,8
BTCUSDT,2024-05-06T08:00:00Z,-1.031e-05,8
ETHUSDT,2024-05-06T08:00:00Z,0.0001,8
SOLUSDT,2024-05-06T08:00:00Z,5.22e-05,8
BTCUSDT,2024-05-06T16:00:00Z,7.746e-05,8
ETHUSDT,2024-05-06T16:00:00Z,9.025e-05,8
SOLUSDT,2024-05-06T16:00:00Z,0.0001,8
BTCUSDT,2024-05-07T00:00:00Z,6.064e-05,8
ETHUSDT,2024-05-07T00:00:00Z,7.342e-05,8
SOLUSDT,2024-05-07T00:00:00Z,7.714e-05,8
BTCUSDT,2024-05-07T08:00:00Z,1.581e-05,8
ETHUSDT,2024-05-07T08:00:00Z,4.028e-05,8
SOLUSDT,2024-05-07T08:00:00Z,-1.698e-05,8
BTCUSDT,2024-05-07T16:00:00Z,9.028e-05,8
ETHUSDT,2024-05-07T16:00:00Z,6.978e-05,8
SOLUSDT,2024-05-07T16:00:00Z,2.502e-05,8
BTCUSDT,2024-05-08T00:00:00Z,4.891e-05,8
ETHUSDT,2024-05-08T00:00:00Z,7.764e-05,8
SOLUSDT,2024-05-08T00:00:00Z,0.0001,8
BTCUSDT,2024-05-08T08:00:00Z,5.553e-05,8
ETHUSDT,2024-05-08T08:00:00Z,7.236e-05,8
SOLUSDT,2024-05-08T08:00:00Z,0.0001,8
BTCUSDT,2024-05-08T16:00:00Z,9.292e-05,8
ETHUSDT,2024-05-08T16:00:00Z,0.0001,8
SOLUSDT,2024-05-08T16:00:00Z,0.0001,8
BTCUSDT,2024-05-09T00:00:00Z,5.648e-05,8
ETHUSDT,2024-05-09T00:00:00Z,0.0001,8
SOLUSDT,2024-05-09T00:00:00Z,5.327e-05,8
BTCUSDT,2024-05-09T08:00:00Z,3.315e-05,8
ETHUSDT,2024-05-09T08:00:00Z,0.0001,8
SOLUSDT,2024-05-09T08:00:00Z,8.335e-05,8
BTCUSDT,2024-05-09T16:00:00Z,7.253e-05,8
ETHUSDT,2024-05-09T16:00:00Z,0.0001,8
SOLUSDT,2024-05-09T16:00:00Z,7.648e-05,8
BTCUSDT,2024-05-10T00:00:00Z,1.026e-05,8
ETHUSDT,2024-05-10T00:00:00Z,9.04e-05,8
SOLUSDT,2024-05-10T00:00:00Z,2.012e-05,8
BTCUSDT,2024-05-10T08:00:00Z,5.934e-05,8
ETHUSDT,2024-05-10T08:00:00Z,0.0001,8
SOLUSDT,2024-05-10T08:00:00Z,5.156e-05,8
BTCUSDT,2024-05-10T16:00:00Z,7.653e-05,8
ETHUSDT,2024-05-10T16:00:00Z,5.137e-05,8
SOLUSDT,2024-05-10T16:00:00Z,0.0001,8
BTCUSDT,2024-05-11T00:00:00Z,8.881e-05,8
ETHUSDT,2024-05-11T00:00:00Z,7.578e-05,8
SOLUSDT,2024-05-11T00:00:00Z,4.734e-05,8
BTCUSDT,2024-05-11T08:00:00Z,3.771e-05,8
ETHUSDT,2024-05-11T08:00:00Z,6.69e-05,8
SOLUSDT,2024-05-11T08:00:00Z,9.445e-05,8
BTCUSDT,2024-05-11T16:00:00Z,5.067e-05,8
ETHUSDT,2024-05-11T16:00:00Z,8.517e-05,8
SOLUSDT,2024-05-11T16:00:00Z,5.096e-05,8
BTCUSDT,2024-05-12T00:00:00Z,2.604e-05,8
ETHUSDT,2024-05-12T00:00:00Z,8.01e-05,8
SOLUSDT,2024-05-12T00:00:00Z,4.613e-05,8
BTCUSDT,2024-05-12T08:00:00Z,2.83e-05,8
ETHUSDT,2024-05-12T08:00:00Z,7.264e-05,8
SOLUSDT,2024-05-12T08:00:00Z,2.9e-05,8
BTCUSDT,2024-05-12T16:00:00Z,0.0001,8
ETHUSDT,2024-05-12T16:00:00Z,6.269e-05,8
SOLUSDT,2024-05-12T16:00:00Z,6.071e-05,8
BTCUSDT,2024-05-13T00:00:00Z,0.0001,8
ETHUSDT,2024-05-13T00:00:00Z,5.829e-05,8
SOLUSDT,2024-05-13T00:00:00Z,-7.24e-06,8
BTCUSDT,2024-05-13T08:00:00Z,8.469e-05,8
ETHUSDT,2024-05-13T08:00:00Z,0.0001,8
SOLUSDT,2024-05-13T08:00:00Z,0.0001,8
BTCUSDT,2024-05-13T16:00:00Z,9.151e-05,8
ETHUSDT,2024-05-13T16:00:00Z,0.0001,8
SOLUSDT,2024-05-13T16:00:00Z,9.778e-05,8
BTCUSDT,2024-05-14T00:00:00Z,9.866e-05,8
ETHUSDT,2024-05-14T00:00:00Z,0.0001,8
SOLUSDT,2024-05-14T00:00:00Z,0.0001,8
BTCUSDT,2024-05-14T08:00:00Z,0.0001,8
ETHUSDT,2024-05-14T08:00:00Z,8.14e-05,8
SOLUSDT,2024-05-14T08:00:00Z,8.969e-05,8
BTCUSDT,2024-05-14T16:00:00Z,4.392e-05,8
ETHUSDT,2024-05-14T16:00:00Z,9.124e-05,8
SOLUSDT,2024-05-14T16:00:00Z,4.564e-05,8
BTCUSDT,2024-05-15T00:00:00Z,0.0001,8
ETHUSDT,2024-05-15T00:00:00Z,0.0001,8
SOLUSDT,2024-05-15T00:00:00Z,1.738e-05,8
BTCUSDT,2024-05-15T08:00:00Z,-3.85e-06,8
ETHUSDT,2024-05-15T08:00:00Z,8.171e-05,8
SOLUSDT,2024-05-15T08:00:00Z,1.895e-05,8
BTCUSDT,2024-05-15T16:00:00Z,2.373e-05,8
ETHUSDT,2024-05-15T16:00:00Z,9.162e-05,8
SOLUSDT,2024-05-15T16:00:00Z,8.36e-05,8
BTCUSDT,2024-05-16T00:00:00Z,2.103e-05,8
ETHUSDT,2024-05-16T00:00:00Z,0.0001,8
SOLUSDT,2024-05-16T00:00:00Z,0.0001,8
BTCUSDT,2024-05-16T08:00:00Z,5.148e-05,8
ETHUSDT,2024-05-16T08:00:00Z,6.453e-05,8
SOLUSDT,2024-05-16T08:00:00Z,0.0001,8
BTCUSDT,2024-05-16T16:00:00Z,3.543e-05,8
ETHUSDT,2024-05-16T16:00:00Z,5.401e-05,8
SOLUSDT,2024-05-16T16:00:00Z,0.0001,8
BTCUSDT,2024-05-17T00:00:00Z,4.647e-05,8
ETHUSDT,2024-05-17T00:00:00Z,5.324e-05,8
SOLUSDT,2024-05-17T00:00:00Z,7.45e-05,8
BTCUSDT,2024-05-17T08:00:00Z,8.15e-06,8
ETHUSDT,2024-05-17T08:00:00Z,8.531e-05,8
SOLUSDT,2024-05-17T08:00:00Z,3.361e-05,8
BTCUSDT,2024-05-17T16:00:00Z,-2.98e-06,8
ETHUSDT,2024-05-17T16:00:00Z,4.333e-05,8
SOLUSDT,2024-05-17T16:00:00Z,4.112e-05,8
BTCUSDT,2024-05-18T00:00:00Z,6.28e-06,8
ETHUSDT,2024-05-18T00:00:00Z,7.513e-05,8
SOLUSDT,2024-05-18T00:00:00Z,4.208e-05,8
BTCUSDT,2024-05-18T08:00:00Z,8.012e-05,8
ETHUSDT,2024-05-18T08:00:00Z,3.431e-05,8
SOLUSDT,2024-05-18T08:00:00Z,2.883e-05,8
BTCUSDT,2024-05-18T16:00:00Z,-7.92e-06,8
ETHUSDT,2024-05-18T16:00:00Z,7.815e-05,8
SOLUSDT,2024-05-18T16:00:00Z,6.893e-05,8
BTCUSDT,2024-05-19T00:00:00Z,3.339e-05,8
ETHUSDT,2024-05-19T00:00:00Z,7.388e-05,8
SOLUSDT,2024-05-19T00:00:00Z,3.799e-05,8
BTCUSDT,2024-05-19T08:00:00Z,5.21e-05,8
ETHUSDT,2024-05-19T08:00:00Z,3.451e-05,8
SOLUSDT,2024-05-19T08:00:00Z,1.875e-05,8
BTCUSDT,2024-05-19T16:00:00Z,4.779e-05,8
ETHUSDT,2024-05-19T16:00:00Z,8.825e-05,8
SOLUSDT,2024-05-19T16:00:00Z,8.795e-05,8
BTCUSDT,2024-05-20T00:00:00Z,5.607e-05,8
ETHUSDT,2024-05-20T00:00:00Z,9.672e-05,8
SOLUSDT,2024-05-20T00:00:00Z,0.0001,8
BTCUSDT,2024-05-20T08:00:00Z,2.479e-05,8
ETHUSDT,2024-05-20T08:00:00Z,1.916e-05,8
SOLUSDT,2024-05-20T08:00:00Z,0.0001,8
BTCUSDT,2024-05-20T16:00:00Z,2.552e-05,8
ETHUSDT,2024-05-20T16:00:00Z,4.643e-05,8
SOLUSDT,2024-05-20T16:00:00Z,6.762e-05,8
BTCUSDT,2024-05-21T00:00:00Z,0.0001,8
ETHUSDT,2024-05-21T00:00:00Z,0.0001,8
SOLUSDT,2024-05-21T00:00:00Z,0.0001,8
BTCUSDT,2024-05-21T08:00:00Z,0.00010517,8
ETHUSDT,2024-05-21T08:00:00Z,0.00019404,8
SOLUSDT,2024-05-21T08:00:00Z,0.0001,8
BTCUSDT,2024-05-21T16:00:00Z,0.0001,8
ETHUSDT,2024-05-21T16:00:00Z,0.0001,8
SOLUSDT,2024-05-21T16:00:00Z,0.0001,8
BTCUSDT,2024-05-22T00:00:00Z,0.0001,8
ETHUSDT,2024-05-22T00:00:00Z,0.00012452,8
SOLUSDT,2024-05-22T00:00:00Z,0.0001,8
BTCUSDT,2024-05-22T08:00:00Z,0.00015759,8
ETHUSDT,2024-05-22T08:00:00Z,0.00015189,8
SOLUSDT,2024-05-22T08:00:00Z,0.0001,8
BTCUSDT,2024-05-22T16:00:00Z,0.0001,8
ETHUSDT,2024-05-22T16:00:00Z,0.0001,8
SOLUSDT,2024-05-22T16:00:00Z,0.0001,8
BTCUSDT,2024-05-23T00:00:00Z,0.0001,8
ETHUSDT,2024-05-23T00:00:00Z,0.0001,8
SOLUSDT,2024-05-23T00:00:00Z,0.0001,8
BTCUSDT,2024-05-23T08:00:00Z,0.0001,8
ETHUSDT,2024-05-23T08:00:00Z,0.0001,8
SOLUSDT,2024-05-23T08:00:00Z,0.0001,8
BTCUSDT,2024-05-23T16:00:00Z,0.0001,8
ETHUSDT,2024-05-23T16:00:00Z,0.0001,8
SOLUSDT,2024-05-23T16:00:00Z,0.0001,8
BTCUSDT,2024-05-24T00:00:00Z,0.0001,8
ETHUSDT,2024-05-24T00:00:00Z,0.0001,8
SOLUSDT,2024-05-24T00:00:00Z,0.0001,8
BTCUSDT,2024-05-24T08:00:00Z,0.0001,8
ETHUSDT,2024-05-24T08:00:00Z,0.0001,8
SOLUSDT,2024-05-24T08:00:00Z,0.0001,8
BTCUSDT,2024-05-24T16:00:00Z,0.0001,8
ETHUSDT,2024-05-24T16:00:00Z,0.0001,8
SOLUSDT,2024-05-24T16:00:00Z,0.0001,8
BTCUSDT,2024-05-25T00:00:00Z,0.0001,8
ETHUSDT,2024-05-25T00:00:00Z,0.0001,8
SOLUSDT,2024-05-25T00:00:00Z,0.0001,8
BTCUSDT,2024-05-25T08:00:00Z,0.0001,8
ETHUSDT,2024-05-25T08:00:00Z,0.0001,8
SOLUSDT,2024-05-25T08:00:00Z,0.0001,8
BTCUSDT,2024-05-25T16:00:00Z,0.0001,8
ETHUSDT,2024-05-25T16:00:00Z,0.0001,8
SOLUSDT,2024-05-25T16:00:00Z,0.0001,8
BTCUSDT,2024-05-26T00:00:00Z,0.0001,8
ETHUSDT,2024-05-26T00:00:00Z,0.0001,8
SOLUSDT,2024-05-26T00:00:00Z,0.0001,8
BTCUSDT,2024-05-26T08:00:00Z,0.0001,8
ETHUSDT,2024-05-26T08:00:00Z,0.0001,8
SOLUSDT,2024-05-26T08:00:00Z,0.0001,8
BTCUSDT,2024-05-26T16:00:00Z,0.0001,8
ETHUSDT,2024-05-26T16:00:00Z,0.0001,8
SOLUSDT,2024-05-26T16:00:00Z,0.0001,8
BTCUSDT,2024-05-27T00:00:00Z,0.0001,8
ETHUSDT,2024-05-27T00:00:00Z,0.0001,8
SOLUSDT,2024-05-27T00:00:00Z,0.0001,8
BTCUSDT,2024-05-27T08:00:00Z,0.0001,8
ETHUSDT,2024-05-27T08:00:00Z,0.0001,8
SOLUSDT,2024-05-27T08:00:00Z,0.0001,8
BTCUSDT,2024-05-27T16:00:00Z,0.0001,8
ETHUSDT,2024-05-27T16:00:00Z,0.0001,8
SOLUSDT,2024-05-27T16:00:00Z,0.0001,8
BTCUSDT,2024-05-28T00:00:00Z,0.0001,8
ETHUSDT,2024-05-28T00:00:00Z,0.0001,8
SOLUSDT,2024-05-28T00:00:00Z,0.0001,8
BTCUSDT,2024-05-28T08:00:00Z,0.0001,8
ETHUSDT,2024-05-28T08:00:00Z,0.0001,8
SOLUSDT,2024-05-28T08:00:00Z,0.0001,8
BTCUSDT,2024-05-28T16:00:00Z,0.0001,8
ETHUSDT,2024-05-28T16:00:00Z,0.0001219,8
SOLUSDT,2024-05-28T16:00:00Z,0.00014129,8
BTCUSDT,2024-05-29T00:00:00Z,0.0001,8
ETHUSDT,2024-05-29T00:00:00Z,0.00017485,8
SOLUSDT,2024-05-29T00:00:00Z,0.00018529,8
BTCUSDT,2024-05-29T08:00:00Z,0.0001,8
ETHUSDT,2024-05-29T08:00:00Z,0.0001,8
SOLUSDT,2024-05-29T08:00:00Z,0.00013729,8
BTCUSDT,2024-05-29T16:00:00Z,0.00012558,8
ETHUSDT,2024-05-29T16:00:00Z,0.000177,8
SOLUSDT,2024-05-29T16:00:00Z,0.0001,8
BTCUSDT,2024-05-30T00:00:00Z,0.0001,8
ETHUSDT,2024-05-30T00:00:00Z,0.00025357,8
SOLUSDT,2024-05-30T00:00:00Z,0.0001,8
BTCUSDT,2024-05-30T08:00:00Z,0.0001,8
ETHUSDT,2024-05-30T08:00:00Z,0.00014202,8
SOLUSDT,2024-05-30T08:00:00Z,0.0001,8
BTCUSDT,2024-05-30T16:00:00Z,0.0001,8
ETHUSDT,2024-05-30T16:00:00Z,0.00018706,8
SOLUSDT,2024-05-30T16:00:00Z,0.0001,8
BTCUSDT,2024-05-31T00:00:00Z,0.00014599,8
ETHUSDT,2024-05-31T00:00:00Z,0.0001,8
SOLUSDT,2024-05-31T00:00:00Z,0.0001,8
BTCUSDT,2024-05-31T08:00:00Z,0.00012268,8
ETHUSDT,2024-05-31T08:00:00Z,0.00010793,8
SOLUSDT,2024-05-31T08:00:00Z,0.0001,8
BTCUSDT,2024-05-31T16:00:00Z,0.0001,8
ETHUSDT,2024-05-31T16:00:00Z,0.00012319,8
SOLUSDT,2024-05-31T16:00:00Z,0.0001,8
BTCUSDT,2024-06-01T00:00:00Z,0.0001,8
ETHUSDT,2024-06-01T00:00:00Z,0.00017131,8
SOLUSDT,2024-06-01T00:00:00Z,0.00016081,8
BTCUSDT,2024-06-01T08:00:00Z,0.0001,8
ETHUSDT,2024-06-01T08:00:00Z,0.00013009,8
SOLUSDT,2024-06-01T08:00:00Z,0.00011764,8
BTCUSDT,2024-06-01T16:00:00Z,0.0001025,8
ETHUSDT,2024-06-01T16:00:00Z,0.00011557,8
SOLUSDT,2024-06-01T16:00:00Z,0.00010981,8
BTCUSDT,2024-06-02T00:00:00Z,0.0001,8
ETHUSDT,2024-06-02T00:00:00Z,0.00015695,8
SOLUSDT,2024-06-02T00:00:00Z,0.00016684,8
BTCUSDT,2024-06-02T08:00:00Z,0.0001,8
ETHUSDT,2024-06-02T08:00:00Z,0.0001,8
SOLUSDT,2024-06-02T08:00:00Z,0.0001,8
BTCUSDT,2024-06-02T16:00:00Z,0.0001,8
ETHUSDT,2024-06-02T16:00:00Z,0.0001,8
SOLUSDT,2024-06-02T16:00:00Z,0.0001,8
BTCUSDT,2024-06-03T00:00:00Z,0.0001,8
ETHUSDT,2024-06-03T00:00:00Z,0.00012702,8
SOLUSDT,2024-06-03T00:00:00Z,0.00012157,8
BTCUSDT,2024-06-03T08:00:00Z,0.00014135,8
ETHUSDT,2024-06-03T08:00:00Z,0.00015803,8
SOLUSDT,2024-06-03T08:00:00Z,0.00010832,8
BTCUSDT,2024-06-03T16:00:00Z,0.0001,8
ETHUSDT,2024-06-03T16:00:00Z,0.00012815,8
SOLUSDT,2024-06-03T16:00:00Z,0.00011323,8
BTCUSDT,2024-06-04T00:00:00Z,0.00012008,8
ETHUSDT,2024-06-04T00:00:00Z,0.0001,8
SOLUSDT,2024-06-04T00:00:00Z,0.00015497,8
BTCUSDT,2024-06-04T08:00:00Z,0.0001,8
ETHUSDT,2024-06-04T08:00:00Z,0.0001,8
SOLUSDT,2024-06-04T08:00:00Z,0.00013282,8
BTCUSDT,2024-06-04T16:00:00Z,0.0001,8
ETHUSDT,2024-06-04T16:00:00Z,0.000108,8
SOLUSDT,2024-06-04T16:00:00Z,0.00016338,8
BTCUSDT,2024-06-05T00:00:00Z,0.0001,8
ETHUSDT,2024-06-05T00:00:00Z,0.00016969,8
SOLUSDT,2024-06-05T00:00:00Z,0.00021045,8
BTCUSDT,2024-06-05T08:00:00Z,0.00016387,8
ETHUSDT,2024-06-05T08:00:00Z,0.0001,8
SOLUSDT,2024-06-05T08:00:00Z,0.00023899,8
BTCUSDT,2024-06-05T16:00:00Z,0.00013226,8
ETHUSDT,2024-06-05T16:00:00Z,0.00010659,8
SOLUSDT,2024-06-05T16:00:00Z,0.00021842,8
BTCUSDT,2024-06-06T00:00:00Z,0.0001,8
ETHUSDT,2024-06-06T00:00:00Z,0.00019461,8
SOLUSDT,2024-06-06T00:00:00Z,0.00016193,8
BTCUSDT,2024-06-06T08:00:00Z,0.00010438,8
ETHUSDT,2024-06-06T08:00:00Z,0.00020328,8
SOLUSDT,2024-06-06T08:00:00Z,0.00020255,8
BTCUSDT,2024-06-06T16:00:00Z,0.0001177,8
ETHUSDT,2024-06-06T16:00:00Z,0.00014989,8
SOLUSDT,2024-06-06T16:00:00Z,0.00020758,8
BTCUSDT,2024-06-07T00:00:00Z,0.0001,8
ETHUSDT,2024-06-07T00:00:00Z,0.00016105,8
SOLUSDT,2024-06-07T00:00:00Z,0.0001,8
BTCUSDT,2024-06-07T08:00:00Z,0.0001,8
ETHUSDT,2024-06-07T08:00:00Z,0.00013228,8
SOLUSDT,2024-06-07T08:00:00Z,0.00016418,8
BTCUSDT,2024-06-07T16:00:00Z,0.00010166,8
ETHUSDT,2024-06-07T16:00:00Z,0.00017029,8
SOLUSDT,2024-06-07T16:00:00Z,0.0001698,8
BTCUSDT,2024-06-08T00:00:00Z,0.0001,8
ETHUSDT,2024-06-08T00:00:00Z,0.0001,8
SOLUSDT,2024-06-08T00:00:00Z,0.0001,8
BTCUSDT,2024-06-08T08:00:00Z,0.0001,8
ETHUSDT,2024-06-08T08:00:00Z,0.0001,8
SOLUSDT,2024-06-08T08:00:00Z,0.0001,8
BTCUSDT,2024-06-08T16:00:00Z,0.0001,8
ETHUSDT,2024-06-08T16:00:00Z,0.0001,8
SOLUSDT,2024-06-08T16:00:00Z,0.0001,8
BTCUSDT,2024-06-09T00:00:00Z,0.0001,8
ETHUSDT,2024-06-09T00:00:00Z,0.0001,8
SOLUSDT,2024-06-09T00:00:00Z,0.0001,8
BTCUSDT,2024-06-09T08:00:00Z,0.0001,8
ETHUSDT,2024-06-09T08:00:00Z,0.0001,8
SOLUSDT,2024-06-09T08:00:00Z,0.0001,8
BTCUSDT,2024-06-09T16:00:00Z,0.0001,8
ETHUSDT,2024-06-09T16:00:00Z,0.0001,8
SOLUSDT,2024-06-09T16:00:00Z,0.0001,8
BTCUSDT,2024-06-10T00:00:00Z,0.0001,8
ETHUSDT,2024-06-10T00:00:00Z,0.0001,8
SOLUSDT,2024-06-10T00:00:00Z,0.0001,8
BTCUSDT,2024-06-10T08:00:00Z,0.0001,8
ETHUSDT,2024-06-10T08:00:00Z,0.0001,8
SOLUSDT,2024-06-10T08:00:00Z,0.0001,8
BTCUSDT,2024-06-10T16:00:00Z,0.0001,8
ETHUSDT,2024-06-10T16:00:00Z,0.0001,8
SOLUSDT,2024-06-10T16:00:00Z,0.0001,8
BTCUSDT,2024-06-11T00:00:00Z,0.0001,8
ETHUSDT,2024-06-11T00:00:00Z,0.0001,8
SOLUSDT,2024-06-11T00:00:00Z,0.0001,8
BTCUSDT,2024-06-11T08:00:00Z,0.0001,8
ETHUSDT,2024-06-11T08:00:00Z,0.0001,8
SOLUSDT,2024-06-11T08:00:00Z,0.0001,8
BTCUSDT,2024-06-11T16:00:00Z,0.0001,8
ETHUSDT,2024-06-11T16:00:00Z,0.0001,8
SOLUSDT,2024-06-11T16:00:00Z,0.0001,8
BTCUSDT,2024-06-12T00:00:00Z,0.0001,8
ETHUSDT,2024-06-12T00:00:00Z,0.0001,8
SOLUSDT,2024-06-12T00:00:00Z,0.0001,8
BTCUSDT,2024-06-12T08:00:00Z,0.0001,8
ETHUSDT,2024-06-12T08:00:00Z,0.0001,8
SOLUSDT,2024-06-12T08:00:00Z,0.0001,8
BTCUSDT,2024-06-12T16:00:00Z,0.0001,8
ETHUSDT,2024-06-12T16:00:00Z,0.0001,8
SOLUSDT,2024-06-12T16:00:00Z,0.0001,8
BTCUSDT,2024-06-13T00:00:00Z,0.0001,8
ETHUSDT,2024-06-13T00:00:00Z,0.0001,8
SOLUSDT,2024-06-13T00:00:00Z,0.0001,8
BTCUSDT,2024-06-13T08:00:00Z,0.0001,8
ETHUSDT,2024-06-13T08:00:00Z,0.0001,8
SOLUSDT,2024-06-13T08:00:00Z,0.0001,8
BTCUSDT,2024-06-13T16:00:00Z,0.0001,8
ETHUSDT,2024-06-13T16:00:00Z,0.0001,8
SOLUSDT,2024-06-13T16:00:00Z,0.0001,8
BTCUSDT,2024-06-14T00:00:00Z,0.0001,8
ETHUSDT,2024-06-14T00:00:00Z,0.0001,8
SOLUSDT,2024-06-14T00:00:00Z,0.0001,8
BTCUSDT,2024-06-14T08:00:00Z,0.0001,8
ETHUSDT,2024-06-14T08:00:00Z,0.0001,8
SOLUSDT,2024-06-14T08:00:00Z,8.277e-05,8
BTCUSDT,2024-06-14T16:00:00Z,0.0001,8
ETHUSDT,2024-06-14T16:00:00Z,0.0001,8
SOLUSDT,2024-06-14T16:00:00Z,9.897e-05,8
BTCUSDT,2024-06-15T00:00:00Z,0.0001,8
ETHUSDT,2024-06-15T00:00:00Z,0.0001,8
SOLUSDT,2024-06-15T00:00:00Z,0.0001,8
BTCUSDT,2024-06-15T08:00:00Z,0.0001,8
ETHUSDT,2024-06-15T08:00:00Z,0.0001,8
SOLUSDT,2024-06-15T08:00:00Z,0.0001,8
BTCUSDT,2024-06-15T16:00:00Z,0.0001,8
ETHUSDT,2024-06-15T16:00:00Z,0.0001,8
SOLUSDT,2024-06-15T16:00:00Z,0.0001,8
BTCUSDT,2024-06-16T00:00:00Z,0.0001,8
ETHUSDT,2024-06-16T00:00:00Z,0.0001,8
SOLUSDT,2024-06-16T00:00:00Z,0.0001,8
BTCUSDT,2024-06-16T08:00:00Z,0.0001,8
ETHUSDT,2024-06-16T08:00:00Z,0.0001,8
SOLUSDT,2024-06-16T08:00:00Z,0.0001,8
BTCUSDT,2024-06-16T16:00:00Z,0.0001,8
ETHUSDT,2024-06-16T16:00:00Z,0.0001,8
SOLUSDT,2024-06-16T16:00:00Z,3.192e-05,8
BTCUSDT,2024-06-17T00:00:00Z,0.0001,8
ETHUSDT,2024-06-17T00:00:00Z,0.0001,8
SOLUSDT,2024-06-17T00:00:00Z,0.0001,8
BTCUSDT,2024-06-17T08:00:00Z,0.0001,8
ETHUSDT,2024-06-17T08:00:00Z,0.0001,8
SOLUSDT,2024-06-17T08:00:00Z,0.0001,8
BTCUSDT,2024-06-17T16:00:00Z,0.0001,8
ETHUSDT,2024-06-17T16:00:00Z,9.137e-05,8
SOLUSDT,2024-06-17T16:00:00Z,7.161e-05,8
BTCUSDT,2024-06-18T00:00:00Z,0.0001,8
ETHUSDT,2024-06-18T00:00:00Z,6.649e-05,8
SOLUSDT,2024-06-18T00:00:00Z,7.592e-05,8
BTCUSDT,2024-06-18T08:00:00Z,8.236e-05,8
ETHUSDT,2024-06-18T08:00:00Z,7.836e-05,8
SOLUSDT,2024-06-18T08:00:00Z,-8.849e-05,8
BTCUSDT,2024-06-18T16:00:00Z,0.0001,8
ETHUSDT,2024-06-18T16:00:00Z,6.211e-05,8
SOLUSDT,2024-06-18T16:00:00Z,0.0001,8
BTCUSDT,2024-06-19T00:00:00Z,0.0001,8
ETHUSDT,2024-06-19T00:00:00Z,0.0001,8
SOLUSDT,2024-06-19T00:00:00Z,0.0001,8
BTCUSDT,2024-06-19T08:00:00Z,4.127e-05,8
ETHUSDT,2024-06-19T08:00:00Z,0.0001,8
SOLUSDT,2024-06-19T08:00:00Z,4.103e-05,8
BTCUSDT,2024-06-19T16:00:00Z,2.967e-05,8
ETHUSDT,2024-06-19T16:00:00Z,6.122e-05,8
SOLUSDT,2024-06-19T16:00:00Z,6.996e-05,8
BTCUSDT,2024-06-20T00:00:00Z,3.934e-05,8
ETHUSDT,2024-06-20T00:00:00Z,0.0001,8
SOLUSDT,2024-06-20T00:00:00Z,7.341e-05,8
BTCUSDT,2024-06-20T08:00:00Z,5.953e-05,8
ETHUSDT,2024-06-20T08:00:00Z,6.409e-05,8
SOLUSDT,2024-06-20T08:00:00Z,1.175e-05,8
BTCUSDT,2024-06-20T16:00:00Z,6.879e-05,8
ETHUSDT,2024-06-20T16:00:00Z,3.148e-05,8
SOLUSDT,2024-06-20T16:00:00Z,-2.605e-05,8
BTCUSDT,2024-06-21T00:00:00Z,3.344e-05,8
ETHUSDT,2024-06-21T00:00:00Z,7.46e-06,8
SOLUSDT,2024-06-21T00:00:00Z,8.76e-06,8
BTCUSDT,2024-06-21T08:00:00Z,7.328e-05,8
ETHUSDT,2024-06-21T08:00:00Z,2.103e-05,8
SOLUSDT,2024-06-21T08:00:00Z,4.454e-05,8
BTCUSDT,2024-06-21T16:00:00Z,0.0001,8
ETHUSDT,2024-06-21T16:00:00Z,0.0001,8
SOLUSDT,2024-06-21T16:00:00Z,4.111e-05,8
BTCUSDT,2024-06-22T00:00:00Z,0.0001,8
ETHUSDT,2024-06-22T00:00:00Z,4.564e-05,8
SOLUSDT,2024-06-22T00:00:00Z,7.06e-05,8
BTCUSDT,2024-06-22T08:00:00Z,4.146e-05,8
ETHUSDT,2024-06-22T08:00:00Z,5.837e-05,8
SOLUSDT,2024-06-22T08:00:00Z,-2.362e-05,8
BTCUSDT,2024-06-22T16:00:00Z,0.0001,8
ETHUSDT,2024-06-22T16:00:00Z,3.914e-05,8
SOLUSDT,2024-06-22T16:00:00Z,0.0001,8
BTCUSDT,2024-06-23T00:00:00Z,0.0001,8
ETHUSDT,2024-06-23T00:00:00Z,6.71e-05,8
SOLUSDT,2024-06-23T00:00:00Z,7.846e-05,8
BTCUSDT,2024-06-23T08:00:00Z,2.307e-05,8
ETHUSDT,2024-06-23T08:00:00Z,4.594e-05,8
SOLUSDT,2024-06-23T08:00:00Z,3.933e-05,8
BTCUSDT,2024-06-23T16:00:00Z,4.676e-05,8
ETHUSDT,2024-06-23T16:00:00Z,3.591e-05,8
SOLUSDT,2024-06-23T16:00:00Z,4.131e-05,8
BTCUSDT,2024-06-24T00:00:00Z,9.534e-05,8
ETHUSDT,2024-06-24T00:00:00Z,7.672e-05,8
SOLUSDT,2024-06-24T00:00:00Z,0.0001,8
BTCUSDT,2024-06-24T08:00:00Z,0.0001,8
ETHUSDT,2024-06-24T08:00:00Z,0.0001,8
SOLUSDT,2024-06-24T08:00:00Z,3.318e-05,8
BTCUSDT,2024-06-24T16:00:00Z,7.488e-05,8
ETHUSDT,2024-06-24T16:00:00Z,7.41e-05,8
SOLUSDT,2024-06-24T16:00:00Z,2.872e-05,8
BTCUSDT,2024-06-25T00:00:00Z,7.447e-05,8
ETHUSDT,2024-06-25T00:00:00Z,0.0001,8
SOLUSDT,2024-06-25T00:00:00Z,1.182e-05,8
BTCUSDT,2024-06-25T08:00:00Z,5.949e-05,8
ETHUSDT,2024-06-25T08:00:00Z,0.0001,8
SOLUSDT,2024-06-25T08:00:00Z,-3.228e-05,8
BTCUSDT,2024-06-25T16:00:00Z,7.752e-05,8
ETHUSDT,2024-06-25T16:00:00Z,0.0001,8
SOLUSDT,2024-06-25T16:00:00Z,8.255e-05,8
BTCUSDT,2024-06-26T00:00:00Z,0.0001,8
ETHUSDT,2024-06-26T00:00:00Z,0.0001,8
SOLUSDT,2024-06-26T00:00:00Z,0.0001,8
BTCUSDT,2024-06-26T08:00:00Z,0.0001,8
ETHUSDT,2024-06-26T08:00:00Z,0.0001,8
SOLUSDT,2024-06-26T08:00:00Z,0.0001,8
BTCUSDT,2024-06-26T16:00:00Z,0.0001,8
ETHUSDT,2024-06-26T16:00:00Z,0.0001,8
SOLUSDT,2024-06-26T16:00:00Z,0.0001,8
BTCUSDT,2024-06-27T00:00:00Z,0.0001,8
ETHUSDT,2024-06-27T00:00:00Z,0.0001,8
SOLUSDT,2024-06-27T00:00:00Z,0.0001,8
BTCUSDT,2024-06-27T08:00:00Z,0.0001,8
ETHUSDT,2024-06-27T08:00:00Z,0.0001,8
SOLUSDT,2024-06-27T08:00:00Z,0.0001,8
BTCUSDT,2024-06-27T16:00:00Z,0.0001,8
ETHUSDT,2024-06-27T16:00:00Z,0.0001,8
SOLUSDT,2024-06-27T16:00:00Z,0.0001,8
BTCUSDT,2024-06-28T00:00:00Z,0.0001,8
ETHUSDT,2024-06-28T00:00:00Z,0.0001,8
SOLUSDT,2024-06-28T00:00:00Z,0.0001,8
BTCUSDT,2024-06-28T08:00:00Z,0.0001,8
ETHUSDT,2024-06-28T08:00:00Z,0.0001,8
SOLUSDT,2024-06-28T08:00:00Z,8.707e-05,8
BTCUSDT,2024-06-28T16:00:00Z,0.0001,8
ETHUSDT,2024-06-28T16:00:00Z,0.0001,8
SOLUSDT,2024-06-28T16:00:00Z,9.286e-05,8
BTCUSDT,2024-06-29T00:00:00Z,0.0001,8
ETHUSDT,2024-06-29T00:00:00Z,0.0001,8
SOLUSDT,2024-06-29T00:00:00Z,0.0001,8
BTCUSDT,2024-06-29T08:00:00Z,0.0001,8
ETHUSDT,2024-06-29T08:00:00Z,0.0001,8
SOLUSDT,2024-06-29T08:00:00Z,0.0001,8
BTCUSDT,2024-06-29T16:00:00Z,0.0001,8
ETHUSDT,2024-06-29T16:00:00Z,0.0001,8
SOLUSDT,2024-06-29T16:00:00Z,0.0001,8
BTCUSDT,2024-06-30T00:00:00Z,0.0001,8
ETHUSDT,2024-06-30T00:00:00Z,0.0001,8
SOLUSDT,2024-06-30T00:00:00Z,0.0001,8
BTCUSDT,2024-06-30T08:00:00Z,0.0001,8
ETHUSDT,2024-06-30T08:00:00Z,0.0001,8
SOLUSDT,2024-06-30T08:00:00Z,0.0001,8
BTCUSDT,2024-06-30T16:00:00Z,0.0001,8
ETHUSDT,2024-06-30T16:00:00Z,0.0001,8
SOLUSDT,2024-06-30T16:00:00Z,0.0001,8
BTCUSDT,2024-07-01T00:00:00Z,0.0001,8
ETHUSDT,2024-07-01T00:00:00Z,0.0001,8
SOLUSDT,2024-07-01T00:00:00Z,8.734e-05,8
BTCUSDT,2024-07-01T08:00:00Z,0.0001,8
ETHUSDT,2024-07-01T08:00:00Z,0.0001,8
SOLUSDT,2024-07-01T08:00:00Z,5.816e-05,8
BTCUSDT,2024-07-01T16:00:00Z,0.0001,8
ETHUSDT,2024-07-01T16:00:00Z,0.0001,8
SOLUSDT,2024-07-01T16:00:00Z,0.0001,8
BTCUSDT,2024-07-02T00:00:00Z,0.0001,8
ETHUSDT,2024-07-02T00:00:00Z,0.0001,8
SOLUSDT,2024-07-02T00:00:00Z,0.0001,8
BTCUSDT,2024-07-02T08:00:00Z,0.0001,8
ETHUSDT,2024-07-02T08:00:00Z,0.0001,8
SOLUSDT,2024-07-02T08:00:00Z,7.576e-05,8
BTCUSDT,2024-07-02T16:00:00Z,0.0001,8
ETHUSDT,2024-07-02T16:00:00Z,0.0001,8
SOLUSDT,2024-07-02T16:00:00Z,2.759e-05,8
BTCUSDT,2024-07-03T00:00:00Z,0.0001,8
ETHUSDT,2024-07-03T00:00:00Z,0.0001,8
SOLUSDT,2024-07-03T00:00:00Z,0.0001,8
BTCUSDT,2024-07-03T08:00:00Z,0.0001,8
ETHUSDT,2024-07-03T08:00:00Z,0.0001,8
SOLUSDT,2024-07-03T08:00:00Z,0.0001,8
BTCUSDT,2024-07-03T16:00:00Z,0.0001,8
ETHUSDT,2024-07-03T16:00:00Z,0.0001,8
SOLUSDT,2024-07-03T16:00:00Z,0.0001,8
BTCUSDT,2024-07-04T00:00:00Z,0.0001,8
ETHUSDT,2024-07-04T00:00:00Z,0.0001,8
SOLUSDT,2024-07-04T00:00:00Z,0.0001,8
BTCUSDT,2024-07-04T08:00:00Z,0.0001,8
ETHUSDT,2024-07-04T08:00:00Z,0.0001,8
SOLUSDT,2024-07-04T08:00:00Z,8.877e-05,8
BTCUSDT,2024-07-04T16:00:00Z,0.0001,8
ETHUSDT,2024-07-04T16:00:00Z,0.0001,8
SOLUSDT,2024-07-04T16:00:00Z,4.97e-05,8
BTCUSDT,2024-07-05T00:00:00Z,0.0001,8
ETHUSDT,2024-07-05T00:00:00Z,0.0001,8
SOLUSDT,2024-07-05T00:00:00Z,-9.47e-06,8
BTCUSDT,2024-07-05T08:00:00Z,0.0001,8
ETHUSDT,2024-07-05T08:00:00Z,9.55e-05,8
SOLUSDT,2024-07-05T08:00:00Z,5.21e-05,8
BTCUSDT,2024-07-05T16:00:00Z,1.762e-05,8
ETHUSDT,2024-07-05T16:00:00Z,4.923e-05,8
SOLUSDT,2024-07-05T16:00:00Z,-0.0001139,8
BTCUSDT,2024-07-06T00:00:00Z,5.729e-05,8
ETHUSDT,2024-07-06T00:00:00Z,9.007e-05,8
SOLUSDT,2024-07-06T00:00:00Z,7.35e-05,8
BTCUSDT,2024-07-06T08:00:00Z,7.512e-05,8
ETHUSDT,2024-07-06T08:00:00Z,6.597e-05,8
SOLUSDT,2024-07-06T08:00:00Z,4.265e-05,8
BTCUSDT,2024-07-06T16:00:00Z,3.25e-05,8
ETHUSDT,2024-07-06T16:00:00Z,5.847e-05,8
SOLUSDT,2024-07-06T16:00:00Z,-0.00012992,8
BTCUSDT,2024-07-07T00:00:00Z,8.164e-05,8
ETHUSDT,2024-07-07T00:00:00Z,3.941e-05,8
SOLUSDT,2024-07-07T00:00:00Z,3.52e-06,8
BTCUSDT,2024-07-07T08:00:00Z,0.0001,8
ETHUSDT,2024-07-07T08:00:00Z,8.938e-05,8
SOLUSDT,2024-07-07T08:00:00Z,0.0001,8
BTCUSDT,2024-07-07T16:00:00Z,0.0001,8
ETHUSDT,2024-07-07T16:00:00Z,5.389e-05,8
SOLUSDT,2024-07-07T16:00:00Z,0.0001,8
BTCUSDT,2024-07-08T00:00:00Z,7.905e-05,8
ETHUSDT,2024-07-08T00:00:00Z,0.0001,8
SOLUSDT,2024-07-08T00:00:00Z,0.0001,8
BTCUSDT,2024-07-08T08:00:00Z,8.222e-05,8
ETHUSDT,2024-07-08T08:00:00Z,3.423e-05,8
SOLUSDT,2024-07-08T08:00:00Z,-5.629e-05,8
BTCUSDT,2024-07-08T16:00:00Z,0.0001,8
ETHUSDT,2024-07-08T16:00:00Z,9.357e-05,8
SOLUSDT,2024-07-08T16:00:00Z,0.0001,8
BTCUSDT,2024-07-09T00:00:00Z,0.0001,8
ETHUSDT,2024-07-09T00:00:00Z,5.681e-05,8
SOLUSDT,2024-07-09T00:00:00Z,0.0001,8
BTCUSDT,2024-07-09T08:00:00Z,8.61e-06,8
ETHUSDT,2024-07-09T08:00:00Z,1.078e-05,8
SOLUSDT,2024-07-09T08:00:00Z,5.602e-05,8
BTCUSDT,2024-07-09T16:00:00Z,0.0001,8
ETHUSDT,2024-07-09T16:00:00Z,7.754e-05,8
SOLUSDT,2024-07-09T16:00:00Z,4.22e-05,8
BTCUSDT,2024-07-10T00:00:00Z,0.0001,8
ETHUSDT,2024-07-10T00:00:00Z,3.746e-05,8
SOLUSDT,2024-07-10T00:00:00Z,8.78e-05,8
BTCUSDT,2024-07-10T08:00:00Z,9.225e-05,8
ETHUSDT,2024-07-10T08:00:00Z,1.713e-05,8
SOLUSDT,2024-07-10T08:00:00Z,8.961e-05,8
BTCUSDT,2024-07-10T16:00:00Z,5.485e-05,8
ETHUSDT,2024-07-10T16:00:00Z,0.0001,8
SOLUSDT,2024-07-10T16:00:00Z,7.406e-05,8
BTCUSDT,2024-07-11T00:00:00Z,0.0001,8
ETHUSDT,2024-07-11T00:00:00Z,4.282e-05,8
SOLUSDT,2024-07-11T00:00:00Z,0.0001,8
BTCUSDT,2024-07-11T08:00:00Z,0.0001,8
ETHUSDT,2024-07-11T08:00:00Z,8.656e-05,8
SOLUSDT,2024-07-11T08:00:00Z,2.205e-05,8
BTCUSDT,2024-07-11T16:00:00Z,0.0001,8
ETHUSDT,2024-07-11T16:00:00Z,5.603e-05,8
SOLUSDT,2024-07-11T16:00:00Z,-1.433e-05,8
BTCUSDT,2024-07-12T00:00:00Z,6.378e-05,8
ETHUSDT,2024-07-12T00:00:00Z,0.0001,8
SOLUSDT,2024-07-12T00:00:00Z,0.0001,8
BTCUSDT,2024-07-12T08:00:00Z,3.026e-05,8
ETHUSDT,2024-07-12T08:00:00Z,4.73e-05,8
SOLUSDT,2024-07-12T08:00:00Z,4.566e-05,8
BTCUSDT,2024-07-12T16:00:00Z,4.037e-05,8
ETHUSDT,2024-07-12T16:00:00Z,7.154e-05,8
SOLUSDT,2024-07-12T16:00:00Z,-1.079e-05,8
BTCUSDT,2024-07-13T00:00:00Z,8.319e-05,8
ETHUSDT,2024-07-13T00:00:00Z,0.0001,8
SOLUSDT,2024-07-13T00:00:00Z,1.668e-05,8
BTCUSDT,2024-07-13T08:00:00Z,6.865e-05,8
ETHUSDT,2024-07-13T08:00:00Z,0.0001,8
SOLUSDT,2024-07-13T08:00:00Z,8.326e-05,8
BTCUSDT,2024-07-13T16:00:00Z,0.0001,8
ETHUSDT,2024-07-13T16:00:00Z,7.584e-05,8
SOLUSDT,2024-07-13T16:00:00Z,4.063e-05,8
BTCUSDT,2024-07-14T00:00:00Z,8.737e-05,8
ETHUSDT,2024-07-14T00:00:00Z,0.0001,8
SOLUSDT,2024-07-14T00:00:00Z,8.116e-05,8
BTCUSDT,2024-07-14T08:00:00Z,3.71e-05,8
ETHUSDT,2024-07-14T08:00:00Z,6.352e-05,8
SOLUSDT,2024-07-14T08:00:00Z,4.07e-05,8
BTCUSDT,2024-07-14T16:00:00Z,8.342e-05,8
ETHUSDT,2024-07-14T16:00:00Z,3.194e-05,8
SOLUSDT,2024-07-14T16:00:00Z,2.006e-05,8
BTCUSDT,2024-07-15T00:00:00Z,4.59e-05,8
ETHUSDT,2024-07-15T00:00:00Z,9.653e-05,8
SOLUSDT,2024-07-15T00:00:00Z,-1.038e-05,8
BTCUSDT,2024-07-15T08:00:00Z,3.202e-05,8
ETHUSDT,2024-07-15T08:00:00Z,4.043e-05,8
SOLUSDT,2024-07-15T08:00:00Z,2.402e-05,8
BTCUSDT,2024-07-15T16:00:00Z,-5.14e-06,8
ETHUSDT,2024-07-15T16:00:00Z,4.69e-05,8
SOLUSDT,2024-07-15T16:00:00Z,3.81e-05,8
BTCUSDT,2024-07-16T00:00:00Z,-5.062e-05,8
ETHUSDT,2024-07-16T00:00:00Z,2.643e-05,8
SOLUSDT,2024-07-16T00:00:00Z,-3.759e-05,8
BTCUSDT,2024-07-16T08:00:00Z,8.814e-05,8
ETHUSDT,2024-07-16T08:00:00Z,9.799e-05,8
SOLUSDT,2024-07-16T08:00:00Z,0.0001,8
BTCUSDT,2024-07-16T16:00:00Z,2.717e-05,8
ETHUSDT,2024-07-16T16:00:00Z,6.395e-05,8
SOLUSDT,2024-07-16T16:00:00Z,7.774e-05,8
BTCUSDT,2024-07-17T00:00:00Z,-3.419e-05,8
ETHUSDT,2024-07-17T00:00:00Z,5.824e-05,8
SOLUSDT,2024-07-17T00:00:00Z,0.0001,8
BTCUSDT,2024-07-17T08:00:00Z,1.775e-05,8
ETHUSDT,2024-07-17T08:00:00Z,8.064e-05,8
SOLUSDT,2024-07-17T08:00:00Z,5.083e-05,8
BTCUSDT,2024-07-17T16:00:00Z,2.143e-05,8
ETHUSDT,2024-07-17T16:00:00Z,6.113e-05,8
SOLUSDT,2024-07-17T16:00:00Z,0.0001,8
BTCUSDT,2024-07-18T00:00:00Z,6.89e-06,8
ETHUSDT,2024-07-18T00:00:00Z,0.0001,8
SOLUSDT,2024-07-18T00:00:00Z,6.464e-05,8
BTCUSDT,2024-07-18T08:00:00Z,1.546e-05,8
ETHUSDT,2024-07-18T08:00:00Z,6.727e-05,8
SOLUSDT,2024-07-18T08:00:00Z,8.411e-05,8
BTCUSDT,2024-07-18T16:00:00Z,3.127e-05,8
ETHUSDT,2024-07-18T16:00:00Z,3.237e-05,8
SOLUSDT,2024-07-18T16:00:00Z,0.0001,8
BTCUSDT,2024-07-19T00:00:00Z,4.029e-05,8
ETHUSDT,2024-07-19T00:00:00Z,4.387e-05,8
SOLUSDT,2024-07-19T00:00:00Z,7.366e-05,8
BTCUSDT,2024-07-19T08:00:00Z,4.855e-05,8
ETHUSDT,2024-07-19T08:00:00Z,8.153e-05,8
SOLUSDT,2024-07-19T08:00:00Z,0.0001,8
BTCUSDT,2024-07-19T16:00:00Z,4.606e-05,8
ETHUSDT,2024-07-19T16:00:00Z,0.0001,8
SOLUSDT,2024-07-19T16:00:00Z,5.128e-05,8
BTCUSDT,2024-07-20T00:00:00Z,-3.077e-05,8
ETHUSDT,2024-07-20T00:00:00Z,5.271e-05,8
SOLUSDT,2024-07-20T00:00:00Z,0.0001,8
BTCUSDT,2024-07-20T08:00:00Z,1.944e-05,8
ETHUSDT,2024-07-20T08:00:00Z,8.573e-05,8
SOLUSDT,2024-07-20T08:00:00Z,2.379e-05,8
BTCUSDT,2024-07-20T16:00:00Z,1.622e-05,8
ETHUSDT,2024-07-20T16:00:00Z,2.468e-05,8
SOLUSDT,2024-07-20T16:00:00Z,3.05e-06,8
BTCUSDT,2024-07-21T00:00:00Z,-5.313e-05,8
ETHUSDT,2024-07-21T00:00:00Z,0.0001,8
SOLUSDT,2024-07-21T00:00:00Z,0.0001,8
BTCUSDT,2024-07-21T08:00:00Z,2.194e-05,8
ETHUSDT,2024-07-21T08:00:00Z,1.524e-05,8
SOLUSDT,2024-07-21T08:00:00Z,0.0001,8
BTCUSDT,2024-07-21T16:00:00Z,6.46e-06,8
ETHUSDT,2024-07-21T16:00:00Z,6.721e-05,8
SOLUSDT,2024-07-21T16:00:00Z,5.463e-05,8
BTCUSDT,2024-07-22T00:00:00Z,9.136e-05,8
ETHUSDT,2024-07-22T00:00:00Z,9.867e-05,8
SOLUSDT,2024-07-22T00:00:00Z,0.0001,8
BTCUSDT,2024-07-22T08:00:00Z,5.953e-05,8
ETHUSDT,2024-07-22T08:00:00Z,7.749e-05,8
SOLUSDT,2024-07-22T08:00:00Z,0.0001,8
BTCUSDT,2024-07-22T16:00:00Z,2.769e-05,8
ETHUSDT,2024-07-22T16:00:00Z,2.82e-05,8
SOLUSDT,2024-07-22T16:00:00Z,7.105e-05,8
BTCUSDT,2024-07-23T00:00:00Z,4.709e-05,8
ETHUSDT,2024-07-23T00:00:00Z,7.792e-05,8
SOLUSDT,2024-07-23T00:00:00Z,0.0001,8
BTCUSDT,2024-07-23T08:00:00Z,4.31e-05,8
ETHUSDT,2024-07-23T08:00:00Z,0.0001,8
SOLUSDT,2024-07-23T08:00:00Z,0.0001,8
BTCUSDT,2024-07-23T16:00:00Z,4.642e-05,8
ETHUSDT,2024-07-23T16:00:00Z,9.013e-05,8
SOLUSDT,2024-07-23T16:00:00Z,0.0001,8
BTCUSDT,2024-07-24T00:00:00Z,0.0001,8
ETHUSDT,2024-07-24T00:00:00Z,7.865e-05,8
SOLUSDT,2024-07-24T00:00:00Z,4.584e-05,8
BTCUSDT,2024-07-24T08:00:00Z,0.0001,8
ETHUSDT,2024-07-24T08:00:00Z,8.396e-05,8
SOLUSDT,2024-07-24T08:00:00Z,0.0001,8
BTCUSDT,2024-07-24T16:00:00Z,0.0001,8
ETHUSDT,2024-07-24T16:00:00Z,6.706e-05,8
SOLUSDT,2024-07-24T16:00:00Z,7.12e-05,8
BTCUSDT,2024-07-25T00:00:00Z,0.0001,8
ETHUSDT,2024-07-25T00:00:00Z,9.46e-05,8
SOLUSDT,2024-07-25T00:00:00Z,8.091e-05,8
BTCUSDT,2024-07-25T08:00:00Z,0.0001,8
ETHUSDT,2024-07-25T08:00:00Z,2.04e-06,8
SOLUSDT,2024-07-25T08:00:00Z,9.813e-05,8
BTCUSDT,2024-07-25T16:00:00Z,0.0001,8
ETHUSDT,2024-07-25T16:00:00Z,3.72e-05,8
SOLUSDT,2024-07-25T16:00:00Z,7.841e-05,8
BTCUSDT,2024-07-26T00:00:00Z,0.0001,8
ETHUSDT,2024-07-26T00:00:00Z,3.903e-05,8
SOLUSDT,2024-07-26T00:00:00Z,7.483e-05,8
BTCUSDT,2024-07-26T08:00:00Z,0.0001,8
ETHUSDT,2024-07-26T08:00:00Z,4.196e-05,8
SOLUSDT,2024-07-26T08:00:00Z,3.235e-05,8
BTCUSDT,2024-07-26T16:00:00Z,3.34e-05,8
ETHUSDT,2024-07-26T16:00:00Z,4.001e-05,8
SOLUSDT,2024-07-26T16:00:00Z,6.143e-05,8
BTCUSDT,2024-07-27T00:00:00Z,6.547e-05,8
ETHUSDT,2024-07-27T00:00:00Z,3.05e-05,8
SOLUSDT,2024-07-27T00:00:00Z,4.76e-05,8
BTCUSDT,2024-07-27T08:00:00Z,8.022e-05,8
ETHUSDT,2024-07-27T08:00:00Z,7.422e-05,8
SOLUSDT,2024-07-27T08:00:00Z,3.411e-05,8
BTCUSDT,2024-07-27T16:00:00Z,9.109e-05,8
ETHUSDT,2024-07-27T16:00:00Z,1.78e-05,8
SOLUSDT,2024-07-27T16:00:00Z,8.705e-05,8
BTCUSDT,2024-07-28T00:00:00Z,8.18e-05,8
ETHUSDT,2024-07-28T00:00:00Z,0.0001,8
SOLUSDT,2024-07-28T00:00:00Z,0.0001,8
BTCUSDT,2024-07-28T08:00:00Z,9.177e-05,8
ETHUSDT,2024-07-28T08:00:00Z,0.0001,8
SOLUSDT,2024-07-28T08:00:00Z,0.0001,8
BTCUSDT,2024-07-28T16:00:00Z,2.804e-05,8
ETHUSDT,2024-07-28T16:00:00Z,0.0001,8
SOLUSDT,2024-07-28T16:00:00Z,8.932e-05,8
BTCUSDT,2024-07-29T00:00:00Z,8.361e-05,8
ETHUSDT,2024-07-29T00:00:00Z,8.174e-05,8
SOLUSDT,2024-07-29T00:00:00Z,3.694e-05,8
BTCUSDT,2024-07-29T08:00:00Z,5.623e-05,8
ETHUSDT,2024-07-29T08:00:00Z,0.0001,8
SOLUSDT,2024-07-29T08:00:00Z,0.0001,8
BTCUSDT,2024-07-29T16:00:00Z,0.0001,8
ETHUSDT,2024-07-29T16:00:00Z,0.0001,8
SOLUSDT,2024-07-29T16:00:00Z,0.0001,8
BTCUSDT,2024-07-30T00:00:00Z,3.396e-05,8
ETHUSDT,2024-07-30T00:00:00Z,0.0001,8
SOLUSDT,2024-07-30T00:00:00Z,7.783e-05,8
BTCUSDT,2024-07-30T08:00:00Z,3.562e-05,8
ETHUSDT,2024-07-30T08:00:00Z,0.0001,8
SOLUSDT,2024-07-30T08:00:00Z,0.0001,8
BTCUSDT,2024-07-30T16:00:00Z,7.691e-05,8
ETHUSDT,2024-07-30T16:00:00Z,0.0001,8
SOLUSDT,2024-07-30T16:00:00Z,0.0001,8
BTCUSDT,2024-07-31T00:00:00Z,3.063e-05,8
ETHUSDT,2024-07-31T00:00:00Z,0.0001,8
SOLUSDT,2024-07-31T00:00:00Z,3.184e-05,8
BTCUSDT,2024-07-31T08:00:00Z,7.178e-05,8
ETHUSDT,2024-07-31T08:00:00Z,0.0001,8
SOLUSDT,2024-07-31T08:00:00Z,7.743e-05,8
BTCUSDT,2024-07-31T16:00:00Z,3.826e-05,8
ETHUSDT,2024-07-31T16:00:00Z,0.0001,8
SOLUSDT,2024-07-31T16:00:00Z,8.931e-05,8
BTCUSDT,2024-08-01T00:00:00Z,8.208e-05,8
ETHUSDT,2024-08-01T00:00:00Z,0.0001,8
SOLUSDT,2024-08-01T00:00:00Z,9.291e-05,8
BTCUSDT,2024-08-01T08:00:00Z,0.0001,8
ETHUSDT,2024-08-01T08:00:00Z,5.973e-05,8
SOLUSDT,2024-08-01T08:00:00Z,0.0001,8
BTCUSDT,2024-08-01T16:00:00Z,0.0001,8
ETHUSDT,2024-08-01T16:00:00Z,0.0001,8
SOLUSDT,2024-08-01T16:00:00Z,0.0001,8
BTCUSDT,2024-08-02T00:00:00Z,0.0001,8
ETHUSDT,2024-08-02T00:00:00Z,7.641e-05,8
SOLUSDT,2024-08-02T00:00:00Z,3.639e-05,8
BTCUSDT,2024-08-02T08:00:00Z,0.0001,8
ETHUSDT,2024-08-02T08:00:00Z,7.771e-05,8
SOLUSDT,2024-08-02T08:00:00Z,0.0001,8
BTCUSDT,2024-08-02T16:00:00Z,0.0001,8
ETHUSDT,2024-08-02T16:00:00Z,3.785e-05,8
SOLUSDT,2024-08-02T16:00:00Z,0.0001,8
BTCUSDT,2024-08-03T00:00:00Z,0.0001,8
ETHUSDT,2024-08-03T00:00:00Z,8.493e-05,8
SOLUSDT,2024-08-03T00:00:00Z,9.802e-05,8
BTCUSDT,2024-08-03T08:00:00Z,9.788e-05,8
ETHUSDT,2024-08-03T08:00:00Z,2.92e-05,8
SOLUSDT,2024-08-03T08:00:00Z,0.0001,8
BTCUSDT,2024-08-03T16:00:00Z,4.247e-05,8
ETHUSDT,2024-08-03T16:00:00Z,4.82e-05,8
SOLUSDT,2024-08-03T16:00:00Z,8.073e-05,8
BTCUSDT,2024-08-04T00:00:00Z,0.0001,8
ETHUSDT,2024-08-04T00:00:00Z,4.181e-05,8
SOLUSDT,2024-08-04T00:00:00Z,-1.748e-05,8
BTCUSDT,2024-08-04T08:00:00Z,5.343e-05,8
ETHUSDT,2024-08-04T08:00:00Z,1.635e-05,8
SOLUSDT,2024-08-04T08:00:00Z,8.871e-05,8
BTCUSDT,2024-08-04T16:00:00Z,0.0001,8
ETHUSDT,2024-08-04T16:00:00Z,6.815e-05,8
SOLUSDT,2024-08-04T16:00:00Z,4.224e-05,8
BTCUSDT,2024-08-05T00:00:00Z,0.0001,8
ETHUSDT,2024-08-05T00:00:00Z,-1.7e-05,8
SOLUSDT,2024-08-05T00:00:00Z,6.211e-05,8
BTCUSDT,2024-08-05T08:00:00Z,4.429e-05,8
ETHUSDT,2024-08-05T08:00:00Z,-4.58e-06,8
SOLUSDT,2024-08-05T08:00:00Z,-7.57e-06,8
BTCUSDT,2024-08-05T16:00:00Z,5.967e-05,8
ETHUSDT,2024-08-05T16:00:00Z,-5.766e-05,8
SOLUSDT,2024-08-05T16:00:00Z,4.63e-06,8
BTCUSDT,2024-08-06T00:00:00Z,3.566e-05,8
ETHUSDT,2024-08-06T00:00:00Z,-2.276e-05,8
SOLUSDT,2024-08-06T00:00:00Z,8.019e-05,8
BTCUSDT,2024-08-06T08:00:00Z,-2.845e-05,8
ETHUSDT,2024-08-06T08:00:00Z,-0.00010667,8
SOLUSDT,2024-08-06T08:00:00Z,-5.258e-05,8
BTCUSDT,2024-08-06T16:00:00Z,4.485e-05,8
ETHUSDT,2024-08-06T16:00:00Z,-1.11e-05,8
SOLUSDT,2024-08-06T16:00:00Z,-3.23e-06,8
BTCUSDT,2024-08-07T00:00:00Z,-7.3e-06,8
ETHUSDT,2024-08-07T00:00:00Z,-4.25e-05,8
SOLUSDT,2024-08-07T00:00:00Z,2.337e-05,8
BTCUSDT,2024-08-07T08:00:00Z,-6.859e-05,8
ETHUSDT,2024-08-07T08:00:00Z,-6.16e-06,8
SOLUSDT,2024-08-07T08:00:00Z,-8.086e-05,8
BTCUSDT,2024-08-07T16:00:00Z,3.241e-05,8
ETHUSDT,2024-08-07T16:00:00Z,-4.478e-05,8
SOLUSDT,2024-08-07T16:00:00Z,1.745e-05,8
BTCUSDT,2024-08-08T00:00:00Z,2.637e-05,8
ETHUSDT,2024-08-08T00:00:00Z,-4.377e-05,8
SOLUSDT,2024-08-08T00:00:00Z,7.141e-05,8
BTCUSDT,2024-08-08T08:00:00Z,3.086e-05,8
ETHUSDT,2024-08-08T08:00:00Z,-1.083e-05,8
SOLUSDT,2024-08-08T08:00:00Z,2.523e-05,8
BTCUSDT,2024-08-08T16:00:00Z,1.147e-05,8
ETHUSDT,2024-08-08T16:00:00Z,-3.437e-05,8
SOLUSDT,2024-08-08T16:00:00Z,-2.941e-05,8
BTCUSDT,2024-08-09T00:00:00Z,4.994e-05,8
ETHUSDT,2024-08-09T00:00:00Z,1.139e-05,8
SOLUSDT,2024-08-09T00:00:00Z,3.148e-05,8
BTCUSDT,2024-08-09T08:00:00Z,2.184e-05,8
ETHUSDT,2024-08-09T08:00:00Z,4.212e-05,8
SOLUSDT,2024-08-09T08:00:00Z,1.575e-05,8
BTCUSDT,2024-08-09T16:00:00Z,4.846e-05,8
ETHUSDT,2024-08-09T16:00:00Z,-2.753e-05,8
SOLUSDT,2024-08-09T16:00:00Z,2.642e-05,8
BTCUSDT,2024-08-10T00:00:00Z,-3.942e-05,8
ETHUSDT,2024-08-10T00:00:00Z,-4.249e-05,8
SOLUSDT,2024-08-10T00:00:00Z,-6.621e-05,8
BTCUSDT,2024-08-10T08:00:00Z,-1.379e-05,8
ETHUSDT,2024-08-10T08:00:00Z,3.504e-05,8
SOLUSDT,2024-08-10T08:00:00Z,4.285e-05,8
BTCUSDT,2024-08-10T16:00:00Z,-1.949e-05,8
ETHUSDT,2024-08-10T16:00:00Z,1.614e-05,8
SOLUSDT,2024-08-10T16:00:00Z,5.146e-05,8
BTCUSDT,2024-08-11T00:00:00Z,4.049e-05,8
ETHUSDT,2024-08-11T00:00:00Z,-8.82e-06,8
SOLUSDT,2024-08-11T00:00:00Z,-3.889e-05,8
BTCUSDT,2024-08-11T08:00:00Z,-1.839e-05,8
ETHUSDT,2024-08-11T08:00:00Z,9.73e-06,8
SOLUSDT,2024-08-11T08:00:00Z,-1.62e-05,8
BTCUSDT,2024-08-11T16:00:00Z,1.185e-05,8
ETHUSDT,2024-08-11T16:00:00Z,3.46e-06,8
SOLUSDT,2024-08-11T16:00:00Z,2.894e-05,8
BTCUSDT,2024-08-12T00:00:00Z,1.113e-05,8
ETHUSDT,2024-08-12T00:00:00Z,1.047e-05,8
SOLUSDT,2024-08-12T00:00:00Z,9.903e-05,8
BTCUSDT,2024-08-12T08:00:00Z,8.783e-05,8
ETHUSDT,2024-08-12T08:00:00Z,6.766e-05,8
SOLUSDT,2024-08-12T08:00:00Z,6.88e-06,8
BTCUSDT,2024-08-12T16:00:00Z,-2.238e-05,8
ETHUSDT,2024-08-12T16:00:00Z,6.424e-05,8
SOLUSDT,2024-08-12T16:00:00Z,-9.32e-06,8
BTCUSDT,2024-08-13T00:00:00Z,6.14e-05,8
ETHUSDT,2024-08-13T00:00:00Z,7.892e-05,8
SOLUSDT,2024-08-13T00:00:00Z,-6.2e-06,8
BTCUSDT,2024-08-13T08:00:00Z,5.21e-06,8
ETHUSDT,2024-08-13T08:00:00Z,-6.036e-05,8
SOLUSDT,2024-08-13T08:00:00Z,5.492e-05,8
BTCUSDT,2024-08-13T16:00:00Z,-3.902e-05,8
ETHUSDT,2024-08-13T16:00:00Z,-4.532e-05,8
SOLUSDT,2024-08-13T16:00:00Z,8.364e-05,8
BTCUSDT,2024-08-14T00:00:00Z,1.152e-05,8
ETHUSDT,2024-08-14T00:00:00Z,5.55e-06,8
SOLUSDT,2024-08-14T00:00:00Z,-1e-07,8
BTCUSDT,2024-08-14T08:00:00Z,-1.33e-05,8
ETHUSDT,2024-08-14T08:00:00Z,3.166e-05,8
SOLUSDT,2024-08-14T08:00:00Z,2.644e-05,8
BTCUSDT,2024-08-14T16:00:00Z,-7.811e-05,8
ETHUSDT,2024-08-14T16:00:00Z,-3.462e-05,8
SOLUSDT,2024-08-14T16:00:00Z,8.21e-06,8
BTCUSDT,2024-08-15T00:00:00Z,-8.488e-05,8
ETHUSDT,2024-08-15T00:00:00Z,5.044e-05,8
SOLUSDT,2024-08-15T00:00:00Z,5.88e-06,8
BTCUSDT,2024-08-15T08:00:00Z,6.339e-05,8
ETHUSDT,2024-08-15T08:00:00Z,7.775e-05,8
SOLUSDT,2024-08-15T08:00:00Z,4.403e-05,8
BTCUSDT,2024-08-15T16:00:00Z,-6.181e-05,8
ETHUSDT,2024-08-15T16:00:00Z,6.62e-06,8
SOLUSDT,2024-08-15T16:00:00Z,-2.764e-05,8
BTCUSDT,2024-08-16T00:00:00Z,-0.00011235,8
ETHUSDT,2024-08-16T00:00:00Z,-1.182e-05,8
SOLUSDT,2024-08-16T00:00:00Z,-6.592e-05,8
BTCUSDT,2024-08-16T08:00:00Z,-7.387e-05,8
ETHUSDT,2024-08-16T08:00:00Z,2.105e-05,8
SOLUSDT,2024-08-16T08:00:00Z,2.572e-05,8
BTCUSDT,2024-08-16T16:00:00Z,-5.57e-06,8
ETHUSDT,2024-08-16T16:00:00Z,3.363e-05,8
SOLUSDT,2024-08-16T16:00:00Z,-3.407e-05,8
BTCUSDT,2024-08-17T00:00:00Z,1.912e-05,8
ETHUSDT,2024-08-17T00:00:00Z,2.448e-05,8
SOLUSDT,2024-08-17T00:00:00Z,2.001e-05,8
BTCUSDT,2024-08-17T08:00:00Z,4.177e-05,8
ETHUSDT,2024-08-17T08:00:00Z,-2.485e-05,8
SOLUSDT,2024-08-17T08:00:00Z,-1.28e-05,8
BTCUSDT,2024-08-17T16:00:00Z,-1.52e-06,8
ETHUSDT,2024-08-17T16:00:00Z,-3.471e-05,8
SOLUSDT,2024-08-17T16:00:00Z,-7.03e-06,8
BTCUSDT,2024-08-18T00:00:00Z,3.966e-05,8
ETHUSDT,2024-08-18T00:00:00Z,7.82e-06,8
SOLUSDT,2024-08-18T00:00:00Z,4.55e-06,8
BTCUSDT,2024-08-18T08:00:00Z,-1.323e-05,8
ETHUSDT,2024-08-18T08:00:00Z,-4.706e-05,8
SOLUSDT,2024-08-18T08:00:00Z,-2.019e-05,8
BTCUSDT,2024-08-18T16:00:00Z,-3.149e-05,8
ETHUSDT,2024-08-18T16:00:00Z,-1.42e-06,8
SOLUSDT,2024-08-18T16:00:00Z,-0.00010289,8
BTCUSDT,2024-08-19T00:00:00Z,-3.616e-05,8
ETHUSDT,2024-08-19T00:00:00Z,-3.66e-05,8
SOLUSDT,2024-08-19T00:00:00Z,1.862e-05,8
BTCUSDT,2024-08-19T08:00:00Z,-6.75e-05,8
ETHUSDT,2024-08-19T08:00:00Z,8.59e-06,8
SOLUSDT,2024-08-19T08:00:00Z,-9.28e-06,8
BTCUSDT,2024-08-19T16:00:00Z,-1.957e-05,8
ETHUSDT,2024-08-19T16:00:00Z,-1.53e-05,8
SOLUSDT,2024-08-19T16:00:00Z,5.854e-05,8
BTCUSDT,2024-08-20T00:00:00Z,-2.656e-05,8
ETHUSDT,2024-08-20T00:00:00Z,9.69e-06,8
SOLUSDT,2024-08-20T00:00:00Z,3.839e-05,8
BTCUSDT,2024-08-20T08:00:00Z,1.349e-05,8
ETHUSDT,2024-08-20T08:00:00Z,1.977e-05,8
SOLUSDT,2024-08-20T08:00:00Z,-2.96e-05,8
BTCUSDT,2024-08-20T16:00:00Z,1.419e-05,8
ETHUSDT,2024-08-20T16:00:00Z,-2.726e-05,8
SOLUSDT,2024-08-20T16:00:00Z,-3.807e-05,8
BTCUSDT,2024-08-21T00:00:00Z,-6.756e-05,8
ETHUSDT,2024-08-21T00:00:00Z,1.33e-05,8
SOLUSDT,2024-08-21T00:00:00Z,2.703e-05,8
BTCUSDT,2024-08-21T08:00:00Z,-5.91e-06,8
ETHUSDT,2024-08-21T08:00:00Z,2.306e-05,8
SOLUSDT,2024-08-21T08:00:00Z,8.62e-06,8
BTCUSDT,2024-08-21T16:00:00Z,3.96e-06,8
ETHUSDT,2024-08-21T16:00:00Z,4.139e-05,8
SOLUSDT,2024-08-21T16:00:00Z,-1.553e-05,8
BTCUSDT,2024-08-22T00:00:00Z,-2.229e-05,8
ETHUSDT,2024-08-22T00:00:00Z,-9.46e-06,8
SOLUSDT,2024-08-22T00:00:00Z,6.11e-06,8
BTCUSDT,2024-08-22T08:00:00Z,1.338e-05,8
ETHUSDT,2024-08-22T08:00:00Z,3.544e-05,8
SOLUSDT,2024-08-22T08:00:00Z,6.844e-05,8
BTCUSDT,2024-08-22T16:00:00Z,-7.261e-05,8
ETHUSDT,2024-08-22T16:00:00Z,2.01e-05,8
SOLUSDT,2024-08-22T16:00:00Z,2.936e-05,8
BTCUSDT,2024-08-23T00:00:00Z,-3.329e-05,8
ETHUSDT,2024-08-23T00:00:00Z,6.601e-05,8
SOLUSDT,2024-08-23T00:00:00Z,4.556e-05,8
BTCUSDT,2024-08-23T08:00:00Z,2.391e-05,8
ETHUSDT,2024-08-23T08:00:00Z,6.071e-05,8
SOLUSDT,2024-08-23T08:00:00Z,4.05e-05,8
BTCUSDT,2024-08-23T16:00:00Z,-4.317e-05,8
ETHUSDT,2024-08-23T16:00:00Z,-1.72e-06,8
SOLUSDT,2024-08-23T16:00:00Z,-4.648e-05,8
BTCUSDT,2024-08-24T00:00:00Z,-7.72e-06,8
ETHUSDT,2024-08-24T00:00:00Z,-1.504e-05,8
SOLUSDT,2024-08-24T00:00:00Z,7.101e-05,8
BTCUSDT,2024-08-24T08:00:00Z,-7.23e-06,8
ETHUSDT,2024-08-24T08:00:00Z,9.7e-06,8
SOLUSDT,2024-08-24T08:00:00Z,2.046e-05,8
BTCUSDT,2024-08-24T16:00:00Z,6.395e-05,8
ETHUSDT,2024-08-24T16:00:00Z,5.81e-06,8
SOLUSDT,2024-08-24T16:00:00Z,6.232e-05,8
BTCUSDT,2024-08-25T00:00:00Z,-4.806e-05,8
ETHUSDT,2024-08-25T00:00:00Z,-3.389e-05,8
SOLUSDT,2024-08-25T00:00:00Z,9.763e-05,8
BTCUSDT,2024-08-25T08:00:00Z,-1.531e-05,8
ETHUSDT,2024-08-25T08:00:00Z,3.311e-05,8
SOLUSDT,2024-08-25T08:00:00Z,0.0001,8
BTCUSDT,2024-08-25T16:00:00Z,3.108e-05,8
ETHUSDT,2024-08-25T16:00:00Z,2.579e-05,8
SOLUSDT,2024-08-25T16:00:00Z,-1.338e-05,8
BTCUSDT,2024-08-26T00:00:00Z,2.439e-05,8
ETHUSDT,2024-08-26T00:00:00Z,2.145e-05,8
SOLUSDT,2024-08-26T00:00:00Z,1.048e-05,8
BTCUSDT,2024-08-26T08:00:00Z,3.448e-05,8
ETHUSDT,2024-08-26T08:00:00Z,5.677e-05,8
SOLUSDT,2024-08-26T08:00:00Z,0.0001,8
BTCUSDT,2024-08-26T16:00:00Z,3.789e-05,8
ETHUSDT,2024-08-26T16:00:00Z,6.339e-05,8
SOLUSDT,2024-08-26T16:00:00Z,2.054e-05,8
BTCUSDT,2024-08-27T00:00:00Z,2.795e-05,8
ETHUSDT,2024-08-27T00:00:00Z,9.438e-05,8
SOLUSDT,2024-08-27T00:00:00Z,0.0001,8
BTCUSDT,2024-08-27T08:00:00Z,1.751e-05,8
ETHUSDT,2024-08-27T08:00:00Z,5.093e-05,8
SOLUSDT,2024-08-27T08:00:00Z,4.402e-05,8
BTCUSDT,2024-08-27T16:00:00Z,7.753e-05,8
ETHUSDT,2024-08-27T16:00:00Z,7.429e-05,8
SOLUSDT,2024-08-27T16:00:00Z,5.909e-05,8
BTCUSDT,2024-08-28T00:00:00Z,-6.803e-05,8
ETHUSDT,2024-08-28T00:00:00Z,-6.098e-05,8
SOLUSDT,2024-08-28T00:00:00Z,-1.779e-05,8
BTCUSDT,2024-08-28T08:00:00Z,2.433e-05,8
ETHUSDT,2024-08-28T08:00:00Z,-7.62e-06,8
SOLUSDT,2024-08-28T08:00:00Z,1.753e-05,8
BTCUSDT,2024-08-28T16:00:00Z,1.143e-05,8
ETHUSDT,2024-08-28T16:00:00Z,1.459e-05,8
SOLUSDT,2024-08-28T16:00:00Z,2.718e-05,8
BTCUSDT,2024-08-29T00:00:00Z,-9.76e-06,8
ETHUSDT,2024-08-29T00:00:00Z,1.16e-05,8
SOLUSDT,2024-08-29T00:00:00Z,-1.723e-05,8
BTCUSDT,2024-08-29T08:00:00Z,-1.644e-05,8
ETHUSDT,2024-08-29T08:00:00Z,2.12e-06,8
SOLUSDT,2024-08-29T08:00:00Z,-8.639e-05,8
BTCUSDT,2024-08-29T16:00:00Z,5.59e-06,8
ETHUSDT,2024-08-29T16:00:00Z,-4.09e-06,8
SOLUSDT,2024-08-29T16:00:00Z,-9.711e-05,8
BTCUSDT,2024-08-30T00:00:00Z,9.36e-06,8
ETHUSDT,2024-08-30T00:00:00Z,5.49e-05,8
SOLUSDT,2024-08-30T00:00:00Z,-3.891e-05,8
BTCUSDT,2024-08-30T08:00:00Z,3.578e-05,8
ETHUSDT,2024-08-30T08:00:00Z,3.483e-05,8
SOLUSDT,2024-08-30T08:00:00Z,3.115e-05,8
BTCUSDT,2024-08-30T16:00:00Z,2.927e-05,8
ETHUSDT,2024-08-30T16:00:00Z,1.032e-05,8
SOLUSDT,2024-08-30T16:00:00Z,-5.69e-05,8
BTCUSDT,2024-08-31T00:00:00Z,-1.749e-05,8
ETHUSDT,2024-08-31T00:00:00Z,7.976e-05,8
SOLUSDT,2024-08-31T00:00:00Z,-6.239e-05,8
BTCUSDT,2024-08-31T08:00:00Z,3.578e-05,8
ETHUSDT,2024-08-31T08:00:00Z,7.237e-05,8
SOLUSDT,2024-08-31T08:00:00Z,4.9e-05,8
BTCUSDT,2024-08-31T16:00:00Z,3.8e-05,8
ETHUSDT,2024-08-31T16:00:00Z,7.811e-05,8
SOLUSDT,2024-08-31T16:00:00Z,1.853e-05,8
BTCUSDT,2024-09-01T00:00:00Z,4.113e-05,8
ETHUSDT,2024-09-01T00:00:00Z,4.499e-05,8
SOLUSDT,2024-09-01T00:00:00Z,-9.59e-06,8
BTCUSDT,2024-09-01T08:00:00Z,-3.432e-05,8
ETHUSDT,2024-09-01T08:00:00Z,5.272e-05,8
SOLUSDT,2024-09-01T08:00:00Z,-2.631e-05,8
BTCUSDT,2024-09-01T16:00:00Z,-3.82e-06,8
ETHUSDT,2024-09-01T16:00:00Z,4.183e-05,8
SOLUSDT,2024-09-01T16:00:00Z,-2.877e-05,8
BTCUSDT,2024-09-02T00:00:00Z,-3.386e-05,8
ETHUSDT,2024-09-02T00:00:00Z,-2.406e-05,8
SOLUSDT,2024-09-02T00:00:00Z,-4.426e-05,8
BTCUSDT,2024-09-02T08:00:00Z,2.48e-06,8
ETHUSDT,2024-09-02T08:00:00Z,3.904e-05,8
SOLUSDT,2024-09-02T08:00:00Z,5.21e-06,8
BTCUSDT,2024-09-02T16:00:00Z,-3.63e-06,8
ETHUSDT,2024-09-02T16:00:00Z,7.064e-05,8
SOLUSDT,2024-09-02T16:00:00Z,-5.556e-05,8
BTCUSDT,2024-09-03T00:00:00Z,6.245e-05,8
ETHUSDT,2024-09-03T00:00:00Z,5.67e-05,8
SOLUSDT,2024-09-03T00:00:00Z,-8.288e-05,8
BTCUSDT,2024-09-03T08:00:00Z,5.123e-05,8
ETHUSDT,2024-09-03T08:00:00Z,4.883e-05,8
SOLUSDT,2024-09-03T08:00:00Z,3.441e-05,8
BTCUSDT,2024-09-03T16:00:00Z,4.598e-05,8
ETHUSDT,2024-09-03T16:00:00Z,5.216e-05,8
SOLUSDT,2024-09-03T16:00:00Z,5.362e-05,8
BTCUSDT,2024-09-04T00:00:00Z,2.209e-05,8
ETHUSDT,2024-09-04T00:00:00Z,8.054e-05,8
SOLUSDT,2024-09-04T00:00:00Z,8.904e-05,8
BTCUSDT,2024-09-04T08:00:00Z,1.05e-05,8
ETHUSDT,2024-09-04T08:00:00Z,-1.109e-05,8
SOLUSDT,2024-09-04T08:00:00Z,-1.3e-05,8
BTCUSDT,2024-09-04T16:00:00Z,-1.47e-05,8
ETHUSDT,2024-09-04T16:00:00Z,5.833e-05,8
SOLUSDT,2024-09-04T16:00:00Z,3.561e-05,8
BTCUSDT,2024-09-05T00:00:00Z,9.016e-05,8
ETHUSDT,2024-09-05T00:00:00Z,4.539e-05,8
SOLUSDT,2024-09-05T00:00:00Z,6.659e-05,8
BTCUSDT,2024-09-05T08:00:00Z,2.025e-05,8
ETHUSDT,2024-09-05T08:00:00Z,2.41e-05,8
SOLUSDT,2024-09-05T08:00:00Z,5.123e-05,8
BTCUSDT,2024-09-05T16:00:00Z,2.49e-05,8
ETHUSDT,2024-09-05T16:00:00Z,3.166e-05,8
SOLUSDT,2024-09-05T16:00:00Z,1.522e-05,8
BTCUSDT,2024-09-06T00:00:00Z,2.28e-05,8
ETHUSDT,2024-09-06T00:00:00Z,3.662e-05,8
SOLUSDT,2024-09-06T00:00:00Z,5.678e-05,8
BTCUSDT,2024-09-06T08:00:00Z,-1e-08,8
ETHUSDT,2024-09-06T08:00:00Z,4.871e-05,8
SOLUSDT,2024-09-06T08:00:00Z,4.047e-05,8
BTCUSDT,2024-09-06T16:00:00Z,1.428e-05,8
ETHUSDT,2024-09-06T16:00:00Z,4.007e-05,8
SOLUSDT,2024-09-06T16:00:00Z,-1.324e-05,8
BTCUSDT,2024-09-07T00:00:00Z,-5.57e-06,8
ETHUSDT,2024-09-07T00:00:00Z,2.41e-06,8
SOLUSDT,2024-09-07T00:00:00Z,-2.225e-05,8
BTCUSDT,2024-09-07T08:00:00Z,-7.634e-05,8
ETHUSDT,2024-09-07T08:00:00Z,-5.37e-06,8
SOLUSDT,2024-09-07T08:00:00Z,-2.317e-05,8
BTCUSDT,2024-09-07T16:00:00Z,-7.236e-05,8
ETHUSDT,2024-09-07T16:00:00Z,2.652e-05,8
SOLUSDT,2024-09-07T16:00:00Z,5.99e-06,8
BTCUSDT,2024-09-08T00:00:00Z,3.745e-05,8
ETHUSDT,2024-09-08T00:00:00Z,5.363e-05,8
SOLUSDT,2024-09-08T00:00:00Z,8.148e-05,8
BTCUSDT,2024-09-08T08:00:00Z,-5.999e-05,8
ETHUSDT,2024-09-08T08:00:00Z,3.089e-05,8
SOLUSDT,2024-09-08T08:00:00Z,6.264e-05,8
BTCUSDT,2024-09-08T16:00:00Z,-5.245e-05,8
ETHUSDT,2024-09-08T16:00:00Z,1.827e-05,8
SOLUSDT,2024-09-08T16:00:00Z,6.412e-05,8
BTCUSDT,2024-09-09T00:00:00Z,-7.585e-05,8
ETHUSDT,2024-09-09T00:00:00Z,7.67e-06,8
SOLUSDT,2024-09-09T00:00:00Z,3.966e-05,8
BTCUSDT,2024-09-09T08:00:00Z,-7.108e-05,8
ETHUSDT,2024-09-09T08:00:00Z,3.085e-05,8
SOLUSDT,2024-09-09T08:00:00Z,-5.564e-05,8
BTCUSDT,2024-09-09T16:00:00Z,-3.875e-05,8
ETHUSDT,2024-09-09T16:00:00Z,-1.156e-05,8
SOLUSDT,2024-09-09T16:00:00Z,-4.794e-05,8
BTCUSDT,2024-09-10T00:00:00Z,-6.028e-05,8
ETHUSDT,2024-09-10T00:00:00Z,1.082e-05,8
SOLUSDT,2024-09-10T00:00:00Z,9.587e-05,8
BTCUSDT,2024-09-10T08:00:00Z,-2.93e-05,8
ETHUSDT,2024-09-10T08:00:00Z,-3.453e-05,8
SOLUSDT,2024-09-10T08:00:00Z,-1.672e-05,8
BTCUSDT,2024-09-10T16:00:00Z,-1.126e-05,8
ETHUSDT,2024-09-10T16:00:00Z,2.28e-06,8
SOLUSDT,2024-09-10T16:00:00Z,2.349e-05,8
BTCUSDT,2024-09-11T00:00:00Z,-8.953e-05,8
ETHUSDT,2024-09-11T00:00:00Z,2.484e-05,8
SOLUSDT,2024-09-11T00:00:00Z,-6.617e-05,8
BTCUSDT,2024-09-11T08:00:00Z,-2.247e-05,8
ETHUSDT,2024-09-11T08:00:00Z,1.804e-05,8
SOLUSDT,2024-09-11T08:00:00Z,-1.813e-05,8
BTCUSDT,2024-09-11T16:00:00Z,-5.212e-05,8
ETHUSDT,2024-09-11T16:00:00Z,-1.796e-05,8
SOLUSDT,2024-09-11T16:00:00Z,-2.041e-05,8
BTCUSDT,2024-09-12T00:00:00Z,-1.951e-05,8
ETHUSDT,2024-09-12T00:00:00Z,2.592e-05,8
SOLUSDT,2024-09-12T00:00:00Z,-2.81e-05,8
BTCUSDT,2024-09-12T08:00:00Z,-5.46e-06,8
ETHUSDT,2024-09-12T08:00:00Z,2.496e-05,8
SOLUSDT,2024-09-12T08:00:00Z,-8.6e-06,8
BTCUSDT,2024-09-12T16:00:00Z,-2.95e-05,8
ETHUSDT,2024-09-12T16:00:00Z,1.134e-05,8
SOLUSDT,2024-09-12T16:00:00Z,1.32e-05,8
BTCUSDT,2024-09-13T00:00:00Z,-6.9e-07,8
ETHUSDT,2024-09-13T00:00:00Z,4.291e-05,8
SOLUSDT,2024-09-13T00:00:00Z,2.638e-05,8
BTCUSDT,2024-09-13T08:00:00Z,-8.69e-06,8
ETHUSDT,2024-09-13T08:00:00Z,5.003e-05,8
SOLUSDT,2024-09-13T08:00:00Z,1.756e-05,8
BTCUSDT,2024-09-13T16:00:00Z,-2.443e-05,8
ETHUSDT,2024-09-13T16:00:00Z,5.073e-05,8
SOLUSDT,2024-09-13T16:00:00Z,1.798e-05,8
BTCUSDT,2024-09-14T00:00:00Z,-8.699e-05,8
ETHUSDT,2024-09-14T00:00:00Z,8.45e-06,8
SOLUSDT,2024-09-14T00:00:00Z,-1.2e-06,8
BTCUSDT,2024-09-14T08:00:00Z,8.59e-06,8
ETHUSDT,2024-09-14T08:00:00Z,-4.15e-06,8
SOLUSDT,2024-09-14T08:00:00Z,3.207e-05,8
BTCUSDT,2024-09-14T16:00:00Z,2.326e-05,8
ETHUSDT,2024-09-14T16:00:00Z,1.35e-06,8
SOLUSDT,2024-09-14T16:00:00Z,5.55e-06,8
BTCUSDT,2024-09-15T00:00:00Z,-4.91e-06,8
ETHUSDT,2024-09-15T00:00:00Z,-2.67e-06,8
SOLUSDT,2024-09-15T00:00:00Z,1.401e-05,8
BTCUSDT,2024-09-15T08:00:00Z,1e-08,8
ETHUSDT,2024-09-15T08:00:00Z,1.355e-05,8
SOLUSDT,2024-09-15T08:00:00Z,1.07e-06,8
BTCUSDT,2024-09-15T16:00:00Z,4.02e-06,8
ETHUSDT,2024-09-15T16:00:00Z,2.131e-05,8
SOLUSDT,2024-09-15T16:00:00Z,1.278e-05,8
BTCUSDT,2024-09-16T00:00:00Z,2.402e-05,8
ETHUSDT,2024-09-16T00:00:00Z,3.228e-05,8
SOLUSDT,2024-09-16T00:00:00Z,1.892e-05,8
BTCUSDT,2024-09-16T08:00:00Z,3.564e-05,8
ETHUSDT,2024-09-16T08:00:00Z,-6.942e-05,8
SOLUSDT,2024-09-16T08:00:00Z,-5.218e-05,8
BTCUSDT,2024-09-16T16:00:00Z,6.762e-05,8
ETHUSDT,2024-09-16T16:00:00Z,-1.149e-05,8
SOLUSDT,2024-09-16T16:00:00Z,7.164e-05,8
BTCUSDT,2024-09-17T00:00:00Z,8.529e-05,8
ETHUSDT,2024-09-17T00:00:00Z,7.742e-05,8
SOLUSDT,2024-09-17T00:00:00Z,0.0001,8
BTCUSDT,2024-09-17T08:00:00Z,1.911e-05,8
ETHUSDT,2024-09-17T08:00:00Z,2.423e-05,8
SOLUSDT,2024-09-17T08:00:00Z,2.206e-05,8
BTCUSDT,2024-09-17T16:00:00Z,5.327e-05,8
ETHUSDT,2024-09-17T16:00:00Z,5.73e-05,8
SOLUSDT,2024-09-17T16:00:00Z,2.153e-05,8
BTCUSDT,2024-09-18T00:00:00Z,1.344e-05,8
ETHUSDT,2024-09-18T00:00:00Z,4.792e-05,8
SOLUSDT,2024-09-18T00:00:00Z,-1.61e-06,8
BTCUSDT,2024-09-18T08:00:00Z,1.678e-05,8
ETHUSDT,2024-09-18T08:00:00Z,3.074e-05,8
SOLUSDT,2024-09-18T08:00:00Z,-3.792e-05,8
BTCUSDT,2024-09-18T16:00:00Z,4.648e-05,8
ETHUSDT,2024-09-18T16:00:00Z,2.329e-05,8
SOLUSDT,2024-09-18T16:00:00Z,2.354e-05,8
BTCUSDT,2024-09-19T00:00:00Z,3.512e-05,8
ETHUSDT,2024-09-19T00:00:00Z,7.727e-05,8
SOLUSDT,2024-09-19T00:00:00Z,6.423e-05,8
BTCUSDT,2024-09-19T08:00:00Z,2.949e-05,8
ETHUSDT,2024-09-19T08:00:00Z,8.266e-05,8
SOLUSDT,2024-09-19T08:00:00Z,8.771e-05,8
BTCUSDT,2024-09-19T16:00:00Z,4.072e-05,8
ETHUSDT,2024-09-19T16:00:00Z,2.391e-05,8
SOLUSDT,2024-09-19T16:00:00Z,1.474e-05,8
BTCUSDT,2024-09-20T00:00:00Z,8.065e-05,8
ETHUSDT,2024-09-20T00:00:00Z,0.0001,8
SOLUSDT,2024-09-20T00:00:00Z,0.0001,8
BTCUSDT,2024-09-20T08:00:00Z,-5.03e-06,8
ETHUSDT,2024-09-20T08:00:00Z,9.734e-05,8
SOLUSDT,2024-09-20T08:00:00Z,0.0001,8
BTCUSDT,2024-09-20T16:00:00Z,5.543e-05,8
ETHUSDT,2024-09-20T16:00:00Z,0.0001,8
SOLUSDT,2024-09-20T16:00:00Z,0.0001,8
BTCUSDT,2024-09-21T00:00:00Z,4.638e-05,8
ETHUSDT,2024-09-21T00:00:00Z,6.668e-05,8
SOLUSDT,2024-09-21T00:00:00Z,0.0001,8
BTCUSDT,2024-09-21T08:00:00Z,0.0001,8
ETHUSDT,2024-09-21T08:00:00Z,6.665e-05,8
SOLUSDT,2024-09-21T08:00:00Z,0.0001,8
BTCUSDT,2024-09-21T16:00:00Z,8.234e-05,8
ETHUSDT,2024-09-21T16:00:00Z,4.536e-05,8
SOLUSDT,2024-09-21T16:00:00Z,4.074e-05,8
BTCUSDT,2024-09-22T00:00:00Z,6.285e-05,8
ETHUSDT,2024-09-22T00:00:00Z,4.896e-05,8
SOLUSDT,2024-09-22T00:00:00Z,0.0001,8
BTCUSDT,2024-09-22T08:00:00Z,9.254e-05,8
ETHUSDT,2024-09-22T08:00:00Z,5.198e-05,8
SOLUSDT,2024-09-22T08:00:00Z,7.587e-05,8
BTCUSDT,2024-09-22T16:00:00Z,5.537e-05,8
ETHUSDT,2024-09-22T16:00:00Z,0.0001,8
SOLUSDT,2024-09-22T16:00:00Z,1.979e-05,8
BTCUSDT,2024-09-23T00:00:00Z,6.546e-05,8
ETHUSDT,2024-09-23T00:00:00Z,2.548e-05,8
SOLUSDT,2024-09-23T00:00:00Z,-4.401e-05,8
BTCUSDT,2024-09-23T08:00:00Z,1.364e-05,8
ETHUSDT,2024-09-23T08:00:00Z,6.821e-05,8
SOLUSDT,2024-09-23T08:00:00Z,5.545e-05,8
BTCUSDT,2024-09-23T16:00:00Z,5.304e-05,8
ETHUSDT,2024-09-23T16:00:00Z,6.476e-05,8
SOLUSDT,2024-09-23T16:00:00Z,-2.612e-05,8
BTCUSDT,2024-09-24T00:00:00Z,2.324e-05,8
ETHUSDT,2024-09-24T00:00:00Z,3.85e-05,8
SOLUSDT,2024-09-24T00:00:00Z,4.827e-05,8
BTCUSDT,2024-09-24T08:00:00Z,2.895e-05,8
ETHUSDT,2024-09-24T08:00:00Z,4.791e-05,8
SOLUSDT,2024-09-24T08:00:00Z,6.92e-05,8
BTCUSDT,2024-09-24T16:00:00Z,-1.82e-06,8
ETHUSDT,2024-09-24T16:00:00Z,4.739e-05,8
SOLUSDT,2024-09-24T16:00:00Z,5.57e-06,8
BTCUSDT,2024-09-25T00:00:00Z,1.223e-05,8
ETHUSDT,2024-09-25T00:00:00Z,2.445e-05,8
SOLUSDT,2024-09-25T00:00:00Z,0.0001,8
BTCUSDT,2024-09-25T08:00:00Z,1.141e-05,8
ETHUSDT,2024-09-25T08:00:00Z,5.722e-05,8
SOLUSDT,2024-09-25T08:00:00Z,0.0001,8
BTCUSDT,2024-09-25T16:00:00Z,1.336e-05,8
ETHUSDT,2024-09-25T16:00:00Z,3.538e-05,8
SOLUSDT,2024-09-25T16:00:00Z,5.783e-05,8
BTCUSDT,2024-09-26T00:00:00Z,1.65e-05,8
ETHUSDT,2024-09-26T00:00:00Z,7.493e-05,8
SOLUSDT,2024-09-26T00:00:00Z,3.616e-05,8
BTCUSDT,2024-09-26T08:00:00Z,6.246e-05,8
ETHUSDT,2024-09-26T08:00:00Z,8.119e-05,8
SOLUSDT,2024-09-26T08:00:00Z,6.697e-05,8
BTCUSDT,2024-09-26T16:00:00Z,0.0001,8
ETHUSDT,2024-09-26T16:00:00Z,0.0001,8
SOLUSDT,2024-09-26T16:00:00Z,0.0001,8
BTCUSDT,2024-09-27T00:00:00Z,0.0001,8
ETHUSDT,2024-09-27T00:00:00Z,9.625e-05,8
SOLUSDT,2024-09-27T00:00:00Z,0.0001,8
BTCUSDT,2024-09-27T08:00:00Z,6.722e-05,8
ETHUSDT,2024-09-27T08:00:00Z,7.694e-05,8
SOLUSDT,2024-09-27T08:00:00Z,9.81e-06,8
BTCUSDT,2024-09-27T16:00:00Z,2.275e-05,8
ETHUSDT,2024-09-27T16:00:00Z,6.276e-05,8
SOLUSDT,2024-09-27T16:00:00Z,0.0001,8
BTCUSDT,2024-09-28T00:00:00Z,5.455e-05,8
ETHUSDT,2024-09-28T00:00:00Z,0.0001,8
SOLUSDT,2024-09-28T00:00:00Z,0.0001,8
BTCUSDT,2024-09-28T08:00:00Z,8.3e-05,8
ETHUSDT,2024-09-28T08:00:00Z,6.231e-05,8
SOLUSDT,2024-09-28T08:00:00Z,9.8e-05,8
BTCUSDT,2024-09-28T16:00:00Z,1.414e-05,8
ETHUSDT,2024-09-28T16:00:00Z,7.162e-05,8
SOLUSDT,2024-09-28T16:00:00Z,0.0001,8
BTCUSDT,2024-09-29T00:00:00Z,7.25e-06,8
ETHUSDT,2024-09-29T00:00:00Z,3.315e-05,8
SOLUSDT,2024-09-29T00:00:00Z,9.314e-05,8
BTCUSDT,2024-09-29T08:00:00Z,3.128e-05,8
ETHUSDT,2024-09-29T08:00:00Z,6.785e-05,8
SOLUSDT,2024-09-29T08:00:00Z,0.0001,8
BTCUSDT,2024-09-29T16:00:00Z,7.253e-05,8
ETHUSDT,2024-09-29T16:00:00Z,8.854e-05,8
SOLUSDT,2024-09-29T16:00:00Z,0.0001,8
BTCUSDT,2024-09-30T00:00:00Z,3.077e-05,8
ETHUSDT,2024-09-30T00:00:00Z,6.161e-05,8
SOLUSDT,2024-09-30T00:00:00Z,0.0001,8
BTCUSDT,2024-09-30T08:00:00Z,7.939e-05,8
ETHUSDT,2024-09-30T08:00:00Z,8.62e-05,8
SOLUSDT,2024-09-30T08:00:00Z,0.0001,8
BTCUSDT,2024-09-30T16:00:00Z,0.0001,8
ETHUSDT,2024-09-30T16:00:00Z,0.0001,8
SOLUSDT,2024-09-30T16:00:00Z,0.0001,8
BTCUSDT,2024-10-01T00:00:00Z,0.0001,8
ETHUSDT,2024-10-01T00:00:00Z,0.0001,8
SOLUSDT,2024-10-01T00:00:00Z,0.0001,8
BTCUSDT,2024-10-01T08:00:00Z,0.0001,8
ETHUSDT,2024-10-01T08:00:00Z,0.0001,8
SOLUSDT,2024-10-01T08:00:00Z,0.0001,8
BTCUSDT,2024-10-01T16:00:00Z,0.0001,8
ETHUSDT,2024-10-01T16:00:00Z,8.397e-05,8
SOLUSDT,2024-10-01T16:00:00Z,0.0001,8
BTCUSDT,2024-10-02T00:00:00Z,6.632e-05,8
ETHUSDT,2024-10-02T00:00:00Z,0.0001,8
SOLUSDT,2024-10-02T00:00:00Z,0.0001,8
BTCUSDT,2024-10-02T08:00:00Z,8.409e-05,8
ETHUSDT,2024-10-02T08:00:00Z,6.859e-05,8
SOLUSDT,2024-10-02T08:00:00Z,1.306e-05,8
BTCUSDT,2024-10-02T16:00:00Z,8.191e-05,8
ETHUSDT,2024-10-02T16:00:00Z,0.0001,8
SOLUSDT,2024-10-02T16:00:00Z,7.012e-05,8
BTCUSDT,2024-10-03T00:00:00Z,4.381e-05,8
ETHUSDT,2024-10-03T00:00:00Z,2.418e-05,8
SOLUSDT,2024-10-03T00:00:00Z,1.07e-06,8
BTCUSDT,2024-10-03T08:00:00Z,3.746e-05,8
ETHUSDT,2024-10-03T08:00:00Z,4.124e-05,8
SOLUSDT,2024-10-03T08:00:00Z,5.138e-05,8
BTCUSDT,2024-10-03T16:00:00Z,4.99e-05,8
ETHUSDT,2024-10-03T16:00:00Z,4.621e-05,8
SOLUSDT,2024-10-03T16:00:00Z,-3.81e-06,8
BTCUSDT,2024-10-04T00:00:00Z,7.097e-05,8
ETHUSDT,2024-10-04T00:00:00Z,5.138e-05,8
SOLUSDT,2024-10-04T00:00:00Z,3.715e-05,8
BTCUSDT,2024-10-04T08:00:00Z,2.119e-05,8
ETHUSDT,2024-10-04T08:00:00Z,3.739e-05,8
SOLUSDT,2024-10-04T08:00:00Z,-4.939e-05,8
BTCUSDT,2024-10-04T16:00:00Z,2.43e-06,8
ETHUSDT,2024-10-04T16:00:00Z,3.9e-05,8
SOLUSDT,2024-10-04T16:00:00Z,5.24e-06,8
BTCUSDT,2024-10-05T00:00:00Z,-1.596e-05,8
ETHUSDT,2024-10-05T00:00:00Z,0.0001,8
SOLUSDT,2024-10-05T00:00:00Z,5.818e-05,8
BTCUSDT,2024-10-05T08:00:00Z,1.088e-05,8
ETHUSDT,2024-10-05T08:00:00Z,7.909e-05,8
SOLUSDT,2024-10-05T08:00:00Z,9.502e-05,8
BTCUSDT,2024-10-05T16:00:00Z,8.61e-06,8
ETHUSDT,2024-10-05T16:00:00Z,5.458e-05,8
SOLUSDT,2024-10-05T16:00:00Z,4.49e-06,8
BTCUSDT,2024-10-06T00:00:00Z,5.72e-06,8
ETHUSDT,2024-10-06T00:00:00Z,9.056e-05,8
SOLUSDT,2024-10-06T00:00:00Z,0.0001,8
BTCUSDT,2024-10-06T08:00:00Z,3.288e-05,8
ETHUSDT,2024-10-06T08:00:00Z,5.234e-05,8
SOLUSDT,2024-10-06T08:00:00Z,0.0001,8
BTCUSDT,2024-10-06T16:00:00Z,4.18e-05,8
ETHUSDT,2024-10-06T16:00:00Z,3.309e-05,8
SOLUSDT,2024-10-06T16:00:00Z,3.507e-05,8
BTCUSDT,2024-10-07T00:00:00Z,4.573e-05,8
ETHUSDT,2024-10-07T00:00:00Z,3.36e-05,8
SOLUSDT,2024-10-07T00:00:00Z,3.973e-05,8
BTCUSDT,2024-10-07T08:00:00Z,-9.52e-06,8
ETHUSDT,2024-10-07T08:00:00Z,9.258e-05,8
SOLUSDT,2024-10-07T08:00:00Z,7.543e-05,8
BTCUSDT,2024-10-07T16:00:00Z,2.177e-05,8
ETHUSDT,2024-10-07T16:00:00Z,2.612e-05,8
SOLUSDT,2024-10-07T16:00:00Z,5.43e-06,8
BTCUSDT,2024-10-08T00:00:00Z,-1.678e-05,8
ETHUSDT,2024-10-08T00:00:00Z,6.592e-05,8
SOLUSDT,2024-10-08T00:00:00Z,3.9e-07,8
BTCUSDT,2024-10-08T08:00:00Z,7.094e-05,8
ETHUSDT,2024-10-08T08:00:00Z,0.0001,8
SOLUSDT,2024-10-08T08:00:00Z,0.0001,8
BTCUSDT,2024-10-08T16:00:00Z,8.1e-05,8
ETHUSDT,2024-10-08T16:00:00Z,8.377e-05,8
SOLUSDT,2024-10-08T16:00:00Z,-2.549e-05,8
BTCUSDT,2024-10-09T00:00:00Z,0.0001,8
ETHUSDT,2024-10-09T00:00:00Z,0.0001,8
SOLUSDT,2024-10-09T00:00:00Z,8.84e-06,8
BTCUSDT,2024-10-09T08:00:00Z,5.138e-05,8
ETHUSDT,2024-10-09T08:00:00Z,3.64e-05,8
SOLUSDT,2024-10-09T08:00:00Z,-3.713e-05,8
BTCUSDT,2024-10-09T16:00:00Z,7.939e-05,8
ETHUSDT,2024-10-09T16:00:00Z,0.0001,8
SOLUSDT,2024-10-09T16:00:00Z,0.0001,8
BTCUSDT,2024-10-10T00:00:00Z,2.09e-05,8
ETHUSDT,2024-10-10T00:00:00Z,6.663e-05,8
SOLUSDT,2024-10-10T00:00:00Z,0.0001,8
BTCUSDT,2024-10-10T08:00:00Z,1.532e-05,8
ETHUSDT,2024-10-10T08:00:00Z,0.0001,8
SOLUSDT,2024-10-10T08:00:00Z,-3.657e-05,8
BTCUSDT,2024-10-10T16:00:00Z,0.0001,8
ETHUSDT,2024-10-10T16:00:00Z,0.0001,8
SOLUSDT,2024-10-10T16:00:00Z,5.098e-05,8
BTCUSDT,2024-10-11T00:00:00Z,2.231e-05,8
ETHUSDT,2024-10-11T00:00:00Z,0.0001,8
SOLUSDT,2024-10-11T00:00:00Z,5.45e-06,8
BTCUSDT,2024-10-11T08:00:00Z,-1.874e-05,8
ETHUSDT,2024-10-11T08:00:00Z,9.474e-05,8
SOLUSDT,2024-10-11T08:00:00Z,2.89e-06,8
BTCUSDT,2024-10-11T16:00:00Z,1.2e-06,8
ETHUSDT,2024-10-11T16:00:00Z,5.977e-05,8
SOLUSDT,2024-10-11T16:00:00Z,-6.334e-05,8
BTCUSDT,2024-10-12T00:00:00Z,4.558e-05,8
ETHUSDT,2024-10-12T00:00:00Z,4.445e-05,8
SOLUSDT,2024-10-12T00:00:00Z,-3.249e-05,8
BTCUSDT,2024-10-12T08:00:00Z,7.664e-05,8
ETHUSDT,2024-10-12T08:00:00Z,0.0001,8
SOLUSDT,2024-10-12T08:00:00Z,6.95e-05,8
BTCUSDT,2024-10-12T16:00:00Z,-1.489e-05,8
ETHUSDT,2024-10-12T16:00:00Z,7.35e-05,8
SOLUSDT,2024-10-12T16:00:00Z,-4.766e-05,8
BTCUSDT,2024-10-13T00:00:00Z,6.93e-06,8
ETHUSDT,2024-10-13T00:00:00Z,7.928e-05,8
SOLUSDT,2024-10-13T00:00:00Z,5.22e-06,8
BTCUSDT,2024-10-13T08:00:00Z,1.638e-05,8
ETHUSDT,2024-10-13T08:00:00Z,3.958e-05,8
SOLUSDT,2024-10-13T08:00:00Z,5.938e-05,8
BTCUSDT,2024-10-13T16:00:00Z,3.938e-05,8
ETHUSDT,2024-10-13T16:00:00Z,1.763e-05,8
SOLUSDT,2024-10-13T16:00:00Z,5.394e-05,8
BTCUSDT,2024-10-14T00:00:00Z,5.429e-05,8
ETHUSDT,2024-10-14T00:00:00Z,6.559e-05,8
SOLUSDT,2024-10-14T00:00:00Z,1.631e-05,8
BTCUSDT,2024-10-14T08:00:00Z,0.0001,8
ETHUSDT,2024-10-14T08:00:00Z,0.0001,8
SOLUSDT,2024-10-14T08:00:00Z,7.203e-05,8
BTCUSDT,2024-10-14T16:00:00Z,0.0001,8
ETHUSDT,2024-10-14T16:00:00Z,0.0001,8
SOLUSDT,2024-10-14T16:00:00Z,7.332e-05,8
BTCUSDT,2024-10-15T00:00:00Z,0.0001,8
ETHUSDT,2024-10-15T00:00:00Z,0.0001,8
SOLUSDT,2024-10-15T00:00:00Z,0.0001,8
BTCUSDT,2024-10-15T08:00:00Z,0.0001,8
ETHUSDT,2024-10-15T08:00:00Z,0.0001,8
SOLUSDT,2024-10-15T08:00:00Z,0.0001,8
BTCUSDT,2024-10-15T16:00:00Z,0.0001,8
ETHUSDT,2024-10-15T16:00:00Z,0.0001,8
SOLUSDT,2024-10-15T16:00:00Z,0.0001,8
BTCUSDT,2024-10-16T00:00:00Z,8.325e-05,8
ETHUSDT,2024-10-16T00:00:00Z,0.0001,8
SOLUSDT,2024-10-16T00:00:00Z,6.943e-05,8
BTCUSDT,2024-10-16T08:00:00Z,8.5e-05,8
ETHUSDT,2024-10-16T08:00:00Z,0.0001,8
SOLUSDT,2024-10-16T08:00:00Z,2.087e-05,8
BTCUSDT,2024-10-16T16:00:00Z,0.0001,8
ETHUSDT,2024-10-16T16:00:00Z,0.0001,8
SOLUSDT,2024-10-16T16:00:00Z,9.905e-05,8
BTCUSDT,2024-10-17T00:00:00Z,0.0001,8
ETHUSDT,2024-10-17T00:00:00Z,0.0001,8
SOLUSDT,2024-10-17T00:00:00Z,4.579e-05,8
BTCUSDT,2024-10-17T08:00:00Z,0.0001,8
ETHUSDT,2024-10-17T08:00:00Z,0.0001,8
SOLUSDT,2024-10-17T08:00:00Z,9.905e-05,8
BTCUSDT,2024-10-17T16:00:00Z,0.0001,8
ETHUSDT,2024-10-17T16:00:00Z,0.0001,8
SOLUSDT,2024-10-17T16:00:00Z,0.0001,8
BTCUSDT,2024-10-18T00:00:00Z,0.0001,8
ETHUSDT,2024-10-18T00:00:00Z,0.0001,8
SOLUSDT,2024-10-18T00:00:00Z,7.589e-05,8
BTCUSDT,2024-10-18T08:00:00Z,0.0001,8
ETHUSDT,2024-10-18T08:00:00Z,0.0001,8
SOLUSDT,2024-10-18T08:00:00Z,3.467e-05,8
BTCUSDT,2024-10-18T16:00:00Z,0.0001,8
ETHUSDT,2024-10-18T16:00:00Z,0.0001,8
SOLUSDT,2024-10-18T16:00:00Z,9.885e-05,8
BTCUSDT,2024-10-19T00:00:00Z,0.0001,8
ETHUSDT,2024-10-19T00:00:00Z,0.0001,8
SOLUSDT,2024-10-19T00:00:00Z,3.918e-05,8
BTCUSDT,2024-10-19T08:00:00Z,0.0001,8
ETHUSDT,2024-10-19T08:00:00Z,0.0001,8
SOLUSDT,2024-10-19T08:00:00Z,5.265e-05,8
BTCUSDT,2024-10-19T16:00:00Z,0.0001,8
ETHUSDT,2024-10-19T16:00:00Z,0.0001,8
SOLUSDT,2024-10-19T16:00:00Z,7.269e-05,8
BTCUSDT,2024-10-20T00:00:00Z,0.0001,8
ETHUSDT,2024-10-20T00:00:00Z,0.0001,8
SOLUSDT,2024-10-20T00:00:00Z,0.0001,8
BTCUSDT,2024-10-20T08:00:00Z,0.0001,8
ETHUSDT,2024-10-20T08:00:00Z,0.0001,8
SOLUSDT,2024-10-20T08:00:00Z,4.903e-05,8
BTCUSDT,2024-10-20T16:00:00Z,0.0001,8
ETHUSDT,2024-10-20T16:00:00Z,0.0001,8
SOLUSDT,2024-10-20T16:00:00Z,7.01e-05,8
BTCUSDT,2024-10-21T00:00:00Z,0.0001,8
ETHUSDT,2024-10-21T00:00:00Z,0.0001,8
SOLUSDT,2024-10-21T00:00:00Z,0.0001,8
BTCUSDT,2024-10-21T08:00:00Z,0.0001,8
ETHUSDT,2024-10-21T08:00:00Z,0.0001,8
SOLUSDT,2024-10-21T08:00:00Z,0.0001,8
BTCUSDT,2024-10-21T16:00:00Z,0.0001,8
ETHUSDT,2024-10-21T16:00:00Z,0.0001,8
SOLUSDT,2024-10-21T16:00:00Z,0.0001,8
BTCUSDT,2024-10-22T00:00:00Z,0.0001,8
ETHUSDT,2024-10-22T00:00:00Z,0.0001,8
SOLUSDT,2024-10-22T00:00:00Z,0.0001,8
BTCUSDT,2024-10-22T08:00:00Z,0.0001,8
ETHUSDT,2024-10-22T08:00:00Z,0.0001,8
SOLUSDT,2024-10-22T08:00:00Z,0.0001,8
BTCUSDT,2024-10-22T16:00:00Z,0.0001,8
ETHUSDT,2024-10-22T16:00:00Z,0.0001,8
SOLUSDT,2024-10-22T16:00:00Z,0.0001,8
BTCUSDT,2024-10-23T00:00:00Z,0.0001,8
ETHUSDT,2024-10-23T00:00:00Z,0.0001,8
SOLUSDT,2024-10-23T00:00:00Z,0.0001,8
BTCUSDT,2024-10-23T08:00:00Z,0.0001,8
ETHUSDT,2024-10-23T08:00:00Z,0.0001,8
SOLUSDT,2024-10-23T08:00:00Z,0.0001,8
BTCUSDT,2024-10-23T16:00:00Z,0.0001,8
ETHUSDT,2024-10-23T16:00:00Z,0.0001,8
SOLUSDT,2024-10-23T16:00:00Z,0.0001,8
BTCUSDT,2024-10-24T00:00:00Z,0.0001,8
ETHUSDT,2024-10-24T00:00:00Z,0.0001,8
SOLUSDT,2024-10-24T00:00:00Z,0.0001,8
BTCUSDT,2024-10-24T08:00:00Z,0.0001,8
ETHUSDT,2024-10-24T08:00:00Z,0.0001,8
SOLUSDT,2024-10-24T08:00:00Z,0.0001,8
BTCUSDT,2024-10-24T16:00:00Z,0.0001,8
ETHUSDT,2024-10-24T16:00:00Z,0.0001,8
SOLUSDT,2024-10-24T16:00:00Z,0.0001,8
BTCUSDT,2024-10-25T00:00:00Z,0.0001,8
ETHUSDT,2024-10-25T00:00:00Z,0.0001,8
SOLUSDT,2024-10-25T00:00:00Z,0.0001,8
BTCUSDT,2024-10-25T08:00:00Z,0.0001,8
ETHUSDT,2024-10-25T08:00:00Z,0.0001,8
SOLUSDT,2024-10-25T08:00:00Z,0.0001,8
BTCUSDT,2024-10-25T16:00:00Z,0.0001,8
ETHUSDT,2024-10-25T16:00:00Z,0.0001,8
SOLUSDT,2024-10-25T16:00:00Z,3.16e-05,8
BTCUSDT,2024-10-26T00:00:00Z,4.755e-05,8
ETHUSDT,2024-10-26T00:00:00Z,0.0001,8
SOLUSDT,2024-10-26T00:00:00Z,5.848e-05,8
BTCUSDT,2024-10-26T08:00:00Z,7.569e-05,8
ETHUSDT,2024-10-26T08:00:00Z,0.0001,8
SOLUSDT,2024-10-26T08:00:00Z,5.269e-05,8
BTCUSDT,2024-10-26T16:00:00Z,0.0001,8
ETHUSDT,2024-10-26T16:00:00Z,0.0001,8
SOLUSDT,2024-10-26T16:00:00Z,0.0001,8
BTCUSDT,2024-10-27T00:00:00Z,0.0001,8
ETHUSDT,2024-10-27T00:00:00Z,0.0001,8
SOLUSDT,2024-10-27T00:00:00Z,0.0001,8
BTCUSDT,2024-10-27T08:00:00Z,9.724e-05,8
ETHUSDT,2024-10-27T08:00:00Z,0.0001,8
SOLUSDT,2024-10-27T08:00:00Z,4.801e-05,8
BTCUSDT,2024-10-27T16:00:00Z,0.0001,8
ETHUSDT,2024-10-27T16:00:00Z,0.0001,8
SOLUSDT,2024-10-27T16:00:00Z,-1.684e-05,8
BTCUSDT,2024-10-28T00:00:00Z,9.425e-05,8
ETHUSDT,2024-10-28T00:00:00Z,0.0001,8
SOLUSDT,2024-10-28T00:00:00Z,8.656e-05,8
BTCUSDT,2024-10-28T08:00:00Z,0.0001,8
ETHUSDT,2024-10-28T08:00:00Z,0.0001,8
SOLUSDT,2024-10-28T08:00:00Z,0.0001,8
BTCUSDT,2024-10-28T16:00:00Z,8.946e-05,8
ETHUSDT,2024-10-28T16:00:00Z,0.0001,8
SOLUSDT,2024-10-28T16:00:00Z,2.332e-05,8
BTCUSDT,2024-10-29T00:00:00Z,0.0001,8
ETHUSDT,2024-10-29T00:00:00Z,0.0001,8
SOLUSDT,2024-10-29T00:00:00Z,0.0001,8
BTCUSDT,2024-10-29T08:00:00Z,0.0001,8
ETHUSDT,2024-10-29T08:00:00Z,0.0001,8
SOLUSDT,2024-10-29T08:00:00Z,0.0001,8
BTCUSDT,2024-10-29T16:00:00Z,0.0001,8
ETHUSDT,2024-10-29T16:00:00Z,0.0001,8
SOLUSDT,2024-10-29T16:00:00Z,0.0001,8
BTCUSDT,2024-10-30T00:00:00Z,0.0001,8
ETHUSDT,2024-10-30T00:00:00Z,0.0001,8
SOLUSDT,2024-10-30T00:00:00Z,0.0001,8
BTCUSDT,2024-10-30T08:00:00Z,0.0001,8
ETHUSDT,2024-10-30T08:00:00Z,0.0001,8
SOLUSDT,2024-10-30T08:00:00Z,0.0001,8
BTCUSDT,2024-10-30T16:00:00Z,0.0001,8
ETHUSDT,2024-10-30T16:00:00Z,0.0001,8
SOLUSDT,2024-10-30T16:00:00Z,0.0001,8
BTCUSDT,2024-10-31T00:00:00Z,0.0001,8
ETHUSDT,2024-10-31T00:00:00Z,0.0001,8
SOLUSDT,2024-10-31T00:00:00Z,0.0001,8
BTCUSDT,2024-10-31T08:00:00Z,0.0001,8
ETHUSDT,2024-10-31T08:00:00Z,0.0001,8
SOLUSDT,2024-10-31T08:00:00Z,0.0001,8
BTCUSDT,2024-10-31T16:00:00Z,0.0001,8
ETHUSDT,2024-10-31T16:00:00Z,0.0001,8
SOLUSDT,2024-10-31T16:00:00Z,0.0001,8
BTCUSDT,2024-11-01T00:00:00Z,0.0001,8
ETHUSDT,2024-11-01T00:00:00Z,0.0001,8
SOLUSDT,2024-11-01T00:00:00Z,0.0001,8
BTCUSDT,2024-11-01T08:00:00Z,0.0001,8
ETHUSDT,2024-11-01T08:00:00Z,0.0001,8
SOLUSDT,2024-11-01T08:00:00Z,0.0001,8
BTCUSDT,2024-11-01T16:00:00Z,0.0001,8
ETHUSDT,2024-11-01T16:00:00Z,0.0001,8
SOLUSDT,2024-11-01T16:00:00Z,0.0001,8
BTCUSDT,2024-11-02T00:00:00Z,0.0001,8
ETHUSDT,2024-11-02T00:00:00Z,0.0001,8
SOLUSDT,2024-11-02T00:00:00Z,6.813e-05,8
BTCUSDT,2024-11-02T08:00:00Z,0.0001,8
ETHUSDT,2024-11-02T08:00:00Z,0.0001,8
SOLUSDT,2024-11-02T08:00:00Z,9.387e-05,8
BTCUSDT,2024-11-02T16:00:00Z,0.0001,8
ETHUSDT,2024-11-02T16:00:00Z,0.0001,8
SOLUSDT,2024-11-02T16:00:00Z,6.9e-05,8
BTCUSDT,2024-11-03T00:00:00Z,0.0001,8
ETHUSDT,2024-11-03T00:00:00Z,0.0001,8
SOLUSDT,2024-11-03T00:00:00Z,3.98e-05,8
BTCUSDT,2024-11-03T08:00:00Z,0.0001,8
ETHUSDT,2024-11-03T08:00:00Z,0.0001,8
SOLUSDT,2024-11-03T08:00:00Z,3.241e-05,8
BTCUSDT,2024-11-03T16:00:00Z,0.0001,8
ETHUSDT,2024-11-03T16:00:00Z,0.0001,8
SOLUSDT,2024-11-03T16:00:00Z,8.014e-05,8
BTCUSDT,2024-11-04T00:00:00Z,0.0001,8
ETHUSDT,2024-11-04T00:00:00Z,0.0001,8
SOLUSDT,2024-11-04T00:00:00Z,4.818e-05,8
BTCUSDT,2024-11-04T08:00:00Z,0.0001,8
ETHUSDT,2024-11-04T08:00:00Z,0.0001,8
SOLUSDT,2024-11-04T08:00:00Z,6.725e-05,8
BTCUSDT,2024-11-04T16:00:00Z,0.0001,8
ETHUSDT,2024-11-04T16:00:00Z,0.0001,8
SOLUSDT,2024-11-04T16:00:00Z,6.216e-05,8
BTCUSDT,2024-11-05T00:00:00Z,0.0001,8
ETHUSDT,2024-11-05T00:00:00Z,0.0001,8
SOLUSDT,2024-11-05T00:00:00Z,5.868e-05,8
BTCUSDT,2024-11-05T08:00:00Z,0.0001,8
ETHUSDT,2024-11-05T08:00:00Z,0.0001,8
SOLUSDT,2024-11-05T08:00:00Z,4.51e-05,8
BTCUSDT,2024-11-05T16:00:00Z,0.0001,8
ETHUSDT,2024-11-05T16:00:00Z,0.0001,8
SOLUSDT,2024-11-05T16:00:00Z,7.17e-06,8
BTCUSDT,2024-11-06T00:00:00Z,0.0001,8
ETHUSDT,2024-11-06T00:00:00Z,9.511e-05,8
SOLUSDT,2024-11-06T00:00:00Z,-1.892e-05,8
BTCUSDT,2024-11-06T08:00:00Z,0.0001,8
ETHUSDT,2024-11-06T08:00:00Z,0.0001,8
SOLUSDT,2024-11-06T08:00:00Z,0.0001,8
BTCUSDT,2024-11-06T16:00:00Z,0.0001,8
ETHUSDT,2024-11-06T16:00:00Z,0.0001,8
SOLUSDT,2024-11-06T16:00:00Z,0.0001,8
BTCUSDT,2024-11-07T00:00:00Z,0.0001,8
ETHUSDT,2024-11-07T00:00:00Z,0.0001,8
SOLUSDT,2024-11-07T00:00:00Z,0.0001,8
BTCUSDT,2024-11-07T08:00:00Z,0.0001,8
ETHUSDT,2024-11-07T08:00:00Z,0.00014885,8
SOLUSDT,2024-11-07T08:00:00Z,0.0001,8
BTCUSDT,2024-11-07T16:00:00Z,0.0001,8
ETHUSDT,2024-11-07T16:00:00Z,0.0001,8
SOLUSDT,2024-11-07T16:00:00Z,0.0001,8
BTCUSDT,2024-11-08T00:00:00Z,0.0001,8
ETHUSDT,2024-11-08T00:00:00Z,0.0001,8
SOLUSDT,2024-11-08T00:00:00Z,0.0001,8
BTCUSDT,2024-11-08T08:00:00Z,0.0001,8
ETHUSDT,2024-11-08T08:00:00Z,0.0001,8
SOLUSDT,2024-11-08T08:00:00Z,0.0001,8
BTCUSDT,2024-11-08T16:00:00Z,0.0001,8
ETHUSDT,2024-11-08T16:00:00Z,0.0001,8
SOLUSDT,2024-11-08T16:00:00Z,0.0001,8
BTCUSDT,2024-11-09T00:00:00Z,0.0001,8
ETHUSDT,2024-11-09T00:00:00Z,0.0001,8
SOLUSDT,2024-11-09T00:00:00Z,0.0001,8
BTCUSDT,2024-11-09T08:00:00Z,0.0001,8
ETHUSDT,2024-11-09T08:00:00Z,0.0001,8
SOLUSDT,2024-11-09T08:00:00Z,0.0001,8
BTCUSDT,2024-11-09T16:00:00Z,0.0001,8
ETHUSDT,2024-11-09T16:00:00Z,0.0001,8
SOLUSDT,2024-11-09T16:00:00Z,0.0001,8
BTCUSDT,2024-11-10T00:00:00Z,0.0001,8
ETHUSDT,2024-11-10T00:00:00Z,0.0001,8
SOLUSDT,2024-11-10T00:00:00Z,0.0001,8
BTCUSDT,2024-11-10T08:00:00Z,0.00025603,8
ETHUSDT,2024-11-10T08:00:00Z,0.0001,8
SOLUSDT,2024-11-10T08:00:00Z,0.00019071,8
BTCUSDT,2024-11-10T16:00:00Z,0.00014113,8
ETHUSDT,2024-11-10T16:00:00Z,0.00026708,8
SOLUSDT,2024-11-10T16:00:00Z,0.00041975,8
BTCUSDT,2024-11-11T00:00:00Z,0.00036878,8
ETHUSDT,2024-11-11T00:00:00Z,0.00028976,8
SOLUSDT,2024-11-11T00:00:00Z,0.00034668,8
BTCUSDT,2024-11-11T08:00:00Z,0.0001,8
ETHUSDT,2024-11-11T08:00:00Z,0.0001881,8
SOLUSDT,2024-11-11T08:00:00Z,0.00011081,8
BTCUSDT,2024-11-11T16:00:00Z,0.0001,8
ETHUSDT,2024-11-11T16:00:00Z,0.00017298,8
SOLUSDT,2024-11-11T16:00:00Z,0.00022373,8
BTCUSDT,2024-11-12T00:00:00Z,0.00049133,8
ETHUSDT,2024-11-12T00:00:00Z,0.00017687,8
SOLUSDT,2024-11-12T00:00:00Z,0.00035969,8
BTCUSDT,2024-11-12T08:00:00Z,0.00043737,8
ETHUSDT,2024-11-12T08:00:00Z,0.0005762,8
SOLUSDT,2024-11-12T08:00:00Z,0.00043733,8
BTCUSDT,2024-11-12T16:00:00Z,0.00038754,8
ETHUSDT,2024-11-12T16:00:00Z,0.00046001,8
SOLUSDT,2024-11-12T16:00:00Z,0.00048819,8
BTCUSDT,2024-11-13T00:00:00Z,0.0001,8
ETHUSDT,2024-11-13T00:00:00Z,0.00013607,8
SOLUSDT,2024-11-13T00:00:00Z,0.00032823,8
BTCUSDT,2024-11-13T08:00:00Z,0.00013101,8
ETHUSDT,2024-11-13T08:00:00Z,0.00033556,8
SOLUSDT,2024-11-13T08:00:00Z,0.00020936,8
BTCUSDT,2024-11-13T16:00:00Z,0.00021856,8
ETHUSDT,2024-11-13T16:00:00Z,0.00012894,8
SOLUSDT,2024-11-13T16:00:00Z,0.00022016,8
BTCUSDT,2024-11-14T00:00:00Z,0.0001,8
ETHUSDT,2024-11-14T00:00:00Z,0.0001058,8
SOLUSDT,2024-11-14T00:00:00Z,0.00020764,8
BTCUSDT,2024-11-14T08:00:00Z,0.0001,8
ETHUSDT,2024-11-14T08:00:00Z,0.0001,8
SOLUSDT,2024-11-14T08:00:00Z,0.00022462,8
BTCUSDT,2024-11-14T16:00:00Z,0.0001,8
ETHUSDT,2024-11-14T16:00:00Z,0.0001,8
SOLUSDT,2024-11-14T16:00:00Z,0.0001,8
BTCUSDT,2024-11-15T00:00:00Z,0.0001,8
ETHUSDT,2024-11-15T00:00:00Z,0.00013133,8
SOLUSDT,2024-11-15T00:00:00Z,0.0001,8
BTCUSDT,2024-11-15T08:00:00Z,0.0001,8
ETHUSDT,2024-11-15T08:00:00Z,0.00013108,8
SOLUSDT,2024-11-15T08:00:00Z,0.0001,8
BTCUSDT,2024-11-15T16:00:00Z,0.00010977,8
ETHUSDT,2024-11-15T16:00:00Z,0.0001,8
SOLUSDT,2024-11-15T16:00:00Z,0.0001,8
BTCUSDT,2024-11-16T00:00:00Z,0.0001,8
ETHUSDT,2024-11-16T00:00:00Z,0.00018215,8
SOLUSDT,2024-11-16T00:00:00Z,0.0001,8
BTCUSDT,2024-11-16T08:00:00Z,0.0001,8
ETHUSDT,2024-11-16T08:00:00Z,0.0001,8
SOLUSDT,2024-11-16T08:00:00Z,0.00023693,8
BTCUSDT,2024-11-16T16:00:00Z,0.00013231,8
ETHUSDT,2024-11-16T16:00:00Z,0.00011351,8
SOLUSDT,2024-11-16T16:00:00Z,0.00016028,8
BTCUSDT,2024-11-17T00:00:00Z,0.00015765,8
ETHUSDT,2024-11-17T00:00:00Z,0.0001,8
SOLUSDT,2024-11-17T00:00:00Z,0.0001,8
BTCUSDT,2024-11-17T08:00:00Z,0.0001,8
ETHUSDT,2024-11-17T08:00:00Z,0.0001,8
SOLUSDT,2024-11-17T08:00:00Z,0.00044518,8
BTCUSDT,2024-11-17T16:00:00Z,0.00010577,8
ETHUSDT,2024-11-17T16:00:00Z,0.00019685,8
SOLUSDT,2024-11-17T16:00:00Z,0.00021627,8
BTCUSDT,2024-11-18T00:00:00Z,0.0001,8
ETHUSDT,2024-11-18T00:00:00Z,0.00019865,8
SOLUSDT,2024-11-18T00:00:00Z,0.00023762,8
BTCUSDT,2024-11-18T08:00:00Z,0.0003645,8
ETHUSDT,2024-11-18T08:00:00Z,0.00031651,8
SOLUSDT,2024-11-18T08:00:00Z,0.0001653,8
BTCUSDT,2024-11-18T16:00:00Z,0.00021318,8
ETHUSDT,2024-11-18T16:00:00Z,0.00019762,8
SOLUSDT,2024-11-18T16:00:00Z,0.0002213,8
BTCUSDT,2024-11-19T00:00:00Z,0.00021606,8
ETHUSDT,2024-11-19T00:00:00Z,0.00040458,8
SOLUSDT,2024-11-19T00:00:00Z,0.00022018,8
BTCUSDT,2024-11-19T08:00:00Z,0.00030216,8
ETHUSDT,2024-11-19T08:00:00Z,0.00021234,8
SOLUSDT,2024-11-19T08:00:00Z,0.00019184,8
BTCUSDT,2024-11-19T16:00:00Z,0.00017959,8
ETHUSDT,2024-11-19T16:00:00Z,0.00015353,8
SOLUSDT,2024-11-19T16:00:00Z,0.00012644,8
BTCUSDT,2024-11-20T00:00:00Z,0.0001,8
ETHUSDT,2024-11-20T00:00:00Z,0.00017369,8
SOLUSDT,2024-11-20T00:00:00Z,0.0001,8
BTCUSDT,2024-11-20T08:00:00Z,0.0001,8
ETHUSDT,2024-11-20T08:00:00Z,0.00019505,8
SOLUSDT,2024-11-20T08:00:00Z,0.0001,8
BTCUSDT,2024-11-20T16:00:00Z,0.0001,8
ETHUSDT,2024-11-20T16:00:00Z,0.00013619,8
SOLUSDT,2024-11-20T16:00:00Z,0.0001,8
BTCUSDT,2024-11-21T00:00:00Z,0.0001,8
ETHUSDT,2024-11-21T00:00:00Z,0.0001,8
SOLUSDT,2024-11-21T00:00:00Z,0.0001,8
BTCUSDT,2024-11-21T08:00:00Z,0.0001,8
ETHUSDT,2024-11-21T08:00:00Z,0.0001,8
SOLUSDT,2024-11-21T08:00:00Z,0.0001,8
BTCUSDT,2024-11-21T16:00:00Z,0.0001,8
ETHUSDT,2024-11-21T16:00:00Z,0.00020146,8
SOLUSDT,2024-11-21T16:00:00Z,0.0001,8
BTCUSDT,2024-11-22T00:00:00Z,0.0001,8
ETHUSDT,2024-11-22T00:00:00Z,0.0003418,8
SOLUSDT,2024-11-22T00:00:00Z,0.00043945,8
BTCUSDT,2024-11-22T08:00:00Z,0.0001,8
ETHUSDT,2024-11-22T08:00:00Z,0.00029201,8
SOLUSDT,2024-11-22T08:00:00Z,0.00022593,8
BTCUSDT,2024-11-22T16:00:00Z,0.0001,8
ETHUSDT,2024-11-22T16:00:00Z,0.00022123,8
SOLUSDT,2024-11-22T16:00:00Z,0.0001702,8
BTCUSDT,2024-11-23T00:00:00Z,0.0001,8
ETHUSDT,2024-11-23T00:00:00Z,0.00015103,8
SOLUSDT,2024-11-23T00:00:00Z,0.0001,8
BTCUSDT,2024-11-23T08:00:00Z,0.0001,8
ETHUSDT,2024-11-23T08:00:00Z,0.00032558,8
SOLUSDT,2024-11-23T08:00:00Z,0.00028946,8
BTCUSDT,2024-11-23T16:00:00Z,0.0001,8
ETHUSDT,2024-11-23T16:00:00Z,0.00037006,8
SOLUSDT,2024-11-23T16:00:00Z,0.00025577,8
BTCUSDT,2024-11-24T00:00:00Z,0.0001,8
ETHUSDT,2024-11-24T00:00:00Z,0.00027011,8
SOLUSDT,2024-11-24T00:00:00Z,0.00018175,8
BTCUSDT,2024-11-24T08:00:00Z,0.00016148,8
ETHUSDT,2024-11-24T08:00:00Z,0.00023721,8
SOLUSDT,2024-11-24T08:00:00Z,0.00033189,8
BTCUSDT,2024-11-24T16:00:00Z,0.00023228,8
ETHUSDT,2024-11-24T16:00:00Z,0.00027264,8
SOLUSDT,2024-11-24T16:00:00Z,0.00025244,8
BTCUSDT,2024-11-25T00:00:00Z,0.00021035,8
ETHUSDT,2024-11-25T00:00:00Z,0.00017259,8
SOLUSDT,2024-11-25T00:00:00Z,0.00014445,8
BTCUSDT,2024-11-25T08:00:00Z,0.0001,8
ETHUSDT,2024-11-25T08:00:00Z,0.00023935,8
SOLUSDT,2024-11-25T08:00:00Z,0.00019888,8
BTCUSDT,2024-11-25T16:00:00Z,0.00025233,8
ETHUSDT,2024-11-25T16:00:00Z,0.00031797,8
SOLUSDT,2024-11-25T16:00:00Z,0.00010485,8
BTCUSDT,2024-11-26T00:00:00Z,0.00021902,8
ETHUSDT,2024-11-26T00:00:00Z,0.0002448,8
SOLUSDT,2024-11-26T00:00:00Z,0.0001,8
BTCUSDT,2024-11-26T08:00:00Z,0.00017936,8
ETHUSDT,2024-11-26T08:00:00Z,0.0001227,8
SOLUSDT,2024-11-26T08:00:00Z,0.0001,8
BTCUSDT,2024-11-26T16:00:00Z,0.00029599,8
ETHUSDT,2024-11-26T16:00:00Z,0.0001819,8
SOLUSDT,2024-11-26T16:00:00Z,0.0001,8
BTCUSDT,2024-11-27T00:00:00Z,0.00031205,8
ETHUSDT,2024-11-27T00:00:00Z,0.00021068,8
SOLUSDT,2024-11-27T00:00:00Z,0.0001,8
BTCUSDT,2024-11-27T08:00:00Z,0.00016795,8
ETHUSDT,2024-11-27T08:00:00Z,0.00020895,8
SOLUSDT,2024-11-27T08:00:00Z,0.0001,8
BTCUSDT,2024-11-27T16:00:00Z,0.0001,8
ETHUSDT,2024-11-27T16:00:00Z,0.00015706,8
SOLUSDT,2024-11-27T16:00:00Z,0.0001,8
BTCUSDT,2024-11-28T00:00:00Z,0.0001,8
ETHUSDT,2024-11-28T00:00:00Z,0.00015948,8
SOLUSDT,2024-11-28T00:00:00Z,0.0001,8
BTCUSDT,2024-11-28T08:00:00Z,0.00014326,8
ETHUSDT,2024-11-28T08:00:00Z,0.0001647,8
SOLUSDT,2024-11-28T08:00:00Z,0.0001,8
BTCUSDT,2024-11-28T16:00:00Z,0.00011859,8
ETHUSDT,2024-11-28T16:00:00Z,0.0001,8
SOLUSDT,2024-11-28T16:00:00Z,0.0001,8
BTCUSDT,2024-11-29T00:00:00Z,0.00020619,8
ETHUSDT,2024-11-29T00:00:00Z,0.0001,8
SOLUSDT,2024-11-29T00:00:00Z,0.0001,8
BTCUSDT,2024-11-29T08:00:00Z,0.00011747,8
ETHUSDT,2024-11-29T08:00:00Z,0.00015354,8
SOLUSDT,2024-11-29T08:00:00Z,0.0001,8
BTCUSDT,2024-11-29T16:00:00Z,0.00021921,8
ETHUSDT,2024-11-29T16:00:00Z,0.0001,8
SOLUSDT,2024-11-29T16:00:00Z,0.0001,8
BTCUSDT,2024-11-30T00:00:00Z,0.0001,8
ETHUSDT,2024-11-30T00:00:00Z,0.00017097,8
SOLUSDT,2024-11-30T00:00:00Z,0.0001,8
BTCUSDT,2024-11-30T08:00:00Z,0.00015909,8
ETHUSDT,2024-11-30T08:00:00Z,0.0002474,8
SOLUSDT,2024-11-30T08:00:00Z,0.0001,8
BTCUSDT,2024-11-30T16:00:00Z,0.00012063,8
ETHUSDT,2024-11-30T16:00:00Z,0.00012425,8
SOLUSDT,2024-11-30T16:00:00Z,0.0001,8
BTCUSDT,2024-12-01T00:00:00Z,0.00015901,8
ETHUSDT,2024-12-01T00:00:00Z,0.00011863,8
SOLUSDT,2024-12-01T00:00:00Z,0.00011575,8
BTCUSDT,2024-12-01T08:00:00Z,0.00019581,8
ETHUSDT,2024-12-01T08:00:00Z,0.00013737,8
SOLUSDT,2024-12-01T08:00:00Z,0.0001,8
BTCUSDT,2024-12-01T16:00:00Z,0.0001,8
ETHUSDT,2024-12-01T16:00:00Z,0.00015064,8
SOLUSDT,2024-12-01T16:00:00Z,0.00021606,8
BTCUSDT,2024-12-02T00:00:00Z,0.00025726,8
ETHUSDT,2024-12-02T00:00:00Z,0.00036131,8
SOLUSDT,2024-12-02T00:00:00Z,0.00037518,8
BTCUSDT,2024-12-02T08:00:00Z,0.00024556,8
ETHUSDT,2024-12-02T08:00:00Z,0.0002931,8
SOLUSDT,2024-12-02T08:00:00Z,0.00025587,8
BTCUSDT,2024-12-02T16:00:00Z,0.00013387,8
ETHUSDT,2024-12-02T16:00:00Z,0.00028383,8
SOLUSDT,2024-12-02T16:00:00Z,0.00026772,8
BTCUSDT,2024-12-03T00:00:00Z,0.00012779,8
ETHUSDT,2024-12-03T00:00:00Z,0.00026464,8
SOLUSDT,2024-12-03T00:00:00Z,0.00032728,8
BTCUSDT,2024-12-03T08:00:00Z,0.00024926,8
ETHUSDT,2024-12-03T08:00:00Z,0.00034689,8
SOLUSDT,2024-12-03T08:00:00Z,0.00031454,8
BTCUSDT,2024-12-03T16:00:00Z,0.00011952,8
ETHUSDT,2024-12-03T16:00:00Z,0.00014297,8
SOLUSDT,2024-12-03T16:00:00Z,0.00030312,8
BTCUSDT,2024-12-04T00:00:00Z,0.00026634,8
ETHUSDT,2024-12-04T00:00:00Z,0.00018732,8
SOLUSDT,2024-12-04T00:00:00Z,0.00035501,8
BTCUSDT,2024-12-04T08:00:00Z,0.00026254,8
ETHUSDT,2024-12-04T08:00:00Z,0.00015899,8
SOLUSDT,2024-12-04T08:00:00Z,0.00023264,8
BTCUSDT,2024-12-04T16:00:00Z,0.00023234,8
ETHUSDT,2024-12-04T16:00:00Z,0.00019842,8
SOLUSDT,2024-12-04T16:00:00Z,0.00036215,8
BTCUSDT,2024-12-05T00:00:00Z,0.00027625,8
ETHUSDT,2024-12-05T00:00:00Z,0.00023652,8
SOLUSDT,2024-12-05T00:00:00Z,0.00027166,8
BTCUSDT,2024-12-05T08:00:00Z,0.00072446,8
ETHUSDT,2024-12-05T08:00:00Z,0.00049482,8
SOLUSDT,2024-12-05T08:00:00Z,0.00055995,8
BTCUSDT,2024-12-05T16:00:00Z,0.00047059,8
ETHUSDT,2024-12-05T16:00:00Z,0.00031177,8
SOLUSDT,2024-12-05T16:00:00Z,0.0005091,8
BTCUSDT,2024-12-06T00:00:00Z,0.0001,8
ETHUSDT,2024-12-06T00:00:00Z,0.00014294,8
SOLUSDT,2024-12-06T00:00:00Z,0.00032251,8
BTCUSDT,2024-12-06T08:00:00Z,0.00014634,8
ETHUSDT,2024-12-06T08:00:00Z,0.0002554,8
SOLUSDT,2024-12-06T08:00:00Z,0.00032302,8
BTCUSDT,2024-12-06T16:00:00Z,0.0001,8
ETHUSDT,2024-12-06T16:00:00Z,0.0002635,8
SOLUSDT,2024-12-06T16:00:00Z,0.00012425,8
BTCUSDT,2024-12-07T00:00:00Z,0.00031972,8
ETHUSDT,2024-12-07T00:00:00Z,0.0003059,8
SOLUSDT,2024-12-07T00:00:00Z,0.00041557,8
BTCUSDT,2024-12-07T08:00:00Z,0.00012374,8
ETHUSDT,2024-12-07T08:00:00Z,0.00024299,8
SOLUSDT,2024-12-07T08:00:00Z,0.00034529,8
BTCUSDT,2024-12-07T16:00:00Z,0.0001409,8
ETHUSDT,2024-12-07T16:00:00Z,0.00023099,8
SOLUSDT,2024-12-07T16:00:00Z,0.00038467,8
BTCUSDT,2024-12-08T00:00:00Z,0.00016985,8
ETHUSDT,2024-12-08T00:00:00Z,0.00020864,8
SOLUSDT,2024-12-08T00:00:00Z,0.00045069,8
BTCUSDT,2024-12-08T08:00:00Z,0.00016572,8
ETHUSDT,2024-12-08T08:00:00Z,0.00023941,8
SOLUSDT,2024-12-08T08:00:00Z,0.00019374,8
BTCUSDT,2024-12-08T16:00:00Z,0.0001758,8
ETHUSDT,2024-12-08T16:00:00Z,0.00018574,8
SOLUSDT,2024-12-08T16:00:00Z,0.00013754,8
BTCUSDT,2024-12-09T00:00:00Z,0.00030413,8
ETHUSDT,2024-12-09T00:00:00Z,0.00020272,8
SOLUSDT,2024-12-09T00:00:00Z,0.00025945,8
BTCUSDT,2024-12-09T08:00:00Z,0.00021032,8
ETHUSDT,2024-12-09T08:00:00Z,0.0001,8
SOLUSDT,2024-12-09T08:00:00Z,0.00015891,8
BTCUSDT,2024-12-09T16:00:00Z,0.00011115,8
ETHUSDT,2024-12-09T16:00:00Z,0.00013421,8
SOLUSDT,2024-12-09T16:00:00Z,0.00012595,8
BTCUSDT,2024-12-10T00:00:00Z,0.0001,8
ETHUSDT,2024-12-10T00:00:00Z,0.0001,8
SOLUSDT,2024-12-10T00:00:00Z,0.0001,8
BTCUSDT,2024-12-10T08:00:00Z,0.0001,8
ETHUSDT,2024-12-10T08:00:00Z,0.0001,8
SOLUSDT,2024-12-10T08:00:00Z,0.0001,8
BTCUSDT,2024-12-10T16:00:00Z,0.0001,8
ETHUSDT,2024-12-10T16:00:00Z,0.0001,8
SOLUSDT,2024-12-10T16:00:00Z,0.0001,8
BTCUSDT,2024-12-11T00:00:00Z,0.0001,8
ETHUSDT,2024-12-11T00:00:00Z,0.0001,8
SOLUSDT,2024-12-11T00:00:00Z,0.0001,8
BTCUSDT,2024-12-11T08:00:00Z,0.0001,8
ETHUSDT,2024-12-11T08:00:00Z,0.0001,8
SOLUSDT,2024-12-11T08:00:00Z,0.0001,8
BTCUSDT,2024-12-11T16:00:00Z,0.0001,8
ETHUSDT,2024-12-11T16:00:00Z,0.0001,8
SOLUSDT,2024-12-11T16:00:00Z,0.0001,8
BTCUSDT,2024-12-12T00:00:00Z,0.0001,8
ETHUSDT,2024-12-12T00:00:00Z,0.0001,8
SOLUSDT,2024-12-12T00:00:00Z,0.0001,8
BTCUSDT,2024-12-12T08:00:00Z,0.0001,8
ETHUSDT,2024-12-12T08:00:00Z,0.0001,8
SOLUSDT,2024-12-12T08:00:00Z,0.0001,8
BTCUSDT,2024-12-12T16:00:00Z,0.0001,8
ETHUSDT,2024-12-12T16:00:00Z,0.0001,8
SOLUSDT,2024-12-12T16:00:00Z,0.0001,8
BTCUSDT,2024-12-13T00:00:00Z,0.0001,8
ETHUSDT,2024-12-13T00:00:00Z,0.0001,8
SOLUSDT,2024-12-13T00:00:00Z,0.0001,8
BTCUSDT,2024-12-13T08:00:00Z,0.0001,8
ETHUSDT,2024-12-13T08:00:00Z,0.0001,8
SOLUSDT,2024-12-13T08:00:00Z,0.0001,8
BTCUSDT,2024-12-13T16:00:00Z,0.0001,8
ETHUSDT,2024-12-13T16:00:00Z,0.0001,8
SOLUSDT,2024-12-13T16:00:00Z,0.0001,8
BTCUSDT,2024-12-14T00:00:00Z,6.75e-05,8
ETHUSDT,2024-12-14T00:00:00Z,0.0001,8
SOLUSDT,2024-12-14T00:00:00Z,0.0001,8
BTCUSDT,2024-12-14T08:00:00Z,0.0001,8
ETHUSDT,2024-12-14T08:00:00Z,0.0001,8
SOLUSDT,2024-12-14T08:00:00Z,0.0001,8
BTCUSDT,2024-12-14T16:00:00Z,0.0001,8
ETHUSDT,2024-12-14T16:00:00Z,0.0001,8
SOLUSDT,2024-12-14T16:00:00Z,0.0001,8
BTCUSDT,2024-12-15T00:00:00Z,0.0001,8
ETHUSDT,2024-12-15T00:00:00Z,0.0001,8
SOLUSDT,2024-12-15T00:00:00Z,0.0001,8
BTCUSDT,2024-12-15T08:00:00Z,8.194e-05,8
ETHUSDT,2024-12-15T08:00:00Z,0.0001,8
SOLUSDT,2024-12-15T08:00:00Z,6.761e-05,8
BTCUSDT,2024-12-15T16:00:00Z,0.0001,8
ETHUSDT,2024-12-15T16:00:00Z,9.404e-05,8
SOLUSDT,2024-12-15T16:00:00Z,0.0001,8
BTCUSDT,2024-12-16T00:00:00Z,0.0001,8
ETHUSDT,2024-12-16T00:00:00Z,8.662e-05,8
SOLUSDT,2024-12-16T00:00:00Z,0.0001,8
BTCUSDT,2024-12-16T08:00:00Z,0.0001,8
ETHUSDT,2024-12-16T08:00:00Z,0.0001,8
SOLUSDT,2024-12-16T08:00:00Z,0.0001,8
BTCUSDT,2024-12-16T16:00:00Z,9.181e-05,8
ETHUSDT,2024-12-16T16:00:00Z,0.0001,8
SOLUSDT,2024-12-16T16:00:00Z,0.0001,8
BTCUSDT,2024-12-17T00:00:00Z,7.866e-05,8
ETHUSDT,2024-12-17T00:00:00Z,0.0001,8
SOLUSDT,2024-12-17T00:00:00Z,0.0001,8
BTCUSDT,2024-12-17T08:00:00Z,0.0001,8
ETHUSDT,2024-12-17T08:00:00Z,0.0001,8
SOLUSDT,2024-12-17T08:00:00Z,4.064e-05,8
BTCUSDT,2024-12-17T16:00:00Z,0.0001,8
ETHUSDT,2024-12-17T16:00:00Z,0.0001,8
SOLUSDT,2024-12-17T16:00:00Z,0.0001,8
BTCUSDT,2024-12-18T00:00:00Z,0.0001,8
ETHUSDT,2024-12-18T00:00:00Z,8.046e-05,8
SOLUSDT,2024-12-18T00:00:00Z,0.0001,8
BTCUSDT,2024-12-18T08:00:00Z,9.159e-05,8
ETHUSDT,2024-12-18T08:00:00Z,0.0001,8
SOLUSDT,2024-12-18T08:00:00Z,9.102e-05,8
BTCUSDT,2024-12-18T16:00:00Z,0.0001,8
ETHUSDT,2024-12-18T16:00:00Z,0.0001,8
SOLUSDT,2024-12-18T16:00:00Z,6.23e-06,8
BTCUSDT,2024-12-19T00:00:00Z,0.0001,8
ETHUSDT,2024-12-19T00:00:00Z,6.104e-05,8
SOLUSDT,2024-12-19T00:00:00Z,-3.6e-05,8
BTCUSDT,2024-12-19T08:00:00Z,0.0001,8
ETHUSDT,2024-12-19T08:00:00Z,7.438e-05,8
SOLUSDT,2024-12-19T08:00:00Z,-1.903e-05,8
BTCUSDT,2024-12-19T16:00:00Z,0.0001,8
ETHUSDT,2024-12-19T16:00:00Z,7.373e-05,8
SOLUSDT,2024-12-19T16:00:00Z,1.572e-05,8
BTCUSDT,2024-12-20T00:00:00Z,0.0001,8
ETHUSDT,2024-12-20T00:00:00Z,0.0001,8
SOLUSDT,2024-12-20T00:00:00Z,-1.795e-05,8
BTCUSDT,2024-12-20T08:00:00Z,0.0001,8
ETHUSDT,2024-12-20T08:00:00Z,0.0001,8
SOLUSDT,2024-12-20T08:00:00Z,-2.757e-05,8
BTCUSDT,2024-12-20T16:00:00Z,0.0001,8
ETHUSDT,2024-12-20T16:00:00Z,0.0001,8
SOLUSDT,2024-12-20T16:00:00Z,-6.045e-05,8
BTCUSDT,2024-12-21T00:00:00Z,0.0001,8
ETHUSDT,2024-12-21T00:00:00Z,6.352e-05,8
SOLUSDT,2024-12-21T00:00:00Z,-0.00018625,8
BTCUSDT,2024-12-21T08:00:00Z,1.206e-05,8
ETHUSDT,2024-12-21T08:00:00Z,0.0001,8
SOLUSDT,2024-12-21T08:00:00Z,-0.00013946,8
BTCUSDT,2024-12-21T16:00:00Z,0.0001,8
ETHUSDT,2024-12-21T16:00:00Z,0.0001,8
SOLUSDT,2024-12-21T16:00:00Z,-4.2e-05,8
BTCUSDT,2024-12-22T00:00:00Z,0.0001,8
ETHUSDT,2024-12-22T00:00:00Z,0.0001,8
SOLUSDT,2024-12-22T00:00:00Z,-0.00011655,8
BTCUSDT,2024-12-22T08:00:00Z,0.0001,8
ETHUSDT,2024-12-22T08:00:00Z,0.0001,8
SOLUSDT,2024-12-22T08:00:00Z,2.97e-05,8
BTCUSDT,2024-12-22T16:00:00Z,9.629e-05,8
ETHUSDT,2024-12-22T16:00:00Z,5.37e-05,8
SOLUSDT,2024-12-22T16:00:00Z,-0.00010865,8
BTCUSDT,2024-12-23T00:00:00Z,0.0001,8
ETHUSDT,2024-12-23T00:00:00Z,5.686e-05,8
SOLUSDT,2024-12-23T00:00:00Z,-5.764e-05,8
BTCUSDT,2024-12-23T08:00:00Z,0.0001,8
ETHUSDT,2024-12-23T08:00:00Z,5.398e-05,8
SOLUSDT,2024-12-23T08:00:00Z,-2.514e-05,8
BTCUSDT,2024-12-23T16:00:00Z,8.981e-05,8
ETHUSDT,2024-12-23T16:00:00Z,8.674e-05,8
SOLUSDT,2024-12-23T16:00:00Z,-1.518e-05,8
BTCUSDT,2024-12-24T00:00:00Z,0.0001,8
ETHUSDT,2024-12-24T00:00:00Z,0.0001,8
SOLUSDT,2024-12-24T00:00:00Z,4.56e-06,8
BTCUSDT,2024-12-24T08:00:00Z,0.0001,8
ETHUSDT,2024-12-24T08:00:00Z,8.121e-05,8
SOLUSDT,2024-12-24T08:00:00Z,-8.87e-06,8
BTCUSDT,2024-12-24T16:00:00Z,0.0001,8
ETHUSDT,2024-12-24T16:00:00Z,2.757e-05,8
SOLUSDT,2024-12-24T16:00:00Z,-2.528e-05,8
BTCUSDT,2024-12-25T00:00:00Z,0.0001,8
ETHUSDT,2024-12-25T00:00:00Z,4.454e-05,8
SOLUSDT,2024-12-25T00:00:00Z,-1.032e-05,8
BTCUSDT,2024-12-25T08:00:00Z,0.0001,8
ETHUSDT,2024-12-25T08:00:00Z,6.55e-05,8
SOLUSDT,2024-12-25T08:00:00Z,-2.015e-05,8
BTCUSDT,2024-12-25T16:00:00Z,0.0001,8
ETHUSDT,2024-12-25T16:00:00Z,1.254e-05,8
SOLUSDT,2024-12-25T16:00:00Z,3.692e-05,8
BTCUSDT,2024-12-26T00:00:00Z,9.827e-05,8
ETHUSDT,2024-12-26T00:00:00Z,0.0001,8
SOLUSDT,2024-12-26T00:00:00Z,2.735e-05,8
BTCUSDT,2024-12-26T08:00:00Z,7.453e-05,8
ETHUSDT,2024-12-26T08:00:00Z,0.0001,8
SOLUSDT,2024-12-26T08:00:00Z,0.0001,8
BTCUSDT,2024-12-26T16:00:00Z,8.585e-05,8
ETHUSDT,2024-12-26T16:00:00Z,6.305e-05,8
SOLUSDT,2024-12-26T16:00:00Z,1.522e-05,8
BTCUSDT,2024-12-27T00:00:00Z,0.0001,8
ETHUSDT,2024-12-27T00:00:00Z,0.0001,8
SOLUSDT,2024-12-27T00:00:00Z,3.726e-05,8
BTCUSDT,2024-12-27T08:00:00Z,0.0001,8
ETHUSDT,2024-12-27T08:00:00Z,8.428e-05,8
SOLUSDT,2024-12-27T08:00:00Z,-2.625e-05,8
BTCUSDT,2024-12-27T16:00:00Z,0.0001,8
ETHUSDT,2024-12-27T16:00:00Z,5.349e-05,8
SOLUSDT,2024-12-27T16:00:00Z,-8.145e-05,8
BTCUSDT,2024-12-28T00:00:00Z,0.0001,8
ETHUSDT,2024-12-28T00:00:00Z,0.0001,8
SOLUSDT,2024-12-28T00:00:00Z,9.283e-05,8
BTCUSDT,2024-12-28T08:00:00Z,7.639e-05,8
ETHUSDT,2024-12-28T08:00:00Z,0.0001,8
SOLUSDT,2024-12-28T08:00:00Z,1.275e-05,8
BTCUSDT,2024-12-28T16:00:00Z,5.173e-05,8
ETHUSDT,2024-12-28T16:00:00Z,9.336e-05,8
SOLUSDT,2024-12-28T16:00:00Z,-9.03e-06,8
BTCUSDT,2024-12-29T00:00:00Z,8.013e-05,8
ETHUSDT,2024-12-29T00:00:00Z,5.941e-05,8
SOLUSDT,2024-12-29T00:00:00Z,7.78e-06,8
BTCUSDT,2024-12-29T08:00:00Z,0.0001,8
ETHUSDT,2024-12-29T08:00:00Z,5.146e-05,8
SOLUSDT,2024-12-29T08:00:00Z,-2.727e-05,8
BTCUSDT,2024-12-29T16:00:00Z,0.0001,8
ETHUSDT,2024-12-29T16:00:00Z,9.485e-05,8
SOLUSDT,2024-12-29T16:00:00Z,6.14e-05,8
BTCUSDT,2024-12-30T00:00:00Z,-4.2e-07,8
ETHUSDT,2024-12-30T00:00:00Z,0.0001,8
SOLUSDT,2024-12-30T00:00:00Z,0.0001,8
BTCUSDT,2024-12-30T08:00:00Z,8.791e-05,8
ETHUSDT,2024-12-30T08:00:00Z,0.0001,8
SOLUSDT,2024-12-30T08:00:00Z,4.76e-05,8
BTCUSDT,2024-12-30T16:00:00Z,0.0001,8
ETHUSDT,2024-12-30T16:00:00Z,0.0001,8
SOLUSDT,2024-12-30T16:00:00Z,5.906e-05,8
BTCUSDT,2024-12-31T00:00:00Z,0.0001,8
ETHUSDT,2024-12-31T00:00:00Z,0.0001,8
SOLUSDT,2024-12-31T00:00:00Z,8.373e-05,8
BTCUSDT,2024-12-31T08:00:00Z,0.0001,8
ETHUSDT,2024-12-31T08:00:00Z,8.514e-05,8
SOLUSDT,2024-12-31T08:00:00Z,2.697e-05,8
BTCUSDT,2024-12-31T16:00:00Z,0.0001,8
ETHUSDT,2024-12-31T16:00:00Z,0.0001,8
SOLUSDT,2024-12-31T16:00:00Z,6.744e-05,8
BTCUSDT,2025-01-01T00:00:00Z,0.0001,8
ETHUSDT,2025-01-01T00:00:00Z,0.0001,8
SOLUSDT,2025-01-01T00:00:00Z,-5.587e-05,8
BTCUSDT,2025-01-01T08:00:00Z,0.0001,8
ETHUSDT,2025-01-01T08:00:00Z,0.0001,8
SOLUSDT,2025-01-01T08:00:00Z,-2.663e-05,8
BTCUSDT,2025-01-01T16:00:00Z,0.0001,8
ETHUSDT,2025-01-01T16:00:00Z,0.0001,8
SOLUSDT,2025-01-01T16:00:00Z,-1.487e-05,8
BTCUSDT,2025-01-02T00:00:00Z,0.0001,8
ETHUSDT,2025-01-02T00:00:00Z,0.0001,8
SOLUSDT,2025-01-02T00:00:00Z,0.0001,8
BTCUSDT,2025-01-02T08:00:00Z,0.0001,8
ETHUSDT,2025-01-02T08:00:00Z,0.0001,8
SOLUSDT,2025-01-02T08:00:00Z,0.0001,8
BTCUSDT,2025-01-02T16:00:00Z,0.0001,8
ETHUSDT,2025-01-02T16:00:00Z,0.0001,8
SOLUSDT,2025-01-02T16:00:00Z,9.337e-05,8
BTCUSDT,2025-01-03T00:00:00Z,0.0001,8
ETHUSDT,2025-01-03T00:00:00Z,0.0001,8
SOLUSDT,2025-01-03T00:00:00Z,0.0001,8
BTCUSDT,2025-01-03T08:00:00Z,0.0001,8
ETHUSDT,2025-01-03T08:00:00Z,0.0001,8
SOLUSDT,2025-01-03T08:00:00Z,-1.47e-05,8
BTCUSDT,2025-01-03T16:00:00Z,5.242e-05,8
ETHUSDT,2025-01-03T16:00:00Z,0.0001,8
SOLUSDT,2025-01-03T16:00:00Z,-7.967e-05,8
BTCUSDT,2025-01-04T00:00:00Z,7.699e-05,8
ETHUSDT,2025-01-04T00:00:00Z,0.0001,8
SOLUSDT,2025-01-04T00:00:00Z,-7.358e-05,8
BTCUSDT,2025-01-04T08:00:00Z,0.0001,8
ETHUSDT,2025-01-04T08:00:00Z,0.0001,8
SOLUSDT,2025-01-04T08:00:00Z,4.915e-05,8
BTCUSDT,2025-01-04T16:00:00Z,7.98e-06,8
ETHUSDT,2025-01-04T16:00:00Z,0.0001,8
SOLUSDT,2025-01-04T16:00:00Z,5.813e-05,8
BTCUSDT,2025-01-05T00:00:00Z,0.0001,8
ETHUSDT,2025-01-05T00:00:00Z,0.0001,8
SOLUSDT,2025-01-05T00:00:00Z,9.572e-05,8
BTCUSDT,2025-01-05T08:00:00Z,0.0001,8
ETHUSDT,2025-01-05T08:00:00Z,0.0001,8
SOLUSDT,2025-01-05T08:00:00Z,-3.098e-05,8
BTCUSDT,2025-01-05T16:00:00Z,8.32e-05,8
ETHUSDT,2025-01-05T16:00:00Z,0.0001,8
SOLUSDT,2025-01-05T16:00:00Z,0.0001,8
BTCUSDT,2025-01-06T00:00:00Z,0.0001,8
ETHUSDT,2025-01-06T00:00:00Z,0.0001,8
SOLUSDT,2025-01-06T00:00:00Z,-1.03e-06,8
BTCUSDT,2025-01-06T08:00:00Z,0.0001,8
ETHUSDT,2025-01-06T08:00:00Z,0.0001,8
SOLUSDT,2025-01-06T08:00:00Z,-1.539e-05,8
BTCUSDT,2025-01-06T16:00:00Z,0.0001,8
ETHUSDT,2025-01-06T16:00:00Z,0.0001,8
SOLUSDT,2025-01-06T16:00:00Z,5.815e-05,8
BTCUSDT,2025-01-07T00:00:00Z,0.0001,8
ETHUSDT,2025-01-07T00:00:00Z,0.0001,8
SOLUSDT,2025-01-07T00:00:00Z,-2.492e-05,8
BTCUSDT,2025-01-07T08:00:00Z,8.903e-05,8
ETHUSDT,2025-01-07T08:00:00Z,0.0001,8
SOLUSDT,2025-01-07T08:00:00Z,1.88e-05,8
BTCUSDT,2025-01-07T16:00:00Z,8.279e-05,8
ETHUSDT,2025-01-07T16:00:00Z,0.0001,8
SOLUSDT,2025-01-07T16:00:00Z,1.765e-05,8
BTCUSDT,2025-01-08T00:00:00Z,0.0001,8
ETHUSDT,2025-01-08T00:00:00Z,9.658e-05,8
SOLUSDT,2025-01-08T00:00:00Z,9.47e-06,8
BTCUSDT,2025-01-08T08:00:00Z,0.0001,8
ETHUSDT,2025-01-08T08:00:00Z,0.0001,8
SOLUSDT,2025-01-08T08:00:00Z,9.384e-05,8
BTCUSDT,2025-01-08T16:00:00Z,0.0001,8
ETHUSDT,2025-01-08T16:00:00Z,0.0001,8
SOLUSDT,2025-01-08T16:00:00Z,-2.658e-05,8
BTCUSDT,2025-01-09T00:00:00Z,0.0001,8
ETHUSDT,2025-01-09T00:00:00Z,6.609e-05,8
SOLUSDT,2025-01-09T00:00:00Z,-4.356e-05,8
BTCUSDT,2025-01-09T08:00:00Z,9.834e-05,8
ETHUSDT,2025-01-09T08:00:00Z,0.0001,8
SOLUSDT,2025-01-09T08:00:00Z,0.0001,8
BTCUSDT,2025-01-09T16:00:00Z,-5.44e-06,8
ETHUSDT,2025-01-09T16:00:00Z,0.0001,8
SOLUSDT,2025-01-09T16:00:00Z,-1.659e-05,8
BTCUSDT,2025-01-10T00:00:00Z,3.966e-05,8
ETHUSDT,2025-01-10T00:00:00Z,7.573e-05,8
SOLUSDT,2025-01-10T00:00:00Z,8.73e-06,8
BTCUSDT,2025-01-10T08:00:00Z,-1.06e-05,8
ETHUSDT,2025-01-10T08:00:00Z,6.162e-05,8
SOLUSDT,2025-01-10T08:00:00Z,-7.385e-05,8
BTCUSDT,2025-01-10T16:00:00Z,8.078e-05,8
ETHUSDT,2025-01-10T16:00:00Z,0.0001,8
SOLUSDT,2025-01-10T16:00:00Z,3.388e-05,8
BTCUSDT,2025-01-11T00:00:00Z,5.68e-05,8
ETHUSDT,2025-01-11T00:00:00Z,6.574e-05,8
SOLUSDT,2025-01-11T00:00:00Z,9.89e-06,8
BTCUSDT,2025-01-11T08:00:00Z,4.055e-05,8
ETHUSDT,2025-01-11T08:00:00Z,5.65e-05,8
SOLUSDT,2025-01-11T08:00:00Z,-3.578e-05,8
BTCUSDT,2025-01-11T16:00:00Z,2.608e-05,8
ETHUSDT,2025-01-11T16:00:00Z,0.0001,8
SOLUSDT,2025-01-11T16:00:00Z,-4.343e-05,8
BTCUSDT,2025-01-12T00:00:00Z,5.009e-05,8
ETHUSDT,2025-01-12T00:00:00Z,0.0001,8
SOLUSDT,2025-01-12T00:00:00Z,2.102e-05,8
BTCUSDT,2025-01-12T08:00:00Z,3.21e-05,8
ETHUSDT,2025-01-12T08:00:00Z,0.0001,8
SOLUSDT,2025-01-12T08:00:00Z,-4.366e-05,8
BTCUSDT,2025-01-12T16:00:00Z,6.647e-05,8
ETHUSDT,2025-01-12T16:00:00Z,8.134e-05,8
SOLUSDT,2025-01-12T16:00:00Z,3.548e-05,8
BTCUSDT,2025-01-13T00:00:00Z,5.266e-05,8
ETHUSDT,2025-01-13T00:00:00Z,0.0001,8
SOLUSDT,2025-01-13T00:00:00Z,0.0001,8
BTCUSDT,2025-01-13T08:00:00Z,6.989e-05,8
ETHUSDT,2025-01-13T08:00:00Z,9.353e-05,8
SOLUSDT,2025-01-13T08:00:00Z,2.66e-05,8
BTCUSDT,2025-01-13T16:00:00Z,8.81e-06,8
ETHUSDT,2025-01-13T16:00:00Z,3.392e-05,8
SOLUSDT,2025-01-13T16:00:00Z,8.17e-06,8
BTCUSDT,2025-01-14T00:00:00Z,0.0001,8
ETHUSDT,2025-01-14T00:00:00Z,5.423e-05,8
SOLUSDT,2025-01-14T00:00:00Z,-4.601e-05,8
BTCUSDT,2025-01-14T08:00:00Z,0.0001,8
ETHUSDT,2025-01-14T08:00:00Z,7.452e-05,8
SOLUSDT,2025-01-14T08:00:00Z,-2.434e-05,8
BTCUSDT,2025-01-14T16:00:00Z,9.496e-05,8
ETHUSDT,2025-01-14T16:00:00Z,7.652e-05,8
SOLUSDT,2025-01-14T16:00:00Z,2.374e-05,8
BTCUSDT,2025-01-15T00:00:00Z,4.989e-05,8
ETHUSDT,2025-01-15T00:00:00Z,4.503e-05,8
SOLUSDT,2025-01-15T00:00:00Z,3.357e-05,8
BTCUSDT,2025-01-15T08:00:00Z,8.795e-05,8
ETHUSDT,2025-01-15T08:00:00Z,5.924e-05,8
SOLUSDT,2025-01-15T08:00:00Z,-5.153e-05,8
BTCUSDT,2025-01-15T16:00:00Z,5.844e-05,8
ETHUSDT,2025-01-15T16:00:00Z,5.443e-05,8
SOLUSDT,2025-01-15T16:00:00Z,-2.957e-05,8
BTCUSDT,2025-01-16T00:00:00Z,7.28e-06,8
ETHUSDT,2025-01-16T00:00:00Z,0.0001,8
SOLUSDT,2025-01-16T00:00:00Z,0.0001,8
BTCUSDT,2025-01-16T08:00:00Z,7.568e-05,8
ETHUSDT,2025-01-16T08:00:00Z,8.311e-05,8
SOLUSDT,2025-01-16T08:00:00Z,0.0001,8
BTCUSDT,2025-01-16T16:00:00Z,4.598e-05,8
ETHUSDT,2025-01-16T16:00:00Z,5.275e-05,8
SOLUSDT,2025-01-16T16:00:00Z,0.0001,8
BTCUSDT,2025-01-17T00:00:00Z,4.597e-05,8
ETHUSDT,2025-01-17T00:00:00Z,0.0001,8
SOLUSDT,2025-01-17T00:00:00Z,0.0001,8
BTCUSDT,2025-01-17T08:00:00Z,9.386e-05,8
ETHUSDT,2025-01-17T08:00:00Z,0.0001,8
SOLUSDT,2025-01-17T08:00:00Z,8.22e-05,8
BTCUSDT,2025-01-17T16:00:00Z,3.432e-05,8
ETHUSDT,2025-01-17T16:00:00Z,0.0001,8
SOLUSDT,2025-01-17T16:00:00Z,0.0001,8
BTCUSDT,2025-01-18T00:00:00Z,6.707e-05,8
ETHUSDT,2025-01-18T00:00:00Z,0.0001,8
SOLUSDT,2025-01-18T00:00:00Z,0.0001,8
BTCUSDT,2025-01-18T08:00:00Z,0.0001,8
ETHUSDT,2025-01-18T08:00:00Z,0.0001,8
SOLUSDT,2025-01-18T08:00:00Z,1.883e-05,8
BTCUSDT,2025-01-18T16:00:00Z,0.0001,8
ETHUSDT,2025-01-18T16:00:00Z,0.0001,8
SOLUSDT,2025-01-18T16:00:00Z,5.671e-05,8
BTCUSDT,2025-01-19T00:00:00Z,0.0001,8
ETHUSDT,2025-01-19T00:00:00Z,0.0001,8
SOLUSDT,2025-01-19T00:00:00Z,0.0001,8
BTCUSDT,2025-01-19T08:00:00Z,0.0001,8
ETHUSDT,2025-01-19T08:00:00Z,0.0001,8
SOLUSDT,2025-01-19T08:00:00Z,9.252e-05,8
BTCUSDT,2025-01-19T16:00:00Z,0.0001,8
ETHUSDT,2025-01-19T16:00:00Z,0.0001,8
SOLUSDT,2025-01-19T16:00:00Z,5.667e-05,8
BTCUSDT,2025-01-20T00:00:00Z,0.0001,8
ETHUSDT,2025-01-20T00:00:00Z,0.0001,8
SOLUSDT,2025-01-20T00:00:00Z,-0.0007115,8
BTCUSDT,2025-01-20T08:00:00Z,0.0001,8
ETHUSDT,2025-01-20T08:00:00Z,0.0001,8
SOLUSDT,2025-01-20T08:00:00Z,-7.723e-05,8
BTCUSDT,2025-01-20T16:00:00Z,0.0001,8
ETHUSDT,2025-01-20T16:00:00Z,0.0001,8
SOLUSDT,2025-01-20T16:00:00Z,8.924e-05,8
BTCUSDT,2025-01-21T00:00:00Z,0.0001,8
ETHUSDT,2025-01-21T00:00:00Z,0.0001,8
SOLUSDT,2025-01-21T00:00:00Z,-0.00027508,8
BTCUSDT,2025-01-21T08:00:00Z,0.0001,8
ETHUSDT,2025-01-21T08:00:00Z,0.0001,8
SOLUSDT,2025-01-21T08:00:00Z,9.31e-05,8
BTCUSDT,2025-01-21T16:00:00Z,0.0001,8
ETHUSDT,2025-01-21T16:00:00Z,0.0001,8
SOLUSDT,2025-01-21T16:00:00Z,-3.008e-05,8
BTCUSDT,2025-01-22T00:00:00Z,0.0001,8
ETHUSDT,2025-01-22T00:00:00Z,0.0001,8
SOLUSDT,2025-01-22T00:00:00Z,0.0001,8
BTCUSDT,2025-01-22T08:00:00Z,0.0001,8
ETHUSDT,2025-01-22T08:00:00Z,0.0001,8
SOLUSDT,2025-01-22T08:00:00Z,-2.092e-05,8
BTCUSDT,2025-01-22T16:00:00Z,0.0001,8
ETHUSDT,2025-01-22T16:00:00Z,0.0001,8
SOLUSDT,2025-01-22T16:00:00Z,8.64e-05,8
BTCUSDT,2025-01-23T00:00:00Z,8.654e-05,8
ETHUSDT,2025-01-23T00:00:00Z,0.0001,8
SOLUSDT,2025-01-23T00:00:00Z,0.0001,8
BTCUSDT,2025-01-23T08:00:00Z,0.0001,8
ETHUSDT,2025-01-23T08:00:00Z,0.0001,8
SOLUSDT,2025-01-23T08:00:00Z,8.081e-05,8
BTCUSDT,2025-01-23T16:00:00Z,8.616e-05,8
ETHUSDT,2025-01-23T16:00:00Z,0.0001,8
SOLUSDT,2025-01-23T16:00:00Z,-7.98e-05,8
BTCUSDT,2025-01-24T00:00:00Z,3.34e-06,8
ETHUSDT,2025-01-24T00:00:00Z,0.0001,8
SOLUSDT,2025-01-24T00:00:00Z,6.903e-05,8
BTCUSDT,2025-01-24T08:00:00Z,7.537e-05,8
ETHUSDT,2025-01-24T08:00:00Z,0.0001,8
SOLUSDT,2025-01-24T08:00:00Z,9.064e-05,8
BTCUSDT,2025-01-24T16:00:00Z,9.54e-05,8
ETHUSDT,2025-01-24T16:00:00Z,0.0001,8
SOLUSDT,2025-01-24T16:00:00Z,0.0001,8
BTCUSDT,2025-01-25T00:00:00Z,5.702e-05,8
ETHUSDT,2025-01-25T00:00:00Z,6.904e-05,8
SOLUSDT,2025-01-25T00:00:00Z,-1.473e-05,8
BTCUSDT,2025-01-25T08:00:00Z,8.495e-05,8
ETHUSDT,2025-01-25T08:00:00Z,7.065e-05,8
SOLUSDT,2025-01-25T08:00:00Z,-4.82e-06,8
BTCUSDT,2025-01-25T16:00:00Z,7.782e-05,8
ETHUSDT,2025-01-25T16:00:00Z,8.41e-05,8
SOLUSDT,2025-01-25T16:00:00Z,-0.00012014,8
BTCUSDT,2025-01-26T00:00:00Z,8.363e-05,8
ETHUSDT,2025-01-26T00:00:00Z,9.663e-05,8
SOLUSDT,2025-01-26T00:00:00Z,0.0001,8
BTCUSDT,2025-01-26T08:00:00Z,0.0001,8
ETHUSDT,2025-01-26T08:00:00Z,9.725e-05,8
SOLUSDT,2025-01-26T08:00:00Z,8.407e-05,8
BTCUSDT,2025-01-26T16:00:00Z,8.443e-05,8
ETHUSDT,2025-01-26T16:00:00Z,3.849e-05,8
SOLUSDT,2025-01-26T16:00:00Z,2.626e-05,8
BTCUSDT,2025-01-27T00:00:00Z,9.084e-05,8
ETHUSDT,2025-01-27T00:00:00Z,-2.76e-06,8
SOLUSDT,2025-01-27T00:00:00Z,-3.653e-05,8
BTCUSDT,2025-01-27T08:00:00Z,3.712e-05,8
ETHUSDT,2025-01-27T08:00:00Z,3.922e-05,8
SOLUSDT,2025-01-27T08:00:00Z,5.173e-05,8
BTCUSDT,2025-01-27T16:00:00Z,9.8e-07,8
ETHUSDT,2025-01-27T16:00:00Z,3.069e-05,8
SOLUSDT,2025-01-27T16:00:00Z,-0.00018696,8
BTCUSDT,2025-01-28T00:00:00Z,0.0001,8
ETHUSDT,2025-01-28T00:00:00Z,0.0001,8
SOLUSDT,2025-01-28T00:00:00Z,7.942e-05,8
BTCUSDT,2025-01-28T08:00:00Z,3.714e-05,8
ETHUSDT,2025-01-28T08:00:00Z,4.046e-05,8
SOLUSDT,2025-01-28T08:00:00Z,-4.139e-05,8
BTCUSDT,2025-01-28T16:00:00Z,9.848e-05,8
ETHUSDT,2025-01-28T16:00:00Z,5.904e-05,8
SOLUSDT,2025-01-28T16:00:00Z,3.672e-05,8
BTCUSDT,2025-01-29T00:00:00Z,0.0001,8
ETHUSDT,2025-01-29T00:00:00Z,0.0001,8
SOLUSDT,2025-01-29T00:00:00Z,8.718e-05,8
BTCUSDT,2025-01-29T08:00:00Z,0.0001,8
ETHUSDT,2025-01-29T08:00:00Z,6.567e-05,8
SOLUSDT,2025-01-29T08:00:00Z,5.356e-05,8
BTCUSDT,2025-01-29T16:00:00Z,9.949e-05,8
ETHUSDT,2025-01-29T16:00:00Z,8.686e-05,8
SOLUSDT,2025-01-29T16:00:00Z,-1.196e-05,8
BTCUSDT,2025-01-30T00:00:00Z,7.59e-05,8
ETHUSDT,2025-01-30T00:00:00Z,2.287e-05,8
SOLUSDT,2025-01-30T00:00:00Z,1.678e-05,8
BTCUSDT,2025-01-30T08:00:00Z,0.0001,8
ETHUSDT,2025-01-30T08:00:00Z,0.0001,8
SOLUSDT,2025-01-30T08:00:00Z,0.0001,8
BTCUSDT,2025-01-30T16:00:00Z,9.499e-05,8
ETHUSDT,2025-01-30T16:00:00Z,7.055e-05,8
SOLUSDT,2025-01-30T16:00:00Z,2.727e-05,8
BTCUSDT,2025-01-31T00:00:00Z,1.225e-05,8
ETHUSDT,2025-01-31T00:00:00Z,9.386e-05,8
SOLUSDT,2025-01-31T00:00:00Z,-7.61e-06,8
BTCUSDT,2025-01-31T08:00:00Z,0.0001,8
ETHUSDT,2025-01-31T08:00:00Z,7.998e-05,8
SOLUSDT,2025-01-31T08:00:00Z,-4.97e-05,8
BTCUSDT,2025-01-31T16:00:00Z,0.0001,8
ETHUSDT,2025-01-31T16:00:00Z,0.0001,8
SOLUSDT,2025-01-31T16:00:00Z,5.524e-05,8
BTCUSDT,2025-02-01T00:00:00Z,8.098e-05,8
ETHUSDT,2025-02-01T00:00:00Z,8.432e-05,8
SOLUSDT,2025-02-01T00:00:00Z,-6.866e-05,8
BTCUSDT,2025-02-01T08:00:00Z,5.369e-05,8
ETHUSDT,2025-02-01T08:00:00Z,9.742e-05,8
SOLUSDT,2025-02-01T08:00:00Z,3.033e-05,8
BTCUSDT,2025-02-01T16:00:00Z,5.968e-05,8
ETHUSDT,2025-02-01T16:00:00Z,3.573e-05,8
SOLUSDT,2025-02-01T16:00:00Z,-5.063e-05,8
BTCUSDT,2025-02-02T00:00:00Z,5.824e-05,8
ETHUSDT,2025-02-02T00:00:00Z,7.609e-05,8
SOLUSDT,2025-02-02T00:00:00Z,-5.306e-05,8
BTCUSDT,2025-02-02T08:00:00Z,3.38e-05,8
ETHUSDT,2025-02-02T08:00:00Z,0.0001,8
SOLUSDT,2025-02-02T08:00:00Z,7.21e-06,8
BTCUSDT,2025-02-02T16:00:00Z,-8.61e-06,8
ETHUSDT,2025-02-02T16:00:00Z,2.6e-05,8
SOLUSDT,2025-02-02T16:00:00Z,2.68e-06,8
BTCUSDT,2025-02-03T00:00:00Z,0.0001,8
ETHUSDT,2025-02-03T00:00:00Z,3.237e-05,8
SOLUSDT,2025-02-03T00:00:00Z,7.72e-06,8
BTCUSDT,2025-02-03T08:00:00Z,0.0001,8
ETHUSDT,2025-02-03T08:00:00Z,-0.00016657,8
SOLUSDT,2025-02-03T08:00:00Z,-0.00012368,8
BTCUSDT,2025-02-03T16:00:00Z,4.845e-05,8
ETHUSDT,2025-02-03T16:00:00Z,-0.00025121,8
SOLUSDT,2025-02-03T16:00:00Z,-8.808e-05,8
BTCUSDT,2025-02-04T00:00:00Z,2.612e-05,8
ETHUSDT,2025-02-04T00:00:00Z,-0.00010653,8
SOLUSDT,2025-02-04T00:00:00Z,-0.00055791,8
BTCUSDT,2025-02-04T08:00:00Z,6.8e-05,8
ETHUSDT,2025-02-04T08:00:00Z,1.07e-05,8
SOLUSDT,2025-02-04T08:00:00Z,-4.35e-05,8
BTCUSDT,2025-02-04T16:00:00Z,4.138e-05,8
ETHUSDT,2025-02-04T16:00:00Z,-8.177e-05,8
SOLUSDT,2025-02-04T16:00:00Z,5.7e-05,8
BTCUSDT,2025-02-05T00:00:00Z,-4.61e-06,8
ETHUSDT,2025-02-05T00:00:00Z,-8.329e-05,8
SOLUSDT,2025-02-05T00:00:00Z,-3.571e-05,8
BTCUSDT,2025-02-05T08:00:00Z,4.774e-05,8
ETHUSDT,2025-02-05T08:00:00Z,5.754e-05,8
SOLUSDT,2025-02-05T08:00:00Z,-4.834e-05,8
BTCUSDT,2025-02-05T16:00:00Z,1.61e-05,8
ETHUSDT,2025-02-05T16:00:00Z,-2.404e-05,8
SOLUSDT,2025-02-05T16:00:00Z,-0.0001085,8
BTCUSDT,2025-02-06T00:00:00Z,2.186e-05,8
ETHUSDT,2025-02-06T00:00:00Z,4.939e-05,8
SOLUSDT,2025-02-06T00:00:00Z,-4.538e-05,8
BTCUSDT,2025-02-06T08:00:00Z,-2.38e-06,8
ETHUSDT,2025-02-06T08:00:00Z,-5.35e-06,8
SOLUSDT,2025-02-06T08:00:00Z,-1.671e-05,8
BTCUSDT,2025-02-06T16:00:00Z,5.903e-05,8
ETHUSDT,2025-02-06T16:00:00Z,-7.747e-05,8
SOLUSDT,2025-02-06T16:00:00Z,6.857e-05,8
BTCUSDT,2025-02-07T00:00:00Z,7.983e-05,8
ETHUSDT,2025-02-07T00:00:00Z,2.439e-05,8
SOLUSDT,2025-02-07T00:00:00Z,2.703e-05,8
BTCUSDT,2025-02-07T08:00:00Z,6.989e-05,8
ETHUSDT,2025-02-07T08:00:00Z,2.905e-05,8
SOLUSDT,2025-02-07T08:00:00Z,6.95e-06,8
BTCUSDT,2025-02-07T16:00:00Z,5.167e-05,8
ETHUSDT,2025-02-07T16:00:00Z,-1.197e-05,8
SOLUSDT,2025-02-07T16:00:00Z,7.27e-06,8
BTCUSDT,2025-02-08T00:00:00Z,-4.1e-05,8
ETHUSDT,2025-02-08T00:00:00Z,-1.894e-05,8
SOLUSDT,2025-02-08T00:00:00Z,-2.483e-05,8
BTCUSDT,2025-02-08T08:00:00Z,1.137e-05,8
ETHUSDT,2025-02-08T08:00:00Z,9.532e-05,8
SOLUSDT,2025-02-08T08:00:00Z,2.105e-05,8
BTCUSDT,2025-02-08T16:00:00Z,3.24e-06,8
ETHUSDT,2025-02-08T16:00:00Z,6.93e-05,8
SOLUSDT,2025-02-08T16:00:00Z,5.719e-05,8
BTCUSDT,2025-02-09T00:00:00Z,3.873e-05,8
ETHUSDT,2025-02-09T00:00:00Z,-3.64e-06,8
SOLUSDT,2025-02-09T00:00:00Z,-0.00011027,8
BTCUSDT,2025-02-09T08:00:00Z,9.6e-05,8
ETHUSDT,2025-02-09T08:00:00Z,5.479e-05,8
SOLUSDT,2025-02-09T08:00:00Z,-4.053e-05,8
BTCUSDT,2025-02-09T16:00:00Z,2.839e-05,8
ETHUSDT,2025-02-09T16:00:00Z,5.02e-05,8
SOLUSDT,2025-02-09T16:00:00Z,-0.00021227,8
BTCUSDT,2025-02-10T00:00:00Z,1.802e-05,8
ETHUSDT,2025-02-10T00:00:00Z,9.11e-06,8
SOLUSDT,2025-02-10T00:00:00Z,-0.00016119,8
BTCUSDT,2025-02-10T08:00:00Z,9.176e-05,8
ETHUSDT,2025-02-10T08:00:00Z,7.074e-05,8
SOLUSDT,2025-02-10T08:00:00Z,-2.743e-05,8
BTCUSDT,2025-02-10T16:00:00Z,7.457e-05,8
ETHUSDT,2025-02-10T16:00:00Z,5.396e-05,8
SOLUSDT,2025-02-10T16:00:00Z,-4.863e-05,8
BTCUSDT,2025-02-11T00:00:00Z,4.218e-05,8
ETHUSDT,2025-02-11T00:00:00Z,-5.72e-06,8
SOLUSDT,2025-02-11T00:00:00Z,-0.00018095,8
BTCUSDT,2025-02-11T08:00:00Z,7.09e-05,8
ETHUSDT,2025-02-11T08:00:00Z,4.26e-05,8
SOLUSDT,2025-02-11T08:00:00Z,-0.00011994,8
BTCUSDT,2025-02-11T16:00:00Z,-2.446e-05,8
ETHUSDT,2025-02-11T16:00:00Z,-1.236e-05,8
SOLUSDT,2025-02-11T16:00:00Z,-0.00027714,8
BTCUSDT,2025-02-12T00:00:00Z,1.298e-05,8
ETHUSDT,2025-02-12T00:00:00Z,6.151e-05,8
SOLUSDT,2025-02-12T00:00:00Z,-0.00022332,8
BTCUSDT,2025-02-12T08:00:00Z,4.899e-05,8
ETHUSDT,2025-02-12T08:00:00Z,3.35e-05,8
SOLUSDT,2025-02-12T08:00:00Z,1.847e-05,8
BTCUSDT,2025-02-12T16:00:00Z,4.96e-05,8
ETHUSDT,2025-02-12T16:00:00Z,8.407e-05,8
SOLUSDT,2025-02-12T16:00:00Z,7.002e-05,8
BTCUSDT,2025-02-13T00:00:00Z,0.0001,8
ETHUSDT,2025-02-13T00:00:00Z,9.54e-05,8
SOLUSDT,2025-02-13T00:00:00Z,3.627e-05,8
BTCUSDT,2025-02-13T08:00:00Z,4.117e-05,8
ETHUSDT,2025-02-13T08:00:00Z,0.0001,8
SOLUSDT,2025-02-13T08:00:00Z,-3.212e-05,8
BTCUSDT,2025-02-13T16:00:00Z,8.05e-06,8
ETHUSDT,2025-02-13T16:00:00Z,1.027e-05,8
SOLUSDT,2025-02-13T16:00:00Z,-0.00012867,8
BTCUSDT,2025-02-14T00:00:00Z,4.1e-05,8
ETHUSDT,2025-02-14T00:00:00Z,2.39e-06,8
SOLUSDT,2025-02-14T00:00:00Z,-1.559e-05,8
BTCUSDT,2025-02-14T08:00:00Z,5.51e-05,8
ETHUSDT,2025-02-14T08:00:00Z,8.242e-05,8
SOLUSDT,2025-02-14T08:00:00Z,8.32e-05,8
BTCUSDT,2025-02-14T16:00:00Z,7.093e-05,8
ETHUSDT,2025-02-14T16:00:00Z,7.834e-05,8
SOLUSDT,2025-02-14T16:00:00Z,8.466e-05,8
BTCUSDT,2025-02-15T00:00:00Z,5.5e-07,8
ETHUSDT,2025-02-15T00:00:00Z,4.385e-05,8
SOLUSDT,2025-02-15T00:00:00Z,8.582e-05,8
BTCUSDT,2025-02-15T08:00:00Z,3.297e-05,8
ETHUSDT,2025-02-15T08:00:00Z,3.822e-05,8
SOLUSDT,2025-02-15T08:00:00Z,3.121e-05,8
BTCUSDT,2025-02-15T16:00:00Z,3.735e-05,8
ETHUSDT,2025-02-15T16:00:00Z,8.44e-06,8
SOLUSDT,2025-02-15T16:00:00Z,-5.05e-05,8
BTCUSDT,2025-02-16T00:00:00Z,3.39e-05,8
ETHUSDT,2025-02-16T00:00:00Z,3.859e-05,8
SOLUSDT,2025-02-16T00:00:00Z,-5.811e-05,8
BTCUSDT,2025-02-16T08:00:00Z,1.82e-06,8
ETHUSDT,2025-02-16T08:00:00Z,5.945e-05,8
SOLUSDT,2025-02-16T08:00:00Z,-2.569e-05,8
BTCUSDT,2025-02-16T16:00:00Z,3.799e-05,8
ETHUSDT,2025-02-16T16:00:00Z,3.775e-05,8
SOLUSDT,2025-02-16T16:00:00Z,-0.00016876,8
BTCUSDT,2025-02-17T00:00:00Z,6.239e-05,8
ETHUSDT,2025-02-17T00:00:00Z,3.649e-05,8
SOLUSDT,2025-02-17T00:00:00Z,-0.00015544,8
BTCUSDT,2025-02-17T08:00:00Z,6.397e-05,8
ETHUSDT,2025-02-17T08:00:00Z,5.61e-05,8
SOLUSDT,2025-02-17T08:00:00Z,-0.00016029,8
BTCUSDT,2025-02-17T16:00:00Z,2.009e-05,8
ETHUSDT,2025-02-17T16:00:00Z,0.0001,8
SOLUSDT,2025-02-17T16:00:00Z,2.136e-05,8
BTCUSDT,2025-02-18T00:00:00Z,9.488e-05,8
ETHUSDT,2025-02-18T00:00:00Z,4.742e-05,8
SOLUSDT,2025-02-18T00:00:00Z,3.5e-05,8
BTCUSDT,2025-02-18T08:00:00Z,0.0001,8
ETHUSDT,2025-02-18T08:00:00Z,-1.595e-05,8
SOLUSDT,2025-02-18T08:00:00Z,3.939e-05,8
BTCUSDT,2025-02-18T16:00:00Z,0.0001,8
ETHUSDT,2025-02-18T16:00:00Z,5.441e-05,8
SOLUSDT,2025-02-18T16:00:00Z,7.053e-05,8
BTCUSDT,2025-02-19T00:00:00Z,7.007e-05,8
ETHUSDT,2025-02-19T00:00:00Z,4.964e-05,8
SOLUSDT,2025-02-19T00:00:00Z,-1.072e-05,8
BTCUSDT,2025-02-19T08:00:00Z,7.779e-05,8
ETHUSDT,2025-02-19T08:00:00Z,7.273e-05,8
SOLUSDT,2025-02-19T08:00:00Z,3.53e-06,8
BTCUSDT,2025-02-19T16:00:00Z,8.96e-05,8
ETHUSDT,2025-02-19T16:00:00Z,3.185e-05,8
SOLUSDT,2025-02-19T16:00:00Z,-3.859e-05,8
BTCUSDT,2025-02-20T00:00:00Z,2.42e-05,8
ETHUSDT,2025-02-20T00:00:00Z,-2.07e-06,8
SOLUSDT,2025-02-20T00:00:00Z,-6.024e-05,8
BTCUSDT,2025-02-20T08:00:00Z,3.269e-05,8
ETHUSDT,2025-02-20T08:00:00Z,5.629e-05,8
SOLUSDT,2025-02-20T08:00:00Z,1.172e-05,8
BTCUSDT,2025-02-20T16:00:00Z,7.346e-05,8
ETHUSDT,2025-02-20T16:00:00Z,6.405e-05,8
SOLUSDT,2025-02-20T16:00:00Z,-2.991e-05,8
BTCUSDT,2025-02-21T00:00:00Z,1.23e-06,8
ETHUSDT,2025-02-21T00:00:00Z,3.574e-05,8
SOLUSDT,2025-02-21T00:00:00Z,7.497e-05,8
BTCUSDT,2025-02-21T08:00:00Z,2.286e-05,8
ETHUSDT,2025-02-21T08:00:00Z,6.624e-05,8
SOLUSDT,2025-02-21T08:00:00Z,1.692e-05,8
BTCUSDT,2025-02-21T16:00:00Z,-9.7e-07,8
ETHUSDT,2025-02-21T16:00:00Z,4.228e-05,8
SOLUSDT,2025-02-21T16:00:00Z,-4.765e-05,8
BTCUSDT,2025-02-22T00:00:00Z,0.0001,8
ETHUSDT,2025-02-22T00:00:00Z,3.254e-05,8
SOLUSDT,2025-02-22T00:00:00Z,-0.00011947,8
BTCUSDT,2025-02-22T08:00:00Z,6.466e-05,8
ETHUSDT,2025-02-22T08:00:00Z,-1.427e-05,8
SOLUSDT,2025-02-22T08:00:00Z,-6.714e-05,8
BTCUSDT,2025-02-22T16:00:00Z,2.318e-05,8
ETHUSDT,2025-02-22T16:00:00Z,3.41e-05,8
SOLUSDT,2025-02-22T16:00:00Z,-6.107e-05,8
BTCUSDT,2025-02-23T00:00:00Z,4.112e-05,8
ETHUSDT,2025-02-23T00:00:00Z,9.726e-05,8
SOLUSDT,2025-02-23T00:00:00Z,9.111e-05,8
BTCUSDT,2025-02-23T08:00:00Z,3.14e-05,8
ETHUSDT,2025-02-23T08:00:00Z,3.796e-05,8
SOLUSDT,2025-02-23T08:00:00Z,7.31e-05,8
BTCUSDT,2025-02-23T16:00:00Z,1.478e-05,8
ETHUSDT,2025-02-23T16:00:00Z,2.13e-06,8
SOLUSDT,2025-02-23T16:00:00Z,-5.162e-05,8
BTCUSDT,2025-02-24T00:00:00Z,-2.97e-05,8
ETHUSDT,2025-02-24T00:00:00Z,7.127e-05,8
SOLUSDT,2025-02-24T00:00:00Z,-6.07e-05,8
BTCUSDT,2025-02-24T08:00:00Z,6.881e-05,8
ETHUSDT,2025-02-24T08:00:00Z,9.24e-06,8
SOLUSDT,2025-02-24T08:00:00Z,-6.256e-05,8
BTCUSDT,2025-02-24T16:00:00Z,2.05e-05,8
ETHUSDT,2025-02-24T16:00:00Z,3.082e-05,8
SOLUSDT,2025-02-24T16:00:00Z,6.005e-05,8
BTCUSDT,2025-02-25T00:00:00Z,0.0001,8
ETHUSDT,2025-02-25T00:00:00Z,-3.589e-05,8
SOLUSDT,2025-02-25T00:00:00Z,2.735e-05,8
BTCUSDT,2025-02-25T08:00:00Z,5.245e-05,8
ETHUSDT,2025-02-25T08:00:00Z,4.71e-06,8
SOLUSDT,2025-02-25T08:00:00Z,3.295e-05,8
BTCUSDT,2025-02-25T16:00:00Z,1.385e-05,8
ETHUSDT,2025-02-25T16:00:00Z,2.913e-05,8
SOLUSDT,2025-02-25T16:00:00Z,-5.354e-05,8
BTCUSDT,2025-02-26T00:00:00Z,3.521e-05,8
ETHUSDT,2025-02-26T00:00:00Z,1.86e-05,8
SOLUSDT,2025-02-26T00:00:00Z,-0.00010562,8
BTCUSDT,2025-02-26T08:00:00Z,6.005e-05,8
ETHUSDT,2025-02-26T08:00:00Z,6.103e-05,8
SOLUSDT,2025-02-26T08:00:00Z,2.46e-05,8
BTCUSDT,2025-02-26T16:00:00Z,0.0001,8
ETHUSDT,2025-02-26T16:00:00Z,3.433e-05,8
SOLUSDT,2025-02-26T16:00:00Z,3.131e-05,8
BTCUSDT,2025-02-27T00:00:00Z,9.305e-05,8
ETHUSDT,2025-02-27T00:00:00Z,8.515e-05,8
SOLUSDT,2025-02-27T00:00:00Z,7.728e-05,8
BTCUSDT,2025-02-27T08:00:00Z,-6.17e-06,8
ETHUSDT,2025-02-27T08:00:00Z,0.0001,8
SOLUSDT,2025-02-27T08:00:00Z,2.605e-05,8
BTCUSDT,2025-02-27T16:00:00Z,9.433e-05,8
ETHUSDT,2025-02-27T16:00:00Z,5.027e-05,8
SOLUSDT,2025-02-27T16:00:00Z,0.0001,8
BTCUSDT,2025-02-28T00:00:00Z,9.444e-05,8
ETHUSDT,2025-02-28T00:00:00Z,4.097e-05,8
SOLUSDT,2025-02-28T00:00:00Z,0.0001,8
BTCUSDT,2025-02-28T08:00:00Z,9.521e-05,8
ETHUSDT,2025-02-28T08:00:00Z,1.219e-05,8
SOLUSDT,2025-02-28T08:00:00Z,0.0001,8
BTCUSDT,2025-02-28T16:00:00Z,-3.73e-06,8
ETHUSDT,2025-02-28T16:00:00Z,1.248e-05,8
SOLUSDT,2025-02-28T16:00:00Z,0.0001,8
BTCUSDT,2025-03-01T00:00:00Z,-1.4e-07,8
ETHUSDT,2025-03-01T00:00:00Z,4.855e-05,8
SOLUSDT,2025-03-01T00:00:00Z,0.0001,8
BTCUSDT,2025-03-01T08:00:00Z,-6.108e-05,8
ETHUSDT,2025-03-01T08:00:00Z,-1.061e-05,8
SOLUSDT,2025-03-01T08:00:00Z,8.741e-05,8
BTCUSDT,2025-03-01T16:00:00Z,-8.58e-06,8
ETHUSDT,2025-03-01T16:00:00Z,-9.31e-06,8
SOLUSDT,2025-03-01T16:00:00Z,7.852e-05,8
BTCUSDT,2025-03-02T00:00:00Z,-1.094e-05,8
ETHUSDT,2025-03-02T00:00:00Z,3.173e-05,8
SOLUSDT,2025-03-02T00:00:00Z,-8.161e-05,8
BTCUSDT,2025-03-02T08:00:00Z,-2.783e-05,8
ETHUSDT,2025-03-02T08:00:00Z,6.221e-05,8
SOLUSDT,2025-03-02T08:00:00Z,9.93e-05,8
BTCUSDT,2025-03-02T16:00:00Z,-2.869e-05,8
ETHUSDT,2025-03-02T16:00:00Z,6.102e-05,8
SOLUSDT,2025-03-02T16:00:00Z,7.81e-05,8
BTCUSDT,2025-03-03T00:00:00Z,-5.518e-05,8
ETHUSDT,2025-03-03T00:00:00Z,-7.88e-06,8
SOLUSDT,2025-03-03T00:00:00Z,-3.892e-05,8
BTCUSDT,2025-03-03T08:00:00Z,7.91e-06,8
ETHUSDT,2025-03-03T08:00:00Z,3.061e-05,8
SOLUSDT,2025-03-03T08:00:00Z,6.535e-05,8
BTCUSDT,2025-03-03T16:00:00Z,5.272e-05,8
ETHUSDT,2025-03-03T16:00:00Z,6.25e-06,8
SOLUSDT,2025-03-03T16:00:00Z,-8.506e-05,8
BTCUSDT,2025-03-04T00:00:00Z,-1.526e-05,8
ETHUSDT,2025-03-04T00:00:00Z,-4.308e-05,8
SOLUSDT,2025-03-04T00:00:00Z,-7.114e-05,8
BTCUSDT,2025-03-04T08:00:00Z,-2.7e-06,8
ETHUSDT,2025-03-04T08:00:00Z,-3.762e-05,8
SOLUSDT,2025-03-04T08:00:00Z,-8.372e-05,8
BTCUSDT,2025-03-04T16:00:00Z,1.306e-05,8
ETHUSDT,2025-03-04T16:00:00Z,2.04e-06,8
SOLUSDT,2025-03-04T16:00:00Z,3.869e-05,8
BTCUSDT,2025-03-05T00:00:00Z,4.113e-05,8
ETHUSDT,2025-03-05T00:00:00Z,6.417e-05,8
SOLUSDT,2025-03-05T00:00:00Z,-0.00014911,8
BTCUSDT,2025-03-05T08:00:00Z,2.722e-05,8
ETHUSDT,2025-03-05T08:00:00Z,7.146e-05,8
SOLUSDT,2025-03-05T08:00:00Z,2.866e-05,8
BTCUSDT,2025-03-05T16:00:00Z,5.028e-05,8
ETHUSDT,2025-03-05T16:00:00Z,2.539e-05,8
SOLUSDT,2025-03-05T16:00:00Z,-6.413e-05,8
BTCUSDT,2025-03-06T00:00:00Z,3.538e-05,8
ETHUSDT,2025-03-06T00:00:00Z,-1.037e-05,8
SOLUSDT,2025-03-06T00:00:00Z,-0.00011916,8
BTCUSDT,2025-03-06T08:00:00Z,6.413e-05,8
ETHUSDT,2025-03-06T08:00:00Z,1.125e-05,8
SOLUSDT,2025-03-06T08:00:00Z,-1.489e-05,8
BTCUSDT,2025-03-06T16:00:00Z,6.818e-05,8
ETHUSDT,2025-03-06T16:00:00Z,2.685e-05,8
SOLUSDT,2025-03-06T16:00:00Z,-3.599e-05,8
BTCUSDT,2025-03-07T00:00:00Z,-6.12e-06,8
ETHUSDT,2025-03-07T00:00:00Z,-2.474e-05,8
SOLUSDT,2025-03-07T00:00:00Z,-0.00011194,8
BTCUSDT,2025-03-07T08:00:00Z,-1.539e-05,8
ETHUSDT,2025-03-07T08:00:00Z,2.874e-05,8
SOLUSDT,2025-03-07T08:00:00Z,-8.351e-05,8
BTCUSDT,2025-03-07T16:00:00Z,2.028e-05,8
ETHUSDT,2025-03-07T16:00:00Z,5.628e-05,8
SOLUSDT,2025-03-07T16:00:00Z,4.709e-05,8
BTCUSDT,2025-03-08T00:00:00Z,5.328e-05,8
ETHUSDT,2025-03-08T00:00:00Z,3.124e-05,8
SOLUSDT,2025-03-08T00:00:00Z,6.15e-05,8
BTCUSDT,2025-03-08T08:00:00Z,3.73e-06,8
ETHUSDT,2025-03-08T08:00:00Z,3.76e-05,8
SOLUSDT,2025-03-08T08:00:00Z,-3.422e-05,8
BTCUSDT,2025-03-08T16:00:00Z,1.208e-05,8
ETHUSDT,2025-03-08T16:00:00Z,6.837e-05,8
SOLUSDT,2025-03-08T16:00:00Z,-6.242e-05,8
BTCUSDT,2025-03-09T00:00:00Z,-2.779e-05,8
ETHUSDT,2025-03-09T00:00:00Z,6.871e-05,8
SOLUSDT,2025-03-09T00:00:00Z,-0.00010535,8
BTCUSDT,2025-03-09T08:00:00Z,3.218e-05,8
ETHUSDT,2025-03-09T08:00:00Z,3.637e-05,8
SOLUSDT,2025-03-09T08:00:00Z,5.62e-06,8
BTCUSDT,2025-03-09T16:00:00Z,0.0001,8
ETHUSDT,2025-03-09T16:00:00Z,-1.3e-07,8
SOLUSDT,2025-03-09T16:00:00Z,6.936e-05,8
BTCUSDT,2025-03-10T00:00:00Z,3.952e-05,8
ETHUSDT,2025-03-10T00:00:00Z,-4.249e-05,8
SOLUSDT,2025-03-10T00:00:00Z,-5.692e-05,8
BTCUSDT,2025-03-10T08:00:00Z,1.344e-05,8
ETHUSDT,2025-03-10T08:00:00Z,2.575e-05,8
SOLUSDT,2025-03-10T08:00:00Z,-0.00010237,8
BTCUSDT,2025-03-10T16:00:00Z,4.037e-05,8
ETHUSDT,2025-03-10T16:00:00Z,3.433e-05,8
SOLUSDT,2025-03-10T16:00:00Z,-9.844e-05,8
BTCUSDT,2025-03-11T00:00:00Z,4.705e-05,8
ETHUSDT,2025-03-11T00:00:00Z,-4.045e-05,8
SOLUSDT,2025-03-11T00:00:00Z,-0.00011653,8
BTCUSDT,2025-03-11T08:00:00Z,3.26e-05,8
ETHUSDT,2025-03-11T08:00:00Z,2.173e-05,8
SOLUSDT,2025-03-11T08:00:00Z,9.198e-05,8
BTCUSDT,2025-03-11T16:00:00Z,8.746e-05,8
ETHUSDT,2025-03-11T16:00:00Z,7.553e-05,8
SOLUSDT,2025-03-11T16:00:00Z,8.681e-05,8
BTCUSDT,2025-03-12T00:00:00Z,5.76e-06,8
ETHUSDT,2025-03-12T00:00:00Z,1.672e-05,8
SOLUSDT,2025-03-12T00:00:00Z,-7.98e-06,8
BTCUSDT,2025-03-12T08:00:00Z,5.815e-05,8
ETHUSDT,2025-03-12T08:00:00Z,1.107e-05,8
SOLUSDT,2025-03-12T08:00:00Z,3.25e-06,8
BTCUSDT,2025-03-12T16:00:00Z,4.013e-05,8
ETHUSDT,2025-03-12T16:00:00Z,-3.413e-05,8
SOLUSDT,2025-03-12T16:00:00Z,-3.859e-05,8
BTCUSDT,2025-03-13T00:00:00Z,4.3e-06,8
ETHUSDT,2025-03-13T00:00:00Z,2.931e-05,8
SOLUSDT,2025-03-13T00:00:00Z,1.189e-05,8
BTCUSDT,2025-03-13T08:00:00Z,2.069e-05,8
ETHUSDT,2025-03-13T08:00:00Z,-5e-08,8
SOLUSDT,2025-03-13T08:00:00Z,-7.287e-05,8
BTCUSDT,2025-03-13T16:00:00Z,3.19e-05,8
ETHUSDT,2025-03-13T16:00:00Z,4.218e-05,8
SOLUSDT,2025-03-13T16:00:00Z,7.399e-05,8
BTCUSDT,2025-03-14T00:00:00Z,5.386e-05,8
ETHUSDT,2025-03-14T00:00:00Z,2.744e-05,8
SOLUSDT,2025-03-14T00:00:00Z,3.347e-05,8
BTCUSDT,2025-03-14T08:00:00Z,5.331e-05,8
ETHUSDT,2025-03-14T08:00:00Z,7.681e-05,8
SOLUSDT,2025-03-14T08:00:00Z,0.0001,8
BTCUSDT,2025-03-14T16:00:00Z,3.57e-06,8
ETHUSDT,2025-03-14T16:00:00Z,5.537e-05,8
SOLUSDT,2025-03-14T16:00:00Z,9.595e-05,8
BTCUSDT,2025-03-15T00:00:00Z,-6.035e-05,8
ETHUSDT,2025-03-15T00:00:00Z,2.924e-05,8
SOLUSDT,2025-03-15T00:00:00Z,0.0001,8
BTCUSDT,2025-03-15T08:00:00Z,-2.389e-05,8
ETHUSDT,2025-03-15T08:00:00Z,5.445e-05,8
SOLUSDT,2025-03-15T08:00:00Z,7.299e-05,8
BTCUSDT,2025-03-15T16:00:00Z,-3.21e-06,8
ETHUSDT,2025-03-15T16:00:00Z,1.25e-05,8
SOLUSDT,2025-03-15T16:00:00Z,-2.397e-05,8
BTCUSDT,2025-03-16T00:00:00Z,4.32e-06,8
ETHUSDT,2025-03-16T00:00:00Z,-3.041e-05,8
SOLUSDT,2025-03-16T00:00:00Z,3.93e-06,8
BTCUSDT,2025-03-16T08:00:00Z,4.236e-05,8
ETHUSDT,2025-03-16T08:00:00Z,-2.357e-05,8
SOLUSDT,2025-03-16T08:00:00Z,5.58e-05,8
BTCUSDT,2025-03-16T16:00:00Z,1.247e-05,8
ETHUSDT,2025-03-16T16:00:00Z,-2.967e-05,8
SOLUSDT,2025-03-16T16:00:00Z,-3.228e-05,8
BTCUSDT,2025-03-17T00:00:00Z,1.065e-05,8
ETHUSDT,2025-03-17T00:00:00Z,2.057e-05,8
SOLUSDT,2025-03-17T00:00:00Z,-8.027e-05,8
BTCUSDT,2025-03-17T08:00:00Z,8.474e-05,8
ETHUSDT,2025-03-17T08:00:00Z,5.669e-05,8
SOLUSDT,2025-03-17T08:00:00Z,-5.403e-05,8
BTCUSDT,2025-03-17T16:00:00Z,8.59e-06,8
ETHUSDT,2025-03-17T16:00:00Z,3.697e-05,8
SOLUSDT,2025-03-17T16:00:00Z,-3.998e-05,8
BTCUSDT,2025-03-18T00:00:00Z,7.03e-06,8
ETHUSDT,2025-03-18T00:00:00Z,5.319e-05,8
SOLUSDT,2025-03-18T00:00:00Z,-6.365e-05,8
BTCUSDT,2025-03-18T08:00:00Z,2.059e-05,8
ETHUSDT,2025-03-18T08:00:00Z,4.099e-05,8
SOLUSDT,2025-03-18T08:00:00Z,-8.081e-05,8
BTCUSDT,2025-03-18T16:00:00Z,3.514e-05,8
ETHUSDT,2025-03-18T16:00:00Z,1.465e-05,8
SOLUSDT,2025-03-18T16:00:00Z,-2.71e-05,8
BTCUSDT,2025-03-19T00:00:00Z,2e-06,8
ETHUSDT,2025-03-19T00:00:00Z,5.983e-05,8
SOLUSDT,2025-03-19T00:00:00Z,-6.788e-05,8
BTCUSDT,2025-03-19T08:00:00Z,5.961e-05,8
ETHUSDT,2025-03-19T08:00:00Z,8.986e-05,8
SOLUSDT,2025-03-19T08:00:00Z,7.274e-05,8
BTCUSDT,2025-03-19T16:00:00Z,5.024e-05,8
ETHUSDT,2025-03-19T16:00:00Z,6.676e-05,8
SOLUSDT,2025-03-19T16:00:00Z,0.0001,8
BTCUSDT,2025-03-20T00:00:00Z,1.944e-05,8
ETHUSDT,2025-03-20T00:00:00Z,-1.704e-05,8
SOLUSDT,2025-03-20T00:00:00Z,0.0001,8
BTCUSDT,2025-03-20T08:00:00Z,3.79e-05,8
ETHUSDT,2025-03-20T08:00:00Z,1.553e-05,8
SOLUSDT,2025-03-20T08:00:00Z,0.0001,8
BTCUSDT,2025-03-20T16:00:00Z,1.086e-05,8
ETHUSDT,2025-03-20T16:00:00Z,-8.57e-06,8
SOLUSDT,2025-03-20T16:00:00Z,-1.871e-05,8
BTCUSDT,2025-03-21T00:00:00Z,1.615e-05,8
ETHUSDT,2025-03-21T00:00:00Z,5.235e-05,8
SOLUSDT,2025-03-21T00:00:00Z,-3.932e-05,8
BTCUSDT,2025-03-21T08:00:00Z,5.324e-05,8
ETHUSDT,2025-03-21T08:00:00Z,6.749e-05,8
SOLUSDT,2025-03-21T08:00:00Z,-1.407e-05,8
BTCUSDT,2025-03-21T16:00:00Z,2.518e-05,8
ETHUSDT,2025-03-21T16:00:00Z,2.613e-05,8
SOLUSDT,2025-03-21T16:00:00Z,-3.604e-05,8
BTCUSDT,2025-03-22T00:00:00Z,2.836e-05,8
ETHUSDT,2025-03-22T00:00:00Z,-1.402e-05,8
SOLUSDT,2025-03-22T00:00:00Z,-3.723e-05,8
BTCUSDT,2025-03-22T08:00:00Z,-1.77e-05,8
ETHUSDT,2025-03-22T08:00:00Z,-2.617e-05,8
SOLUSDT,2025-03-22T08:00:00Z,-2.882e-05,8
BTCUSDT,2025-03-22T16:00:00Z,5.092e-05,8
ETHUSDT,2025-03-22T16:00:00Z,2.587e-05,8
SOLUSDT,2025-03-22T16:00:00Z,-8.49e-06,8
BTCUSDT,2025-03-23T00:00:00Z,2.099e-05,8
ETHUSDT,2025-03-23T00:00:00Z,1.553e-05,8
SOLUSDT,2025-03-23T00:00:00Z,-6.482e-05,8
BTCUSDT,2025-03-23T08:00:00Z,-1.84e-06,8
ETHUSDT,2025-03-23T08:00:00Z,6.053e-05,8
SOLUSDT,2025-03-23T08:00:00Z,2.642e-05,8
BTCUSDT,2025-03-23T16:00:00Z,4.02e-05,8
ETHUSDT,2025-03-23T16:00:00Z,-3.36e-06,8
SOLUSDT,2025-03-23T16:00:00Z,5.551e-05,8
BTCUSDT,2025-03-24T00:00:00Z,2.039e-05,8
ETHUSDT,2025-03-24T00:00:00Z,-1.29e-05,8
SOLUSDT,2025-03-24T00:00:00Z,-2.538e-05,8
BTCUSDT,2025-03-24T08:00:00Z,5.512e-05,8
ETHUSDT,2025-03-24T08:00:00Z,9.456e-05,8
SOLUSDT,2025-03-24T08:00:00Z,0.0001,8
BTCUSDT,2025-03-24T16:00:00Z,-3.422e-05,8
ETHUSDT,2025-03-24T16:00:00Z,3.069e-05,8
SOLUSDT,2025-03-24T16:00:00Z,5.301e-05,8
BTCUSDT,2025-03-25T00:00:00Z,-2.47e-06,8
ETHUSDT,2025-03-25T00:00:00Z,6.736e-05,8
SOLUSDT,2025-03-25T00:00:00Z,0.0001,8
BTCUSDT,2025-03-25T08:00:00Z,1.15e-05,8
ETHUSDT,2025-03-25T08:00:00Z,1.456e-05,8
SOLUSDT,2025-03-25T08:00:00Z,1.127e-05,8
BTCUSDT,2025-03-25T16:00:00Z,-3.776e-05,8
ETHUSDT,2025-03-25T16:00:00Z,-4.75e-06,8
SOLUSDT,2025-03-25T16:00:00Z,1.713e-05,8
BTCUSDT,2025-03-26T00:00:00Z,-2.99e-05,8
ETHUSDT,2025-03-26T00:00:00Z,2.976e-05,8
SOLUSDT,2025-03-26T00:00:00Z,6.16e-06,8
BTCUSDT,2025-03-26T08:00:00Z,1.659e-05,8
ETHUSDT,2025-03-26T08:00:00Z,1.074e-05,8
SOLUSDT,2025-03-26T08:00:00Z,-4.441e-05,8
BTCUSDT,2025-03-26T16:00:00Z,-3.082e-05,8
ETHUSDT,2025-03-26T16:00:00Z,-2.235e-05,8
SOLUSDT,2025-03-26T16:00:00Z,-0.00012817,8
BTCUSDT,2025-03-27T00:00:00Z,3.136e-05,8
ETHUSDT,2025-03-27T00:00:00Z,4.542e-05,8
SOLUSDT,2025-03-27T00:00:00Z,-0.00013711,8
BTCUSDT,2025-03-27T08:00:00Z,5.512e-05,8
ETHUSDT,2025-03-27T08:00:00Z,7.427e-05,8
SOLUSDT,2025-03-27T08:00:00Z,-5.633e-05,8
BTCUSDT,2025-03-27T16:00:00Z,-3.76e-05,8
ETHUSDT,2025-03-27T16:00:00Z,3.127e-05,8
SOLUSDT,2025-03-27T16:00:00Z,-2.555e-05,8
BTCUSDT,2025-03-28T00:00:00Z,1.584e-05,8
ETHUSDT,2025-03-28T00:00:00Z,6.551e-05,8
SOLUSDT,2025-03-28T00:00:00Z,-3.227e-05,8
BTCUSDT,2025-03-28T08:00:00Z,-4.57e-06,8
ETHUSDT,2025-03-28T08:00:00Z,-2.896e-05,8
SOLUSDT,2025-03-28T08:00:00Z,-0.00010137,8
BTCUSDT,2025-03-28T16:00:00Z,8.118e-05,8
ETHUSDT,2025-03-28T16:00:00Z,-1.109e-05,8
SOLUSDT,2025-03-28T16:00:00Z,-9.351e-05,8
BTCUSDT,2025-03-29T00:00:00Z,5.364e-05,8
ETHUSDT,2025-03-29T00:00:00Z,3.56e-06,8
SOLUSDT,2025-03-29T00:00:00Z,-4.899e-05,8
BTCUSDT,2025-03-29T08:00:00Z,8.214e-05,8
ETHUSDT,2025-03-29T08:00:00Z,4.498e-05,8
SOLUSDT,2025-03-29T08:00:00Z,2.251e-05,8
BTCUSDT,2025-03-29T16:00:00Z,2.53e-05,8
ETHUSDT,2025-03-29T16:00:00Z,3.469e-05,8
SOLUSDT,2025-03-29T16:00:00Z,-8.909e-05,8
BTCUSDT,2025-03-30T00:00:00Z,3.41e-06,8
ETHUSDT,2025-03-30T00:00:00Z,-1.072e-05,8
SOLUSDT,2025-03-30T00:00:00Z,-0.00025778,8
BTCUSDT,2025-03-30T08:00:00Z,4.27e-06,8
ETHUSDT,2025-03-30T08:00:00Z,-1.999e-05,8
SOLUSDT,2025-03-30T08:00:00Z,-0.00040116,8
BTCUSDT,2025-03-30T16:00:00Z,4.588e-05,8
ETHUSDT,2025-03-30T16:00:00Z,1.191e-05,8
SOLUSDT,2025-03-30T16:00:00Z,-0.00018023,8
BTCUSDT,2025-03-31T00:00:00Z,2.643e-05,8
ETHUSDT,2025-03-31T00:00:00Z,-3.26e-06,8
SOLUSDT,2025-03-31T00:00:00Z,-0.0002337,8
BTCUSDT,2025-03-31T08:00:00Z,6.02e-05,8
ETHUSDT,2025-03-31T08:00:00Z,2.663e-05,8
SOLUSDT,2025-03-31T08:00:00Z,-7.84e-06,8
BTCUSDT,2025-03-31T16:00:00Z,1.845e-05,8
ETHUSDT,2025-03-31T16:00:00Z,2.009e-05,8
SOLUSDT,2025-03-31T16:00:00Z,-4.24e-06,8
BTCUSDT,2025-04-01T00:00:00Z,3.961e-05,8
ETHUSDT,2025-04-01T00:00:00Z,-6.52e-06,8
SOLUSDT,2025-04-01T00:00:00Z,-9.179e-05,8
BTCUSDT,2025-04-01T08:00:00Z,2.889e-05,8
ETHUSDT,2025-04-01T08:00:00Z,2.877e-05,8
SOLUSDT,2025-04-01T08:00:00Z,-5.66e-06,8
BTCUSDT,2025-04-01T16:00:00Z,3.573e-05,8
ETHUSDT,2025-04-01T16:00:00Z,3.314e-05,8
SOLUSDT,2025-04-01T16:00:00Z,-5.281e-05,8
BTCUSDT,2025-04-02T00:00:00Z,-2.112e-05,8
ETHUSDT,2025-04-02T00:00:00Z,3.676e-05,8
SOLUSDT,2025-04-02T00:00:00Z,-6.427e-05,8
BTCUSDT,2025-04-02T08:00:00Z,3.036e-05,8
ETHUSDT,2025-04-02T08:00:00Z,-4.5e-07,8
SOLUSDT,2025-04-02T08:00:00Z,-0.00013428,8
BTCUSDT,2025-04-02T16:00:00Z,7.33e-06,8
ETHUSDT,2025-04-02T16:00:00Z,4.262e-05,8
SOLUSDT,2025-04-02T16:00:00Z,4.319e-05,8
BTCUSDT,2025-04-03T00:00:00Z,5.862e-05,8
ETHUSDT,2025-04-03T00:00:00Z,-6.39e-06,8
SOLUSDT,2025-04-03T00:00:00Z,-7.645e-05,8
BTCUSDT,2025-04-03T08:00:00Z,5.038e-05,8
ETHUSDT,2025-04-03T08:00:00Z,6.39e-05,8
SOLUSDT,2025-04-03T08:00:00Z,-7.305e-05,8
BTCUSDT,2025-04-03T16:00:00Z,6.484e-05,8
ETHUSDT,2025-04-03T16:00:00Z,-6.15e-06,8
SOLUSDT,2025-04-03T16:00:00Z,-0.00011099,8
BTCUSDT,2025-04-04T00:00:00Z,4.283e-05,8
ETHUSDT,2025-04-04T00:00:00Z,6.701e-05,8
SOLUSDT,2025-04-04T00:00:00Z,-0.00033632,8
BTCUSDT,2025-04-04T08:00:00Z,4.736e-05,8
ETHUSDT,2025-04-04T08:00:00Z,-2.093e-05,8
SOLUSDT,2025-04-04T08:00:00Z,-1.52e-06,8
BTCUSDT,2025-04-04T16:00:00Z,8.038e-05,8
ETHUSDT,2025-04-04T16:00:00Z,3.78e-05,8
SOLUSDT,2025-04-04T16:00:00Z,5.6e-06,8
BTCUSDT,2025-04-05T00:00:00Z,8.559e-05,8
ETHUSDT,2025-04-05T00:00:00Z,2.181e-05,8
SOLUSDT,2025-04-05T00:00:00Z,4.038e-05,8
BTCUSDT,2025-04-05T08:00:00Z,7.437e-05,8
ETHUSDT,2025-04-05T08:00:00Z,5.939e-05,8
SOLUSDT,2025-04-05T08:00:00Z,9.687e-05,8
BTCUSDT,2025-04-05T16:00:00Z,4.08e-06,8
ETHUSDT,2025-04-05T16:00:00Z,-7.82e-06,8
SOLUSDT,2025-04-05T16:00:00Z,2.06e-05,8
BTCUSDT,2025-04-06T00:00:00Z,2.21e-06,8
ETHUSDT,2025-04-06T00:00:00Z,2.389e-05,8
SOLUSDT,2025-04-06T00:00:00Z,-5.619e-05,8
BTCUSDT,2025-04-06T08:00:00Z,5.363e-05,8
ETHUSDT,2025-04-06T08:00:00Z,5.41e-05,8
SOLUSDT,2025-04-06T08:00:00Z,0.0001,8
BTCUSDT,2025-04-06T16:00:00Z,-6.03e-06,8
ETHUSDT,2025-04-06T16:00:00Z,-2.372e-05,8
SOLUSDT,2025-04-06T16:00:00Z,-5.463e-05,8
BTCUSDT,2025-04-07T00:00:00Z,4.946e-05,8
ETHUSDT,2025-04-07T00:00:00Z,-3.784e-05,8
SOLUSDT,2025-04-07T00:00:00Z,-5.72e-06,8
BTCUSDT,2025-04-07T08:00:00Z,6.857e-05,8
ETHUSDT,2025-04-07T08:00:00Z,-9.65e-06,8
SOLUSDT,2025-04-07T08:00:00Z,3.966e-05,8
BTCUSDT,2025-04-07T16:00:00Z,4.998e-05,8
ETHUSDT,2025-04-07T16:00:00Z,-3.451e-05,8
SOLUSDT,2025-04-07T16:00:00Z,-5.584e-05,8
BTCUSDT,2025-04-08T00:00:00Z,4.074e-05,8
ETHUSDT,2025-04-08T00:00:00Z,-4.38e-06,8
SOLUSDT,2025-04-08T00:00:00Z,-0.00011753,8
BTCUSDT,2025-04-08T08:00:00Z,3.575e-05,8
ETHUSDT,2025-04-08T08:00:00Z,1.155e-05,8
SOLUSDT,2025-04-08T08:00:00Z,-4.472e-05,8
BTCUSDT,2025-04-08T16:00:00Z,3.134e-05,8
ETHUSDT,2025-04-08T16:00:00Z,-1.429e-05,8
SOLUSDT,2025-04-08T16:00:00Z,-0.00023327,8
BTCUSDT,2025-04-09T00:00:00Z,9.568e-05,8
ETHUSDT,2025-04-09T00:00:00Z,-4.82e-05,8
SOLUSDT,2025-04-09T00:00:00Z,-8.09e-05,8
BTCUSDT,2025-04-09T08:00:00Z,-2.252e-05,8
ETHUSDT,2025-04-09T08:00:00Z,-6.596e-05,8
SOLUSDT,2025-04-09T08:00:00Z,-7.831e-05,8
BTCUSDT,2025-04-09T16:00:00Z,6.856e-05,8
ETHUSDT,2025-04-09T16:00:00Z,1.591e-05,8
SOLUSDT,2025-04-09T16:00:00Z,7.621e-05,8
BTCUSDT,2025-04-10T00:00:00Z,7.705e-05,8
ETHUSDT,2025-04-10T00:00:00Z,0.0001,8
SOLUSDT,2025-04-10T00:00:00Z,0.0001,8
BTCUSDT,2025-04-10T08:00:00Z,1.14e-06,8
ETHUSDT,2025-04-10T08:00:00Z,3.042e-05,8
SOLUSDT,2025-04-10T08:00:00Z,0.0001,8
BTCUSDT,2025-04-10T16:00:00Z,6.775e-05,8
ETHUSDT,2025-04-10T16:00:00Z,-7.8e-07,8
SOLUSDT,2025-04-10T16:00:00Z,3.456e-05,8
BTCUSDT,2025-04-11T00:00:00Z,2.065e-05,8
ETHUSDT,2025-04-11T00:00:00Z,-9.18e-06,8
SOLUSDT,2025-04-11T00:00:00Z,-6.109e-05,8
BTCUSDT,2025-04-11T08:00:00Z,-4.294e-05,8
ETHUSDT,2025-04-11T08:00:00Z,-5.857e-05,8
SOLUSDT,2025-04-11T08:00:00Z,4.298e-05,8
BTCUSDT,2025-04-11T16:00:00Z,3.29e-05,8
ETHUSDT,2025-04-11T16:00:00Z,-4.61e-06,8
SOLUSDT,2025-04-11T16:00:00Z,0.0001,8
BTCUSDT,2025-04-12T00:00:00Z,3.654e-05,8
ETHUSDT,2025-04-12T00:00:00Z,2.511e-05,8
SOLUSDT,2025-04-12T00:00:00Z,5.911e-05,8
BTCUSDT,2025-04-12T08:00:00Z,5.64e-05,8
ETHUSDT,2025-04-12T08:00:00Z,-6e-06,8
SOLUSDT,2025-04-12T08:00:00Z,-1.714e-05,8
BTCUSDT,2025-04-12T16:00:00Z,5.388e-05,8
ETHUSDT,2025-04-12T16:00:00Z,2.416e-05,8
SOLUSDT,2025-04-12T16:00:00Z,2.768e-05,8
BTCUSDT,2025-04-13T00:00:00Z,5.057e-05,8
ETHUSDT,2025-04-13T00:00:00Z,7.676e-05,8
SOLUSDT,2025-04-13T00:00:00Z,-3.35e-06,8
BTCUSDT,2025-04-13T08:00:00Z,8.429e-05,8
ETHUSDT,2025-04-13T08:00:00Z,5.203e-05,8
SOLUSDT,2025-04-13T08:00:00Z,0.0001,8
BTCUSDT,2025-04-13T16:00:00Z,9.642e-05,8
ETHUSDT,2025-04-13T16:00:00Z,5.299e-05,8
SOLUSDT,2025-04-13T16:00:00Z,8.174e-05,8
BTCUSDT,2025-04-14T00:00:00Z,8.113e-05,8
ETHUSDT,2025-04-14T00:00:00Z,7.387e-05,8
SOLUSDT,2025-04-14T00:00:00Z,9.053e-05,8
BTCUSDT,2025-04-14T08:00:00Z,7.127e-05,8
ETHUSDT,2025-04-14T08:00:00Z,5.913e-05,8
SOLUSDT,2025-04-14T08:00:00Z,-3.957e-05,8
BTCUSDT,2025-04-14T16:00:00Z,2.428e-05,8
ETHUSDT,2025-04-14T16:00:00Z,5.384e-05,8
SOLUSDT,2025-04-14T16:00:00Z,-9.45e-05,8
BTCUSDT,2025-04-15T00:00:00Z,-2.073e-05,8
ETHUSDT,2025-04-15T00:00:00Z,2.56e-05,8
SOLUSDT,2025-04-15T00:00:00Z,-5.912e-05,8
BTCUSDT,2025-04-15T08:00:00Z,6.606e-05,8
ETHUSDT,2025-04-15T08:00:00Z,1.812e-05,8
SOLUSDT,2025-04-15T08:00:00Z,-0.00013087,8
BTCUSDT,2025-04-15T16:00:00Z,1.883e-05,8
ETHUSDT,2025-04-15T16:00:00Z,3.35e-06,8
SOLUSDT,2025-04-15T16:00:00Z,1.824e-05,8
BTCUSDT,2025-04-16T00:00:00Z,2.428e-05,8
ETHUSDT,2025-04-16T00:00:00Z,4.294e-05,8
SOLUSDT,2025-04-16T00:00:00Z,-9.158e-05,8
BTCUSDT,2025-04-16T08:00:00Z,6.917e-05,8
ETHUSDT,2025-04-16T08:00:00Z,-2.96e-05,8
SOLUSDT,2025-04-16T08:00:00Z,-3.187e-05,8
BTCUSDT,2025-04-16T16:00:00Z,1.978e-05,8
ETHUSDT,2025-04-16T16:00:00Z,-2.514e-05,8
SOLUSDT,2025-04-16T16:00:00Z,-2.327e-05,8
BTCUSDT,2025-04-17T00:00:00Z,1.404e-05,8
ETHUSDT,2025-04-17T00:00:00Z,4.479e-05,8
SOLUSDT,2025-04-17T00:00:00Z,0.0001,8
BTCUSDT,2025-04-17T08:00:00Z,5.679e-05,8
ETHUSDT,2025-04-17T08:00:00Z,5.184e-05,8
SOLUSDT,2025-04-17T08:00:00Z,0.0001,8
BTCUSDT,2025-04-17T16:00:00Z,3.425e-05,8
ETHUSDT,2025-04-17T16:00:00Z,-1.791e-05,8
SOLUSDT,2025-04-17T16:00:00Z,1.614e-05,8
BTCUSDT,2025-04-18T00:00:00Z,1.788e-05,8
ETHUSDT,2025-04-18T00:00:00Z,-3.125e-05,8
SOLUSDT,2025-04-18T00:00:00Z,1.84e-06,8
BTCUSDT,2025-04-18T08:00:00Z,7.071e-05,8
ETHUSDT,2025-04-18T08:00:00Z,2.747e-05,8
SOLUSDT,2025-04-18T08:00:00Z,-1.498e-05,8
BTCUSDT,2025-04-18T16:00:00Z,2.995e-05,8
ETHUSDT,2025-04-18T16:00:00Z,-1.492e-05,8
SOLUSDT,2025-04-18T16:00:00Z,-3.334e-05,8
BTCUSDT,2025-04-19T00:00:00Z,2.93e-05,8
ETHUSDT,2025-04-19T00:00:00Z,-2.388e-05,8
SOLUSDT,2025-04-19T00:00:00Z,-5.659e-05,8
BTCUSDT,2025-04-19T08:00:00Z,6.024e-05,8
ETHUSDT,2025-04-19T08:00:00Z,8.846e-05,8
SOLUSDT,2025-04-19T08:00:00Z,-5.634e-05,8
BTCUSDT,2025-04-19T16:00:00Z,-1.953e-05,8
ETHUSDT,2025-04-19T16:00:00Z,7.189e-05,8
SOLUSDT,2025-04-19T16:00:00Z,-0.00013071,8
BTCUSDT,2025-04-20T00:00:00Z,-2.98e-06,8
ETHUSDT,2025-04-20T00:00:00Z,5.765e-05,8
SOLUSDT,2025-04-20T00:00:00Z,-7.971e-05,8
BTCUSDT,2025-04-20T08:00:00Z,-1.078e-05,8
ETHUSDT,2025-04-20T08:00:00Z,7.724e-05,8
SOLUSDT,2025-04-20T08:00:00Z,-0.00016975,8
BTCUSDT,2025-04-20T16:00:00Z,-2.258e-05,8
ETHUSDT,2025-04-20T16:00:00Z,-5.358e-05,8
SOLUSDT,2025-04-20T16:00:00Z,-0.00013544,8
BTCUSDT,2025-04-21T00:00:00Z,5.232e-05,8
ETHUSDT,2025-04-21T00:00:00Z,-1.24e-06,8
SOLUSDT,2025-04-21T00:00:00Z,-0.00019655,8
BTCUSDT,2025-04-21T08:00:00Z,5.403e-05,8
ETHUSDT,2025-04-21T08:00:00Z,0.0001,8
SOLUSDT,2025-04-21T08:00:00Z,-0.0001549,8
BTCUSDT,2025-04-21T16:00:00Z,1.553e-05,8
ETHUSDT,2025-04-21T16:00:00Z,8.017e-05,8
SOLUSDT,2025-04-21T16:00:00Z,-0.00010934,8
BTCUSDT,2025-04-22T00:00:00Z,7.749e-05,8
ETHUSDT,2025-04-22T00:00:00Z,-3.6e-05,8
SOLUSDT,2025-04-22T00:00:00Z,-0.00025936,8
BTCUSDT,2025-04-22T08:00:00Z,-7.44e-06,8
ETHUSDT,2025-04-22T08:00:00Z,2.2e-07,8
SOLUSDT,2025-04-22T08:00:00Z,3.362e-05,8
BTCUSDT,2025-04-22T16:00:00Z,-7.045e-05,8
ETHUSDT,2025-04-22T16:00:00Z,8.105e-05,8
SOLUSDT,2025-04-22T16:00:00Z,4.549e-05,8
BTCUSDT,2025-04-23T00:00:00Z,-1.389e-05,8
ETHUSDT,2025-04-23T00:00:00Z,6.679e-05,8
SOLUSDT,2025-04-23T00:00:00Z,0.0001,8
BTCUSDT,2025-04-23T08:00:00Z,1.374e-05,8
ETHUSDT,2025-04-23T08:00:00Z,9.616e-05,8
SOLUSDT,2025-04-23T08:00:00Z,-3.559e-05,8
BTCUSDT,2025-04-23T16:00:00Z,4.587e-05,8
ETHUSDT,2025-04-23T16:00:00Z,0.0001,8
SOLUSDT,2025-04-23T16:00:00Z,6.137e-05,8
BTCUSDT,2025-04-24T00:00:00Z,-2.671e-05,8
ETHUSDT,2025-04-24T00:00:00Z,0.0001,8
SOLUSDT,2025-04-24T00:00:00Z,0.0001,8
BTCUSDT,2025-04-24T08:00:00Z,5.21e-05,8
ETHUSDT,2025-04-24T08:00:00Z,7.229e-05,8
SOLUSDT,2025-04-24T08:00:00Z,0.0001,8
BTCUSDT,2025-04-24T16:00:00Z,-2.165e-05,8
ETHUSDT,2025-04-24T16:00:00Z,6.2e-06,8
SOLUSDT,2025-04-24T16:00:00Z,5.163e-05,8
BTCUSDT,2025-04-25T00:00:00Z,-1.764e-05,8
ETHUSDT,2025-04-25T00:00:00Z,5.922e-05,8
SOLUSDT,2025-04-25T00:00:00Z,0.0001,8
BTCUSDT,2025-04-25T08:00:00Z,1.7e-06,8
ETHUSDT,2025-04-25T08:00:00Z,7.829e-05,8
SOLUSDT,2025-04-25T08:00:00Z,0.0001,8
BTCUSDT,2025-04-25T16:00:00Z,1.2e-06,8
ETHUSDT,2025-04-25T16:00:00Z,-9.65e-06,8
SOLUSDT,2025-04-25T16:00:00Z,1.235e-05,8
BTCUSDT,2025-04-26T00:00:00Z,-0.00010085,8
ETHUSDT,2025-04-26T00:00:00Z,8.3e-06,8
SOLUSDT,2025-04-26T00:00:00Z,1.05e-05,8
BTCUSDT,2025-04-26T08:00:00Z,-2.774e-05,8
ETHUSDT,2025-04-26T08:00:00Z,-2.999e-05,8
SOLUSDT,2025-04-26T08:00:00Z,-4.023e-05,8
BTCUSDT,2025-04-26T16:00:00Z,2.855e-05,8
ETHUSDT,2025-04-26T16:00:00Z,7.28e-06,8
SOLUSDT,2025-04-26T16:00:00Z,-7.805e-05,8
BTCUSDT,2025-04-27T00:00:00Z,-1.5e-05,8
ETHUSDT,2025-04-27T00:00:00Z,5.635e-05,8
SOLUSDT,2025-04-27T00:00:00Z,1.325e-05,8
BTCUSDT,2025-04-27T08:00:00Z,-6.6e-06,8
ETHUSDT,2025-04-27T08:00:00Z,-6.737e-05,8
SOLUSDT,2025-04-27T08:00:00Z,-7.219e-05,8
BTCUSDT,2025-04-27T16:00:00Z,-4.21e-06,8
ETHUSDT,2025-04-27T16:00:00Z,-3.852e-05,8
SOLUSDT,2025-04-27T16:00:00Z,5.977e-05,8
BTCUSDT,2025-04-28T00:00:00Z,3.73e-06,8
ETHUSDT,2025-04-28T00:00:00Z,1.32e-06,8
SOLUSDT,2025-04-28T00:00:00Z,-2.3e-05,8
BTCUSDT,2025-04-28T08:00:00Z,2.46e-06,8
ETHUSDT,2025-04-28T08:00:00Z,-4.703e-05,8
SOLUSDT,2025-04-28T08:00:00Z,5.514e-05,8
BTCUSDT,2025-04-28T16:00:00Z,-5.821e-05,8
ETHUSDT,2025-04-28T16:00:00Z,-8.681e-05,8
SOLUSDT,2025-04-28T16:00:00Z,-0.00010338,8
BTCUSDT,2025-04-29T00:00:00Z,-7.73e-06,8
ETHUSDT,2025-04-29T00:00:00Z,8.281e-05,8
SOLUSDT,2025-04-29T00:00:00Z,-0.00016044,8
BTCUSDT,2025-04-29T08:00:00Z,4.13e-06,8
ETHUSDT,2025-04-29T08:00:00Z,5.79e-05,8
SOLUSDT,2025-04-29T08:00:00Z,-4.373e-05,8
BTCUSDT,2025-04-29T16:00:00Z,1.305e-05,8
ETHUSDT,2025-04-29T16:00:00Z,-1.396e-05,8
SOLUSDT,2025-04-29T16:00:00Z,2.238e-05,8
BTCUSDT,2025-04-30T00:00:00Z,-5.181e-05,8
ETHUSDT,2025-04-30T00:00:00Z,-7.371e-05,8
SOLUSDT,2025-04-30T00:00:00Z,-6.214e-05,8
BTCUSDT,2025-04-30T08:00:00Z,2.939e-05,8
ETHUSDT,2025-04-30T08:00:00Z,9.04e-06,8
SOLUSDT,2025-04-30T08:00:00Z,-5.841e-05,8
BTCUSDT,2025-04-30T16:00:00Z,-3.797e-05,8
ETHUSDT,2025-04-30T16:00:00Z,-6.069e-05,8
SOLUSDT,2025-04-30T16:00:00Z,-0.0001511,8
BTCUSDT,2025-05-01T00:00:00Z,3.519e-05,8
ETHUSDT,2025-05-01T00:00:00Z,5.43e-05,8
SOLUSDT,2025-05-01T00:00:00Z,4.946e-05,8
BTCUSDT,2025-05-01T08:00:00Z,5.755e-05,8
ETHUSDT,2025-05-01T08:00:00Z,4.5e-05,8
SOLUSDT,2025-05-01T08:00:00Z,8.433e-05,8
BTCUSDT,2025-05-01T16:00:00Z,-8.028e-05,8
ETHUSDT,2025-05-01T16:00:00Z,7.23e-06,8
SOLUSDT,2025-05-01T16:00:00Z,5.6e-06,8
BTCUSDT,2025-05-02T00:00:00Z,-0.00012232,8
ETHUSDT,2025-05-02T00:00:00Z,-5.91e-06,8
SOLUSDT,2025-05-02T00:00:00Z,2.49e-05,8
BTCUSDT,2025-05-02T08:00:00Z,-9.382e-05,8
ETHUSDT,2025-05-02T08:00:00Z,-5.797e-05,8
SOLUSDT,2025-05-02T08:00:00Z,-5.683e-05,8
BTCUSDT,2025-05-02T16:00:00Z,-8.689e-05,8
ETHUSDT,2025-05-02T16:00:00Z,-5.88e-06,8
SOLUSDT,2025-05-02T16:00:00Z,-5.442e-05,8
BTCUSDT,2025-05-03T00:00:00Z,-5.953e-05,8
ETHUSDT,2025-05-03T00:00:00Z,4.901e-05,8
SOLUSDT,2025-05-03T00:00:00Z,-0.00012523,8
BTCUSDT,2025-05-03T08:00:00Z,3.198e-05,8
ETHUSDT,2025-05-03T08:00:00Z,1.565e-05,8
SOLUSDT,2025-05-03T08:00:00Z,-3.821e-05,8
BTCUSDT,2025-05-03T16:00:00Z,-1.483e-05,8
ETHUSDT,2025-05-03T16:00:00Z,2.092e-05,8
SOLUSDT,2025-05-03T16:00:00Z,-9.958e-05,8
BTCUSDT,2025-05-04T00:00:00Z,3.7e-06,8
ETHUSDT,2025-05-04T00:00:00Z,6.708e-05,8
SOLUSDT,2025-05-04T00:00:00Z,-4.04e-06,8
BTCUSDT,2025-05-04T08:00:00Z,3.229e-05,8
ETHUSDT,2025-05-04T08:00:00Z,3.289e-05,8
SOLUSDT,2025-05-04T08:00:00Z,-4.138e-05,8
BTCUSDT,2025-05-04T16:00:00Z,3.745e-05,8
ETHUSDT,2025-05-04T16:00:00Z,-2.67e-05,8
SOLUSDT,2025-05-04T16:00:00Z,-0.00012151,8
BTCUSDT,2025-05-05T00:00:00Z,-2.404e-05,8
ETHUSDT,2025-05-05T00:00:00Z,1.81e-06,8
SOLUSDT,2025-05-05T00:00:00Z,-6.756e-05,8
BTCUSDT,2025-05-05T08:00:00Z,3.636e-05,8
ETHUSDT,2025-05-05T08:00:00Z,1.998e-05,8
SOLUSDT,2025-05-05T08:00:00Z,1.617e-05,8
BTCUSDT,2025-05-05T16:00:00Z,-2.247e-05,8
ETHUSDT,2025-05-05T16:00:00Z,1.194e-05,8
SOLUSDT,2025-05-05T16:00:00Z,-9.298e-05,8
BTCUSDT,2025-05-06T00:00:00Z,1.978e-05,8
ETHUSDT,2025-05-06T00:00:00Z,6.899e-05,8
SOLUSDT,2025-05-06T00:00:00Z,6.405e-05,8
BTCUSDT,2025-05-06T08:00:00Z,4.44e-05,8
ETHUSDT,2025-05-06T08:00:00Z,-1.836e-05,8
SOLUSDT,2025-05-06T08:00:00Z,-4.546e-05,8
BTCUSDT,2025-05-06T16:00:00Z,7.57e-06,8
ETHUSDT,2025-05-06T16:00:00Z,-3.589e-05,8
SOLUSDT,2025-05-06T16:00:00Z,-2.434e-05,8
BTCUSDT,2025-05-07T00:00:00Z,1.218e-05,8
ETHUSDT,2025-05-07T00:00:00Z,3.273e-05,8
SOLUSDT,2025-05-07T00:00:00Z,8.971e-05,8
BTCUSDT,2025-05-07T08:00:00Z,-2.5e-07,8
ETHUSDT,2025-05-07T08:00:00Z,8.548e-05,8
SOLUSDT,2025-05-07T08:00:00Z,3.313e-05,8
BTCUSDT,2025-05-07T16:00:00Z,1.32e-05,8
ETHUSDT,2025-05-07T16:00:00Z,-6.48e-06,8
SOLUSDT,2025-05-07T16:00:00Z,6.688e-05,8
BTCUSDT,2025-05-08T00:00:00Z,2.318e-05,8
ETHUSDT,2025-05-08T00:00:00Z,4.564e-05,8
SOLUSDT,2025-05-08T00:00:00Z,2.457e-05,8
BTCUSDT,2025-05-08T08:00:00Z,4.608e-05,8
ETHUSDT,2025-05-08T08:00:00Z,0.0001,8
SOLUSDT,2025-05-08T08:00:00Z,5.832e-05,8
BTCUSDT,2025-05-08T16:00:00Z,5.728e-05,8
ETHUSDT,2025-05-08T16:00:00Z,8.717e-05,8
SOLUSDT,2025-05-08T16:00:00Z,9.64e-05,8
BTCUSDT,2025-05-09T00:00:00Z,0.0001,8
ETHUSDT,2025-05-09T00:00:00Z,0.0001,8
SOLUSDT,2025-05-09T00:00:00Z,0.0001,8
BTCUSDT,2025-05-09T08:00:00Z,0.0001,8
ETHUSDT,2025-05-09T08:00:00Z,0.0001,8
SOLUSDT,2025-05-09T08:00:00Z,0.0001,8
BTCUSDT,2025-05-09T16:00:00Z,4.378e-05,8
ETHUSDT,2025-05-09T16:00:00Z,0.0001,8
SOLUSDT,2025-05-09T16:00:00Z,0.0001,8
BTCUSDT,2025-05-10T00:00:00Z,9.657e-05,8
ETHUSDT,2025-05-10T00:00:00Z,0.0001,8
SOLUSDT,2025-05-10T00:00:00Z,0.0001,8
BTCUSDT,2025-05-10T08:00:00Z,0.0001,8
ETHUSDT,2025-05-10T08:00:00Z,9.797e-05,8
SOLUSDT,2025-05-10T08:00:00Z,0.0001,8
BTCUSDT,2025-05-10T16:00:00Z,4.257e-05,8
ETHUSDT,2025-05-10T16:00:00Z,9.016e-05,8
SOLUSDT,2025-05-10T16:00:00Z,0.0001,8
BTCUSDT,2025-05-11T00:00:00Z,0.0001,8
ETHUSDT,2025-05-11T00:00:00Z,0.0001,8
SOLUSDT,2025-05-11T00:00:00Z,0.0001,8
BTCUSDT,2025-05-11T08:00:00Z,4.15e-05,8
ETHUSDT,2025-05-11T08:00:00Z,7.363e-05,8
SOLUSDT,2025-05-11T08:00:00Z,0.0001,8
BTCUSDT,2025-05-11T16:00:00Z,0.0001,8
ETHUSDT,2025-05-11T16:00:00Z,2.438e-05,8
SOLUSDT,2025-05-11T16:00:00Z,5.117e-05,8
BTCUSDT,2025-05-12T00:00:00Z,4.454e-05,8
ETHUSDT,2025-05-12T00:00:00Z,7.088e-05,8
SOLUSDT,2025-05-12T00:00:00Z,3.571e-05,8
BTCUSDT,2025-05-12T08:00:00Z,0.0001,8
ETHUSDT,2025-05-12T08:00:00Z,0.0001,8
SOLUSDT,2025-05-12T08:00:00Z,6.886e-05,8
BTCUSDT,2025-05-12T16:00:00Z,2.301e-05,8
ETHUSDT,2025-05-12T16:00:00Z,5.717e-05,8
SOLUSDT,2025-05-12T16:00:00Z,0.0001,8
BTCUSDT,2025-05-13T00:00:00Z,6.847e-05,8
ETHUSDT,2025-05-13T00:00:00Z,6.233e-05,8
SOLUSDT,2025-05-13T00:00:00Z,8.216e-05,8
BTCUSDT,2025-05-13T08:00:00Z,0.0001,8
ETHUSDT,2025-05-13T08:00:00Z,0.0001,8
SOLUSDT,2025-05-13T08:00:00Z,0.0001,8
BTCUSDT,2025-05-13T16:00:00Z,7.256e-05,8
ETHUSDT,2025-05-13T16:00:00Z,0.0001,8
SOLUSDT,2025-05-13T16:00:00Z,4.667e-05,8
BTCUSDT,2025-05-14T00:00:00Z,9.921e-05,8
ETHUSDT,2025-05-14T00:00:00Z,0.0001,8
SOLUSDT,2025-05-14T00:00:00Z,0.0001,8
BTCUSDT,2025-05-14T08:00:00Z,7.542e-05,8
ETHUSDT,2025-05-14T08:00:00Z,5.48e-05,8
SOLUSDT,2025-05-14T08:00:00Z,0.0001,8
BTCUSDT,2025-05-14T16:00:00Z,3.175e-05,8
ETHUSDT,2025-05-14T16:00:00Z,4.737e-05,8
SOLUSDT,2025-05-14T16:00:00Z,2.295e-05,8
BTCUSDT,2025-05-15T00:00:00Z,2.978e-05,8
ETHUSDT,2025-05-15T00:00:00Z,0.0001,8
SOLUSDT,2025-05-15T00:00:00Z,-2.267e-05,8
BTCUSDT,2025-05-15T08:00:00Z,5.336e-05,8
ETHUSDT,2025-05-15T08:00:00Z,0.0001,8
SOLUSDT,2025-05-15T08:00:00Z,9.24e-06,8
BTCUSDT,2025-05-15T16:00:00Z,1.439e-05,8
ETHUSDT,2025-05-15T16:00:00Z,5.698e-05,8
SOLUSDT,2025-05-15T16:00:00Z,3.324e-05,8
BTCUSDT,2025-05-16T00:00:00Z,4.504e-05,8
ETHUSDT,2025-05-16T00:00:00Z,6.801e-05,8
SOLUSDT,2025-05-16T00:00:00Z,-1.229e-05,8
BTCUSDT,2025-05-16T08:00:00Z,7.535e-05,8
ETHUSDT,2025-05-16T08:00:00Z,0.0001,8
SOLUSDT,2025-05-16T08:00:00Z,8.483e-05,8
BTCUSDT,2025-05-16T16:00:00Z,4.768e-05,8
ETHUSDT,2025-05-16T16:00:00Z,7.202e-05,8
SOLUSDT,2025-05-16T16:00:00Z,-1.038e-05,8
BTCUSDT,2025-05-17T00:00:00Z,2.821e-05,8
ETHUSDT,2025-05-17T00:00:00Z,2.543e-05,8
SOLUSDT,2025-05-17T00:00:00Z,-4.807e-05,8
BTCUSDT,2025-05-17T08:00:00Z,3.34e-05,8
ETHUSDT,2025-05-17T08:00:00Z,-1.883e-05,8
SOLUSDT,2025-05-17T08:00:00Z,3.475e-05,8
BTCUSDT,2025-05-17T16:00:00Z,5.97e-06,8
ETHUSDT,2025-05-17T16:00:00Z,2.339e-05,8
SOLUSDT,2025-05-17T16:00:00Z,1.111e-05,8
BTCUSDT,2025-05-18T00:00:00Z,6.742e-05,8
ETHUSDT,2025-05-18T00:00:00Z,5.366e-05,8
SOLUSDT,2025-05-18T00:00:00Z,2.02e-05,8
BTCUSDT,2025-05-18T08:00:00Z,5.903e-05,8
ETHUSDT,2025-05-18T08:00:00Z,4.909e-05,8
SOLUSDT,2025-05-18T08:00:00Z,7.853e-05,8
BTCUSDT,2025-05-18T16:00:00Z,0.0001,8
ETHUSDT,2025-05-18T16:00:00Z,1.3e-06,8
SOLUSDT,2025-05-18T16:00:00Z,5.057e-05,8
BTCUSDT,2025-05-19T00:00:00Z,5.99e-05,8
ETHUSDT,2025-05-19T00:00:00Z,-4.925e-05,8
SOLUSDT,2025-05-19T00:00:00Z,-1.197e-05,8
BTCUSDT,2025-05-19T08:00:00Z,6.04e-05,8
ETHUSDT,2025-05-19T08:00:00Z,6.531e-05,8
SOLUSDT,2025-05-19T08:00:00Z,-0.00013744,8
BTCUSDT,2025-05-19T16:00:00Z,2.11e-05,8
ETHUSDT,2025-05-19T16:00:00Z,9.181e-05,8
SOLUSDT,2025-05-19T16:00:00Z,-0.00010509,8
BTCUSDT,2025-05-20T00:00:00Z,8.378e-05,8
ETHUSDT,2025-05-20T00:00:00Z,8.013e-05,8
SOLUSDT,2025-05-20T00:00:00Z,7.217e-05,8
BTCUSDT,2025-05-20T08:00:00Z,7.107e-05,8
ETHUSDT,2025-05-20T08:00:00Z,6.807e-05,8
SOLUSDT,2025-05-20T08:00:00Z,0.0001,8
BTCUSDT,2025-05-20T16:00:00Z,1.266e-05,8
ETHUSDT,2025-05-20T16:00:00Z,1.174e-05,8
SOLUSDT,2025-05-20T16:00:00Z,-2.235e-05,8
BTCUSDT,2025-05-21T00:00:00Z,8.767e-05,8
ETHUSDT,2025-05-21T00:00:00Z,3.663e-05,8
SOLUSDT,2025-05-21T00:00:00Z,6.901e-05,8
BTCUSDT,2025-05-21T08:00:00Z,7.147e-05,8
ETHUSDT,2025-05-21T08:00:00Z,9.338e-05,8
SOLUSDT,2025-05-21T08:00:00Z,9.58e-05,8
BTCUSDT,2025-05-21T16:00:00Z,5.119e-05,8
ETHUSDT,2025-05-21T16:00:00Z,6.47e-06,8
SOLUSDT,2025-05-21T16:00:00Z,9.897e-05,8
BTCUSDT,2025-05-22T00:00:00Z,0.0001,8
ETHUSDT,2025-05-22T00:00:00Z,1.141e-05,8
SOLUSDT,2025-05-22T00:00:00Z,7.607e-05,8
BTCUSDT,2025-05-22T08:00:00Z,0.0001,8
ETHUSDT,2025-05-22T08:00:00Z,0.0001,8
SOLUSDT,2025-05-22T08:00:00Z,0.0001,8
BTCUSDT,2025-05-22T16:00:00Z,0.0001,8
ETHUSDT,2025-05-22T16:00:00Z,0.0001,8
SOLUSDT,2025-05-22T16:00:00Z,0.0001,8
BTCUSDT,2025-05-23T00:00:00Z,9.321e-05,8
ETHUSDT,2025-05-23T00:00:00Z,0.0001,8
SOLUSDT,2025-05-23T00:00:00Z,0.0001,8
BTCUSDT,2025-05-23T08:00:00Z,7.261e-05,8
ETHUSDT,2025-05-23T08:00:00Z,0.0001,8
SOLUSDT,2025-05-23T08:00:00Z,0.0001,8
BTCUSDT,2025-05-23T16:00:00Z,8.614e-05,8
ETHUSDT,2025-05-23T16:00:00Z,-7.26e-06,8
SOLUSDT,2025-05-23T16:00:00Z,0.0001,8
BTCUSDT,2025-05-24T00:00:00Z,3.524e-05,8
ETHUSDT,2025-05-24T00:00:00Z,0.0001,8
SOLUSDT,2025-05-24T00:00:00Z,0.0001,8
BTCUSDT,2025-05-24T08:00:00Z,4.59e-05,8
ETHUSDT,2025-05-24T08:00:00Z,4.033e-05,8
SOLUSDT,2025-05-24T08:00:00Z,-2.064e-05,8
BTCUSDT,2025-05-24T16:00:00Z,7.837e-05,8
ETHUSDT,2025-05-24T16:00:00Z,2.114e-05,8
SOLUSDT,2025-05-24T16:00:00Z,1.263e-05,8
BTCUSDT,2025-05-25T00:00:00Z,9.794e-05,8
ETHUSDT,2025-05-25T00:00:00Z,6.041e-05,8
SOLUSDT,2025-05-25T00:00:00Z,6.352e-05,8
BTCUSDT,2025-05-25T08:00:00Z,5.113e-05,8
ETHUSDT,2025-05-25T08:00:00Z,3.75e-05,8
SOLUSDT,2025-05-25T08:00:00Z,-3.821e-05,8
BTCUSDT,2025-05-25T16:00:00Z,3.651e-05,8
ETHUSDT,2025-05-25T16:00:00Z,8.487e-05,8
SOLUSDT,2025-05-25T16:00:00Z,-3.651e-05,8
BTCUSDT,2025-05-26T00:00:00Z,7.331e-05,8
ETHUSDT,2025-05-26T00:00:00Z,3.85e-06,8
SOLUSDT,2025-05-26T00:00:00Z,-9.9e-06,8
BTCUSDT,2025-05-26T08:00:00Z,0.0001,8
ETHUSDT,2025-05-26T08:00:00Z,8.047e-05,8
SOLUSDT,2025-05-26T08:00:00Z,1.765e-05,8
BTCUSDT,2025-05-26T16:00:00Z,9.782e-05,8
ETHUSDT,2025-05-26T16:00:00Z,4.711e-05,8
SOLUSDT,2025-05-26T16:00:00Z,8.686e-05,8
BTCUSDT,2025-05-27T00:00:00Z,7.65e-05,8
ETHUSDT,2025-05-27T00:00:00Z,4.026e-05,8
SOLUSDT,2025-05-27T00:00:00Z,-8.877e-05,8
BTCUSDT,2025-05-27T08:00:00Z,7.266e-05,8
ETHUSDT,2025-05-27T08:00:00Z,0.0001,8
SOLUSDT,2025-05-27T08:00:00Z,-2.909e-05,8
BTCUSDT,2025-05-27T16:00:00Z,2.476e-05,8
ETHUSDT,2025-05-27T16:00:00Z,0.0001,8
SOLUSDT,2025-05-27T16:00:00Z,0.0001,8
BTCUSDT,2025-05-28T00:00:00Z,3.26e-05,8
ETHUSDT,2025-05-28T00:00:00Z,0.0001,8
SOLUSDT,2025-05-28T00:00:00Z,0.0001,8
BTCUSDT,2025-05-28T08:00:00Z,2.164e-05,8
ETHUSDT,2025-05-28T08:00:00Z,0.0001,8
SOLUSDT,2025-05-28T08:00:00Z,-2.762e-05,8
BTCUSDT,2025-05-28T16:00:00Z,5.368e-05,8
ETHUSDT,2025-05-28T16:00:00Z,0.0001,8
SOLUSDT,2025-05-28T16:00:00Z,-0.00013891,8
BTCUSDT,2025-05-29T00:00:00Z,3.186e-05,8
ETHUSDT,2025-05-29T00:00:00Z,0.0001,8
SOLUSDT,2025-05-29T00:00:00Z,-8.565e-05,8
BTCUSDT,2025-05-29T08:00:00Z,2.812e-05,8
ETHUSDT,2025-05-29T08:00:00Z,0.0001,8
SOLUSDT,2025-05-29T08:00:00Z,7.947e-05,8
BTCUSDT,2025-05-29T16:00:00Z,8.379e-05,8
ETHUSDT,2025-05-29T16:00:00Z,8.321e-05,8
SOLUSDT,2025-05-29T16:00:00Z,-3.067e-05,8
BTCUSDT,2025-05-30T00:00:00Z,2.622e-05,8
ETHUSDT,2025-05-30T00:00:00Z,7.477e-05,8
SOLUSDT,2025-05-30T00:00:00Z,-1.093e-05,8
BTCUSDT,2025-05-30T08:00:00Z,3.849e-05,8
ETHUSDT,2025-05-30T08:00:00Z,0.0001,8
SOLUSDT,2025-05-30T08:00:00Z,-5.322e-05,8
BTCUSDT,2025-05-30T16:00:00Z,7.392e-05,8
ETHUSDT,2025-05-30T16:00:00Z,5.699e-05,8
SOLUSDT,2025-05-30T16:00:00Z,3.101e-05,8
BTCUSDT,2025-05-31T00:00:00Z,8.506e-05,8
ETHUSDT,2025-05-31T00:00:00Z,3.389e-05,8
SOLUSDT,2025-05-31T00:00:00Z,3.422e-05,8
BTCUSDT,2025-05-31T08:00:00Z,7.552e-05,8
ETHUSDT,2025-05-31T08:00:00Z,8.054e-05,8
SOLUSDT,2025-05-31T08:00:00Z,1.633e-05,8
BTCUSDT,2025-05-31T16:00:00Z,4.687e-05,8
ETHUSDT,2025-05-31T16:00:00Z,2.739e-05,8
SOLUSDT,2025-05-31T16:00:00Z,-0.00010143,8
BTCUSDT,2025-06-01T00:00:00Z,-5.82e-06,8
ETHUSDT,2025-06-01T00:00:00Z,7.52e-05,8
SOLUSDT,2025-06-01T00:00:00Z,-6.233e-05,8
BTCUSDT,2025-06-01T08:00:00Z,2.335e-05,8
ETHUSDT,2025-06-01T08:00:00Z,3.946e-05,8
SOLUSDT,2025-06-01T08:00:00Z,-8.005e-05,8
BTCUSDT,2025-06-01T16:00:00Z,4.117e-05,8
ETHUSDT,2025-06-01T16:00:00Z,3.37e-05,8
SOLUSDT,2025-06-01T16:00:00Z,-4.325e-05,8
BTCUSDT,2025-06-02T00:00:00Z,-6.42e-06,8
ETHUSDT,2025-06-02T00:00:00Z,1.586e-05,8
SOLUSDT,2025-06-02T00:00:00Z,4.401e-05,8
BTCUSDT,2025-06-02T08:00:00Z,5.593e-05,8
ETHUSDT,2025-06-02T08:00:00Z,5.378e-05,8
SOLUSDT,2025-06-02T08:00:00Z,4.587e-05,8
BTCUSDT,2025-06-02T16:00:00Z,4.467e-05,8
ETHUSDT,2025-06-02T16:00:00Z,8.588e-05,8
SOLUSDT,2025-06-02T16:00:00Z,-3.75e-06,8
BTCUSDT,2025-06-03T00:00:00Z,5.005e-05,8
ETHUSDT,2025-06-03T00:00:00Z,3.263e-05,8
SOLUSDT,2025-06-03T00:00:00Z,4.371e-05,8
BTCUSDT,2025-06-03T08:00:00Z,6.066e-05,8
ETHUSDT,2025-06-03T08:00:00Z,6.067e-05,8
SOLUSDT,2025-06-03T08:00:00Z,6.746e-05,8
BTCUSDT,2025-06-03T16:00:00Z,4.456e-05,8
ETHUSDT,2025-06-03T16:00:00Z,5.397e-05,8
SOLUSDT,2025-06-03T16:00:00Z,5.76e-06,8
BTCUSDT,2025-06-04T00:00:00Z,-1.1e-07,8
ETHUSDT,2025-06-04T00:00:00Z,4.39e-05,8
SOLUSDT,2025-06-04T00:00:00Z,-4.581e-05,8
BTCUSDT,2025-06-04T08:00:00Z,2.611e-05,8
ETHUSDT,2025-06-04T08:00:00Z,7.623e-05,8
SOLUSDT,2025-06-04T08:00:00Z,5.065e-05,8
BTCUSDT,2025-06-04T16:00:00Z,9.62e-06,8
ETHUSDT,2025-06-04T16:00:00Z,7.897e-05,8
SOLUSDT,2025-06-04T16:00:00Z,1.795e-05,8
BTCUSDT,2025-06-05T00:00:00Z,7.4e-07,8
ETHUSDT,2025-06-05T00:00:00Z,2.359e-05,8
SOLUSDT,2025-06-05T00:00:00Z,1.332e-05,8
BTCUSDT,2025-06-05T08:00:00Z,2.871e-05,8
ETHUSDT,2025-06-05T08:00:00Z,8.508e-05,8
SOLUSDT,2025-06-05T08:00:00Z,3.552e-05,8
BTCUSDT,2025-06-05T16:00:00Z,5.156e-05,8
ETHUSDT,2025-06-05T16:00:00Z,6.396e-05,8
SOLUSDT,2025-06-05T16:00:00Z,-6.04e-06,8
BTCUSDT,2025-06-06T00:00:00Z,-3.491e-05,8
ETHUSDT,2025-06-06T00:00:00Z,-1.147e-05,8
SOLUSDT,2025-06-06T00:00:00Z,-6.476e-05,8
BTCUSDT,2025-06-06T08:00:00Z,-3.03e-05,8
ETHUSDT,2025-06-06T08:00:00Z,2.643e-05,8
SOLUSDT,2025-06-06T08:00:00Z,-0.00011387,8
BTCUSDT,2025-06-06T16:00:00Z,-2.995e-05,8
ETHUSDT,2025-06-06T16:00:00Z,2.684e-05,8
SOLUSDT,2025-06-06T16:00:00Z,-1.384e-05,8
BTCUSDT,2025-06-07T00:00:00Z,-2.89e-05,8
ETHUSDT,2025-06-07T00:00:00Z,8.699e-05,8
SOLUSDT,2025-06-07T00:00:00Z,6.211e-05,8
BTCUSDT,2025-06-07T08:00:00Z,-3.158e-05,8
ETHUSDT,2025-06-07T08:00:00Z,5.456e-05,8
SOLUSDT,2025-06-07T08:00:00Z,1.3e-05,8
BTCUSDT,2025-06-07T16:00:00Z,2.94e-06,8
ETHUSDT,2025-06-07T16:00:00Z,6.753e-05,8
SOLUSDT,2025-06-07T16:00:00Z,-2.393e-05,8
BTCUSDT,2025-06-08T00:00:00Z,4.808e-05,8
ETHUSDT,2025-06-08T00:00:00Z,0.0001,8
SOLUSDT,2025-06-08T00:00:00Z,-7.4e-07,8
BTCUSDT,2025-06-08T08:00:00Z,5.613e-05,8
ETHUSDT,2025-06-08T08:00:00Z,9.522e-05,8
SOLUSDT,2025-06-08T08:00:00Z,4.196e-05,8
BTCUSDT,2025-06-08T16:00:00Z,-3.602e-05,8
ETHUSDT,2025-06-08T16:00:00Z,4.695e-05,8
SOLUSDT,2025-06-08T16:00:00Z,-2.649e-05,8
BTCUSDT,2025-06-09T00:00:00Z,-2.164e-05,8
ETHUSDT,2025-06-09T00:00:00Z,2.206e-05,8
SOLUSDT,2025-06-09T00:00:00Z,0.0001,8
BTCUSDT,2025-06-09T08:00:00Z,4.024e-05,8
ETHUSDT,2025-06-09T08:00:00Z,1.95e-05,8
SOLUSDT,2025-06-09T08:00:00Z,2.864e-05,8
BTCUSDT,2025-06-09T16:00:00Z,3.057e-05,8
ETHUSDT,2025-06-09T16:00:00Z,8.643e-05,8
SOLUSDT,2025-06-09T16:00:00Z,4.81e-05,8
BTCUSDT,2025-06-10T00:00:00Z,6.374e-05,8
ETHUSDT,2025-06-10T00:00:00Z,0.0001,8
SOLUSDT,2025-06-10T00:00:00Z,9.077e-05,8
BTCUSDT,2025-06-10T08:00:00Z,0.0001,8
ETHUSDT,2025-06-10T08:00:00Z,0.0001,8
SOLUSDT,2025-06-10T08:00:00Z,0.0001,8
BTCUSDT,2025-06-10T16:00:00Z,8.165e-05,8
ETHUSDT,2025-06-10T16:00:00Z,0.0001,8
SOLUSDT,2025-06-10T16:00:00Z,-1.13e-06,8
BTCUSDT,2025-06-11T00:00:00Z,8.779e-05,8
ETHUSDT,2025-06-11T00:00:00Z,0.0001,8
SOLUSDT,2025-06-11T00:00:00Z,0.0001,8
BTCUSDT,2025-06-11T08:00:00Z,8.39e-05,8
ETHUSDT,2025-06-11T08:00:00Z,0.0001,8
SOLUSDT,2025-06-11T08:00:00Z,0.0001,8
BTCUSDT,2025-06-11T16:00:00Z,5.039e-05,8
ETHUSDT,2025-06-11T16:00:00Z,0.0001,8
SOLUSDT,2025-06-11T16:00:00Z,0.0001,8
BTCUSDT,2025-06-12T00:00:00Z,1.856e-05,8
ETHUSDT,2025-06-12T00:00:00Z,6.036e-05,8
SOLUSDT,2025-06-12T00:00:00Z,5.193e-05,8
BTCUSDT,2025-06-12T08:00:00Z,7.247e-05,8
ETHUSDT,2025-06-12T08:00:00Z,0.0001,8
SOLUSDT,2025-06-12T08:00:00Z,3.997e-05,8
BTCUSDT,2025-06-12T16:00:00Z,1.198e-05,8
ETHUSDT,2025-06-12T16:00:00Z,5.333e-05,8
SOLUSDT,2025-06-12T16:00:00Z,-2.02e-06,8
BTCUSDT,2025-06-13T00:00:00Z,-1.801e-05,8
ETHUSDT,2025-06-13T00:00:00Z,-1.372e-05,8
SOLUSDT,2025-06-13T00:00:00Z,-1.707e-05,8
BTCUSDT,2025-06-13T08:00:00Z,-2.7e-06,8
ETHUSDT,2025-06-13T08:00:00Z,-1.069e-05,8
SOLUSDT,2025-06-13T08:00:00Z,-9.27e-05,8
BTCUSDT,2025-06-13T16:00:00Z,3.857e-05,8
ETHUSDT,2025-06-13T16:00:00Z,2.083e-05,8
SOLUSDT,2025-06-13T16:00:00Z,1.064e-05,8
BTCUSDT,2025-06-14T00:00:00Z,1.958e-05,8
ETHUSDT,2025-06-14T00:00:00Z,4.572e-05,8
SOLUSDT,2025-06-14T00:00:00Z,8.928e-05,8
BTCUSDT,2025-06-14T08:00:00Z,3.858e-05,8
ETHUSDT,2025-06-14T08:00:00Z,1.962e-05,8
SOLUSDT,2025-06-14T08:00:00Z,2.159e-05,8
BTCUSDT,2025-06-14T16:00:00Z,1.135e-05,8
ETHUSDT,2025-06-14T16:00:00Z,4.4e-06,8
SOLUSDT,2025-06-14T16:00:00Z,-4.8e-06,8
BTCUSDT,2025-06-15T00:00:00Z,-3.641e-05,8
ETHUSDT,2025-06-15T00:00:00Z,1.767e-05,8
SOLUSDT,2025-06-15T00:00:00Z,-3.76e-05,8
BTCUSDT,2025-06-15T08:00:00Z,1.439e-05,8
ETHUSDT,2025-06-15T08:00:00Z,8.487e-05,8
SOLUSDT,2025-06-15T08:00:00Z,7.334e-05,8
BTCUSDT,2025-06-15T16:00:00Z,7.369e-05,8
ETHUSDT,2025-06-15T16:00:00Z,7.131e-05,8
SOLUSDT,2025-06-15T16:00:00Z,8.709e-05,8
BTCUSDT,2025-06-16T00:00:00Z,9.36e-06,8
ETHUSDT,2025-06-16T00:00:00Z,4.573e-05,8
SOLUSDT,2025-06-16T00:00:00Z,0.0001,8
BTCUSDT,2025-06-16T08:00:00Z,5.07e-05,8
ETHUSDT,2025-06-16T08:00:00Z,9.06e-05,8
SOLUSDT,2025-06-16T08:00:00Z,0.0001,8
BTCUSDT,2025-06-16T16:00:00Z,2.793e-05,8
ETHUSDT,2025-06-16T16:00:00Z,3.96e-05,8
SOLUSDT,2025-06-16T16:00:00Z,-6.24e-06,8
BTCUSDT,2025-06-17T00:00:00Z,1.847e-05,8
ETHUSDT,2025-06-17T00:00:00Z,-9.06e-06,8
SOLUSDT,2025-06-17T00:00:00Z,9.96e-06,8
BTCUSDT,2025-06-17T08:00:00Z,5.776e-05,8
ETHUSDT,2025-06-17T08:00:00Z,0.0001,8
SOLUSDT,2025-06-17T08:00:00Z,0.0001,8
BTCUSDT,2025-06-17T16:00:00Z,2.211e-05,8
ETHUSDT,2025-06-17T16:00:00Z,5.558e-05,8
SOLUSDT,2025-06-17T16:00:00Z,5.322e-05,8
BTCUSDT,2025-06-18T00:00:00Z,-1.752e-05,8
ETHUSDT,2025-06-18T00:00:00Z,5.83e-05,8
SOLUSDT,2025-06-18T00:00:00Z,5.552e-05,8
BTCUSDT,2025-06-18T08:00:00Z,3.695e-05,8
ETHUSDT,2025-06-18T08:00:00Z,6.782e-05,8
SOLUSDT,2025-06-18T08:00:00Z,-7.1e-06,8
BTCUSDT,2025-06-18T16:00:00Z,6.692e-05,8
ETHUSDT,2025-06-18T16:00:00Z,2.338e-05,8
SOLUSDT,2025-06-18T16:00:00Z,-2.074e-05,8
BTCUSDT,2025-06-19T00:00:00Z,8.45e-06,8
ETHUSDT,2025-06-19T00:00:00Z,5.403e-05,8
SOLUSDT,2025-06-19T00:00:00Z,2.853e-05,8
BTCUSDT,2025-06-19T08:00:00Z,6.16e-06,8
ETHUSDT,2025-06-19T08:00:00Z,4.793e-05,8
SOLUSDT,2025-06-19T08:00:00Z,2.565e-05,8
BTCUSDT,2025-06-19T16:00:00Z,2.396e-05,8
ETHUSDT,2025-06-19T16:00:00Z,4.883e-05,8
SOLUSDT,2025-06-19T16:00:00Z,1.075e-05,8
BTCUSDT,2025-06-20T00:00:00Z,3.565e-05,8
ETHUSDT,2025-06-20T00:00:00Z,8.145e-05,8
SOLUSDT,2025-06-20T00:00:00Z,5.538e-05,8
BTCUSDT,2025-06-20T08:00:00Z,7.862e-05,8
ETHUSDT,2025-06-20T08:00:00Z,8.963e-05,8
SOLUSDT,2025-06-20T08:00:00Z,4.09e-05,8
BTCUSDT,2025-06-20T16:00:00Z,2.4e-05,8
ETHUSDT,2025-06-20T16:00:00Z,2.59e-05,8
SOLUSDT,2025-06-20T16:00:00Z,1.443e-05,8
BTCUSDT,2025-06-21T00:00:00Z,3.977e-05,8
ETHUSDT,2025-06-21T00:00:00Z,-4.99e-05,8
SOLUSDT,2025-06-21T00:00:00Z,-5.118e-05,8
BTCUSDT,2025-06-21T08:00:00Z,1.933e-05,8
ETHUSDT,2025-06-21T08:00:00Z,-1.379e-05,8
SOLUSDT,2025-06-21T08:00:00Z,-7.613e-05,8
BTCUSDT,2025-06-21T16:00:00Z,7.44e-05,8
ETHUSDT,2025-06-21T16:00:00Z,5.011e-05,8
SOLUSDT,2025-06-21T16:00:00Z,2.732e-05,8
BTCUSDT,2025-06-22T00:00:00Z,2.883e-05,8
ETHUSDT,2025-06-22T00:00:00Z,-7.98e-06,8
SOLUSDT,2025-06-22T00:00:00Z,-3.464e-05,8
BTCUSDT,2025-06-22T08:00:00Z,0.0001,8
ETHUSDT,2025-06-22T08:00:00Z,-1.761e-05,8
SOLUSDT,2025-06-22T08:00:00Z,3.965e-05,8
BTCUSDT,2025-06-22T16:00:00Z,4.145e-05,8
ETHUSDT,2025-06-22T16:00:00Z,4.714e-05,8
SOLUSDT,2025-06-22T16:00:00Z,8.55e-06,8
BTCUSDT,2025-06-23T00:00:00Z,-1.061e-05,8
ETHUSDT,2025-06-23T00:00:00Z,2.289e-05,8
SOLUSDT,2025-06-23T00:00:00Z,4.979e-05,8
BTCUSDT,2025-06-23T08:00:00Z,-2.809e-05,8
ETHUSDT,2025-06-23T08:00:00Z,-1.401e-05,8
SOLUSDT,2025-06-23T08:00:00Z,4.69e-06,8
BTCUSDT,2025-06-23T16:00:00Z,4.889e-05,8
ETHUSDT,2025-06-23T16:00:00Z,1.3e-06,8
SOLUSDT,2025-06-23T16:00:00Z,1.44e-05,8
BTCUSDT,2025-06-24T00:00:00Z,1.245e-05,8
ETHUSDT,2025-06-24T00:00:00Z,2.127e-05,8
SOLUSDT,2025-06-24T00:00:00Z,8.638e-05,8
BTCUSDT,2025-06-24T08:00:00Z,1.218e-05,8
ETHUSDT,2025-06-24T08:00:00Z,1.201e-05,8
SOLUSDT,2025-06-24T08:00:00Z,-2.013e-05,8
BTCUSDT,2025-06-24T16:00:00Z,4.47e-06,8
ETHUSDT,2025-06-24T16:00:00Z,4.46e-06,8
SOLUSDT,2025-06-24T16:00:00Z,2.041e-05,8
BTCUSDT,2025-06-25T00:00:00Z,-3.174e-05,8
ETHUSDT,2025-06-25T00:00:00Z,-8.33e-06,8
SOLUSDT,2025-06-25T00:00:00Z,-1.345e-05,8
BTCUSDT,2025-06-25T08:00:00Z,2.747e-05,8
ETHUSDT,2025-06-25T08:00:00Z,-2.6e-07,8
SOLUSDT,2025-06-25T08:00:00Z,0.0001,8
BTCUSDT,2025-06-25T16:00:00Z,9.62e-06,8
ETHUSDT,2025-06-25T16:00:00Z,1.198e-05,8
SOLUSDT,2025-06-25T16:00:00Z,4.739e-05,8
BTCUSDT,2025-06-26T00:00:00Z,1.41e-06,8
ETHUSDT,2025-06-26T00:00:00Z,2.757e-05,8
SOLUSDT,2025-06-26T00:00:00Z,3.413e-05,8
BTCUSDT,2025-06-26T08:00:00Z,3.805e-05,8
ETHUSDT,2025-06-26T08:00:00Z,8.057e-05,8
SOLUSDT,2025-06-26T08:00:00Z,2.145e-05,8
BTCUSDT,2025-06-26T16:00:00Z,6.82e-06,8
ETHUSDT,2025-06-26T16:00:00Z,9.06e-06,8
SOLUSDT,2025-06-26T16:00:00Z,-6.184e-05,8
BTCUSDT,2025-06-27T00:00:00Z,1.113e-05,8
ETHUSDT,2025-06-27T00:00:00Z,3.79e-06,8
SOLUSDT,2025-06-27T00:00:00Z,-6.442e-05,8
BTCUSDT,2025-06-27T08:00:00Z,2.663e-05,8
ETHUSDT,2025-06-27T08:00:00Z,5.06e-06,8
SOLUSDT,2025-06-27T08:00:00Z,1.541e-05,8
BTCUSDT,2025-06-27T16:00:00Z,2.557e-05,8
ETHUSDT,2025-06-27T16:00:00Z,5.546e-05,8
SOLUSDT,2025-06-27T16:00:00Z,1.738e-05,8
BTCUSDT,2025-06-28T00:00:00Z,-1.161e-05,8
ETHUSDT,2025-06-28T00:00:00Z,8.436e-05,8
SOLUSDT,2025-06-28T00:00:00Z,6.933e-05,8
BTCUSDT,2025-06-28T08:00:00Z,6.053e-05,8
ETHUSDT,2025-06-28T08:00:00Z,6.58e-06,8
SOLUSDT,2025-06-28T08:00:00Z,0.0001,8
BTCUSDT,2025-06-28T16:00:00Z,4.434e-05,8
ETHUSDT,2025-06-28T16:00:00Z,4.011e-05,8
SOLUSDT,2025-06-28T16:00:00Z,0.0001,8
BTCUSDT,2025-06-29T00:00:00Z,1.25e-05,8
ETHUSDT,2025-06-29T00:00:00Z,6.176e-05,8
SOLUSDT,2025-06-29T00:00:00Z,0.0001,8
BTCUSDT,2025-06-29T08:00:00Z,5.36e-05,8
ETHUSDT,2025-06-29T08:00:00Z,8.777e-05,8
SOLUSDT,2025-06-29T08:00:00Z,0.0001,8
BTCUSDT,2025-06-29T16:00:00Z,0.0001,8
ETHUSDT,2025-06-29T16:00:00Z,4.2e-07,8
SOLUSDT,2025-06-29T16:00:00Z,3.46e-05,8
BTCUSDT,2025-06-30T00:00:00Z,1.084e-05,8
ETHUSDT,2025-06-30T00:00:00Z,5.102e-05,8
SOLUSDT,2025-06-30T00:00:00Z,6.987e-05,8
BTCUSDT,2025-06-30T08:00:00Z,2.959e-05,8
ETHUSDT,2025-06-30T08:00:00Z,9.119e-05,8
SOLUSDT,2025-06-30T08:00:00Z,8.33e-06,8
BTCUSDT,2025-06-30T16:00:00Z,4.923e-05,8
ETHUSDT,2025-06-30T16:00:00Z,3.94e-06,8
SOLUSDT,2025-06-30T16:00:00Z,3.926e-05,8
BTCUSDT,2025-07-01T00:00:00Z,1.053e-05,8
ETHUSDT,2025-07-01T00:00:00Z,8.191e-05,8
SOLUSDT,2025-07-01T00:00:00Z,9.123e-05,8
BTCUSDT,2025-07-01T08:00:00Z,4.334e-05,8
ETHUSDT,2025-07-01T08:00:00Z,1.541e-05,8
SOLUSDT,2025-07-01T08:00:00Z,5.05e-05,8
BTCUSDT,2025-07-01T16:00:00Z,1.109e-05,8
ETHUSDT,2025-07-01T16:00:00Z,-1.429e-05,8
SOLUSDT,2025-07-01T16:00:00Z,-7.235e-05,8
BTCUSDT,2025-07-02T00:00:00Z,1.807e-05,8
ETHUSDT,2025-07-02T00:00:00Z,1.952e-05,8
SOLUSDT,2025-07-02T00:00:00Z,-5.826e-05,8
BTCUSDT,2025-07-02T08:00:00Z,3.403e-05,8
ETHUSDT,2025-07-02T08:00:00Z,4.864e-05,8
SOLUSDT,2025-07-02T08:00:00Z,-4.281e-05,8
BTCUSDT,2025-07-02T16:00:00Z,4.13e-05,8
ETHUSDT,2025-07-02T16:00:00Z,5.236e-05,8
SOLUSDT,2025-07-02T16:00:00Z,-4.92e-06,8
BTCUSDT,2025-07-03T00:00:00Z,4.871e-05,8
ETHUSDT,2025-07-03T00:00:00Z,0.0001,8
SOLUSDT,2025-07-03T00:00:00Z,7.514e-05,8
BTCUSDT,2025-07-03T08:00:00Z,3.562e-05,8
ETHUSDT,2025-07-03T08:00:00Z,9.82e-05,8
SOLUSDT,2025-07-03T08:00:00Z,8.784e-05,8
BTCUSDT,2025-07-03T16:00:00Z,5.028e-05,8
ETHUSDT,2025-07-03T16:00:00Z,4.398e-05,8
SOLUSDT,2025-07-03T16:00:00Z,-8.08e-06,8
BTCUSDT,2025-07-04T00:00:00Z,5.23e-05,8
ETHUSDT,2025-07-04T00:00:00Z,1.353e-05,8
SOLUSDT,2025-07-04T00:00:00Z,-1.339e-05,8
BTCUSDT,2025-07-04T08:00:00Z,5.009e-05,8
ETHUSDT,2025-07-04T08:00:00Z,6.619e-05,8
SOLUSDT,2025-07-04T08:00:00Z,9.974e-05,8
BTCUSDT,2025-07-04T16:00:00Z,1.797e-05,8
ETHUSDT,2025-07-04T16:00:00Z,2.691e-05,8
SOLUSDT,2025-07-04T16:00:00Z,-6.162e-05,8
BTCUSDT,2025-07-05T00:00:00Z,1.066e-05,8
ETHUSDT,2025-07-05T00:00:00Z,1.406e-05,8
SOLUSDT,2025-07-05T00:00:00Z,-0.00015145,8
BTCUSDT,2025-07-05T08:00:00Z,3.055e-05,8
ETHUSDT,2025-07-05T08:00:00Z,3.958e-05,8
SOLUSDT,2025-07-05T08:00:00Z,-7.863e-05,8
BTCUSDT,2025-07-05T16:00:00Z,4.005e-05,8
ETHUSDT,2025-07-05T16:00:00Z,5.542e-05,8
SOLUSDT,2025-07-05T16:00:00Z,-6.498e-05,8
BTCUSDT,2025-07-06T00:00:00Z,1.941e-05,8
ETHUSDT,2025-07-06T00:00:00Z,3.909e-05,8
SOLUSDT,2025-07-06T00:00:00Z,-3.364e-05,8
BTCUSDT,2025-07-06T08:00:00Z,1.665e-05,8
ETHUSDT,2025-07-06T08:00:00Z,6.583e-05,8
SOLUSDT,2025-07-06T08:00:00Z,-7.54e-05,8
BTCUSDT,2025-07-06T16:00:00Z,1.028e-05,8
ETHUSDT,2025-07-06T16:00:00Z,8.149e-05,8
SOLUSDT,2025-07-06T16:00:00Z,3.442e-05,8
BTCUSDT,2025-07-07T00:00:00Z,2.36e-05,8
ETHUSDT,2025-07-07T00:00:00Z,0.0001,8
SOLUSDT,2025-07-07T00:00:00Z,0.0001,8
BTCUSDT,2025-07-07T08:00:00Z,3.438e-05,8
ETHUSDT,2025-07-07T08:00:00Z,0.0001,8
SOLUSDT,2025-07-07T08:00:00Z,6.88e-05,8
BTCUSDT,2025-07-07T16:00:00Z,4.271e-05,8
ETHUSDT,2025-07-07T16:00:00Z,-3.011e-05,8
SOLUSDT,2025-07-07T16:00:00Z,3.57e-05,8
BTCUSDT,2025-07-08T00:00:00Z,1.073e-05,8
ETHUSDT,2025-07-08T00:00:00Z,7.589e-05,8
SOLUSDT,2025-07-08T00:00:00Z,3.474e-05,8
BTCUSDT,2025-07-08T08:00:00Z,4.563e-05,8
ETHUSDT,2025-07-08T08:00:00Z,2.787e-05,8
SOLUSDT,2025-07-08T08:00:00Z,-3.311e-05,8
BTCUSDT,2025-07-08T16:00:00Z,3.601e-05,8
ETHUSDT,2025-07-08T16:00:00Z,6.466e-05,8
SOLUSDT,2025-07-08T16:00:00Z,-7.41e-06,8
BTCUSDT,2025-07-09T00:00:00Z,3.093e-05,8
ETHUSDT,2025-07-09T00:00:00Z,4.903e-05,8
SOLUSDT,2025-07-09T00:00:00Z,2.053e-05,8
BTCUSDT,2025-07-09T08:00:00Z,3.396e-05,8
ETHUSDT,2025-07-09T08:00:00Z,6.771e-05,8
SOLUSDT,2025-07-09T08:00:00Z,1.7e-07,8
BTCUSDT,2025-07-09T16:00:00Z,4.253e-05,8
ETHUSDT,2025-07-09T16:00:00Z,6.268e-05,8
SOLUSDT,2025-07-09T16:00:00Z,5.52e-06,8
BTCUSDT,2025-07-10T00:00:00Z,0.0001,8
ETHUSDT,2025-07-10T00:00:00Z,0.0001,8
SOLUSDT,2025-07-10T00:00:00Z,0.0001,8
BTCUSDT,2025-07-10T08:00:00Z,8.523e-05,8
ETHUSDT,2025-07-10T08:00:00Z,2.808e-05,8
SOLUSDT,2025-07-10T08:00:00Z,2.127e-05,8
BTCUSDT,2025-07-10T16:00:00Z,1.908e-05,8
ETHUSDT,2025-07-10T16:00:00Z,3.187e-05,8
SOLUSDT,2025-07-10T16:00:00Z,1.69e-05,8
BTCUSDT,2025-07-11T00:00:00Z,0.0001,8
ETHUSDT,2025-07-11T00:00:00Z,0.0001,8
SOLUSDT,2025-07-11T00:00:00Z,0.0001,8
BTCUSDT,2025-07-11T08:00:00Z,0.0001,8
ETHUSDT,2025-07-11T08:00:00Z,0.0001,8
SOLUSDT,2025-07-11T08:00:00Z,4.064e-05,8
BTCUSDT,2025-07-11T16:00:00Z,0.0001,8
ETHUSDT,2025-07-11T16:00:00Z,0.0001,8
SOLUSDT,2025-07-11T16:00:00Z,0.0001,8
BTCUSDT,2025-07-12T00:00:00Z,0.0001,8
ETHUSDT,2025-07-12T00:00:00Z,8.032e-05,8
SOLUSDT,2025-07-12T00:00:00Z,0.0001,8
BTCUSDT,2025-07-12T08:00:00Z,0.0001,8
ETHUSDT,2025-07-12T08:00:00Z,7.671e-05,8
SOLUSDT,2025-07-12T08:00:00Z,0.0001,8
BTCUSDT,2025-07-12T16:00:00Z,0.0001,8
ETHUSDT,2025-07-12T16:00:00Z,6.119e-05,8
SOLUSDT,2025-07-12T16:00:00Z,0.0001,8
BTCUSDT,2025-07-13T00:00:00Z,0.0001,8
ETHUSDT,2025-07-13T00:00:00Z,4.151e-05,8
SOLUSDT,2025-07-13T00:00:00Z,0.0001,8
BTCUSDT,2025-07-13T08:00:00Z,0.0001,8
ETHUSDT,2025-07-13T08:00:00Z,4.407e-05,8
SOLUSDT,2025-07-13T08:00:00Z,0.0001,8
BTCUSDT,2025-07-13T16:00:00Z,0.0001,8
ETHUSDT,2025-07-13T16:00:00Z,7.205e-05,8
SOLUSDT,2025-07-13T16:00:00Z,7.719e-05,8
BTCUSDT,2025-07-14T00:00:00Z,8.051e-05,8
ETHUSDT,2025-07-14T00:00:00Z,9.98e-06,8
SOLUSDT,2025-07-14T00:00:00Z,3.59e-05,8
BTCUSDT,2025-07-14T08:00:00Z,0.0001,8
ETHUSDT,2025-07-14T08:00:00Z,0.0001,8
SOLUSDT,2025-07-14T08:00:00Z,0.0001,8
BTCUSDT,2025-07-14T16:00:00Z,0.0001,8
ETHUSDT,2025-07-14T16:00:00Z,0.0001,8
SOLUSDT,2025-07-14T16:00:00Z,0.0001,8
BTCUSDT,2025-07-15T00:00:00Z,0.0001,8
ETHUSDT,2025-07-15T00:00:00Z,6.134e-05,8
SOLUSDT,2025-07-15T00:00:00Z,7.758e-05,8
BTCUSDT,2025-07-15T08:00:00Z,0.0001,8
ETHUSDT,2025-07-15T08:00:00Z,0.0001,8
SOLUSDT,2025-07-15T08:00:00Z,-3.61e-06,8
BTCUSDT,2025-07-15T16:00:00Z,0.0001,8
ETHUSDT,2025-07-15T16:00:00Z,0.0001,8
SOLUSDT,2025-07-15T16:00:00Z,2.244e-05,8
BTCUSDT,2025-07-16T00:00:00Z,0.0001,8
ETHUSDT,2025-07-16T00:00:00Z,0.0001,8
SOLUSDT,2025-07-16T00:00:00Z,0.0001,8
BTCUSDT,2025-07-16T08:00:00Z,0.0001,8
ETHUSDT,2025-07-16T08:00:00Z,0.0001,8
SOLUSDT,2025-07-16T08:00:00Z,0.0001,8
BTCUSDT,2025-07-16T16:00:00Z,0.0001,8
ETHUSDT,2025-07-16T16:00:00Z,0.0001,8
SOLUSDT,2025-07-16T16:00:00Z,0.0001,8
BTCUSDT,2025-07-17T00:00:00Z,0.0001,8
ETHUSDT,2025-07-17T00:00:00Z,0.0001,8
SOLUSDT,2025-07-17T00:00:00Z,0.0001,8
BTCUSDT,2025-07-17T08:00:00Z,0.0001,8
ETHUSDT,2025-07-17T08:00:00Z,0.0001,8
SOLUSDT,2025-07-17T08:00:00Z,0.0001,8
BTCUSDT,2025-07-17T16:00:00Z,0.0001,8
ETHUSDT,2025-07-17T16:00:00Z,0.0001,8
SOLUSDT,2025-07-17T16:00:00Z,0.0001,8
BTCUSDT,2025-07-18T00:00:00Z,0.0001,8
ETHUSDT,2025-07-18T00:00:00Z,0.0001,8
SOLUSDT,2025-07-18T00:00:00Z,0.0001,8
BTCUSDT,2025-07-18T08:00:00Z,0.0001,8
ETHUSDT,2025-07-18T08:00:00Z,0.0001,8
SOLUSDT,2025-07-18T08:00:00Z,0.0001,8
BTCUSDT,2025-07-18T16:00:00Z,0.0001,8
ETHUSDT,2025-07-18T16:00:00Z,0.0001,8
SOLUSDT,2025-07-18T16:00:00Z,0.0001,8
BTCUSDT,2025-07-19T00:00:00Z,0.0001,8
ETHUSDT,2025-07-19T00:00:00Z,0.0001,8
SOLUSDT,2025-07-19T00:00:00Z,0.0001,8
BTCUSDT,2025-07-19T08:00:00Z,0.0001,8
ETHUSDT,2025-07-19T08:00:00Z,0.0001,8
SOLUSDT,2025-07-19T08:00:00Z,0.0001,8
BTCUSDT,2025-07-19T16:00:00Z,0.0001,8
ETHUSDT,2025-07-19T16:00:00Z,0.0001,8
SOLUSDT,2025-07-19T16:00:00Z,0.0001,8
BTCUSDT,2025-07-20T00:00:00Z,0.0001,8
ETHUSDT,2025-07-20T00:00:00Z,0.0001,8
SOLUSDT,2025-07-20T00:00:00Z,0.0001,8
BTCUSDT,2025-07-20T08:00:00Z,0.0001,8
ETHUSDT,2025-07-20T08:00:00Z,0.0001,8
SOLUSDT,2025-07-20T08:00:00Z,0.0001,8
BTCUSDT,2025-07-20T16:00:00Z,0.0001,8
ETHUSDT,2025-07-20T16:00:00Z,0.0001,8
SOLUSDT,2025-07-20T16:00:00Z,0.0001,8
BTCUSDT,2025-07-21T00:00:00Z,0.0001,8
ETHUSDT,2025-07-21T00:00:00Z,0.0001,8
SOLUSDT,2025-07-21T00:00:00Z,0.0001,8
BTCUSDT,2025-07-21T08:00:00Z,0.0001,8
ETHUSDT,2025-07-21T08:00:00Z,0.0001,8
SOLUSDT,2025-07-21T08:00:00Z,0.0001,8
BTCUSDT,2025-07-21T16:00:00Z,0.0001,8
ETHUSDT,2025-07-21T16:00:00Z,0.0001,8
SOLUSDT,2025-07-21T16:00:00Z,0.000129,8
BTCUSDT,2025-07-22T00:00:00Z,0.0001,8
ETHUSDT,2025-07-22T00:00:00Z,0.0001,8
SOLUSDT,2025-07-22T00:00:00Z,0.0001,8
BTCUSDT,2025-07-22T08:00:00Z,0.0001,8
ETHUSDT,2025-07-22T08:00:00Z,0.0001,8
SOLUSDT,2025-07-22T08:00:00Z,0.0001,8
BTCUSDT,2025-07-22T16:00:00Z,0.0001,8
ETHUSDT,2025-07-22T16:00:00Z,0.0001,8
SOLUSDT,2025-07-22T16:00:00Z,0.0001,8
BTCUSDT,2025-07-23T00:00:00Z,0.0001,8
ETHUSDT,2025-07-23T00:00:00Z,0.0001,8
SOLUSDT,2025-07-23T00:00:00Z,0.0001,8
BTCUSDT,2025-07-23T08:00:00Z,0.0001,8
ETHUSDT,2025-07-23T08:00:00Z,0.0001,8
SOLUSDT,2025-07-23T08:00:00Z,0.0001,8
BTCUSDT,2025-07-23T16:00:00Z,0.0001,8
ETHUSDT,2025-07-23T16:00:00Z,0.0001,8
SOLUSDT,2025-07-23T16:00:00Z,0.0001,8
BTCUSDT,2025-07-24T00:00:00Z,0.0001,8
ETHUSDT,2025-07-24T00:00:00Z,0.0001,8
SOLUSDT,2025-07-24T00:00:00Z,0.0001,8
BTCUSDT,2025-07-24T08:00:00Z,0.0001,8
ETHUSDT,2025-07-24T08:00:00Z,0.0001,8
SOLUSDT,2025-07-24T08:00:00Z,0.0001,8
BTCUSDT,2025-07-24T16:00:00Z,0.0001,8
ETHUSDT,2025-07-24T16:00:00Z,0.0001,8
SOLUSDT,2025-07-24T16:00:00Z,0.0001,8
BTCUSDT,2025-07-25T00:00:00Z,0.0001,8
ETHUSDT,2025-07-25T00:00:00Z,0.0001,8
SOLUSDT,2025-07-25T00:00:00Z,0.0001,8
BTCUSDT,2025-07-25T08:00:00Z,0.0001,8
ETHUSDT,2025-07-25T08:00:00Z,0.0001,8
SOLUSDT,2025-07-25T08:00:00Z,6.102e-05,8
BTCUSDT,2025-07-25T16:00:00Z,0.0001,8
ETHUSDT,2025-07-25T16:00:00Z,0.0001,8
SOLUSDT,2025-07-25T16:00:00Z,0.0001,8
BTCUSDT,2025-07-26T00:00:00Z,0.0001,8
ETHUSDT,2025-07-26T00:00:00Z,0.0001,8
SOLUSDT,2025-07-26T00:00:00Z,0.0001,8
BTCUSDT,2025-07-26T08:00:00Z,0.0001,8
ETHUSDT,2025-07-26T08:00:00Z,0.0001,8
SOLUSDT,2025-07-26T08:00:00Z,0.0001,8
BTCUSDT,2025-07-26T16:00:00Z,0.0001,8
ETHUSDT,2025-07-26T16:00:00Z,0.0001,8
SOLUSDT,2025-07-26T16:00:00Z,0.0001,8
BTCUSDT,2025-07-27T00:00:00Z,0.0001,8
ETHUSDT,2025-07-27T00:00:00Z,9.322e-05,8
SOLUSDT,2025-07-27T00:00:00Z,0.0001,8
BTCUSDT,2025-07-27T08:00:00Z,0.0001,8
ETHUSDT,2025-07-27T08:00:00Z,8.879e-05,8
SOLUSDT,2025-07-27T08:00:00Z,0.0001,8
BTCUSDT,2025-07-27T16:00:00Z,0.0001,8
ETHUSDT,2025-07-27T16:00:00Z,0.0001,8
SOLUSDT,2025-07-27T16:00:00Z,0.0001,8
BTCUSDT,2025-07-28T00:00:00Z,0.0001,8
ETHUSDT,2025-07-28T00:00:00Z,0.0001,8
SOLUSDT,2025-07-28T00:00:00Z,0.0001,8
BTCUSDT,2025-07-28T08:00:00Z,0.0001,8
ETHUSDT,2025-07-28T08:00:00Z,0.0001,8
SOLUSDT,2025-07-28T08:00:00Z,0.0001,8
BTCUSDT,2025-07-28T16:00:00Z,0.0001,8
ETHUSDT,2025-07-28T16:00:00Z,0.0001,8
SOLUSDT,2025-07-28T16:00:00Z,0.0001,8
BTCUSDT,2025-07-29T00:00:00Z,0.0001,8
ETHUSDT,2025-07-29T00:00:00Z,4.494e-05,8
SOLUSDT,2025-07-29T00:00:00Z,-3.47e-06,8
BTCUSDT,2025-07-29T08:00:00Z,0.0001,8
ETHUSDT,2025-07-29T08:00:00Z,0.0001,8
SOLUSDT,2025-07-29T08:00:00Z,8.17e-06,8
BTCUSDT,2025-07-29T16:00:00Z,0.0001,8
ETHUSDT,2025-07-29T16:00:00Z,0.0001,8
SOLUSDT,2025-07-29T16:00:00Z,4.218e-05,8
BTCUSDT,2025-07-30T00:00:00Z,0.0001,8
ETHUSDT,2025-07-30T00:00:00Z,2.488e-05,8
SOLUSDT,2025-07-30T00:00:00Z,1.098e-05,8
BTCUSDT,2025-07-30T08:00:00Z,0.0001,8
ETHUSDT,2025-07-30T08:00:00Z,5.083e-05,8
SOLUSDT,2025-07-30T08:00:00Z,7.655e-05,8
BTCUSDT,2025-07-30T16:00:00Z,0.0001,8
ETHUSDT,2025-07-30T16:00:00Z,1.54e-05,8
SOLUSDT,2025-07-30T16:00:00Z,-1.266e-05,8
BTCUSDT,2025-07-31T00:00:00Z,5.694e-05,8
ETHUSDT,2025-07-31T00:00:00Z,5.162e-05,8
SOLUSDT,2025-07-31T00:00:00Z,-8.14e-06,8
BTCUSDT,2025-07-31T08:00:00Z,0.0001,8
ETHUSDT,2025-07-31T08:00:00Z,0.0001,8
SOLUSDT,2025-07-31T08:00:00Z,4.662e-05,8
BTCUSDT,2025-07-31T16:00:00Z,0.0001,8
ETHUSDT,2025-07-31T16:00:00Z,-1.18e-05,8
SOLUSDT,2025-07-31T16:00:00Z,8.62e-06,8
BTCUSDT,2025-08-01T00:00:00Z,-1.408e-05,8
ETHUSDT,2025-08-01T00:00:00Z,-3.749e-05,8
SOLUSDT,2025-08-01T00:00:00Z,4.034e-05,8
BTCUSDT,2025-08-01T08:00:00Z,1.549e-05,8
ETHUSDT,2025-08-01T08:00:00Z,1.113e-05,8
SOLUSDT,2025-08-01T08:00:00Z,-1.44e-05,8
BTCUSDT,2025-08-01T16:00:00Z,5.681e-05,8
ETHUSDT,2025-08-01T16:00:00Z,4.859e-05,8
SOLUSDT,2025-08-01T16:00:00Z,3.852e-05,8
BTCUSDT,2025-08-02T00:00:00Z,4.81e-05,8
ETHUSDT,2025-08-02T00:00:00Z,5.795e-05,8
SOLUSDT,2025-08-02T00:00:00Z,-3.851e-05,8
BTCUSDT,2025-08-02T08:00:00Z,8.94e-06,8
ETHUSDT,2025-08-02T08:00:00Z,6.57e-06,8
SOLUSDT,2025-08-02T08:00:00Z,3.654e-05,8
BTCUSDT,2025-08-02T16:00:00Z,4.437e-05,8
ETHUSDT,2025-08-02T16:00:00Z,7.965e-05,8
SOLUSDT,2025-08-02T16:00:00Z,3.981e-05,8
BTCUSDT,2025-08-03T00:00:00Z,5.633e-05,8
ETHUSDT,2025-08-03T00:00:00Z,6.733e-05,8
SOLUSDT,2025-08-03T00:00:00Z,-0.00010062,8
BTCUSDT,2025-08-03T08:00:00Z,4.533e-05,8
ETHUSDT,2025-08-03T08:00:00Z,5.752e-05,8
SOLUSDT,2025-08-03T08:00:00Z,-5.92e-05,8
BTCUSDT,2025-08-03T16:00:00Z,7.504e-05,8
ETHUSDT,2025-08-03T16:00:00Z,3.767e-05,8
SOLUSDT,2025-08-03T16:00:00Z,-7.571e-05,8
BTCUSDT,2025-08-04T00:00:00Z,4.188e-05,8
ETHUSDT,2025-08-04T00:00:00Z,1.719e-05,8
SOLUSDT,2025-08-04T00:00:00Z,-0.00014534,8
BTCUSDT,2025-08-04T08:00:00Z,5.719e-05,8
ETHUSDT,2025-08-04T08:00:00Z,1.113e-05,8
SOLUSDT,2025-08-04T08:00:00Z,-6.297e-05,8
BTCUSDT,2025-08-04T16:00:00Z,3.912e-05,8
ETHUSDT,2025-08-04T16:00:00Z,3.611e-05,8
SOLUSDT,2025-08-04T16:00:00Z,-6.458e-05,8
BTCUSDT,2025-08-05T00:00:00Z,7.101e-05,8
ETHUSDT,2025-08-05T00:00:00Z,1.47e-06,8
SOLUSDT,2025-08-05T00:00:00Z,-3.577e-05,8
BTCUSDT,2025-08-05T08:00:00Z,8.589e-05,8
ETHUSDT,2025-08-05T08:00:00Z,3.116e-05,8
SOLUSDT,2025-08-05T08:00:00Z,-2.117e-05,8
BTCUSDT,2025-08-05T16:00:00Z,4.784e-05,8
ETHUSDT,2025-08-05T16:00:00Z,1.37e-05,8
SOLUSDT,2025-08-05T16:00:00Z,-4.816e-05,8
BTCUSDT,2025-08-06T00:00:00Z,5.172e-05,8
ETHUSDT,2025-08-06T00:00:00Z,2.413e-05,8
SOLUSDT,2025-08-06T00:00:00Z,-6.84e-05,8
BTCUSDT,2025-08-06T08:00:00Z,9.275e-05,8
ETHUSDT,2025-08-06T08:00:00Z,8.2e-05,8
SOLUSDT,2025-08-06T08:00:00Z,-3.584e-05,8
BTCUSDT,2025-08-06T16:00:00Z,8.288e-05,8
ETHUSDT,2025-08-06T16:00:00Z,6.246e-05,8
SOLUSDT,2025-08-06T16:00:00Z,1.84e-05,8
BTCUSDT,2025-08-07T00:00:00Z,4.843e-05,8
ETHUSDT,2025-08-07T00:00:00Z,6.227e-05,8
SOLUSDT,2025-08-07T00:00:00Z,0.0001,8
BTCUSDT,2025-08-07T08:00:00Z,7.574e-05,8
ETHUSDT,2025-08-07T08:00:00Z,4.285e-05,8
SOLUSDT,2025-08-07T08:00:00Z,1.246e-05,8
BTCUSDT,2025-08-07T16:00:00Z,6.275e-05,8
ETHUSDT,2025-08-07T16:00:00Z,0.0001,8
SOLUSDT,2025-08-07T16:00:00Z,4.431e-05,8
BTCUSDT,2025-08-08T00:00:00Z,2.403e-05,8
ETHUSDT,2025-08-08T00:00:00Z,4.26e-05,8
SOLUSDT,2025-08-08T00:00:00Z,6.422e-05,8
BTCUSDT,2025-08-08T08:00:00Z,1.729e-05,8
ETHUSDT,2025-08-08T08:00:00Z,0.0001,8
SOLUSDT,2025-08-08T08:00:00Z,1.197e-05,8
BTCUSDT,2025-08-08T16:00:00Z,7.973e-05,8
ETHUSDT,2025-08-08T16:00:00Z,0.0001,8
SOLUSDT,2025-08-08T16:00:00Z,3.043e-05,8
BTCUSDT,2025-08-09T00:00:00Z,8.835e-05,8
ETHUSDT,2025-08-09T00:00:00Z,0.0001,8
SOLUSDT,2025-08-09T00:00:00Z,0.0001,8
BTCUSDT,2025-08-09T08:00:00Z,9.087e-05,8
ETHUSDT,2025-08-09T08:00:00Z,0.0001,8
SOLUSDT,2025-08-09T08:00:00Z,8.345e-05,8
BTCUSDT,2025-08-09T16:00:00Z,5.151e-05,8
ETHUSDT,2025-08-09T16:00:00Z,0.0001,8
SOLUSDT,2025-08-09T16:00:00Z,7.712e-05,8
BTCUSDT,2025-08-10T00:00:00Z,9.849e-05,8
ETHUSDT,2025-08-10T00:00:00Z,9.916e-05,8
SOLUSDT,2025-08-10T00:00:00Z,9.612e-05,8
BTCUSDT,2025-08-10T08:00:00Z,0.0001,8
ETHUSDT,2025-08-10T08:00:00Z,0.0001,8
SOLUSDT,2025-08-10T08:00:00Z,7.842e-05,8
BTCUSDT,2025-08-10T16:00:00Z,0.0001,8
ETHUSDT,2025-08-10T16:00:00Z,0.0001,8
SOLUSDT,2025-08-10T16:00:00Z,0.0001,8
BTCUSDT,2025-08-11T00:00:00Z,0.0001,8
ETHUSDT,2025-08-11T00:00:00Z,8.873e-05,8
SOLUSDT,2025-08-11T00:00:00Z,9.508e-05,8
BTCUSDT,2025-08-11T08:00:00Z,0.0001,8
ETHUSDT,2025-08-11T08:00:00Z,9.354e-05,8
SOLUSDT,2025-08-11T08:00:00Z,0.0001,8
BTCUSDT,2025-08-11T16:00:00Z,0.0001,8
ETHUSDT,2025-08-11T16:00:00Z,0.0001,8
SOLUSDT,2025-08-11T16:00:00Z,3.19e-06,8
BTCUSDT,2025-08-12T00:00:00Z,0.0001,8
ETHUSDT,2025-08-12T00:00:00Z,3.659e-05,8
SOLUSDT,2025-08-12T00:00:00Z,-2.394e-05,8
BTCUSDT,2025-08-12T08:00:00Z,7.988e-05,8
ETHUSDT,2025-08-12T08:00:00Z,0.0001,8
SOLUSDT,2025-08-12T08:00:00Z,-1.203e-05,8
BTCUSDT,2025-08-12T16:00:00Z,8.543e-05,8
ETHUSDT,2025-08-12T16:00:00Z,0.0001,8
SOLUSDT,2025-08-12T16:00:00Z,-2.257e-05,8
BTCUSDT,2025-08-13T00:00:00Z,7.123e-05,8
ETHUSDT,2025-08-13T00:00:00Z,0.0001,8
SOLUSDT,2025-08-13T00:00:00Z,0.0001,8
BTCUSDT,2025-08-13T08:00:00Z,0.0001,8
ETHUSDT,2025-08-13T08:00:00Z,0.0001,8
SOLUSDT,2025-08-13T08:00:00Z,0.0001,8
BTCUSDT,2025-08-13T16:00:00Z,0.0001,8
ETHUSDT,2025-08-13T16:00:00Z,0.0001,8
SOLUSDT,2025-08-13T16:00:00Z,0.0001,8
BTCUSDT,2025-08-14T00:00:00Z,0.0001,8
ETHUSDT,2025-08-14T00:00:00Z,0.0001,8
SOLUSDT,2025-08-14T00:00:00Z,0.0001,8
BTCUSDT,2025-08-14T08:00:00Z,0.0001,8
ETHUSDT,2025-08-14T08:00:00Z,0.0001,8
SOLUSDT,2025-08-14T08:00:00Z,0.00025876,8
BTCUSDT,2025-08-14T16:00:00Z,0.0001,8
ETHUSDT,2025-08-14T16:00:00Z,0.0001,8
SOLUSDT,2025-08-14T16:00:00Z,0.0001,8
BTCUSDT,2025-08-15T00:00:00Z,1.939e-05,8
ETHUSDT,2025-08-15T00:00:00Z,0.0001,8
SOLUSDT,2025-08-15T00:00:00Z,0.0001,8
BTCUSDT,2025-08-15T08:00:00Z,7.99e-05,8
ETHUSDT,2025-08-15T08:00:00Z,9.765e-05,8
SOLUSDT,2025-08-15T08:00:00Z,0.0001,8
BTCUSDT,2025-08-15T16:00:00Z,3.722e-05,8
ETHUSDT,2025-08-15T16:00:00Z,6.474e-05,8
SOLUSDT,2025-08-15T16:00:00Z,4.024e-05,8
BTCUSDT,2025-08-16T00:00:00Z,8.85e-05,8
ETHUSDT,2025-08-16T00:00:00Z,5.967e-05,8
SOLUSDT,2025-08-16T00:00:00Z,-4.219e-05,8
BTCUSDT,2025-08-16T08:00:00Z,8.268e-05,8
ETHUSDT,2025-08-16T08:00:00Z,8.99e-05,8
SOLUSDT,2025-08-16T08:00:00Z,6.279e-05,8
BTCUSDT,2025-08-16T16:00:00Z,9.023e-05,8
ETHUSDT,2025-08-16T16:00:00Z,1.968e-05,8
SOLUSDT,2025-08-16T16:00:00Z,7.134e-05,8
BTCUSDT,2025-08-17T00:00:00Z,8.206e-05,8
ETHUSDT,2025-08-17T00:00:00Z,4.669e-05,8
SOLUSDT,2025-08-17T00:00:00Z,0.0001,8
BTCUSDT,2025-08-17T08:00:00Z,4.68e-05,8
ETHUSDT,2025-08-17T08:00:00Z,-6.68e-06,8
SOLUSDT,2025-08-17T08:00:00Z,9.63e-05,8
BTCUSDT,2025-08-17T16:00:00Z,1.862e-05,8
ETHUSDT,2025-08-17T16:00:00Z,5.334e-05,8
SOLUSDT,2025-08-17T16:00:00Z,5.105e-05,8
BTCUSDT,2025-08-18T00:00:00Z,2.846e-05,8
ETHUSDT,2025-08-18T00:00:00Z,6.32e-06,8
SOLUSDT,2025-08-18T00:00:00Z,8.86e-05,8
BTCUSDT,2025-08-18T08:00:00Z,-6.82e-06,8
ETHUSDT,2025-08-18T08:00:00Z,9.191e-05,8
SOLUSDT,2025-08-18T08:00:00Z,-5.077e-05,8
BTCUSDT,2025-08-18T16:00:00Z,5.296e-05,8
ETHUSDT,2025-08-18T16:00:00Z,8.959e-05,8
SOLUSDT,2025-08-18T16:00:00Z,-6.163e-05,8
BTCUSDT,2025-08-19T00:00:00Z,7.137e-05,8
ETHUSDT,2025-08-19T00:00:00Z,0.0001,8
SOLUSDT,2025-08-19T00:00:00Z,-1.986e-05,8
BTCUSDT,2025-08-19T08:00:00Z,6.262e-05,8
ETHUSDT,2025-08-19T08:00:00Z,0.0001,8
SOLUSDT,2025-08-19T08:00:00Z,4.048e-05,8
BTCUSDT,2025-08-19T16:00:00Z,3.167e-05,8
ETHUSDT,2025-08-19T16:00:00Z,0.0001,8
SOLUSDT,2025-08-19T16:00:00Z,6.293e-05,8
BTCUSDT,2025-08-20T00:00:00Z,4.543e-05,8
ETHUSDT,2025-08-20T00:00:00Z,0.0001,8
SOLUSDT,2025-08-20T00:00:00Z,2.581e-05,8
BTCUSDT,2025-08-20T08:00:00Z,1.364e-05,8
ETHUSDT,2025-08-20T08:00:00Z,3.18e-06,8
SOLUSDT,2025-08-20T08:00:00Z,8.81e-05,8
BTCUSDT,2025-08-20T16:00:00Z,4.936e-05,8
ETHUSDT,2025-08-20T16:00:00Z,9.07e-05,8
SOLUSDT,2025-08-20T16:00:00Z,0.0001,8
BTCUSDT,2025-08-21T00:00:00Z,1.143e-05,8
ETHUSDT,2025-08-21T00:00:00Z,6.232e-05,8
SOLUSDT,2025-08-21T00:00:00Z,0.0001,8
BTCUSDT,2025-08-21T08:00:00Z,7.757e-05,8
ETHUSDT,2025-08-21T08:00:00Z,5.834e-05,8
SOLUSDT,2025-08-21T08:00:00Z,0.0001,8
BTCUSDT,2025-08-21T16:00:00Z,7.414e-05,8
ETHUSDT,2025-08-21T16:00:00Z,2.689e-05,8
SOLUSDT,2025-08-21T16:00:00Z,1.366e-05,8
BTCUSDT,2025-08-22T00:00:00Z,7.296e-05,8
ETHUSDT,2025-08-22T00:00:00Z,6.376e-05,8
SOLUSDT,2025-08-22T00:00:00Z,3.301e-05,8
BTCUSDT,2025-08-22T08:00:00Z,0.0001,8
ETHUSDT,2025-08-22T08:00:00Z,6.67e-05,8
SOLUSDT,2025-08-22T08:00:00Z,0.0001,8
BTCUSDT,2025-08-22T16:00:00Z,5.867e-05,8
ETHUSDT,2025-08-22T16:00:00Z,6.004e-05,8
SOLUSDT,2025-08-22T16:00:00Z,0.0001,8
BTCUSDT,2025-08-23T00:00:00Z,0.0001,8
ETHUSDT,2025-08-23T00:00:00Z,0.0001,8
SOLUSDT,2025-08-23T00:00:00Z,0.0001,8
BTCUSDT,2025-08-23T08:00:00Z,0.0001,8
ETHUSDT,2025-08-23T08:00:00Z,0.0001,8
SOLUSDT,2025-08-23T08:00:00Z,0.0001,8
BTCUSDT,2025-08-23T16:00:00Z,9.711e-05,8
ETHUSDT,2025-08-23T16:00:00Z,0.0001,8
SOLUSDT,2025-08-23T16:00:00Z,0.0001,8
BTCUSDT,2025-08-24T00:00:00Z,0.0001,8
ETHUSDT,2025-08-24T00:00:00Z,0.0001,8
SOLUSDT,2025-08-24T00:00:00Z,0.0001,8
BTCUSDT,2025-08-24T08:00:00Z,0.0001,8
ETHUSDT,2025-08-24T08:00:00Z,0.0001,8
SOLUSDT,2025-08-24T08:00:00Z,0.0001,8
BTCUSDT,2025-08-24T16:00:00Z,0.0001,8
ETHUSDT,2025-08-24T16:00:00Z,0.0001,8
SOLUSDT,2025-08-24T16:00:00Z,0.0001,8
BTCUSDT,2025-08-25T00:00:00Z,0.0001,8
ETHUSDT,2025-08-25T00:00:00Z,4.932e-05,8
SOLUSDT,2025-08-25T00:00:00Z,0.0001,8
BTCUSDT,2025-08-25T08:00:00Z,0.0001,8
ETHUSDT,2025-08-25T08:00:00Z,4.567e-05,8
SOLUSDT,2025-08-25T08:00:00Z,0.0001,8
BTCUSDT,2025-08-25T16:00:00Z,8.344e-05,8
ETHUSDT,2025-08-25T16:00:00Z,1.732e-05,8
SOLUSDT,2025-08-25T16:00:00Z,0.0001,8
BTCUSDT,2025-08-26T00:00:00Z,4.522e-05,8
ETHUSDT,2025-08-26T00:00:00Z,-7.39e-06,8
SOLUSDT,2025-08-26T00:00:00Z,2.857e-05,8
BTCUSDT,2025-08-26T08:00:00Z,3.9e-05,8
ETHUSDT,2025-08-26T08:00:00Z,1.08e-05,8
SOLUSDT,2025-08-26T08:00:00Z,-8.98e-06,8
BTCUSDT,2025-08-26T16:00:00Z,0.0001,8
ETHUSDT,2025-08-26T16:00:00Z,1.029e-05,8
SOLUSDT,2025-08-26T16:00:00Z,5.27e-05,8
BTCUSDT,2025-08-27T00:00:00Z,1.802e-05,8
ETHUSDT,2025-08-27T00:00:00Z,-8.19e-06,8
SOLUSDT,2025-08-27T00:00:00Z,0.0001,8
BTCUSDT,2025-08-27T08:00:00Z,5.503e-05,8
ETHUSDT,2025-08-27T08:00:00Z,1.933e-05,8
SOLUSDT,2025-08-27T08:00:00Z,0.0001,8
BTCUSDT,2025-08-27T16:00:00Z,3.496e-05,8
ETHUSDT,2025-08-27T16:00:00Z,4.152e-05,8
SOLUSDT,2025-08-27T16:00:00Z,0.0001,8
BTCUSDT,2025-08-28T00:00:00Z,5.297e-05,8
ETHUSDT,2025-08-28T00:00:00Z,5.965e-05,8
SOLUSDT,2025-08-28T00:00:00Z,0.0001,8
BTCUSDT,2025-08-28T08:00:00Z,9.693e-05,8
ETHUSDT,2025-08-28T08:00:00Z,2.643e-05,8
SOLUSDT,2025-08-28T08:00:00Z,0.0001,8
BTCUSDT,2025-08-28T16:00:00Z,7.512e-05,8
ETHUSDT,2025-08-28T16:00:00Z,2.175e-05,8
SOLUSDT,2025-08-28T16:00:00Z,0.0001,8
BTCUSDT,2025-08-29T00:00:00Z,4.261e-05,8
ETHUSDT,2025-08-29T00:00:00Z,1.728e-05,8
SOLUSDT,2025-08-29T00:00:00Z,8.562e-05,8
BTCUSDT,2025-08-29T08:00:00Z,5.856e-05,8
ETHUSDT,2025-08-29T08:00:00Z,4.981e-05,8
SOLUSDT,2025-08-29T08:00:00Z,7.793e-05,8
BTCUSDT,2025-08-29T16:00:00Z,6.44e-06,8
ETHUSDT,2025-08-29T16:00:00Z,1.496e-05,8
SOLUSDT,2025-08-29T16:00:00Z,7.047e-05,8
BTCUSDT,2025-08-30T00:00:00Z,7.523e-05,8
ETHUSDT,2025-08-30T00:00:00Z,4.162e-05,8
SOLUSDT,2025-08-30T00:00:00Z,-1.362e-05,8
BTCUSDT,2025-08-30T08:00:00Z,7.979e-05,8
ETHUSDT,2025-08-30T08:00:00Z,-1.108e-05,8
SOLUSDT,2025-08-30T08:00:00Z,5.373e-05,8
BTCUSDT,2025-08-30T16:00:00Z,8.042e-05,8
ETHUSDT,2025-08-30T16:00:00Z,4.057e-05,8
SOLUSDT,2025-08-30T16:00:00Z,-3.14e-05,8
BTCUSDT,2025-08-31T00:00:00Z,-1.232e-05,8
ETHUSDT,2025-08-31T00:00:00Z,-1.39e-05,8
SOLUSDT,2025-08-31T00:00:00Z,1.753e-05,8
BTCUSDT,2025-08-31T08:00:00Z,4.749e-05,8
ETHUSDT,2025-08-31T08:00:00Z,5.543e-05,8
SOLUSDT,2025-08-31T08:00:00Z,9.518e-05,8
BTCUSDT,2025-08-31T16:00:00Z,0.0001,8
ETHUSDT,2025-08-31T16:00:00Z,-1.154e-05,8
SOLUSDT,2025-08-31T16:00:00Z,9.036e-05,8
BTCUSDT,2025-09-01T00:00:00Z,4.66e-05,8
ETHUSDT,2025-09-01T00:00:00Z,-2.114e-05,8
SOLUSDT,2025-09-01T00:00:00Z,9.019e-05,8
BTCUSDT,2025-09-01T08:00:00Z,0.0001,8
ETHUSDT,2025-09-01T08:00:00Z,-1.3e-05,8
SOLUSDT,2025-09-01T08:00:00Z,7.92e-06,8
BTCUSDT,2025-09-01T16:00:00Z,4.963e-05,8
ETHUSDT,2025-09-01T16:00:00Z,1.22e-06,8
SOLUSDT,2025-09-01T16:00:00Z,2.302e-05,8
BTCUSDT,2025-09-02T00:00:00Z,6.946e-05,8
ETHUSDT,2025-09-02T00:00:00Z,4.06e-06,8
SOLUSDT,2025-09-02T00:00:00Z,4.576e-05,8
BTCUSDT,2025-09-02T08:00:00Z,8.805e-05,8
ETHUSDT,2025-09-02T08:00:00Z,5.513e-05,8
SOLUSDT,2025-09-02T08:00:00Z,0.0001,8
BTCUSDT,2025-09-02T16:00:00Z,6.356e-05,8
ETHUSDT,2025-09-02T16:00:00Z,3.026e-05,8
SOLUSDT,2025-09-02T16:00:00Z,9.872e-05,8
BTCUSDT,2025-09-03T00:00:00Z,7.67e-06,8
ETHUSDT,2025-09-03T00:00:00Z,1.812e-05,8
SOLUSDT,2025-09-03T00:00:00Z,0.0001,8
BTCUSDT,2025-09-03T08:00:00Z,5.127e-05,8
ETHUSDT,2025-09-03T08:00:00Z,-1.11e-06,8
SOLUSDT,2025-09-03T08:00:00Z,8.685e-05,8
BTCUSDT,2025-09-03T16:00:00Z,2.344e-05,8
ETHUSDT,2025-09-03T16:00:00Z,3.174e-05,8
SOLUSDT,2025-09-03T16:00:00Z,7.61e-06,8
BTCUSDT,2025-09-04T00:00:00Z,1.808e-05,8
ETHUSDT,2025-09-04T00:00:00Z,2.311e-05,8
SOLUSDT,2025-09-04T00:00:00Z,3.074e-05,8
BTCUSDT,2025-09-04T08:00:00Z,4.385e-05,8
ETHUSDT,2025-09-04T08:00:00Z,-2.012e-05,8
SOLUSDT,2025-09-04T08:00:00Z,6.703e-05,8
BTCUSDT,2025-09-04T16:00:00Z,7.941e-05,8
ETHUSDT,2025-09-04T16:00:00Z,-2.527e-05,8
SOLUSDT,2025-09-04T16:00:00Z,6.691e-05,8
BTCUSDT,2025-09-05T00:00:00Z,7.532e-05,8
ETHUSDT,2025-09-05T00:00:00Z,-5.54e-05,8
SOLUSDT,2025-09-05T00:00:00Z,-4.57e-06,8
BTCUSDT,2025-09-05T08:00:00Z,0.0001,8
ETHUSDT,2025-09-05T08:00:00Z,-3.456e-05,8
SOLUSDT,2025-09-05T08:00:00Z,1.493e-05,8
BTCUSDT,2025-09-05T16:00:00Z,7.872e-05,8
ETHUSDT,2025-09-05T16:00:00Z,2.866e-05,8
SOLUSDT,2025-09-05T16:00:00Z,1.122e-05,8
BTCUSDT,2025-09-06T00:00:00Z,1.297e-05,8
ETHUSDT,2025-09-06T00:00:00Z,-2.104e-05,8
SOLUSDT,2025-09-06T00:00:00Z,8.9e-05,8
BTCUSDT,2025-09-06T08:00:00Z,5.66e-05,8
ETHUSDT,2025-09-06T08:00:00Z,3.956e-05,8
SOLUSDT,2025-09-06T08:00:00Z,0.0001,8
BTCUSDT,2025-09-06T16:00:00Z,5.11e-05,8
ETHUSDT,2025-09-06T16:00:00Z,4.06e-05,8
SOLUSDT,2025-09-06T16:00:00Z,1.754e-05,8
BTCUSDT,2025-09-07T00:00:00Z,1.97e-05,8
ETHUSDT,2025-09-07T00:00:00Z,5.946e-05,8
SOLUSDT,2025-09-07T00:00:00Z,6e-08,8
BTCUSDT,2025-09-07T08:00:00Z,3.611e-05,8
ETHUSDT,2025-09-07T08:00:00Z,8.938e-05,8
SOLUSDT,2025-09-07T08:00:00Z,6.542e-05,8
BTCUSDT,2025-09-07T16:00:00Z,6.969e-05,8
ETHUSDT,2025-09-07T16:00:00Z,3.335e-05,8
SOLUSDT,2025-09-07T16:00:00Z,3.077e-05,8
BTCUSDT,2025-09-08T00:00:00Z,9.404e-05,8
ETHUSDT,2025-09-08T00:00:00Z,2.556e-05,8
SOLUSDT,2025-09-08T00:00:00Z,0.0001,8
BTCUSDT,2025-09-08T08:00:00Z,6.682e-05,8
ETHUSDT,2025-09-08T08:00:00Z,2.063e-05,8
SOLUSDT,2025-09-08T08:00:00Z,0.0001,8
BTCUSDT,2025-09-08T16:00:00Z,7.311e-05,8
ETHUSDT,2025-09-08T16:00:00Z,9.082e-05,8
SOLUSDT,2025-09-08T16:00:00Z,0.0001,8
BTCUSDT,2025-09-09T00:00:00Z,3.799e-05,8
ETHUSDT,2025-09-09T00:00:00Z,4.706e-05,8
SOLUSDT,2025-09-09T00:00:00Z,8.916e-05,8
BTCUSDT,2025-09-09T08:00:00Z,0.0001,8
ETHUSDT,2025-09-09T08:00:00Z,0.0001,8
SOLUSDT,2025-09-09T08:00:00Z,0.0001,8
BTCUSDT,2025-09-09T16:00:00Z,0.0001,8
ETHUSDT,2025-09-09T16:00:00Z,6.645e-05,8
SOLUSDT,2025-09-09T16:00:00Z,0.0001,8
BTCUSDT,2025-09-10T00:00:00Z,5.805e-05,8
ETHUSDT,2025-09-10T00:00:00Z,6.156e-05,8
SOLUSDT,2025-09-10T00:00:00Z,3.617e-05,8
BTCUSDT,2025-09-10T08:00:00Z,5.026e-05,8
ETHUSDT,2025-09-10T08:00:00Z,8.82e-05,8
SOLUSDT,2025-09-10T08:00:00Z,0.0001,8
BTCUSDT,2025-09-10T16:00:00Z,0.0001,8
ETHUSDT,2025-09-10T16:00:00Z,0.0001,8
SOLUSDT,2025-09-10T16:00:00Z,0.0001,8
BTCUSDT,2025-09-11T00:00:00Z,5.843e-05,8
ETHUSDT,2025-09-11T00:00:00Z,1.341e-05,8
SOLUSDT,2025-09-11T00:00:00Z,4.953e-05,8
BTCUSDT,2025-09-11T08:00:00Z,4.283e-05,8
ETHUSDT,2025-09-11T08:00:00Z,0.0001,8
SOLUSDT,2025-09-11T08:00:00Z,-1.99e-05,8
BTCUSDT,2025-09-11T16:00:00Z,3.326e-05,8
ETHUSDT,2025-09-11T16:00:00Z,8.501e-05,8
SOLUSDT,2025-09-11T16:00:00Z,9.486e-05,8
BTCUSDT,2025-09-12T00:00:00Z,6.137e-05,8
ETHUSDT,2025-09-12T00:00:00Z,4.858e-05,8
SOLUSDT,2025-09-12T00:00:00Z,2.36e-06,8
BTCUSDT,2025-09-12T08:00:00Z,3.768e-05,8
ETHUSDT,2025-09-12T08:00:00Z,0.0001,8
SOLUSDT,2025-09-12T08:00:00Z,4.69e-06,8
BTCUSDT,2025-09-12T16:00:00Z,6.891e-05,8
ETHUSDT,2025-09-12T16:00:00Z,0.0001,8
SOLUSDT,2025-09-12T16:00:00Z,7.19e-06,8
BTCUSDT,2025-09-13T00:00:00Z,-1.554e-05,8
ETHUSDT,2025-09-13T00:00:00Z,0.0001,8
SOLUSDT,2025-09-13T00:00:00Z,1.709e-05,8
BTCUSDT,2025-09-13T08:00:00Z,2.251e-05,8
ETHUSDT,2025-09-13T08:00:00Z,9.815e-05,8
SOLUSDT,2025-09-13T08:00:00Z,6.327e-05,8
BTCUSDT,2025-09-13T16:00:00Z,3.137e-05,8
ETHUSDT,2025-09-13T16:00:00Z,0.0001,8
SOLUSDT,2025-09-13T16:00:00Z,5.623e-05,8
BTCUSDT,2025-09-14T00:00:00Z,8.182e-05,8
ETHUSDT,2025-09-14T00:00:00Z,3.75e-06,8
SOLUSDT,2025-09-14T00:00:00Z,-3.76e-06,8
BTCUSDT,2025-09-14T08:00:00Z,4.78e-05,8
ETHUSDT,2025-09-14T08:00:00Z,8.307e-05,8
SOLUSDT,2025-09-14T08:00:00Z,5.813e-05,8
BTCUSDT,2025-09-14T16:00:00Z,3.115e-05,8
ETHUSDT,2025-09-14T16:00:00Z,5.553e-05,8
SOLUSDT,2025-09-14T16:00:00Z,2.92e-05,8
BTCUSDT,2025-09-15T00:00:00Z,6.207e-05,8
ETHUSDT,2025-09-15T00:00:00Z,7.366e-05,8
SOLUSDT,2025-09-15T00:00:00Z,-7.17e-06,8
BTCUSDT,2025-09-15T08:00:00Z,8.259e-05,8
ETHUSDT,2025-09-15T08:00:00Z,6.603e-05,8
SOLUSDT,2025-09-15T08:00:00Z,8.58e-06,8
BTCUSDT,2025-09-15T16:00:00Z,8.189e-05,8
ETHUSDT,2025-09-15T16:00:00Z,3.563e-05,8
SOLUSDT,2025-09-15T16:00:00Z,4.813e-05,8
BTCUSDT,2025-09-16T00:00:00Z,9.97e-06,8
ETHUSDT,2025-09-16T00:00:00Z,4.54e-05,8
SOLUSDT,2025-09-16T00:00:00Z,6.405e-05,8
BTCUSDT,2025-09-16T08:00:00Z,6.991e-05,8
ETHUSDT,2025-09-16T08:00:00Z,4.526e-05,8
SOLUSDT,2025-09-16T08:00:00Z,7.636e-05,8
BTCUSDT,2025-09-16T16:00:00Z,6.472e-05,8
ETHUSDT,2025-09-16T16:00:00Z,2.037e-05,8
SOLUSDT,2025-09-16T16:00:00Z,7.783e-05,8
BTCUSDT,2025-09-17T00:00:00Z,6.972e-05,8
ETHUSDT,2025-09-17T00:00:00Z,2.419e-05,8
SOLUSDT,2025-09-17T00:00:00Z,-1.958e-05,8
BTCUSDT,2025-09-17T08:00:00Z,8.441e-05,8
ETHUSDT,2025-09-17T08:00:00Z,5.358e-05,8
SOLUSDT,2025-09-17T08:00:00Z,3.782e-05,8
BTCUSDT,2025-09-17T16:00:00Z,6.303e-05,8
ETHUSDT,2025-09-17T16:00:00Z,4.406e-05,8
SOLUSDT,2025-09-17T16:00:00Z,3.428e-05,8
BTCUSDT,2025-09-18T00:00:00Z,4.941e-05,8
ETHUSDT,2025-09-18T00:00:00Z,5.15e-05,8
SOLUSDT,2025-09-18T00:00:00Z,8.719e-05,8
BTCUSDT,2025-09-18T08:00:00Z,8.928e-05,8
ETHUSDT,2025-09-18T08:00:00Z,4.292e-05,8
SOLUSDT,2025-09-18T08:00:00Z,0.0001,8
BTCUSDT,2025-09-18T16:00:00Z,4.208e-05,8
ETHUSDT,2025-09-18T16:00:00Z,1.971e-05,8
SOLUSDT,2025-09-18T16:00:00Z,1.468e-05,8
BTCUSDT,2025-09-19T00:00:00Z,-2.31e-06,8
ETHUSDT,2025-09-19T00:00:00Z,5.745e-05,8
SOLUSDT,2025-09-19T00:00:00Z,0.0001,8
BTCUSDT,2025-09-19T08:00:00Z,2.109e-05,8
ETHUSDT,2025-09-19T08:00:00Z,-9.04e-06,8
SOLUSDT,2025-09-19T08:00:00Z,9.667e-05,8
BTCUSDT,2025-09-19T16:00:00Z,5.264e-05,8
ETHUSDT,2025-09-19T16:00:00Z,-4.324e-05,8
SOLUSDT,2025-09-19T16:00:00Z,8.03e-06,8
BTCUSDT,2025-09-20T00:00:00Z,3.757e-05,8
ETHUSDT,2025-09-20T00:00:00Z,-4.366e-05,8
SOLUSDT,2025-09-20T00:00:00Z,-3.324e-05,8
BTCUSDT,2025-09-20T08:00:00Z,-2.7e-07,8
ETHUSDT,2025-09-20T08:00:00Z,-5.97e-06,8
SOLUSDT,2025-09-20T08:00:00Z,-6.98e-05,8
BTCUSDT,2025-09-20T16:00:00Z,-1.006e-05,8
ETHUSDT,2025-09-20T16:00:00Z,4.189e-05,8
SOLUSDT,2025-09-20T16:00:00Z,-2.909e-05,8
BTCUSDT,2025-09-21T00:00:00Z,-5.322e-05,8
ETHUSDT,2025-09-21T00:00:00Z,-2.372e-05,8
SOLUSDT,2025-09-21T00:00:00Z,-4.39e-06,8
BTCUSDT,2025-09-21T08:00:00Z,2.563e-05,8
ETHUSDT,2025-09-21T08:00:00Z,4.828e-05,8
SOLUSDT,2025-09-21T08:00:00Z,4.391e-05,8
BTCUSDT,2025-09-21T16:00:00Z,3.742e-05,8
ETHUSDT,2025-09-21T16:00:00Z,3.039e-05,8
SOLUSDT,2025-09-21T16:00:00Z,9.63e-06,8
BTCUSDT,2025-09-22T00:00:00Z,6.665e-05,8
ETHUSDT,2025-09-22T00:00:00Z,-2.051e-05,8
SOLUSDT,2025-09-22T00:00:00Z,4.06e-06,8
BTCUSDT,2025-09-22T08:00:00Z,1.743e-05,8
ETHUSDT,2025-09-22T08:00:00Z,-5.18e-06,8
SOLUSDT,2025-09-22T08:00:00Z,-1.362e-05,8
BTCUSDT,2025-09-22T16:00:00Z,4.838e-05,8
ETHUSDT,2025-09-22T16:00:00Z,5.08e-06,8
SOLUSDT,2025-09-22T16:00:00Z,-0.00010344,8
BTCUSDT,2025-09-23T00:00:00Z,7.062e-05,8
ETHUSDT,2025-09-23T00:00:00Z,-1.93e-06,8
SOLUSDT,2025-09-23T00:00:00Z,4.622e-05,8
BTCUSDT,2025-09-23T08:00:00Z,7.083e-05,8
ETHUSDT,2025-09-23T08:00:00Z,5.594e-05,8
SOLUSDT,2025-09-23T08:00:00Z,4.873e-05,8
BTCUSDT,2025-09-23T16:00:00Z,7.478e-05,8
ETHUSDT,2025-09-23T16:00:00Z,-2.189e-05,8
SOLUSDT,2025-09-23T16:00:00Z,5.93e-06,8
BTCUSDT,2025-09-24T00:00:00Z,5.794e-05,8
ETHUSDT,2025-09-24T00:00:00Z,9.73e-06,8
SOLUSDT,2025-09-24T00:00:00Z,2.831e-05,8
BTCUSDT,2025-09-24T08:00:00Z,6.267e-05,8
ETHUSDT,2025-09-24T08:00:00Z,7.19e-06,8
SOLUSDT,2025-09-24T08:00:00Z,3.094e-05,8
BTCUSDT,2025-09-24T16:00:00Z,4.886e-05,8
ETHUSDT,2025-09-24T16:00:00Z,-3.616e-05,8
SOLUSDT,2025-09-24T16:00:00Z,-3.4e-06,8
BTCUSDT,2025-09-25T00:00:00Z,-2.2e-06,8
ETHUSDT,2025-09-25T00:00:00Z,-8.602e-05,8
SOLUSDT,2025-09-25T00:00:00Z,-0.0001284,8
BTCUSDT,2025-09-25T08:00:00Z,1.73e-05,8
ETHUSDT,2025-09-25T08:00:00Z,-8.11e-05,8
SOLUSDT,2025-09-25T08:00:00Z,-3.446e-05,8
BTCUSDT,2025-09-25T16:00:00Z,9.56e-05,8
ETHUSDT,2025-09-25T16:00:00Z,0.0001,8
SOLUSDT,2025-09-25T16:00:00Z,3.595e-05,8
BTCUSDT,2025-09-26T00:00:00Z,3.143e-05,8
ETHUSDT,2025-09-26T00:00:00Z,8.976e-05,8
SOLUSDT,2025-09-26T00:00:00Z,3.743e-05,8
BTCUSDT,2025-09-26T08:00:00Z,4.36e-05,8
ETHUSDT,2025-09-26T08:00:00Z,3.202e-05,8
SOLUSDT,2025-09-26T08:00:00Z,-3.977e-05,8
BTCUSDT,2025-09-26T16:00:00Z,7.716e-05,8
ETHUSDT,2025-09-26T16:00:00Z,4.775e-05,8
SOLUSDT,2025-09-26T16:00:00Z,-4.772e-05,8
BTCUSDT,2025-09-27T00:00:00Z,-1e-07,8
ETHUSDT,2025-09-27T00:00:00Z,-1.608e-05,8
SOLUSDT,2025-09-27T00:00:00Z,-9.862e-05,8
BTCUSDT,2025-09-27T08:00:00Z,3.425e-05,8
ETHUSDT,2025-09-27T08:00:00Z,4.387e-05,8
SOLUSDT,2025-09-27T08:00:00Z,6.955e-05,8
BTCUSDT,2025-09-27T16:00:00Z,7.821e-05,8
ETHUSDT,2025-09-27T16:00:00Z,0.0001,8
SOLUSDT,2025-09-27T16:00:00Z,-2.293e-05,8
BTCUSDT,2025-09-28T00:00:00Z,3.314e-05,8
ETHUSDT,2025-09-28T00:00:00Z,7.975e-05,8
SOLUSDT,2025-09-28T00:00:00Z,2.105e-05,8
BTCUSDT,2025-09-28T08:00:00Z,4.976e-05,8
ETHUSDT,2025-09-28T08:00:00Z,4.229e-05,8
SOLUSDT,2025-09-28T08:00:00Z,-3.715e-05,8
BTCUSDT,2025-09-28T16:00:00Z,5.261e-05,8
ETHUSDT,2025-09-28T16:00:00Z,8.2e-05,8
SOLUSDT,2025-09-28T16:00:00Z,1.97e-05,8
BTCUSDT,2025-09-29T00:00:00Z,2.312e-05,8
ETHUSDT,2025-09-29T00:00:00Z,3.512e-05,8
SOLUSDT,2025-09-29T00:00:00Z,4.762e-05,8
BTCUSDT,2025-09-29T08:00:00Z,1.304e-05,8
ETHUSDT,2025-09-29T08:00:00Z,3.842e-05,8
SOLUSDT,2025-09-29T08:00:00Z,0.0001,8
BTCUSDT,2025-09-29T16:00:00Z,3.2e-07,8
ETHUSDT,2025-09-29T16:00:00Z,-3.49e-05,8
SOLUSDT,2025-09-29T16:00:00Z,-7.412e-05,8
BTCUSDT,2025-09-30T00:00:00Z,2.353e-05,8
ETHUSDT,2025-09-30T00:00:00Z,9.16e-06,8
SOLUSDT,2025-09-30T00:00:00Z,-5.066e-05,8
BTCUSDT,2025-09-30T08:00:00Z,5.893e-05,8
ETHUSDT,2025-09-30T08:00:00Z,-1.307e-05,8
SOLUSDT,2025-09-30T08:00:00Z,-0.00016084,8
BTCUSDT,2025-09-30T16:00:00Z,2.584e-05,8
ETHUSDT,2025-09-30T16:00:00Z,4.72e-06,8
SOLUSDT,2025-09-30T16:00:00Z,-3.859e-05,8
BTCUSDT,2025-10-01T00:00:00Z,3.355e-05,8
ETHUSDT,2025-10-01T00:00:00Z,-1.572e-05,8
SOLUSDT,2025-10-01T00:00:00Z,7.07e-05,8
BTCUSDT,2025-10-01T08:00:00Z,3.457e-05,8
ETHUSDT,2025-10-01T08:00:00Z,2.569e-05,8
SOLUSDT,2025-10-01T08:00:00Z,0.0001,8
BTCUSDT,2025-10-01T16:00:00Z,0.0001,8
ETHUSDT,2025-10-01T16:00:00Z,-7.44e-06,8
SOLUSDT,2025-10-01T16:00:00Z,-7.02e-06,8
BTCUSDT,2025-10-02T00:00:00Z,7.784e-05,8
ETHUSDT,2025-10-02T00:00:00Z,1.487e-05,8
SOLUSDT,2025-10-02T00:00:00Z,7.943e-05,8
BTCUSDT,2025-10-02T08:00:00Z,0.0001,8
ETHUSDT,2025-10-02T08:00:00Z,3.033e-05,8
SOLUSDT,2025-10-02T08:00:00Z,-9.812e-05,8
BTCUSDT,2025-10-02T16:00:00Z,9.543e-05,8
ETHUSDT,2025-10-02T16:00:00Z,3.733e-05,8
SOLUSDT,2025-10-02T16:00:00Z,-2.091e-05,8
BTCUSDT,2025-10-03T00:00:00Z,9.926e-05,8
ETHUSDT,2025-10-03T00:00:00Z,1.312e-05,8
SOLUSDT,2025-10-03T00:00:00Z,-9.937e-05,8
BTCUSDT,2025-10-03T08:00:00Z,0.0001,8
ETHUSDT,2025-10-03T08:00:00Z,7.933e-05,8
SOLUSDT,2025-10-03T08:00:00Z,6.248e-05,8
BTCUSDT,2025-10-03T16:00:00Z,0.0001,8
ETHUSDT,2025-10-03T16:00:00Z,5.593e-05,8
SOLUSDT,2025-10-03T16:00:00Z,7.389e-05,8
BTCUSDT,2025-10-04T00:00:00Z,0.0001,8
ETHUSDT,2025-10-04T00:00:00Z,5.57e-05,8
SOLUSDT,2025-10-04T00:00:00Z,7.725e-05,8
BTCUSDT,2025-10-04T08:00:00Z,0.0001,8
ETHUSDT,2025-10-04T08:00:00Z,7.25e-06,8
SOLUSDT,2025-10-04T08:00:00Z,5.17e-06,8
BTCUSDT,2025-10-04T16:00:00Z,8.312e-05,8
ETHUSDT,2025-10-04T16:00:00Z,4.8e-05,8
SOLUSDT,2025-10-04T16:00:00Z,1.04e-05,8
BTCUSDT,2025-10-05T00:00:00Z,8.648e-05,8
ETHUSDT,2025-10-05T00:00:00Z,5.761e-05,8
SOLUSDT,2025-10-05T00:00:00Z,1.013e-05,8
BTCUSDT,2025-10-05T08:00:00Z,0.0001,8
ETHUSDT,2025-10-05T08:00:00Z,0.0001,8
SOLUSDT,2025-10-05T08:00:00Z,8.81e-05,8
BTCUSDT,2025-10-05T16:00:00Z,9.566e-05,8
ETHUSDT,2025-10-05T16:00:00Z,9.708e-05,8
SOLUSDT,2025-10-05T16:00:00Z,-4.722e-05,8
BTCUSDT,2025-10-06T00:00:00Z,7.672e-05,8
ETHUSDT,2025-10-06T00:00:00Z,7.894e-05,8
SOLUSDT,2025-10-06T00:00:00Z,-7.241e-05,8
BTCUSDT,2025-10-06T08:00:00Z,9.708e-05,8
ETHUSDT,2025-10-06T08:00:00Z,0.0001,8
SOLUSDT,2025-10-06T08:00:00Z,2.963e-05,8
BTCUSDT,2025-10-06T16:00:00Z,5.831e-05,8
ETHUSDT,2025-10-06T16:00:00Z,0.0001,8
SOLUSDT,2025-10-06T16:00:00Z,5.395e-05,8
BTCUSDT,2025-10-07T00:00:00Z,0.0001,8
ETHUSDT,2025-10-07T00:00:00Z,0.0001,8
SOLUSDT,2025-10-07T00:00:00Z,1.768e-05,8
BTCUSDT,2025-10-07T08:00:00Z,8.608e-05,8
ETHUSDT,2025-10-07T08:00:00Z,0.0001,8
SOLUSDT,2025-10-07T08:00:00Z,-6.695e-05,8
BTCUSDT,2025-10-07T16:00:00Z,6.194e-05,8
ETHUSDT,2025-10-07T16:00:00Z,0.0001,8
SOLUSDT,2025-10-07T16:00:00Z,-2.108e-05,8
BTCUSDT,2025-10-08T00:00:00Z,2.542e-05,8
ETHUSDT,2025-10-08T00:00:00Z,1.254e-05,8
SOLUSDT,2025-10-08T00:00:00Z,-6.781e-05,8
BTCUSDT,2025-10-08T08:00:00Z,0.0001,8
ETHUSDT,2025-10-08T08:00:00Z,6.038e-05,8
SOLUSDT,2025-10-08T08:00:00Z,-6.05e-06,8
BTCUSDT,2025-10-08T16:00:00Z,5.396e-05,8
ETHUSDT,2025-10-08T16:00:00Z,1.261e-05,8
SOLUSDT,2025-10-08T16:00:00Z,-3.581e-05,8
BTCUSDT,2025-10-09T00:00:00Z,1.344e-05,8
ETHUSDT,2025-10-09T00:00:00Z,3.613e-05,8
SOLUSDT,2025-10-09T00:00:00Z,0.0001,8
BTCUSDT,2025-10-09T08:00:00Z,5.35e-05,8
ETHUSDT,2025-10-09T08:00:00Z,-2.26e-06,8
SOLUSDT,2025-10-09T08:00:00Z,0.0001,8
BTCUSDT,2025-10-09T16:00:00Z,1.455e-05,8
ETHUSDT,2025-10-09T16:00:00Z,5.752e-05,8
SOLUSDT,2025-10-09T16:00:00Z,-2.36e-06,8
BTCUSDT,2025-10-10T00:00:00Z,7.85e-06,8
ETHUSDT,2025-10-10T00:00:00Z,2.565e-05,8
SOLUSDT,2025-10-10T00:00:00Z,-2.367e-05,8
BTCUSDT,2025-10-10T08:00:00Z,3.879e-05,8
ETHUSDT,2025-10-10T08:00:00Z,2.511e-05,8
SOLUSDT,2025-10-10T08:00:00Z,2.784e-05,8
BTCUSDT,2025-10-10T16:00:00Z,1.013e-05,8
ETHUSDT,2025-10-10T16:00:00Z,-5.147e-05,8
SOLUSDT,2025-10-10T16:00:00Z,3.06e-06,8
BTCUSDT,2025-10-11T00:00:00Z,0.0001,8
ETHUSDT,2025-10-11T00:00:00Z,0.0001,8
SOLUSDT,2025-10-11T00:00:00Z,-0.00302761,8
BTCUSDT,2025-10-11T08:00:00Z,0.0001,8
ETHUSDT,2025-10-11T08:00:00Z,-0.00013094,8
SOLUSDT,2025-10-11T08:00:00Z,-0.00203878,8
BTCUSDT,2025-10-11T16:00:00Z,4.67e-06,8
ETHUSDT,2025-10-11T16:00:00Z,-1.73e-06,8
SOLUSDT,2025-10-11T16:00:00Z,-0.00158704,8
BTCUSDT,2025-10-12T00:00:00Z,-3.055e-05,8
ETHUSDT,2025-10-12T00:00:00Z,-6.965e-05,8
SOLUSDT,2025-10-12T00:00:00Z,-0.00124994,8
BTCUSDT,2025-10-12T08:00:00Z,2.865e-05,8
ETHUSDT,2025-10-12T08:00:00Z,8.39e-06,8
SOLUSDT,2025-10-12T08:00:00Z,-0.00123408,8
BTCUSDT,2025-10-12T16:00:00Z,-0.00010915,8
ETHUSDT,2025-10-12T16:00:00Z,-4.563e-05,8
SOLUSDT,2025-10-12T16:00:00Z,-0.00057183,8
BTCUSDT,2025-10-13T00:00:00Z,-3.942e-05,8
ETHUSDT,2025-10-13T00:00:00Z,-2.591e-05,8
SOLUSDT,2025-10-13T00:00:00Z,-0.00060725,8
BTCUSDT,2025-10-13T08:00:00Z,2.519e-05,8
ETHUSDT,2025-10-13T08:00:00Z,5.255e-05,8
SOLUSDT,2025-10-13T08:00:00Z,-0.00023311,8
BTCUSDT,2025-10-13T16:00:00Z,-2.305e-05,8
ETHUSDT,2025-10-13T16:00:00Z,5.202e-05,8
SOLUSDT,2025-10-13T16:00:00Z,-5.122e-05,8
BTCUSDT,2025-10-14T00:00:00Z,-4.041e-05,8
ETHUSDT,2025-10-14T00:00:00Z,5.602e-05,8
SOLUSDT,2025-10-14T00:00:00Z,6.21e-06,8
BTCUSDT,2025-10-14T08:00:00Z,7.12e-06,8
ETHUSDT,2025-10-14T08:00:00Z,3.52e-06,8
SOLUSDT,2025-10-14T08:00:00Z,4.088e-05,8
BTCUSDT,2025-10-14T16:00:00Z,-4.498e-05,8
ETHUSDT,2025-10-14T16:00:00Z,2.693e-05,8
SOLUSDT,2025-10-14T16:00:00Z,-7.11e-05,8
BTCUSDT,2025-10-15T00:00:00Z,-5.425e-05,8
ETHUSDT,2025-10-15T00:00:00Z,1.42e-05,8
SOLUSDT,2025-10-15T00:00:00Z,-6.096e-05,8
BTCUSDT,2025-10-15T08:00:00Z,3.973e-05,8
ETHUSDT,2025-10-15T08:00:00Z,4.258e-05,8
SOLUSDT,2025-10-15T08:00:00Z,5.749e-05,8
BTCUSDT,2025-10-15T16:00:00Z,2.25e-06,8
ETHUSDT,2025-10-15T16:00:00Z,2.5e-05,8
SOLUSDT,2025-10-15T16:00:00Z,4.099e-05,8
BTCUSDT,2025-10-16T00:00:00Z,-2.741e-05,8
ETHUSDT,2025-10-16T00:00:00Z,-4.99e-06,8
SOLUSDT,2025-10-16T00:00:00Z,-6.784e-05,8
BTCUSDT,2025-10-16T08:00:00Z,-2.23e-05,8
ETHUSDT,2025-10-16T08:00:00Z,7.65e-06,8
SOLUSDT,2025-10-16T08:00:00Z,-4.113e-05,8
BTCUSDT,2025-10-16T16:00:00Z,-3.004e-05,8
ETHUSDT,2025-10-16T16:00:00Z,6.18e-06,8
SOLUSDT,2025-10-16T16:00:00Z,-7.614e-05,8
BTCUSDT,2025-10-17T00:00:00Z,-2.85e-06,8
ETHUSDT,2025-10-17T00:00:00Z,3.354e-05,8
SOLUSDT,2025-10-17T00:00:00Z,-2.994e-05,8
BTCUSDT,2025-10-17T08:00:00Z,-6.34e-06,8
ETHUSDT,2025-10-17T08:00:00Z,5.63e-05,8
SOLUSDT,2025-10-17T08:00:00Z,7.329e-05,8
BTCUSDT,2025-10-17T16:00:00Z,-2.91e-06,8
ETHUSDT,2025-10-17T16:00:00Z,2.963e-05,8
SOLUSDT,2025-10-17T16:00:00Z,9.462e-05,8
BTCUSDT,2025-10-18T00:00:00Z,-4.819e-05,8
ETHUSDT,2025-10-18T00:00:00Z,1.423e-05,8
SOLUSDT,2025-10-18T00:00:00Z,-8.545e-05,8
BTCUSDT,2025-10-18T08:00:00Z,-6.376e-05,8
ETHUSDT,2025-10-18T08:00:00Z,1.51e-05,8
SOLUSDT,2025-10-18T08:00:00Z,-1.55e-06,8
BTCUSDT,2025-10-18T16:00:00Z,-3.681e-05,8
ETHUSDT,2025-10-18T16:00:00Z,6.086e-05,8
SOLUSDT,2025-10-18T16:00:00Z,-3.501e-05,8
BTCUSDT,2025-10-19T00:00:00Z,-1.411e-05,8
ETHUSDT,2025-10-19T00:00:00Z,6.239e-05,8
SOLUSDT,2025-10-19T00:00:00Z,0.0001,8
BTCUSDT,2025-10-19T08:00:00Z,1.512e-05,8
ETHUSDT,2025-10-19T08:00:00Z,2.101e-05,8
SOLUSDT,2025-10-19T08:00:00Z,1.997e-05,8
BTCUSDT,2025-10-19T16:00:00Z,2.787e-05,8
ETHUSDT,2025-10-19T16:00:00Z,3.514e-05,8
SOLUSDT,2025-10-19T16:00:00Z,2.25e-05,8
BTCUSDT,2025-10-20T00:00:00Z,-2.197e-05,8
ETHUSDT,2025-10-20T00:00:00Z,2.481e-05,8
SOLUSDT,2025-10-20T00:00:00Z,-8.569e-05,8
BTCUSDT,2025-10-20T08:00:00Z,-6.65e-06,8
ETHUSDT,2025-10-20T08:00:00Z,5.413e-05,8
SOLUSDT,2025-10-20T08:00:00Z,5.3e-06,8
BTCUSDT,2025-10-20T16:00:00Z,-1.8e-07,8
ETHUSDT,2025-10-20T16:00:00Z,5.999e-05,8
SOLUSDT,2025-10-20T16:00:00Z,-3.004e-05,8
BTCUSDT,2025-10-21T00:00:00Z,-5.567e-05,8
ETHUSDT,2025-10-21T00:00:00Z,3.53e-05,8
SOLUSDT,2025-10-21T00:00:00Z,-3.42e-06,8
BTCUSDT,2025-10-21T08:00:00Z,2.222e-05,8
ETHUSDT,2025-10-21T08:00:00Z,4.7e-07,8
SOLUSDT,2025-10-21T08:00:00Z,-8.944e-05,8
BTCUSDT,2025-10-21T16:00:00Z,-2.506e-05,8
ETHUSDT,2025-10-21T16:00:00Z,7.724e-05,8
SOLUSDT,2025-10-21T16:00:00Z,4.135e-05,8
BTCUSDT,2025-10-22T00:00:00Z,-4.212e-05,8
ETHUSDT,2025-10-22T00:00:00Z,-2.491e-05,8
SOLUSDT,2025-10-22T00:00:00Z,0.0001,8
BTCUSDT,2025-10-22T08:00:00Z,2.445e-05,8
ETHUSDT,2025-10-22T08:00:00Z,2.192e-05,8
SOLUSDT,2025-10-22T08:00:00Z,-9.872e-05,8
BTCUSDT,2025-10-22T16:00:00Z,5.702e-05,8
ETHUSDT,2025-10-22T16:00:00Z,2.392e-05,8
SOLUSDT,2025-10-22T16:00:00Z,-2.23e-05,8
BTCUSDT,2025-10-23T00:00:00Z,8.911e-05,8
ETHUSDT,2025-10-23T00:00:00Z,5.29e-06,8
SOLUSDT,2025-10-23T00:00:00Z,-3.216e-05,8
BTCUSDT,2025-10-23T08:00:00Z,2.673e-05,8
ETHUSDT,2025-10-23T08:00:00Z,4.173e-05,8
SOLUSDT,2025-10-23T08:00:00Z,6.84e-06,8
BTCUSDT,2025-10-23T16:00:00Z,3.933e-05,8
ETHUSDT,2025-10-23T16:00:00Z,5.185e-05,8
SOLUSDT,2025-10-23T16:00:00Z,0.0001,8
BTCUSDT,2025-10-24T00:00:00Z,3.391e-05,8
ETHUSDT,2025-10-24T00:00:00Z,8.88e-06,8
SOLUSDT,2025-10-24T00:00:00Z,0.0001,8
BTCUSDT,2025-10-24T08:00:00Z,1.783e-05,8
ETHUSDT,2025-10-24T08:00:00Z,9.418e-05,8
SOLUSDT,2025-10-24T08:00:00Z,0.0001,8
BTCUSDT,2025-10-24T16:00:00Z,3.224e-05,8
ETHUSDT,2025-10-24T16:00:00Z,3.074e-05,8
SOLUSDT,2025-10-24T16:00:00Z,1.595e-05,8
BTCUSDT,2025-10-25T00:00:00Z,5.02e-05,8
ETHUSDT,2025-10-25T00:00:00Z,1.282e-05,8
SOLUSDT,2025-10-25T00:00:00Z,0.0001,8
BTCUSDT,2025-10-25T08:00:00Z,1.484e-05,8
ETHUSDT,2025-10-25T08:00:00Z,1.546e-05,8
SOLUSDT,2025-10-25T08:00:00Z,0.0001,8
BTCUSDT,2025-10-25T16:00:00Z,5.57e-05,8
ETHUSDT,2025-10-25T16:00:00Z,6.413e-05,8
SOLUSDT,2025-10-25T16:00:00Z,5.536e-05,8
BTCUSDT,2025-10-26T00:00:00Z,1.903e-05,8
ETHUSDT,2025-10-26T00:00:00Z,0.0001,8
SOLUSDT,2025-10-26T00:00:00Z,6.721e-05,8
BTCUSDT,2025-10-26T08:00:00Z,5.35e-06,8
ETHUSDT,2025-10-26T08:00:00Z,2.079e-05,8
SOLUSDT,2025-10-26T08:00:00Z,4.492e-05,8
BTCUSDT,2025-10-26T16:00:00Z,6.904e-05,8
ETHUSDT,2025-10-26T16:00:00Z,0.0001,8
SOLUSDT,2025-10-26T16:00:00Z,5.882e-05,8
BTCUSDT,2025-10-27T00:00:00Z,0.0001,8
ETHUSDT,2025-10-27T00:00:00Z,0.0001,8
SOLUSDT,2025-10-27T00:00:00Z,0.0001,8
BTCUSDT,2025-10-27T08:00:00Z,0.0001,8
ETHUSDT,2025-10-27T08:00:00Z,0.0001,8
SOLUSDT,2025-10-27T08:00:00Z,0.0001,8
BTCUSDT,2025-10-27T16:00:00Z,7.304e-05,8
ETHUSDT,2025-10-27T16:00:00Z,7.827e-05,8
SOLUSDT,2025-10-27T16:00:00Z,3.983e-05,8
BTCUSDT,2025-10-28T00:00:00Z,6.059e-05,8
ETHUSDT,2025-10-28T00:00:00Z,3.936e-05,8
SOLUSDT,2025-10-28T00:00:00Z,1.82e-05,8
BTCUSDT,2025-10-28T08:00:00Z,7.806e-05,8
ETHUSDT,2025-10-28T08:00:00Z,4.615e-05,8
SOLUSDT,2025-10-28T08:00:00Z,7.929e-05,8
BTCUSDT,2025-10-28T16:00:00Z,2.992e-05,8
ETHUSDT,2025-10-28T16:00:00Z,1.796e-05,8
SOLUSDT,2025-10-28T16:00:00Z,6.17e-06,8
BTCUSDT,2025-10-29T00:00:00Z,-3.2e-07,8
ETHUSDT,2025-10-29T00:00:00Z,-5.159e-05,8
SOLUSDT,2025-10-29T00:00:00Z,-0.0001386,8
BTCUSDT,2025-10-29T08:00:00Z,3.588e-05,8
ETHUSDT,2025-10-29T08:00:00Z,-1.008e-05,8
SOLUSDT,2025-10-29T08:00:00Z,-5.808e-05,8
BTCUSDT,2025-10-29T16:00:00Z,5.003e-05,8
ETHUSDT,2025-10-29T16:00:00Z,3.915e-05,8
SOLUSDT,2025-10-29T16:00:00Z,8.873e-05,8
BTCUSDT,2025-10-30T00:00:00Z,1.097e-05,8
ETHUSDT,2025-10-30T00:00:00Z,-3.389e-05,8
SOLUSDT,2025-10-30T00:00:00Z,7.1e-07,8
BTCUSDT,2025-10-30T08:00:00Z,3.449e-05,8
ETHUSDT,2025-10-30T08:00:00Z,-2.243e-05,8
SOLUSDT,2025-10-30T08:00:00Z,2.026e-05,8
BTCUSDT,2025-10-30T16:00:00Z,3.562e-05,8
ETHUSDT,2025-10-30T16:00:00Z,-6.394e-05,8
SOLUSDT,2025-10-30T16:00:00Z,-0.00016797,8
BTCUSDT,2025-10-31T00:00:00Z,2.13e-06,8
ETHUSDT,2025-10-31T00:00:00Z,3.219e-05,8
SOLUSDT,2025-10-31T00:00:00Z,-0.00022069,8
BTCUSDT,2025-10-31T08:00:00Z,0.0001,8
ETHUSDT,2025-10-31T08:00:00Z,7.777e-05,8
SOLUSDT,2025-10-31T08:00:00Z,-7.523e-05,8
BTCUSDT,2025-10-31T16:00:00Z,0.0001,8
ETHUSDT,2025-10-31T16:00:00Z,-1.283e-05,8
SOLUSDT,2025-10-31T16:00:00Z,-1.38e-06,8
BTCUSDT,2025-11-01T00:00:00Z,0.0001,8
ETHUSDT,2025-11-01T00:00:00Z,6.032e-05,8
SOLUSDT,2025-11-01T00:00:00Z,1.5e-06,8
BTCUSDT,2025-11-01T08:00:00Z,0.0001,8
ETHUSDT,2025-11-01T08:00:00Z,7.748e-05,8
SOLUSDT,2025-11-01T08:00:00Z,2.93e-05,8
BTCUSDT,2025-11-01T16:00:00Z,9.782e-05,8
ETHUSDT,2025-11-01T16:00:00Z,0.0001,8
SOLUSDT,2025-11-01T16:00:00Z,-5.041e-05,8
BTCUSDT,2025-11-02T00:00:00Z,8.2e-05,8
ETHUSDT,2025-11-02T00:00:00Z,6.688e-05,8
SOLUSDT,2025-11-02T00:00:00Z,5.263e-05,8
BTCUSDT,2025-11-02T08:00:00Z,8.15e-05,8
ETHUSDT,2025-11-02T08:00:00Z,9.258e-05,8
SOLUSDT,2025-11-02T08:00:00Z,2.822e-05,8
BTCUSDT,2025-11-02T16:00:00Z,5.635e-05,8
ETHUSDT,2025-11-02T16:00:00Z,3.269e-05,8
SOLUSDT,2025-11-02T16:00:00Z,-7.385e-05,8
BTCUSDT,2025-11-03T00:00:00Z,6.098e-05,8
ETHUSDT,2025-11-03T00:00:00Z,8.937e-05,8
SOLUSDT,2025-11-03T00:00:00Z,2.882e-05,8
BTCUSDT,2025-11-03T08:00:00Z,6.853e-05,8
ETHUSDT,2025-11-03T08:00:00Z,2.373e-05,8
SOLUSDT,2025-11-03T08:00:00Z,-0.00017049,8
BTCUSDT,2025-11-03T16:00:00Z,5.329e-05,8
ETHUSDT,2025-11-03T16:00:00Z,5.24e-06,8
SOLUSDT,2025-11-03T16:00:00Z,-0.00015146,8
BTCUSDT,2025-11-04T00:00:00Z,0.0001,8
ETHUSDT,2025-11-04T00:00:00Z,7.89e-05,8
SOLUSDT,2025-11-04T00:00:00Z,-4.994e-05,8
BTCUSDT,2025-11-04T08:00:00Z,5.808e-05,8
ETHUSDT,2025-11-04T08:00:00Z,8.984e-05,8
SOLUSDT,2025-11-04T08:00:00Z,-0.00013832,8
BTCUSDT,2025-11-04T16:00:00Z,6.339e-05,8
ETHUSDT,2025-11-04T16:00:00Z,4.875e-05,8
SOLUSDT,2025-11-04T16:00:00Z,1.759e-05,8
BTCUSDT,2025-11-05T00:00:00Z,7.132e-05,8
ETHUSDT,2025-11-05T00:00:00Z,1.174e-05,8
SOLUSDT,2025-11-05T00:00:00Z,3.273e-05,8
BTCUSDT,2025-11-05T08:00:00Z,2.831e-05,8
ETHUSDT,2025-11-05T08:00:00Z,6.56e-06,8
SOLUSDT,2025-11-05T08:00:00Z,5.027e-05,8
BTCUSDT,2025-11-05T16:00:00Z,2.816e-05,8
ETHUSDT,2025-11-05T16:00:00Z,4.337e-05,8
SOLUSDT,2025-11-05T16:00:00Z,-0.00011308,8
BTCUSDT,2025-11-06T00:00:00Z,3.985e-05,8
ETHUSDT,2025-11-06T00:00:00Z,4.919e-05,8
SOLUSDT,2025-11-06T00:00:00Z,-0.0001041,8
BTCUSDT,2025-11-06T08:00:00Z,7.916e-05,8
ETHUSDT,2025-11-06T08:00:00Z,4.986e-05,8
SOLUSDT,2025-11-06T08:00:00Z,-4.391e-05,8
BTCUSDT,2025-11-06T16:00:00Z,4.494e-05,8
ETHUSDT,2025-11-06T16:00:00Z,7.1e-07,8
SOLUSDT,2025-11-06T16:00:00Z,7.661e-05,8
BTCUSDT,2025-11-07T00:00:00Z,4.705e-05,8
ETHUSDT,2025-11-07T00:00:00Z,7.583e-05,8
SOLUSDT,2025-11-07T00:00:00Z,-1.927e-05,8
BTCUSDT,2025-11-07T08:00:00Z,4.227e-05,8
ETHUSDT,2025-11-07T08:00:00Z,4.78e-05,8
SOLUSDT,2025-11-07T08:00:00Z,-4.73e-06,8
BTCUSDT,2025-11-07T16:00:00Z,8.631e-05,8
ETHUSDT,2025-11-07T16:00:00Z,8.277e-05,8
SOLUSDT,2025-11-07T16:00:00Z,1.958e-05,8
BTCUSDT,2025-11-08T00:00:00Z,7.776e-05,8
ETHUSDT,2025-11-08T00:00:00Z,7.722e-05,8
SOLUSDT,2025-11-08T00:00:00Z,8.95e-05,8
BTCUSDT,2025-11-08T08:00:00Z,3.047e-05,8
ETHUSDT,2025-11-08T08:00:00Z,8.414e-05,8
SOLUSDT,2025-11-08T08:00:00Z,-1.277e-05,8
BTCUSDT,2025-11-08T16:00:00Z,3.74e-05,8
ETHUSDT,2025-11-08T16:00:00Z,6.487e-05,8
SOLUSDT,2025-11-08T16:00:00Z,4.85e-06,8
BTCUSDT,2025-11-09T00:00:00Z,-1.64e-05,8
ETHUSDT,2025-11-09T00:00:00Z,1.158e-05,8
SOLUSDT,2025-11-09T00:00:00Z,-9.501e-05,8
BTCUSDT,2025-11-09T08:00:00Z,4.187e-05,8
ETHUSDT,2025-11-09T08:00:00Z,6.622e-05,8
SOLUSDT,2025-11-09T08:00:00Z,-2.922e-05,8
BTCUSDT,2025-11-09T16:00:00Z,8.948e-05,8
ETHUSDT,2025-11-09T16:00:00Z,4.71e-05,8
SOLUSDT,2025-11-09T16:00:00Z,4.444e-05,8
BTCUSDT,2025-11-10T00:00:00Z,8.87e-05,8
ETHUSDT,2025-11-10T00:00:00Z,3.686e-05,8
SOLUSDT,2025-11-10T00:00:00Z,0.0001,8
BTCUSDT,2025-11-10T08:00:00Z,7.355e-05,8
ETHUSDT,2025-11-10T08:00:00Z,9.099e-05,8
SOLUSDT,2025-11-10T08:00:00Z,-0.00011243,8
BTCUSDT,2025-11-10T16:00:00Z,4.979e-05,8
ETHUSDT,2025-11-10T16:00:00Z,7.806e-05,8
SOLUSDT,2025-11-10T16:00:00Z,-7.96e-05,8
BTCUSDT,2025-11-11T00:00:00Z,2.818e-05,8
ETHUSDT,2025-11-11T00:00:00Z,2.962e-05,8
SOLUSDT,2025-11-11T00:00:00Z,-4.5e-05,8
BTCUSDT,2025-11-11T08:00:00Z,-2.775e-05,8
ETHUSDT,2025-11-11T08:00:00Z,-2.557e-05,8
SOLUSDT,2025-11-11T08:00:00Z,-0.00020845,8
BTCUSDT,2025-11-11T16:00:00Z,5.823e-05,8
ETHUSDT,2025-11-11T16:00:00Z,2.827e-05,8
SOLUSDT,2025-11-11T16:00:00Z,-1.407e-05,8
BTCUSDT,2025-11-12T00:00:00Z,2.462e-05,8
ETHUSDT,2025-11-12T00:00:00Z,3.618e-05,8
SOLUSDT,2025-11-12T00:00:00Z,-2e-05,8
BTCUSDT,2025-11-12T08:00:00Z,6.87e-06,8
ETHUSDT,2025-11-12T08:00:00Z,-3.94e-05,8
SOLUSDT,2025-11-12T08:00:00Z,-0.00015825,8
BTCUSDT,2025-11-12T16:00:00Z,5.786e-05,8
ETHUSDT,2025-11-12T16:00:00Z,7.04e-05,8
SOLUSDT,2025-11-12T16:00:00Z,-3.65e-05,8
BTCUSDT,2025-11-13T00:00:00Z,1.077e-05,8
ETHUSDT,2025-11-13T00:00:00Z,6.967e-05,8
SOLUSDT,2025-11-13T00:00:00Z,-8.205e-05,8
BTCUSDT,2025-11-13T08:00:00Z,9.352e-05,8
ETHUSDT,2025-11-13T08:00:00Z,0.0001,8
SOLUSDT,2025-11-13T08:00:00Z,3.785e-05,8
BTCUSDT,2025-11-13T16:00:00Z,7.448e-05,8
ETHUSDT,2025-11-13T16:00:00Z,2.321e-05,8
SOLUSDT,2025-11-13T16:00:00Z,-1.195e-05,8
BTCUSDT,2025-11-14T00:00:00Z,8.569e-05,8
ETHUSDT,2025-11-14T00:00:00Z,-3.82e-06,8
SOLUSDT,2025-11-14T00:00:00Z,-0.00019091,8
BTCUSDT,2025-11-14T08:00:00Z,9.126e-05,8
ETHUSDT,2025-11-14T08:00:00Z,3.573e-05,8
SOLUSDT,2025-11-14T08:00:00Z,-9.95e-06,8
BTCUSDT,2025-11-14T16:00:00Z,9.078e-05,8
ETHUSDT,2025-11-14T16:00:00Z,7.962e-05,8
SOLUSDT,2025-11-14T16:00:00Z,0.0001,8
BTCUSDT,2025-11-15T00:00:00Z,8.507e-05,8
ETHUSDT,2025-11-15T00:00:00Z,4.979e-05,8
SOLUSDT,2025-11-15T00:00:00Z,0.0001,8
BTCUSDT,2025-11-15T08:00:00Z,0.0001,8
ETHUSDT,2025-11-15T08:00:00Z,4.397e-05,8
SOLUSDT,2025-11-15T08:00:00Z,5.851e-05,8
BTCUSDT,2025-11-15T16:00:00Z,5.923e-05,8
ETHUSDT,2025-11-15T16:00:00Z,4.679e-05,8
SOLUSDT,2025-11-15T16:00:00Z,-1.324e-05,8
BTCUSDT,2025-11-16T00:00:00Z,7.745e-05,8
ETHUSDT,2025-11-16T00:00:00Z,0.0001,8
SOLUSDT,2025-11-16T00:00:00Z,4.071e-05,8
BTCUSDT,2025-11-16T08:00:00Z,0.0001,8
ETHUSDT,2025-11-16T08:00:00Z,0.0001,8
SOLUSDT,2025-11-16T08:00:00Z,7.161e-05,8
BTCUSDT,2025-11-16T16:00:00Z,7.06e-05,8
ETHUSDT,2025-11-16T16:00:00Z,7.779e-05,8
SOLUSDT,2025-11-16T16:00:00Z,-5.32e-06,8
BTCUSDT,2025-11-17T00:00:00Z,0.0001,8
ETHUSDT,2025-11-17T00:00:00Z,0.0001,8
SOLUSDT,2025-11-17T00:00:00Z,0.0001,8
BTCUSDT,2025-11-17T08:00:00Z,9.568e-05,8
ETHUSDT,2025-11-17T08:00:00Z,0.0001,8
SOLUSDT,2025-11-17T08:00:00Z,0.0001,8
BTCUSDT,2025-11-17T16:00:00Z,7.208e-05,8
ETHUSDT,2025-11-17T16:00:00Z,5.992e-05,8
SOLUSDT,2025-11-17T16:00:00Z,9.994e-05,8
BTCUSDT,2025-11-18T00:00:00Z,0.0001,8
ETHUSDT,2025-11-18T00:00:00Z,9.056e-05,8
SOLUSDT,2025-11-18T00:00:00Z,2.095e-05,8
BTCUSDT,2025-11-18T08:00:00Z,0.0001,8
ETHUSDT,2025-11-18T08:00:00Z,0.0001,8
SOLUSDT,2025-11-18T08:00:00Z,0.0001,8
BTCUSDT,2025-11-18T16:00:00Z,3.725e-05,8
ETHUSDT,2025-11-18T16:00:00Z,5.928e-05,8
SOLUSDT,2025-11-18T16:00:00Z,8.922e-05,8
BTCUSDT,2025-11-19T00:00:00Z,7.496e-05,8
ETHUSDT,2025-11-19T00:00:00Z,0.0001,8
SOLUSDT,2025-11-19T00:00:00Z,2.756e-05,8
BTCUSDT,2025-11-19T08:00:00Z,5.012e-05,8
ETHUSDT,2025-11-19T08:00:00Z,6.727e-05,8
SOLUSDT,2025-11-19T08:00:00Z,8.916e-05,8
BTCUSDT,2025-11-19T16:00:00Z,3.98e-05,8
ETHUSDT,2025-11-19T16:00:00Z,3.204e-05,8
SOLUSDT,2025-11-19T16:00:00Z,-6.86e-06,8
BTCUSDT,2025-11-20T00:00:00Z,4.259e-05,8
ETHUSDT,2025-11-20T00:00:00Z,7.097e-05,8
SOLUSDT,2025-11-20T00:00:00Z,-0.00010212,8
BTCUSDT,2025-11-20T08:00:00Z,0.0001,8
ETHUSDT,2025-11-20T08:00:00Z,7.838e-05,8
SOLUSDT,2025-11-20T08:00:00Z,0.0001,8
BTCUSDT,2025-11-20T16:00:00Z,8.999e-05,8
ETHUSDT,2025-11-20T16:00:00Z,6.788e-05,8
SOLUSDT,2025-11-20T16:00:00Z,0.0001,8
BTCUSDT,2025-11-21T00:00:00Z,4.272e-05,8
ETHUSDT,2025-11-21T00:00:00Z,3.335e-05,8
SOLUSDT,2025-11-21T00:00:00Z,-9.397e-05,8
BTCUSDT,2025-11-21T08:00:00Z,4.524e-05,8
ETHUSDT,2025-11-21T08:00:00Z,1.947e-05,8
SOLUSDT,2025-11-21T08:00:00Z,5.033e-05,8
BTCUSDT,2025-11-21T16:00:00Z,2.642e-05,8
ETHUSDT,2025-11-21T16:00:00Z,5.44e-05,8
SOLUSDT,2025-11-21T16:00:00Z,-0.00012104,8
BTCUSDT,2025-11-22T00:00:00Z,1.373e-05,8
ETHUSDT,2025-11-22T00:00:00Z,1.859e-05,8
SOLUSDT,2025-11-22T00:00:00Z,-5.419e-05,8
BTCUSDT,2025-11-22T08:00:00Z,6.735e-05,8
ETHUSDT,2025-11-22T08:00:00Z,7.195e-05,8
SOLUSDT,2025-11-22T08:00:00Z,-3.816e-05,8
BTCUSDT,2025-11-22T16:00:00Z,5.057e-05,8
ETHUSDT,2025-11-22T16:00:00Z,4.657e-05,8
SOLUSDT,2025-11-22T16:00:00Z,-5.023e-05,8
BTCUSDT,2025-11-23T00:00:00Z,3.812e-05,8
ETHUSDT,2025-11-23T00:00:00Z,6.445e-05,8
SOLUSDT,2025-11-23T00:00:00Z,4.294e-05,8
BTCUSDT,2025-11-23T08:00:00Z,1.53e-06,8
ETHUSDT,2025-11-23T08:00:00Z,-2.356e-05,8
SOLUSDT,2025-11-23T08:00:00Z,-4.937e-05,8
BTCUSDT,2025-11-23T16:00:00Z,-8.93e-06,8
ETHUSDT,2025-11-23T16:00:00Z,-5.87e-06,8
SOLUSDT,2025-11-23T16:00:00Z,2.945e-05,8
BTCUSDT,2025-11-24T00:00:00Z,-6e-08,8
ETHUSDT,2025-11-24T00:00:00Z,-1e-07,8
SOLUSDT,2025-11-24T00:00:00Z,1.509e-05,8
BTCUSDT,2025-11-24T08:00:00Z,-1.34e-06,8
ETHUSDT,2025-11-24T08:00:00Z,7.615e-05,8
SOLUSDT,2025-11-24T08:00:00Z,3.449e-05,8
BTCUSDT,2025-11-24T16:00:00Z,5.044e-05,8
ETHUSDT,2025-11-24T16:00:00Z,4.931e-05,8
SOLUSDT,2025-11-24T16:00:00Z,4.57e-06,8
BTCUSDT,2025-11-25T00:00:00Z,-5.29e-05,8
ETHUSDT,2025-11-25T00:00:00Z,4.02e-05,8
SOLUSDT,2025-11-25T00:00:00Z,-4.847e-05,8
BTCUSDT,2025-11-25T08:00:00Z,1.996e-05,8
ETHUSDT,2025-11-25T08:00:00Z,3.624e-05,8
SOLUSDT,2025-11-25T08:00:00Z,8.543e-05,8
BTCUSDT,2025-11-25T16:00:00Z,-3.019e-05,8
ETHUSDT,2025-11-25T16:00:00Z,5.56e-06,8
SOLUSDT,2025-11-25T16:00:00Z,-0.00018105,8
BTCUSDT,2025-11-26T00:00:00Z,4.038e-05,8
ETHUSDT,2025-11-26T00:00:00Z,4.707e-05,8
SOLUSDT,2025-11-26T00:00:00Z,-6.75e-06,8
BTCUSDT,2025-11-26T08:00:00Z,5.388e-05,8
ETHUSDT,2025-11-26T08:00:00Z,-9.2e-06,8
SOLUSDT,2025-11-26T08:00:00Z,0.0001,8
BTCUSDT,2025-11-26T16:00:00Z,-4.19e-06,8
ETHUSDT,2025-11-26T16:00:00Z,1.886e-05,8
SOLUSDT,2025-11-26T16:00:00Z,-8.604e-05,8
BTCUSDT,2025-11-27T00:00:00Z,-2.599e-05,8
ETHUSDT,2025-11-27T00:00:00Z,2.467e-05,8
SOLUSDT,2025-11-27T00:00:00Z,8.82e-05,8
BTCUSDT,2025-11-27T08:00:00Z,2.408e-05,8
ETHUSDT,2025-11-27T08:00:00Z,1.646e-05,8
SOLUSDT,2025-11-27T08:00:00Z,-1.255e-05,8
BTCUSDT,2025-11-27T16:00:00Z,4.624e-05,8
ETHUSDT,2025-11-27T16:00:00Z,9.88e-06,8
SOLUSDT,2025-11-27T16:00:00Z,2.643e-05,8
BTCUSDT,2025-11-28T00:00:00Z,1.771e-05,8
ETHUSDT,2025-11-28T00:00:00Z,-1.45e-06,8
SOLUSDT,2025-11-28T00:00:00Z,-6.408e-05,8
BTCUSDT,2025-11-28T08:00:00Z,6.007e-05,8
ETHUSDT,2025-11-28T08:00:00Z,2.638e-05,8
SOLUSDT,2025-11-28T08:00:00Z,-0.00015136,8
BTCUSDT,2025-11-28T16:00:00Z,-1.703e-05,8
ETHUSDT,2025-11-28T16:00:00Z,-9.03e-06,8
SOLUSDT,2025-11-28T16:00:00Z,2.204e-05,8
BTCUSDT,2025-11-29T00:00:00Z,-1.982e-05,8
ETHUSDT,2025-11-29T00:00:00Z,2.574e-05,8
SOLUSDT,2025-11-29T00:00:00Z,-8.328e-05,8
BTCUSDT,2025-11-29T08:00:00Z,1.778e-05,8
ETHUSDT,2025-11-29T08:00:00Z,5.1e-06,8
SOLUSDT,2025-11-29T08:00:00Z,6.1e-05,8
BTCUSDT,2025-11-29T16:00:00Z,2.635e-05,8
ETHUSDT,2025-11-29T16:00:00Z,-1.52e-06,8
SOLUSDT,2025-11-29T16:00:00Z,1.089e-05,8
BTCUSDT,2025-11-30T00:00:00Z,6.082e-05,8
ETHUSDT,2025-11-30T00:00:00Z,7.916e-05,8
SOLUSDT,2025-11-30T00:00:00Z,7.173e-05,8
BTCUSDT,2025-11-30T08:00:00Z,3.556e-05,8
ETHUSDT,2025-11-30T08:00:00Z,4.019e-05,8
SOLUSDT,2025-11-30T08:00:00Z,6.664e-05,8
BTCUSDT,2025-11-30T16:00:00Z,3.88e-05,8
ETHUSDT,2025-11-30T16:00:00Z,3.707e-05,8
SOLUSDT,2025-11-30T16:00:00Z,8.402e-05,8
BTCUSDT,2025-12-01T00:00:00Z,3.593e-05,8
ETHUSDT,2025-12-01T00:00:00Z,5.374e-05,8
SOLUSDT,2025-12-01T00:00:00Z,0.0001,8
BTCUSDT,2025-12-01T08:00:00Z,3.153e-05,8
ETHUSDT,2025-12-01T08:00:00Z,7.757e-05,8
SOLUSDT,2025-12-01T08:00:00Z,-9.161e-05,8
BTCUSDT,2025-12-01T16:00:00Z,1.491e-05,8
ETHUSDT,2025-12-01T16:00:00Z,-2.535e-05,8
SOLUSDT,2025-12-01T16:00:00Z,7.07e-06,8
BTCUSDT,2025-12-02T00:00:00Z,-1.009e-05,8
ETHUSDT,2025-12-02T00:00:00Z,6.949e-05,8
SOLUSDT,2025-12-02T00:00:00Z,-6.147e-05,8
BTCUSDT,2025-12-02T08:00:00Z,2.643e-05,8
ETHUSDT,2025-12-02T08:00:00Z,5.552e-05,8
SOLUSDT,2025-12-02T08:00:00Z,1.549e-05,8
BTCUSDT,2025-12-02T16:00:00Z,3.999e-05,8
ETHUSDT,2025-12-02T16:00:00Z,4.147e-05,8
SOLUSDT,2025-12-02T16:00:00Z,2.488e-05,8
BTCUSDT,2025-12-03T00:00:00Z,-1.732e-05,8
ETHUSDT,2025-12-03T00:00:00Z,4.698e-05,8
SOLUSDT,2025-12-03T00:00:00Z,0.0001,8
BTCUSDT,2025-12-03T08:00:00Z,4.206e-05,8
ETHUSDT,2025-12-03T08:00:00Z,1.107e-05,8
SOLUSDT,2025-12-03T08:00:00Z,8.835e-05,8
BTCUSDT,2025-12-03T16:00:00Z,-8.85e-06,8
ETHUSDT,2025-12-03T16:00:00Z,5.015e-05,8
SOLUSDT,2025-12-03T16:00:00Z,6.438e-05,8
BTCUSDT,2025-12-04T00:00:00Z,-3.95e-06,8
ETHUSDT,2025-12-04T00:00:00Z,6.305e-05,8
SOLUSDT,2025-12-04T00:00:00Z,0.0001,8
BTCUSDT,2025-12-04T08:00:00Z,7.435e-05,8
ETHUSDT,2025-12-04T08:00:00Z,0.0001,8
SOLUSDT,2025-12-04T08:00:00Z,7.212e-05,8
BTCUSDT,2025-12-04T16:00:00Z,3.928e-05,8
ETHUSDT,2025-12-04T16:00:00Z,9.628e-05,8
SOLUSDT,2025-12-04T16:00:00Z,0.0001,8
BTCUSDT,2025-12-05T00:00:00Z,4.837e-05,8
ETHUSDT,2025-12-05T00:00:00Z,2.405e-05,8
SOLUSDT,2025-12-05T00:00:00Z,2.583e-05,8
BTCUSDT,2025-12-05T08:00:00Z,4.944e-05,8
ETHUSDT,2025-12-05T08:00:00Z,9.771e-05,8
SOLUSDT,2025-12-05T08:00:00Z,4.599e-05,8
BTCUSDT,2025-12-05T16:00:00Z,3.91e-06,8
ETHUSDT,2025-12-05T16:00:00Z,4.884e-05,8
SOLUSDT,2025-12-05T16:00:00Z,6.353e-05,8
BTCUSDT,2025-12-06T00:00:00Z,3.693e-05,8
ETHUSDT,2025-12-06T00:00:00Z,4.481e-05,8
SOLUSDT,2025-12-06T00:00:00Z,-2.519e-05,8
BTCUSDT,2025-12-06T08:00:00Z,1.919e-05,8
ETHUSDT,2025-12-06T08:00:00Z,4.55e-06,8
SOLUSDT,2025-12-06T08:00:00Z,-1.154e-05,8
BTCUSDT,2025-12-06T16:00:00Z,-1.822e-05,8
ETHUSDT,2025-12-06T16:00:00Z,3.188e-05,8
SOLUSDT,2025-12-06T16:00:00Z,-2.208e-05,8
BTCUSDT,2025-12-07T00:00:00Z,4.192e-05,8
ETHUSDT,2025-12-07T00:00:00Z,3.716e-05,8
SOLUSDT,2025-12-07T00:00:00Z,4.977e-05,8
BTCUSDT,2025-12-07T08:00:00Z,1.666e-05,8
ETHUSDT,2025-12-07T08:00:00Z,-9.74e-06,8
SOLUSDT,2025-12-07T08:00:00Z,2.491e-05,8
BTCUSDT,2025-12-07T16:00:00Z,5.212e-05,8
ETHUSDT,2025-12-07T16:00:00Z,1.448e-05,8
SOLUSDT,2025-12-07T16:00:00Z,-4.449e-05,8
BTCUSDT,2025-12-08T00:00:00Z,-5.39e-06,8
ETHUSDT,2025-12-08T00:00:00Z,2.807e-05,8
SOLUSDT,2025-12-08T00:00:00Z,-4.676e-05,8
BTCUSDT,2025-12-08T08:00:00Z,6.545e-05,8
ETHUSDT,2025-12-08T08:00:00Z,7.24e-05,8
SOLUSDT,2025-12-08T08:00:00Z,6.981e-05,8
BTCUSDT,2025-12-08T16:00:00Z,3.395e-05,8
ETHUSDT,2025-12-08T16:00:00Z,4.139e-05,8
SOLUSDT,2025-12-08T16:00:00Z,7.621e-05,8
BTCUSDT,2025-12-09T00:00:00Z,8.52e-06,8
ETHUSDT,2025-12-09T00:00:00Z,5.283e-05,8
SOLUSDT,2025-12-09T00:00:00Z,-4.393e-05,8
BTCUSDT,2025-12-09T08:00:00Z,6.379e-05,8
ETHUSDT,2025-12-09T08:00:00Z,6.214e-05,8
SOLUSDT,2025-12-09T08:00:00Z,3.189e-05,8
BTCUSDT,2025-12-09T16:00:00Z,5.443e-05,8
ETHUSDT,2025-12-09T16:00:00Z,3.873e-05,8
SOLUSDT,2025-12-09T16:00:00Z,-1.38e-05,8
BTCUSDT,2025-12-10T00:00:00Z,2.777e-05,8
ETHUSDT,2025-12-10T00:00:00Z,0.0001,8
SOLUSDT,2025-12-10T00:00:00Z,0.0001,8
BTCUSDT,2025-12-10T08:00:00Z,1.996e-05,8
ETHUSDT,2025-12-10T08:00:00Z,7.429e-05,8
SOLUSDT,2025-12-10T08:00:00Z,2.067e-05,8
BTCUSDT,2025-12-10T16:00:00Z,3.205e-05,8
ETHUSDT,2025-12-10T16:00:00Z,3.462e-05,8
SOLUSDT,2025-12-10T16:00:00Z,2.31e-05,8
BTCUSDT,2025-12-11T00:00:00Z,2.59e-05,8
ETHUSDT,2025-12-11T00:00:00Z,6.92e-05,8
SOLUSDT,2025-12-11T00:00:00Z,9.45e-06,8
BTCUSDT,2025-12-11T08:00:00Z,-1.577e-05,8
ETHUSDT,2025-12-11T08:00:00Z,1.38e-06,8
SOLUSDT,2025-12-11T08:00:00Z,-0.00016369,8
BTCUSDT,2025-12-11T16:00:00Z,6.1e-05,8
ETHUSDT,2025-12-11T16:00:00Z,2.616e-05,8
SOLUSDT,2025-12-11T16:00:00Z,-6.531e-05,8
BTCUSDT,2025-12-12T00:00:00Z,6.914e-05,8
ETHUSDT,2025-12-12T00:00:00Z,-2.48e-06,8
SOLUSDT,2025-12-12T00:00:00Z,9.412e-05,8
BTCUSDT,2025-12-12T08:00:00Z,4.698e-05,8
ETHUSDT,2025-12-12T08:00:00Z,3.217e-05,8
SOLUSDT,2025-12-12T08:00:00Z,0.0001,8
BTCUSDT,2025-12-12T16:00:00Z,3.383e-05,8
ETHUSDT,2025-12-12T16:00:00Z,-2.36e-06,8
SOLUSDT,2025-12-12T16:00:00Z,0.0001,8
BTCUSDT,2025-12-13T00:00:00Z,1.21e-06,8
ETHUSDT,2025-12-13T00:00:00Z,1.07e-06,8
SOLUSDT,2025-12-13T00:00:00Z,-7.703e-05,8
BTCUSDT,2025-12-13T08:00:00Z,6.02e-05,8
ETHUSDT,2025-12-13T08:00:00Z,-1.354e-05,8
SOLUSDT,2025-12-13T08:00:00Z,-2.011e-05,8
BTCUSDT,2025-12-13T16:00:00Z,6.041e-05,8
ETHUSDT,2025-12-13T16:00:00Z,3.292e-05,8
SOLUSDT,2025-12-13T16:00:00Z,-2.083e-05,8
BTCUSDT,2025-12-14T00:00:00Z,0.0001,8
ETHUSDT,2025-12-14T00:00:00Z,8.266e-05,8
SOLUSDT,2025-12-14T00:00:00Z,-1.51e-05,8
BTCUSDT,2025-12-14T08:00:00Z,2.898e-05,8
ETHUSDT,2025-12-14T08:00:00Z,4.872e-05,8
SOLUSDT,2025-12-14T08:00:00Z,-2.194e-05,8
BTCUSDT,2025-12-14T16:00:00Z,3.773e-05,8
ETHUSDT,2025-12-14T16:00:00Z,8.259e-05,8
SOLUSDT,2025-12-14T16:00:00Z,-9.436e-05,8
BTCUSDT,2025-12-15T00:00:00Z,1.9e-06,8
ETHUSDT,2025-12-15T00:00:00Z,6.154e-05,8
SOLUSDT,2025-12-15T00:00:00Z,-9.823e-05,8
BTCUSDT,2025-12-15T08:00:00Z,-8.93e-06,8
ETHUSDT,2025-12-15T08:00:00Z,3.415e-05,8
SOLUSDT,2025-12-15T08:00:00Z,2.213e-05,8
BTCUSDT,2025-12-15T16:00:00Z,3.081e-05,8
ETHUSDT,2025-12-15T16:00:00Z,2.051e-05,8
SOLUSDT,2025-12-15T16:00:00Z,2.482e-05,8
BTCUSDT,2025-12-16T00:00:00Z,7.467e-05,8
ETHUSDT,2025-12-16T00:00:00Z,-6.41e-06,8
SOLUSDT,2025-12-16T00:00:00Z,-0.00012962,8
BTCUSDT,2025-12-16T08:00:00Z,1.35e-05,8
ETHUSDT,2025-12-16T08:00:00Z,2.281e-05,8
SOLUSDT,2025-12-16T08:00:00Z,-6.503e-05,8
BTCUSDT,2025-12-16T16:00:00Z,4.089e-05,8
ETHUSDT,2025-12-16T16:00:00Z,-1.87e-05,8
SOLUSDT,2025-12-16T16:00:00Z,6.541e-05,8
BTCUSDT,2025-12-17T00:00:00Z,6.221e-05,8
ETHUSDT,2025-12-17T00:00:00Z,3.52e-06,8
SOLUSDT,2025-12-17T00:00:00Z,3.595e-05,8
BTCUSDT,2025-12-17T08:00:00Z,8.987e-05,8
ETHUSDT,2025-12-17T08:00:00Z,3.718e-05,8
SOLUSDT,2025-12-17T08:00:00Z,3.39e-05,8
BTCUSDT,2025-12-17T16:00:00Z,5.917e-05,8
ETHUSDT,2025-12-17T16:00:00Z,8.6e-07,8
SOLUSDT,2025-12-17T16:00:00Z,5.848e-05,8
BTCUSDT,2025-12-18T00:00:00Z,6.23e-05,8
ETHUSDT,2025-12-18T00:00:00Z,-1.833e-05,8
SOLUSDT,2025-12-18T00:00:00Z,-0.00017374,8
BTCUSDT,2025-12-18T08:00:00Z,-8.67e-06,8
ETHUSDT,2025-12-18T08:00:00Z,-3.186e-05,8
SOLUSDT,2025-12-18T08:00:00Z,-3.187e-05,8
BTCUSDT,2025-12-18T16:00:00Z,8.355e-05,8
ETHUSDT,2025-12-18T16:00:00Z,5.89e-05,8
SOLUSDT,2025-12-18T16:00:00Z,4.877e-05,8
BTCUSDT,2025-12-19T00:00:00Z,5.491e-05,8
ETHUSDT,2025-12-19T00:00:00Z,5.783e-05,8
SOLUSDT,2025-12-19T00:00:00Z,-3.298e-05,8
BTCUSDT,2025-12-19T08:00:00Z,0.0001,8
ETHUSDT,2025-12-19T08:00:00Z,7.285e-05,8
SOLUSDT,2025-12-19T08:00:00Z,7.363e-05,8
BTCUSDT,2025-12-19T16:00:00Z,0.0001,8
ETHUSDT,2025-12-19T16:00:00Z,9.196e-05,8
SOLUSDT,2025-12-19T16:00:00Z,0.0001,8
BTCUSDT,2025-12-20T00:00:00Z,0.0001,8
ETHUSDT,2025-12-20T00:00:00Z,1.997e-05,8
SOLUSDT,2025-12-20T00:00:00Z,0.0001,8
BTCUSDT,2025-12-20T08:00:00Z,1.234e-05,8
ETHUSDT,2025-12-20T08:00:00Z,1.909e-05,8
SOLUSDT,2025-12-20T08:00:00Z,6.912e-05,8
BTCUSDT,2025-12-20T16:00:00Z,7.171e-05,8
ETHUSDT,2025-12-20T16:00:00Z,9.03e-06,8
SOLUSDT,2025-12-20T16:00:00Z,6.936e-05,8
BTCUSDT,2025-12-21T00:00:00Z,9.682e-05,8
ETHUSDT,2025-12-21T00:00:00Z,1.836e-05,8
SOLUSDT,2025-12-21T00:00:00Z,8.009e-05,8
BTCUSDT,2025-12-21T08:00:00Z,8.873e-05,8
ETHUSDT,2025-12-21T08:00:00Z,4.198e-05,8
SOLUSDT,2025-12-21T08:00:00Z,9.929e-05,8
BTCUSDT,2025-12-21T16:00:00Z,3.977e-05,8
ETHUSDT,2025-12-21T16:00:00Z,3.37e-06,8
SOLUSDT,2025-12-21T16:00:00Z,-1.358e-05,8
BTCUSDT,2025-12-22T00:00:00Z,4.389e-05,8
ETHUSDT,2025-12-22T00:00:00Z,-2.332e-05,8
SOLUSDT,2025-12-22T00:00:00Z,3.525e-05,8
BTCUSDT,2025-12-22T08:00:00Z,4.524e-05,8
ETHUSDT,2025-12-22T08:00:00Z,5.76e-06,8
SOLUSDT,2025-12-22T08:00:00Z,4.368e-05,8
BTCUSDT,2025-12-22T16:00:00Z,6.654e-05,8
ETHUSDT,2025-12-22T16:00:00Z,-5.69e-06,8
SOLUSDT,2025-12-22T16:00:00Z,5.393e-05,8
BTCUSDT,2025-12-23T00:00:00Z,2.633e-05,8
ETHUSDT,2025-12-23T00:00:00Z,3.812e-05,8
SOLUSDT,2025-12-23T00:00:00Z,-6.2e-05,8
BTCUSDT,2025-12-23T08:00:00Z,5.231e-05,8
ETHUSDT,2025-12-23T08:00:00Z,6.79e-05,8
SOLUSDT,2025-12-23T08:00:00Z,2.113e-05,8
BTCUSDT,2025-12-23T16:00:00Z,1.795e-05,8
ETHUSDT,2025-12-23T16:00:00Z,2.64e-05,8
SOLUSDT,2025-12-23T16:00:00Z,-7.533e-05,8
BTCUSDT,2025-12-24T00:00:00Z,0.0001,8
ETHUSDT,2025-12-24T00:00:00Z,2.584e-05,8
SOLUSDT,2025-12-24T00:00:00Z,7.105e-05,8
BTCUSDT,2025-12-24T08:00:00Z,8.455e-05,8
ETHUSDT,2025-12-24T08:00:00Z,6.186e-05,8
SOLUSDT,2025-12-24T08:00:00Z,-3.47e-06,8
BTCUSDT,2025-12-24T16:00:00Z,5.927e-05,8
ETHUSDT,2025-12-24T16:00:00Z,5.629e-05,8
SOLUSDT,2025-12-24T16:00:00Z,2.942e-05,8
BTCUSDT,2025-12-25T00:00:00Z,5.953e-05,8
ETHUSDT,2025-12-25T00:00:00Z,6.527e-05,8
SOLUSDT,2025-12-25T00:00:00Z,0.0001,8
BTCUSDT,2025-12-25T08:00:00Z,7.953e-05,8
ETHUSDT,2025-12-25T08:00:00Z,6.688e-05,8
SOLUSDT,2025-12-25T08:00:00Z,0.0001,8
BTCUSDT,2025-12-25T16:00:00Z,8.322e-05,8
ETHUSDT,2025-12-25T16:00:00Z,4.97e-05,8
SOLUSDT,2025-12-25T16:00:00Z,2.98e-05,8
BTCUSDT,2025-12-26T00:00:00Z,4.378e-05,8
ETHUSDT,2025-12-26T00:00:00Z,5.028e-05,8
SOLUSDT,2025-12-26T00:00:00Z,8.16e-05,8
BTCUSDT,2025-12-26T08:00:00Z,5.427e-05,8
ETHUSDT,2025-12-26T08:00:00Z,6.473e-05,8
SOLUSDT,2025-12-26T08:00:00Z,4.708e-05,8
BTCUSDT,2025-12-26T16:00:00Z,0.0001,8
ETHUSDT,2025-12-26T16:00:00Z,3.451e-05,8
SOLUSDT,2025-12-26T16:00:00Z,0.0001,8
BTCUSDT,2025-12-27T00:00:00Z,1.809e-05,8
ETHUSDT,2025-12-27T00:00:00Z,4.038e-05,8
SOLUSDT,2025-12-27T00:00:00Z,4.89e-06,8
BTCUSDT,2025-12-27T08:00:00Z,2.788e-05,8
ETHUSDT,2025-12-27T08:00:00Z,-5.19e-06,8
SOLUSDT,2025-12-27T08:00:00Z,0.0001,8
BTCUSDT,2025-12-27T16:00:00Z,5.85e-05,8
ETHUSDT,2025-12-27T16:00:00Z,8.133e-05,8
SOLUSDT,2025-12-27T16:00:00Z,0.0001,8
BTCUSDT,2025-12-28T00:00:00Z,-3.6e-07,8
ETHUSDT,2025-12-28T00:00:00Z,5.105e-05,8
SOLUSDT,2025-12-28T00:00:00Z,0.0001,8
BTCUSDT,2025-12-28T08:00:00Z,7.955e-05,8
ETHUSDT,2025-12-28T08:00:00Z,7.91e-05,8
SOLUSDT,2025-12-28T08:00:00Z,0.0001,8
BTCUSDT,2025-12-28T16:00:00Z,9.464e-05,8
ETHUSDT,2025-12-28T16:00:00Z,4.862e-05,8
SOLUSDT,2025-12-28T16:00:00Z,0.0001,8
BTCUSDT,2025-12-29T00:00:00Z,0.0001,8
ETHUSDT,2025-12-29T00:00:00Z,9.172e-05,8
SOLUSDT,2025-12-29T00:00:00Z,5.464e-05,8
BTCUSDT,2025-12-29T08:00:00Z,0.0001,8
ETHUSDT,2025-12-29T08:00:00Z,8.496e-05,8
SOLUSDT,2025-12-29T08:00:00Z,0.0001,8
BTCUSDT,2025-12-29T16:00:00Z,4.826e-05,8
ETHUSDT,2025-12-29T16:00:00Z,1.862e-05,8
SOLUSDT,2025-12-29T16:00:00Z,-3.375e-05,8
BTCUSDT,2025-12-30T00:00:00Z,0.0001,8
ETHUSDT,2025-12-30T00:00:00Z,-1.536e-05,8
SOLUSDT,2025-12-30T00:00:00Z,-2.097e-05,8
BTCUSDT,2025-12-30T08:00:00Z,4.613e-05,8
ETHUSDT,2025-12-30T08:00:00Z,3.92e-05,8
SOLUSDT,2025-12-30T08:00:00Z,-3.541e-05,8
BTCUSDT,2025-12-30T16:00:00Z,8.345e-05,8
ETHUSDT,2025-12-30T16:00:00Z,0.0001,8
SOLUSDT,2025-12-30T16:00:00Z,0.0001,8
BTCUSDT,2025-12-31T00:00:00Z,2.922e-05,8
ETHUSDT,2025-12-31T00:00:00Z,5.157e-05,8
SOLUSDT,2025-12-31T00:00:00Z,0.0001,8
BTCUSDT,2025-12-31T08:00:00Z,1.453e-05,8
ETHUSDT,2025-12-31T08:00:00Z,1.205e-05,8
SOLUSDT,2025-12-31T08:00:00Z,2.078e-05,8
BTCUSDT,2025-12-31T16:00:00Z,3.75e-05,8
ETHUSDT,2025-12-31T16:00:00Z,3.527e-05,8
SOLUSDT,2025-12-31T16:00:00Z,0.0001,8
BTCUSDT,2026-01-01T00:00:00Z,0.0001,8
ETHUSDT,2026-01-01T00:00:00Z,0.0001,8
SOLUSDT,2026-01-01T00:00:00Z,2.778e-05,8
BTCUSDT,2026-01-01T08:00:00Z,0.0001,8
ETHUSDT,2026-01-01T08:00:00Z,8.799e-05,8
SOLUSDT,2026-01-01T08:00:00Z,1.759e-05,8
BTCUSDT,2026-01-01T16:00:00Z,1.711e-05,8
ETHUSDT,2026-01-01T16:00:00Z,-5.6e-06,8
SOLUSDT,2026-01-01T16:00:00Z,2.227e-05,8
BTCUSDT,2026-01-02T00:00:00Z,5.608e-05,8
ETHUSDT,2026-01-02T00:00:00Z,5.053e-05,8
SOLUSDT,2026-01-02T00:00:00Z,0.0001,8
BTCUSDT,2026-01-02T08:00:00Z,4.219e-05,8
ETHUSDT,2026-01-02T08:00:00Z,3.09e-05,8
SOLUSDT,2026-01-02T08:00:00Z,0.0001,8
BTCUSDT,2026-01-02T16:00:00Z,4.813e-05,8
ETHUSDT,2026-01-02T16:00:00Z,0.0001,8
SOLUSDT,2026-01-02T16:00:00Z,0.0001,8
BTCUSDT,2026-01-03T00:00:00Z,3.11e-05,8
ETHUSDT,2026-01-03T00:00:00Z,5.187e-05,8
SOLUSDT,2026-01-03T00:00:00Z,0.0001,8
BTCUSDT,2026-01-03T08:00:00Z,1.055e-05,8
ETHUSDT,2026-01-03T08:00:00Z,3.421e-05,8
SOLUSDT,2026-01-03T08:00:00Z,8.286e-05,8
BTCUSDT,2026-01-03T16:00:00Z,6.938e-05,8
ETHUSDT,2026-01-03T16:00:00Z,3.231e-05,8
SOLUSDT,2026-01-03T16:00:00Z,6.427e-05,8
BTCUSDT,2026-01-04T00:00:00Z,9.488e-05,8
ETHUSDT,2026-01-04T00:00:00Z,7.598e-05,8
SOLUSDT,2026-01-04T00:00:00Z,0.0001,8
BTCUSDT,2026-01-04T08:00:00Z,5.813e-05,8
ETHUSDT,2026-01-04T08:00:00Z,2.12e-06,8
SOLUSDT,2026-01-04T08:00:00Z,4.499e-05,8
BTCUSDT,2026-01-04T16:00:00Z,4.436e-05,8
ETHUSDT,2026-01-04T16:00:00Z,7.231e-05,8
SOLUSDT,2026-01-04T16:00:00Z,4.667e-05,8
BTCUSDT,2026-01-05T00:00:00Z,8.893e-05,8
ETHUSDT,2026-01-05T00:00:00Z,7.926e-05,8
SOLUSDT,2026-01-05T00:00:00Z,5.164e-05,8
BTCUSDT,2026-01-05T08:00:00Z,5.23e-05,8
ETHUSDT,2026-01-05T08:00:00Z,9.66e-06,8
SOLUSDT,2026-01-05T08:00:00Z,1.007e-05,8
BTCUSDT,2026-01-05T16:00:00Z,7.723e-05,8
ETHUSDT,2026-01-05T16:00:00Z,5.085e-05,8
SOLUSDT,2026-01-05T16:00:00Z,1.357e-05,8
BTCUSDT,2026-01-06T00:00:00Z,-1.376e-05,8
ETHUSDT,2026-01-06T00:00:00Z,8.035e-05,8
SOLUSDT,2026-01-06T00:00:00Z,0.0001,8
BTCUSDT,2026-01-06T08:00:00Z,2.816e-05,8
ETHUSDT,2026-01-06T08:00:00Z,6.876e-05,8
SOLUSDT,2026-01-06T08:00:00Z,3.473e-05,8
BTCUSDT,2026-01-06T16:00:00Z,2.691e-05,8
ETHUSDT,2026-01-06T16:00:00Z,4.25e-05,8
SOLUSDT,2026-01-06T16:00:00Z,0.0001,8
BTCUSDT,2026-01-07T00:00:00Z,6.582e-05,8
ETHUSDT,2026-01-07T00:00:00Z,7.658e-05,8
SOLUSDT,2026-01-07T00:00:00Z,0.0001,8
BTCUSDT,2026-01-07T08:00:00Z,0.0001,8
ETHUSDT,2026-01-07T08:00:00Z,7.268e-05,8
SOLUSDT,2026-01-07T08:00:00Z,-1.47e-06,8
BTCUSDT,2026-01-07T16:00:00Z,2.885e-05,8
ETHUSDT,2026-01-07T16:00:00Z,3.902e-05,8
SOLUSDT,2026-01-07T16:00:00Z,-4.471e-05,8
BTCUSDT,2026-01-08T00:00:00Z,8.693e-05,8
ETHUSDT,2026-01-08T00:00:00Z,7.044e-05,8
SOLUSDT,2026-01-08T00:00:00Z,2.799e-05,8
BTCUSDT,2026-01-08T08:00:00Z,0.0001,8
ETHUSDT,2026-01-08T08:00:00Z,7.658e-05,8
SOLUSDT,2026-01-08T08:00:00Z,7.768e-05,8
BTCUSDT,2026-01-08T16:00:00Z,6.436e-05,8
ETHUSDT,2026-01-08T16:00:00Z,4.9e-07,8
SOLUSDT,2026-01-08T16:00:00Z,8.5e-07,8
BTCUSDT,2026-01-09T00:00:00Z,-2.813e-05,8
ETHUSDT,2026-01-09T00:00:00Z,6.634e-05,8
SOLUSDT,2026-01-09T00:00:00Z,0.0001,8
BTCUSDT,2026-01-09T08:00:00Z,7.258e-05,8
ETHUSDT,2026-01-09T08:00:00Z,3.789e-05,8
SOLUSDT,2026-01-09T08:00:00Z,9.569e-05,8
BTCUSDT,2026-01-09T16:00:00Z,2.18e-06,8
ETHUSDT,2026-01-09T16:00:00Z,5.562e-05,8
SOLUSDT,2026-01-09T16:00:00Z,0.0001,8
BTCUSDT,2026-01-10T00:00:00Z,5.643e-05,8
ETHUSDT,2026-01-10T00:00:00Z,8.959e-05,8
SOLUSDT,2026-01-10T00:00:00Z,-9.725e-05,8
BTCUSDT,2026-01-10T08:00:00Z,7.657e-05,8
ETHUSDT,2026-01-10T08:00:00Z,0.0001,8
SOLUSDT,2026-01-10T08:00:00Z,-6.589e-05,8
BTCUSDT,2026-01-10T16:00:00Z,6.235e-05,8
ETHUSDT,2026-01-10T16:00:00Z,5.277e-05,8
SOLUSDT,2026-01-10T16:00:00Z,-1.82e-06,8
BTCUSDT,2026-01-11T00:00:00Z,8.744e-05,8
ETHUSDT,2026-01-11T00:00:00Z,9.824e-05,8
SOLUSDT,2026-01-11T00:00:00Z,8.687e-05,8
BTCUSDT,2026-01-11T08:00:00Z,4.67e-05,8
ETHUSDT,2026-01-11T08:00:00Z,6.573e-05,8
SOLUSDT,2026-01-11T08:00:00Z,0.0001,8
BTCUSDT,2026-01-11T16:00:00Z,1.667e-05,8
ETHUSDT,2026-01-11T16:00:00Z,5.876e-05,8
SOLUSDT,2026-01-11T16:00:00Z,4.403e-05,8
BTCUSDT,2026-01-12T00:00:00Z,1.813e-05,8
ETHUSDT,2026-01-12T00:00:00Z,0.0001,8
SOLUSDT,2026-01-12T00:00:00Z,0.0001,8
BTCUSDT,2026-01-12T08:00:00Z,2.902e-05,8
ETHUSDT,2026-01-12T08:00:00Z,3.472e-05,8
SOLUSDT,2026-01-12T08:00:00Z,0.0001,8
BTCUSDT,2026-01-12T16:00:00Z,4.65e-05,8
ETHUSDT,2026-01-12T16:00:00Z,6.663e-05,8
SOLUSDT,2026-01-12T16:00:00Z,3.69e-05,8
BTCUSDT,2026-01-13T00:00:00Z,2.245e-05,8
ETHUSDT,2026-01-13T00:00:00Z,4.704e-05,8
SOLUSDT,2026-01-13T00:00:00Z,3.697e-05,8
BTCUSDT,2026-01-13T08:00:00Z,9.838e-05,8
ETHUSDT,2026-01-13T08:00:00Z,9.164e-05,8
SOLUSDT,2026-01-13T08:00:00Z,2.223e-05,8
BTCUSDT,2026-01-13T16:00:00Z,3.445e-05,8
ETHUSDT,2026-01-13T16:00:00Z,2.672e-05,8
SOLUSDT,2026-01-13T16:00:00Z,0.0001,8
BTCUSDT,2026-01-14T00:00:00Z,1.29e-06,8
ETHUSDT,2026-01-14T00:00:00Z,0.0001,8
SOLUSDT,2026-01-14T00:00:00Z,0.0001,8
BTCUSDT,2026-01-14T08:00:00Z,2.497e-05,8
ETHUSDT,2026-01-14T08:00:00Z,0.0001,8
SOLUSDT,2026-01-14T08:00:00Z,0.0001,8
BTCUSDT,2026-01-14T16:00:00Z,4.076e-05,8
ETHUSDT,2026-01-14T16:00:00Z,8.331e-05,8
SOLUSDT,2026-01-14T16:00:00Z,9.806e-05,8
BTCUSDT,2026-01-15T00:00:00Z,-3.67e-06,8
ETHUSDT,2026-01-15T00:00:00Z,5.358e-05,8
SOLUSDT,2026-01-15T00:00:00Z,0.0001,8
BTCUSDT,2026-01-15T08:00:00Z,1.749e-05,8
ETHUSDT,2026-01-15T08:00:00Z,6.58e-06,8
SOLUSDT,2026-01-15T08:00:00Z,9.75e-06,8
BTCUSDT,2026-01-15T16:00:00Z,1.526e-05,8
ETHUSDT,2026-01-15T16:00:00Z,9.722e-05,8
SOLUSDT,2026-01-15T16:00:00Z,-1.293e-05,8
BTCUSDT,2026-01-16T00:00:00Z,7.34e-05,8
ETHUSDT,2026-01-16T00:00:00Z,3.284e-05,8
SOLUSDT,2026-01-16T00:00:00Z,-4.172e-05,8
BTCUSDT,2026-01-16T08:00:00Z,7.337e-05,8
ETHUSDT,2026-01-16T08:00:00Z,3.558e-05,8
SOLUSDT,2026-01-16T08:00:00Z,-1.717e-05,8
BTCUSDT,2026-01-16T16:00:00Z,2.495e-05,8
ETHUSDT,2026-01-16T16:00:00Z,2.767e-05,8
SOLUSDT,2026-01-16T16:00:00Z,1.27e-05,8
BTCUSDT,2026-01-17T00:00:00Z,-1.78e-06,8
ETHUSDT,2026-01-17T00:00:00Z,8.371e-05,8
SOLUSDT,2026-01-17T00:00:00Z,0.0001,8
BTCUSDT,2026-01-17T08:00:00Z,3.007e-05,8
ETHUSDT,2026-01-17T08:00:00Z,8.079e-05,8
SOLUSDT,2026-01-17T08:00:00Z,7.146e-05,8
BTCUSDT,2026-01-17T16:00:00Z,2.976e-05,8
ETHUSDT,2026-01-17T16:00:00Z,6.017e-05,8
SOLUSDT,2026-01-17T16:00:00Z,-1.012e-05,8
BTCUSDT,2026-01-18T00:00:00Z,3.503e-05,8
ETHUSDT,2026-01-18T00:00:00Z,3.761e-05,8
SOLUSDT,2026-01-18T00:00:00Z,1.596e-05,8
BTCUSDT,2026-01-18T08:00:00Z,9.616e-05,8
ETHUSDT,2026-01-18T08:00:00Z,1.351e-05,8
SOLUSDT,2026-01-18T08:00:00Z,-9.483e-05,8
BTCUSDT,2026-01-18T16:00:00Z,6.571e-05,8
ETHUSDT,2026-01-18T16:00:00Z,2.477e-05,8
SOLUSDT,2026-01-18T16:00:00Z,-3.06e-05,8
BTCUSDT,2026-01-19T00:00:00Z,3.473e-05,8
ETHUSDT,2026-01-19T00:00:00Z,5.221e-05,8
SOLUSDT,2026-01-19T00:00:00Z,-1.163e-05,8
BTCUSDT,2026-01-19T08:00:00Z,1.943e-05,8
ETHUSDT,2026-01-19T08:00:00Z,-1.14e-05,8
SOLUSDT,2026-01-19T08:00:00Z,2.229e-05,8
BTCUSDT,2026-01-19T16:00:00Z,2.494e-05,8
ETHUSDT,2026-01-19T16:00:00Z,1.428e-05,8
SOLUSDT,2026-01-19T16:00:00Z,9.979e-05,8
BTCUSDT,2026-01-20T00:00:00Z,9.819e-05,8
ETHUSDT,2026-01-20T00:00:00Z,8.611e-05,8
SOLUSDT,2026-01-20T00:00:00Z,2.304e-05,8
BTCUSDT,2026-01-20T08:00:00Z,6.626e-05,8
ETHUSDT,2026-01-20T08:00:00Z,6.101e-05,8
SOLUSDT,2026-01-20T08:00:00Z,8.389e-05,8
BTCUSDT,2026-01-20T16:00:00Z,5.652e-05,8
ETHUSDT,2026-01-20T16:00:00Z,1.232e-05,8
SOLUSDT,2026-01-20T16:00:00Z,-6.674e-05,8
BTCUSDT,2026-01-21T00:00:00Z,0.0001,8
ETHUSDT,2026-01-21T00:00:00Z,5.52e-06,8
SOLUSDT,2026-01-21T00:00:00Z,2.13e-06,8
BTCUSDT,2026-01-21T08:00:00Z,6.055e-05,8
ETHUSDT,2026-01-21T08:00:00Z,5.3e-06,8
SOLUSDT,2026-01-21T08:00:00Z,-2.73e-05,8
BTCUSDT,2026-01-21T16:00:00Z,2.41e-05,8
ETHUSDT,2026-01-21T16:00:00Z,1.113e-05,8
SOLUSDT,2026-01-21T16:00:00Z,3.81e-06,8
BTCUSDT,2026-01-22T00:00:00Z,6.355e-05,8
ETHUSDT,2026-01-22T00:00:00Z,2.119e-05,8
SOLUSDT,2026-01-22T00:00:00Z,6.571e-05,8
BTCUSDT,2026-01-22T08:00:00Z,5.11e-05,8
ETHUSDT,2026-01-22T08:00:00Z,7.681e-05,8
SOLUSDT,2026-01-22T08:00:00Z,-6.167e-05,8
BTCUSDT,2026-01-22T16:00:00Z,9.419e-05,8
ETHUSDT,2026-01-22T16:00:00Z,-2.933e-05,8
SOLUSDT,2026-01-22T16:00:00Z,-6.749e-05,8
BTCUSDT,2026-01-23T00:00:00Z,5.09e-05,8
ETHUSDT,2026-01-23T00:00:00Z,1.674e-05,8
SOLUSDT,2026-01-23T00:00:00Z,-1.016e-05,8
BTCUSDT,2026-01-23T08:00:00Z,3.39e-05,8
ETHUSDT,2026-01-23T08:00:00Z,2.868e-05,8
SOLUSDT,2026-01-23T08:00:00Z,1.237e-05,8
BTCUSDT,2026-01-23T16:00:00Z,6.968e-05,8
ETHUSDT,2026-01-23T16:00:00Z,5.045e-05,8
SOLUSDT,2026-01-23T16:00:00Z,-6.703e-05,8
BTCUSDT,2026-01-24T00:00:00Z,1.531e-05,8
ETHUSDT,2026-01-24T00:00:00Z,3.675e-05,8
SOLUSDT,2026-01-24T00:00:00Z,-1.852e-05,8
BTCUSDT,2026-01-24T08:00:00Z,8.909e-05,8
ETHUSDT,2026-01-24T08:00:00Z,1.171e-05,8
SOLUSDT,2026-01-24T08:00:00Z,-9.28e-06,8
BTCUSDT,2026-01-24T16:00:00Z,3.901e-05,8
ETHUSDT,2026-01-24T16:00:00Z,1.292e-05,8
SOLUSDT,2026-01-24T16:00:00Z,5.43e-06,8
BTCUSDT,2026-01-25T00:00:00Z,1.336e-05,8
ETHUSDT,2026-01-25T00:00:00Z,4.065e-05,8
SOLUSDT,2026-01-25T00:00:00Z,-7.297e-05,8
BTCUSDT,2026-01-25T08:00:00Z,8.051e-05,8
ETHUSDT,2026-01-25T08:00:00Z,6.759e-05,8
SOLUSDT,2026-01-25T08:00:00Z,-3.952e-05,8
BTCUSDT,2026-01-25T16:00:00Z,4.917e-05,8
ETHUSDT,2026-01-25T16:00:00Z,4.059e-05,8
SOLUSDT,2026-01-25T16:00:00Z,5.353e-05,8
BTCUSDT,2026-01-26T00:00:00Z,4.067e-05,8
ETHUSDT,2026-01-26T00:00:00Z,-0.00013629,8
SOLUSDT,2026-01-26T00:00:00Z,-0.00020746,8
BTCUSDT,2026-01-26T08:00:00Z,2.847e-05,8
ETHUSDT,2026-01-26T08:00:00Z,6.54e-05,8
SOLUSDT,2026-01-26T08:00:00Z,7.17e-06,8
BTCUSDT,2026-01-26T16:00:00Z,5.606e-05,8
ETHUSDT,2026-01-26T16:00:00Z,1.326e-05,8
SOLUSDT,2026-01-26T16:00:00Z,2.194e-05,8
BTCUSDT,2026-01-27T00:00:00Z,4.267e-05,8
ETHUSDT,2026-01-27T00:00:00Z,7.255e-05,8
SOLUSDT,2026-01-27T00:00:00Z,8.056e-05,8
BTCUSDT,2026-01-27T08:00:00Z,6.028e-05,8
ETHUSDT,2026-01-27T08:00:00Z,8.694e-05,8
SOLUSDT,2026-01-27T08:00:00Z,7.857e-05,8
BTCUSDT,2026-01-27T16:00:00Z,7.503e-05,8
ETHUSDT,2026-01-27T16:00:00Z,9.488e-05,8
SOLUSDT,2026-01-27T16:00:00Z,2.427e-05,8
BTCUSDT,2026-01-28T00:00:00Z,6.237e-05,8
ETHUSDT,2026-01-28T00:00:00Z,8.698e-05,8
SOLUSDT,2026-01-28T00:00:00Z,8.604e-05,8
BTCUSDT,2026-01-28T08:00:00Z,6.174e-05,8
ETHUSDT,2026-01-28T08:00:00Z,9.559e-05,8
SOLUSDT,2026-01-28T08:00:00Z,6.014e-05,8
BTCUSDT,2026-01-28T16:00:00Z,3.83e-05,8
ETHUSDT,2026-01-28T16:00:00Z,4.501e-05,8
SOLUSDT,2026-01-28T16:00:00Z,3.305e-05,8
BTCUSDT,2026-01-29T00:00:00Z,7.21e-05,8
ETHUSDT,2026-01-29T00:00:00Z,4.731e-05,8
SOLUSDT,2026-01-29T00:00:00Z,1.45e-05,8
BTCUSDT,2026-01-29T08:00:00Z,5.856e-05,8
ETHUSDT,2026-01-29T08:00:00Z,4.078e-05,8
SOLUSDT,2026-01-29T08:00:00Z,-5.141e-05,8
BTCUSDT,2026-01-29T16:00:00Z,4.023e-05,8
ETHUSDT,2026-01-29T16:00:00Z,-1.167e-05,8
SOLUSDT,2026-01-29T16:00:00Z,-7.62e-05,8
BTCUSDT,2026-01-30T00:00:00Z,4.478e-05,8
ETHUSDT,2026-01-30T00:00:00Z,4.73e-06,8
SOLUSDT,2026-01-30T00:00:00Z,-0.000182,8
BTCUSDT,2026-01-30T08:00:00Z,1.714e-05,8
ETHUSDT,2026-01-30T08:00:00Z,-3.08e-06,8
SOLUSDT,2026-01-30T08:00:00Z,-8.985e-05,8
BTCUSDT,2026-01-30T16:00:00Z,3.1e-06,8
ETHUSDT,2026-01-30T16:00:00Z,-5.6e-07,8
SOLUSDT,2026-01-30T16:00:00Z,-4.603e-05,8
BTCUSDT,2026-01-31T00:00:00Z,9.693e-05,8
ETHUSDT,2026-01-31T00:00:00Z,-7.003e-05,8
SOLUSDT,2026-01-31T00:00:00Z,-4.73e-06,8
BTCUSDT,2026-01-31T08:00:00Z,3.548e-05,8
ETHUSDT,2026-01-31T08:00:00Z,1.854e-05,8
SOLUSDT,2026-01-31T08:00:00Z,-0.00019176,8
BTCUSDT,2026-01-31T16:00:00Z,6.585e-05,8
ETHUSDT,2026-01-31T16:00:00Z,-8.908e-05,8
SOLUSDT,2026-01-31T16:00:00Z,-0.00015483,8
BTCUSDT,2026-02-01T00:00:00Z,-3.267e-05,8
ETHUSDT,2026-02-01T00:00:00Z,-0.00016427,8
SOLUSDT,2026-02-01T00:00:00Z,-0.00069212,8
BTCUSDT,2026-02-01T08:00:00Z,3.421e-05,8
ETHUSDT,2026-02-01T08:00:00Z,1.415e-05,8
SOLUSDT,2026-02-01T08:00:00Z,-0.00019219,8
BTCUSDT,2026-02-01T16:00:00Z,1.722e-05,8
ETHUSDT,2026-02-01T16:00:00Z,-7.308e-05,8
SOLUSDT,2026-02-01T16:00:00Z,-8.954e-05,8
BTCUSDT,2026-02-02T00:00:00Z,6.8e-07,8
ETHUSDT,2026-02-02T00:00:00Z,-0.00015302,8
SOLUSDT,2026-02-02T00:00:00Z,-0.00014659,8
BTCUSDT,2026-02-02T08:00:00Z,-3.043e-05,8
ETHUSDT,2026-02-02T08:00:00Z,-8.208e-05,8
SOLUSDT,2026-02-02T08:00:00Z,-7.189e-05,8
BTCUSDT,2026-02-02T16:00:00Z,-5.713e-05,8
ETHUSDT,2026-02-02T16:00:00Z,-0.00010921,8
SOLUSDT,2026-02-02T16:00:00Z,-5.479e-05,8
BTCUSDT,2026-02-03T00:00:00Z,-2.203e-05,8
ETHUSDT,2026-02-03T00:00:00Z,-0.00015482,8
SOLUSDT,2026-02-03T00:00:00Z,-0.00012874,8
BTCUSDT,2026-02-03T08:00:00Z,2.245e-05,8
ETHUSDT,2026-02-03T08:00:00Z,1.01e-05,8
SOLUSDT,2026-02-03T08:00:00Z,-9.347e-05,8
BTCUSDT,2026-02-03T16:00:00Z,-4.65e-06,8
ETHUSDT,2026-02-03T16:00:00Z,-3.903e-05,8
SOLUSDT,2026-02-03T16:00:00Z,-0.00016414,8
BTCUSDT,2026-02-04T00:00:00Z,1.19e-06,8
ETHUSDT,2026-02-04T00:00:00Z,-2.474e-05,8
SOLUSDT,2026-02-04T00:00:00Z,-0.00017777,8
BTCUSDT,2026-02-04T08:00:00Z,3.551e-05,8
ETHUSDT,2026-02-04T08:00:00Z,2.076e-05,8
SOLUSDT,2026-02-04T08:00:00Z,-0.00047041,8
BTCUSDT,2026-02-04T16:00:00Z,4.618e-05,8
ETHUSDT,2026-02-04T16:00:00Z,-6.117e-05,8
SOLUSDT,2026-02-04T16:00:00Z,-0.00033402,8
BTCUSDT,2026-02-05T00:00:00Z,9.173e-05,8
ETHUSDT,2026-02-05T00:00:00Z,5.503e-05,8
SOLUSDT,2026-02-05T00:00:00Z,-2.794e-05,8
BTCUSDT,2026-02-05T08:00:00Z,2.98e-06,8
ETHUSDT,2026-02-05T08:00:00Z,-5.04e-06,8
SOLUSDT,2026-02-05T08:00:00Z,9.48e-06,8
BTCUSDT,2026-02-05T16:00:00Z,-4.957e-05,8
ETHUSDT,2026-02-05T16:00:00Z,-7.797e-05,8
SOLUSDT,2026-02-05T16:00:00Z,-2.324e-05,8
BTCUSDT,2026-02-06T00:00:00Z,-1.597e-05,8
ETHUSDT,2026-02-06T00:00:00Z,-0.00027709,8
SOLUSDT,2026-02-06T00:00:00Z,-0.00016041,8
BTCUSDT,2026-02-06T08:00:00Z,-0.00013688,8
ETHUSDT,2026-02-06T08:00:00Z,-8.43e-05,8
SOLUSDT,2026-02-06T08:00:00Z,-0.00043701,8
BTCUSDT,2026-02-06T16:00:00Z,-0.00013478,8
ETHUSDT,2026-02-06T16:00:00Z,1.852e-05,8
SOLUSDT,2026-02-06T16:00:00Z,-0.00055144,8
BTCUSDT,2026-02-07T00:00:00Z,-0.00015178,8
ETHUSDT,2026-02-07T00:00:00Z,0.0001,8
SOLUSDT,2026-02-07T00:00:00Z,-0.00053126,8
BTCUSDT,2026-02-07T08:00:00Z,-8.326e-05,8
ETHUSDT,2026-02-07T08:00:00Z,-1.83e-06,8
SOLUSDT,2026-02-07T08:00:00Z,-0.00024143,8
BTCUSDT,2026-02-07T16:00:00Z,-2.907e-05,8
ETHUSDT,2026-02-07T16:00:00Z,1.636e-05,8
SOLUSDT,2026-02-07T16:00:00Z,-0.00015393,8
BTCUSDT,2026-02-08T00:00:00Z,-3.403e-05,8
ETHUSDT,2026-02-08T00:00:00Z,2.665e-05,8
SOLUSDT,2026-02-08T00:00:00Z,-0.00028211,8
BTCUSDT,2026-02-08T08:00:00Z,-3.546e-05,8
ETHUSDT,2026-02-08T08:00:00Z,-3.046e-05,8
SOLUSDT,2026-02-08T08:00:00Z,-0.00039857,8
BTCUSDT,2026-02-08T16:00:00Z,-4.864e-05,8
ETHUSDT,2026-02-08T16:00:00Z,-5.398e-05,8
SOLUSDT,2026-02-08T16:00:00Z,-0.00030758,8
BTCUSDT,2026-02-09T00:00:00Z,-3.075e-05,8
ETHUSDT,2026-02-09T00:00:00Z,-4.033e-05,8
SOLUSDT,2026-02-09T00:00:00Z,-0.00018599,8
BTCUSDT,2026-02-09T08:00:00Z,1.846e-05,8
ETHUSDT,2026-02-09T08:00:00Z,-4.865e-05,8
SOLUSDT,2026-02-09T08:00:00Z,-0.00015733,8
BTCUSDT,2026-02-09T16:00:00Z,-4.284e-05,8
ETHUSDT,2026-02-09T16:00:00Z,-3.34e-06,8
SOLUSDT,2026-02-09T16:00:00Z,-1.919e-05,8
BTCUSDT,2026-02-10T00:00:00Z,-8.798e-05,8
ETHUSDT,2026-02-10T00:00:00Z,4.269e-05,8
SOLUSDT,2026-02-10T00:00:00Z,-0.00012797,8
BTCUSDT,2026-02-10T08:00:00Z,-4.829e-05,8
ETHUSDT,2026-02-10T08:00:00Z,-0.0001521,8
SOLUSDT,2026-02-10T08:00:00Z,-9.266e-05,8
BTCUSDT,2026-02-10T16:00:00Z,-8.816e-05,8
ETHUSDT,2026-02-10T16:00:00Z,-0.00019437,8
SOLUSDT,2026-02-10T16:00:00Z,-0.00015079,8
BTCUSDT,2026-02-11T00:00:00Z,1.4e-05,8
ETHUSDT,2026-02-11T00:00:00Z,-8.436e-05,8
SOLUSDT,2026-02-11T00:00:00Z,3.598e-05,8
BTCUSDT,2026-02-11T08:00:00Z,-8.417e-05,8
ETHUSDT,2026-02-11T08:00:00Z,-0.00012968,8
SOLUSDT,2026-02-11T08:00:00Z,-9.212e-05,8
BTCUSDT,2026-02-11T16:00:00Z,-1.169e-05,8
ETHUSDT,2026-02-11T16:00:00Z,-0.00012326,8
SOLUSDT,2026-02-11T16:00:00Z,-8.635e-05,8
BTCUSDT,2026-02-12T00:00:00Z,-1.381e-05,8
ETHUSDT,2026-02-12T00:00:00Z,-2.549e-05,8
SOLUSDT,2026-02-12T00:00:00Z,-0.0001924,8
BTCUSDT,2026-02-12T08:00:00Z,3.499e-05,8
ETHUSDT,2026-02-12T08:00:00Z,2.239e-05,8
SOLUSDT,2026-02-12T08:00:00Z,-7.372e-05,8
BTCUSDT,2026-02-12T16:00:00Z,-1.728e-05,8
ETHUSDT,2026-02-12T16:00:00Z,-4.103e-05,8
SOLUSDT,2026-02-12T16:00:00Z,-0.00016709,8
BTCUSDT,2026-02-13T00:00:00Z,5.834e-05,8
ETHUSDT,2026-02-13T00:00:00Z,-0.00010652,8
SOLUSDT,2026-02-13T00:00:00Z,-4.022e-05,8
BTCUSDT,2026-02-13T08:00:00Z,7.16e-06,8
ETHUSDT,2026-02-13T08:00:00Z,-2.874e-05,8
SOLUSDT,2026-02-13T08:00:00Z,-6.12e-06,8
BTCUSDT,2026-02-13T16:00:00Z,-1.274e-05,8
ETHUSDT,2026-02-13T16:00:00Z,4.26e-05,8
SOLUSDT,2026-02-13T16:00:00Z,7.1e-06,8
BTCUSDT,2026-02-14T00:00:00Z,1.291e-05,8
ETHUSDT,2026-02-14T00:00:00Z,-2.68e-06,8
SOLUSDT,2026-02-14T00:00:00Z,2.902e-05,8
BTCUSDT,2026-02-14T08:00:00Z,3.174e-05,8
ETHUSDT,2026-02-14T08:00:00Z,1.442e-05,8
SOLUSDT,2026-02-14T08:00:00Z,-7.743e-05,8
BTCUSDT,2026-02-14T16:00:00Z,-3.094e-05,8
ETHUSDT,2026-02-14T16:00:00Z,-1.921e-05,8
SOLUSDT,2026-02-14T16:00:00Z,-5.619e-05,8
BTCUSDT,2026-02-15T00:00:00Z,-1.068e-05,8
ETHUSDT,2026-02-15T00:00:00Z,-6.367e-05,8
SOLUSDT,2026-02-15T00:00:00Z,-0.00017847,8
BTCUSDT,2026-02-15T08:00:00Z,4.664e-05,8
ETHUSDT,2026-02-15T08:00:00Z,6.204e-05,8
SOLUSDT,2026-02-15T08:00:00Z,-1.01e-05,8
BTCUSDT,2026-02-15T16:00:00Z,-2.371e-05,8
ETHUSDT,2026-02-15T16:00:00Z,-7.55e-05,8
SOLUSDT,2026-02-15T16:00:00Z,5.339e-05,8
BTCUSDT,2026-02-16T00:00:00Z,2.659e-05,8
ETHUSDT,2026-02-16T00:00:00Z,-5.314e-05,8
SOLUSDT,2026-02-16T00:00:00Z,-4.817e-05,8
BTCUSDT,2026-02-16T08:00:00Z,-3.277e-05,8
ETHUSDT,2026-02-16T08:00:00Z,-5.925e-05,8
SOLUSDT,2026-02-16T08:00:00Z,-6.6e-06,8
BTCUSDT,2026-02-16T16:00:00Z,-4.112e-05,8
ETHUSDT,2026-02-16T16:00:00Z,-3.499e-05,8
SOLUSDT,2026-02-16T16:00:00Z,-0.00015888,8
BTCUSDT,2026-02-17T00:00:00Z,5.883e-05,8
ETHUSDT,2026-02-17T00:00:00Z,5.298e-05,8
SOLUSDT,2026-02-17T00:00:00Z,-3.812e-05,8
BTCUSDT,2026-02-17T08:00:00Z,2.672e-05,8
ETHUSDT,2026-02-17T08:00:00Z,8.43e-06,8
SOLUSDT,2026-02-17T08:00:00Z,-5.851e-05,8
BTCUSDT,2026-02-17T16:00:00Z,5.077e-05,8
ETHUSDT,2026-02-17T16:00:00Z,-4.733e-05,8
SOLUSDT,2026-02-17T16:00:00Z,-0.00012454,8
BTCUSDT,2026-02-18T00:00:00Z,3.215e-05,8
ETHUSDT,2026-02-18T00:00:00Z,1.121e-05,8
SOLUSDT,2026-02-18T00:00:00Z,-9.696e-05,8
BTCUSDT,2026-02-18T08:00:00Z,-1.41e-06,8
ETHUSDT,2026-02-18T08:00:00Z,-3.783e-05,8
SOLUSDT,2026-02-18T08:00:00Z,-3.984e-05,8
BTCUSDT,2026-02-18T16:00:00Z,3.604e-05,8
ETHUSDT,2026-02-18T16:00:00Z,-8.66e-06,8
SOLUSDT,2026-02-18T16:00:00Z,-0.0002287,8
BTCUSDT,2026-02-19T00:00:00Z,-4.014e-05,8
ETHUSDT,2026-02-19T00:00:00Z,-0.00010561,8
SOLUSDT,2026-02-19T00:00:00Z,-0.00012426,8
BTCUSDT,2026-02-19T08:00:00Z,2.686e-05,8
ETHUSDT,2026-02-19T08:00:00Z,-3.009e-05,8
SOLUSDT,2026-02-19T08:00:00Z,-0.00012365,8
BTCUSDT,2026-02-19T16:00:00Z,-3.052e-05,8
ETHUSDT,2026-02-19T16:00:00Z,-7.865e-05,8
SOLUSDT,2026-02-19T16:00:00Z,3.106e-05,8
BTCUSDT,2026-02-20T00:00:00Z,5.365e-05,8
ETHUSDT,2026-02-20T00:00:00Z,-4.637e-05,8
SOLUSDT,2026-02-20T00:00:00Z,2.253e-05,8
BTCUSDT,2026-02-20T08:00:00Z,1.302e-05,8
ETHUSDT,2026-02-20T08:00:00Z,-3.19e-05,8
SOLUSDT,2026-02-20T08:00:00Z,-9.514e-05,8
BTCUSDT,2026-02-20T16:00:00Z,-6.71e-06,8
ETHUSDT,2026-02-20T16:00:00Z,-7.16e-05,8
SOLUSDT,2026-02-20T16:00:00Z,3.03e-06,8
BTCUSDT,2026-02-21T00:00:00Z,4.456e-05,8
ETHUSDT,2026-02-21T00:00:00Z,3.05e-05,8
SOLUSDT,2026-02-21T00:00:00Z,5.856e-05,8
BTCUSDT,2026-02-21T08:00:00Z,2.485e-05,8
ETHUSDT,2026-02-21T08:00:00Z,4.592e-05,8
SOLUSDT,2026-02-21T08:00:00Z,-9.185e-05,8
BTCUSDT,2026-02-21T16:00:00Z,3.235e-05,8
ETHUSDT,2026-02-21T16:00:00Z,6.628e-05,8
SOLUSDT,2026-02-21T16:00:00Z,-6.16e-06,8
BTCUSDT,2026-02-22T00:00:00Z,7.3e-06,8
ETHUSDT,2026-02-22T00:00:00Z,3.845e-05,8
SOLUSDT,2026-02-22T00:00:00Z,-5.057e-05,8
BTCUSDT,2026-02-22T08:00:00Z,4.2e-07,8
ETHUSDT,2026-02-22T08:00:00Z,1.584e-05,8
SOLUSDT,2026-02-22T08:00:00Z,-0.00010584,8
BTCUSDT,2026-02-22T16:00:00Z,4.972e-05,8
ETHUSDT,2026-02-22T16:00:00Z,-4.379e-05,8
SOLUSDT,2026-02-22T16:00:00Z,-6.575e-05,8
BTCUSDT,2026-02-23T00:00:00Z,6.946e-05,8
ETHUSDT,2026-02-23T00:00:00Z,-3.343e-05,8
SOLUSDT,2026-02-23T00:00:00Z,-7.447e-05,8
BTCUSDT,2026-02-23T08:00:00Z,-9.317e-05,8
ETHUSDT,2026-02-23T08:00:00Z,-0.00036526,8
SOLUSDT,2026-02-23T08:00:00Z,-0.00053535,8
BTCUSDT,2026-02-23T16:00:00Z,2.251e-05,8
ETHUSDT,2026-02-23T16:00:00Z,1.654e-05,8
SOLUSDT,2026-02-23T16:00:00Z,-0.00014788,8
BTCUSDT,2026-02-24T00:00:00Z,5.706e-05,8
ETHUSDT,2026-02-24T00:00:00Z,2.61e-05,8
SOLUSDT,2026-02-24T00:00:00Z,-4.143e-05,8
BTCUSDT,2026-02-24T08:00:00Z,-1.193e-05,8
ETHUSDT,2026-02-24T08:00:00Z,-4.446e-05,8
SOLUSDT,2026-02-24T08:00:00Z,-7.491e-05,8
BTCUSDT,2026-02-24T16:00:00Z,-1.82e-06,8
ETHUSDT,2026-02-24T16:00:00Z,-2.974e-05,8
SOLUSDT,2026-02-24T16:00:00Z,-5.768e-05,8
BTCUSDT,2026-02-25T00:00:00Z,2.375e-05,8
ETHUSDT,2026-02-25T00:00:00Z,-2.455e-05,8
SOLUSDT,2026-02-25T00:00:00Z,-0.00017258,8
BTCUSDT,2026-02-25T08:00:00Z,3.3e-07,8
ETHUSDT,2026-02-25T08:00:00Z,4.558e-05,8
SOLUSDT,2026-02-25T08:00:00Z,6.827e-05,8
BTCUSDT,2026-02-25T16:00:00Z,-9.68e-06,8
ETHUSDT,2026-02-25T16:00:00Z,5.753e-05,8
SOLUSDT,2026-02-25T16:00:00Z,6.24e-05,8
BTCUSDT,2026-02-26T00:00:00Z,-1.998e-05,8
ETHUSDT,2026-02-26T00:00:00Z,7.787e-05,8
SOLUSDT,2026-02-26T00:00:00Z,0.0001,8
BTCUSDT,2026-02-26T08:00:00Z,-1.128e-05,8
ETHUSDT,2026-02-26T08:00:00Z,-2.591e-05,8
SOLUSDT,2026-02-26T08:00:00Z,1.584e-05,8
BTCUSDT,2026-02-26T16:00:00Z,4.007e-05,8
ETHUSDT,2026-02-26T16:00:00Z,3.926e-05,8
SOLUSDT,2026-02-26T16:00:00Z,-6.714e-05,8
BTCUSDT,2026-02-27T00:00:00Z,-9.91e-06,8
ETHUSDT,2026-02-27T00:00:00Z,1.39e-05,8
SOLUSDT,2026-02-27T00:00:00Z,-2.35e-06,8
BTCUSDT,2026-02-27T08:00:00Z,-8.123e-05,8
ETHUSDT,2026-02-27T08:00:00Z,3.34e-06,8
SOLUSDT,2026-02-27T08:00:00Z,-8.411e-05,8
BTCUSDT,2026-02-27T16:00:00Z,-6.56e-06,8
ETHUSDT,2026-02-27T16:00:00Z,-0.00011015,8
SOLUSDT,2026-02-27T16:00:00Z,-0.00018881,8
BTCUSDT,2026-02-28T00:00:00Z,4.041e-05,8
ETHUSDT,2026-02-28T00:00:00Z,-8.821e-05,8
SOLUSDT,2026-02-28T00:00:00Z,5.04e-06,8
BTCUSDT,2026-02-28T08:00:00Z,-3.727e-05,8
ETHUSDT,2026-02-28T08:00:00Z,-9.456e-05,8
SOLUSDT,2026-02-28T08:00:00Z,-0.00020116,8
BTCUSDT,2026-02-28T16:00:00Z,-4.305e-05,8
ETHUSDT,2026-02-28T16:00:00Z,-7.186e-05,8
SOLUSDT,2026-02-28T16:00:00Z,-0.00022315,8
BTCUSDT,2026-03-01T00:00:00Z,-6.88e-06,8
ETHUSDT,2026-03-01T00:00:00Z,-3.406e-05,8
SOLUSDT,2026-03-01T00:00:00Z,-4.585e-05,8
BTCUSDT,2026-03-01T08:00:00Z,4.563e-05,8
ETHUSDT,2026-03-01T08:00:00Z,4.986e-05,8
SOLUSDT,2026-03-01T08:00:00Z,0.0001,8
BTCUSDT,2026-03-01T16:00:00Z,2.948e-05,8
ETHUSDT,2026-03-01T16:00:00Z,5.291e-05,8
SOLUSDT,2026-03-01T16:00:00Z,5.377e-05,8
BTCUSDT,2026-03-02T00:00:00Z,-2.99e-06,8
ETHUSDT,2026-03-02T00:00:00Z,-7.621e-05,8
SOLUSDT,2026-03-02T00:00:00Z,2.413e-05,8
BTCUSDT,2026-03-02T08:00:00Z,-1.956e-05,8
ETHUSDT,2026-03-02T08:00:00Z,-4.31e-05,8
SOLUSDT,2026-03-02T08:00:00Z,-8.58e-05,8
BTCUSDT,2026-03-02T16:00:00Z,-1.083e-05,8
ETHUSDT,2026-03-02T16:00:00Z,-6.736e-05,8
SOLUSDT,2026-03-02T16:00:00Z,-1.424e-05,8
BTCUSDT,2026-03-03T00:00:00Z,-1.86e-06,8
ETHUSDT,2026-03-03T00:00:00Z,4.93e-05,8
SOLUSDT,2026-03-03T00:00:00Z,-3.622e-05,8
BTCUSDT,2026-03-03T08:00:00Z,1.437e-05,8
ETHUSDT,2026-03-03T08:00:00Z,-2.809e-05,8
SOLUSDT,2026-03-03T08:00:00Z,-6.186e-05,8
BTCUSDT,2026-03-03T16:00:00Z,1.481e-05,8
ETHUSDT,2026-03-03T16:00:00Z,-9.532e-05,8
SOLUSDT,2026-03-03T16:00:00Z,-0.00014862,8
BTCUSDT,2026-03-04T00:00:00Z,-5.39e-05,8
ETHUSDT,2026-03-04T00:00:00Z,-3.92e-06,8
SOLUSDT,2026-03-04T00:00:00Z,3.07e-06,8
BTCUSDT,2026-03-04T08:00:00Z,2.52e-05,8
ETHUSDT,2026-03-04T08:00:00Z,-7.107e-05,8
SOLUSDT,2026-03-04T08:00:00Z,1.145e-05,8
BTCUSDT,2026-03-04T16:00:00Z,4.683e-05,8
ETHUSDT,2026-03-04T16:00:00Z,6.615e-05,8
SOLUSDT,2026-03-04T16:00:00Z,2.4e-05,8
BTCUSDT,2026-03-05T00:00:00Z,3.567e-05,8
ETHUSDT,2026-03-05T00:00:00Z,-1.331e-05,8
SOLUSDT,2026-03-05T00:00:00Z,5.985e-05,8
BTCUSDT,2026-03-05T08:00:00Z,4.965e-05,8
ETHUSDT,2026-03-05T08:00:00Z,-8.37e-06,8
SOLUSDT,2026-03-05T08:00:00Z,-7.723e-05,8
BTCUSDT,2026-03-05T16:00:00Z,1.74e-06,8
ETHUSDT,2026-03-05T16:00:00Z,-1.463e-05,8
SOLUSDT,2026-03-05T16:00:00Z,-0.00011105,8
BTCUSDT,2026-03-06T00:00:00Z,1.689e-05,8
ETHUSDT,2026-03-06T00:00:00Z,4.376e-05,8
SOLUSDT,2026-03-06T00:00:00Z,6.362e-05,8
BTCUSDT,2026-03-06T08:00:00Z,-3.061e-05,8
ETHUSDT,2026-03-06T08:00:00Z,-2.383e-05,8
SOLUSDT,2026-03-06T08:00:00Z,-7.936e-05,8
BTCUSDT,2026-03-06T16:00:00Z,-2.176e-05,8
ETHUSDT,2026-03-06T16:00:00Z,-9.858e-05,8
SOLUSDT,2026-03-06T16:00:00Z,-0.00013058,8
BTCUSDT,2026-03-07T00:00:00Z,6.19e-06,8
ETHUSDT,2026-03-07T00:00:00Z,-4.995e-05,8
SOLUSDT,2026-03-07T00:00:00Z,-6.121e-05,8
BTCUSDT,2026-03-07T08:00:00Z,3.525e-05,8
ETHUSDT,2026-03-07T08:00:00Z,-9.16e-06,8
SOLUSDT,2026-03-07T08:00:00Z,2.98e-06,8
BTCUSDT,2026-03-07T16:00:00Z,-4.217e-05,8
ETHUSDT,2026-03-07T16:00:00Z,-2.26e-05,8
SOLUSDT,2026-03-07T16:00:00Z,-0.00012228,8
BTCUSDT,2026-03-08T00:00:00Z,-4.496e-05,8
ETHUSDT,2026-03-08T00:00:00Z,-4.775e-05,8
SOLUSDT,2026-03-08T00:00:00Z,-0.00010523,8
BTCUSDT,2026-03-08T08:00:00Z,-1.115e-05,8
ETHUSDT,2026-03-08T08:00:00Z,-8.766e-05,8
SOLUSDT,2026-03-08T08:00:00Z,-0.00016925,8
BTCUSDT,2026-03-08T16:00:00Z,-2.868e-05,8
ETHUSDT,2026-03-08T16:00:00Z,-7.522e-05,8
SOLUSDT,2026-03-08T16:00:00Z,-0.00019962,8
BTCUSDT,2026-03-09T00:00:00Z,-5.77e-05,8
ETHUSDT,2026-03-09T00:00:00Z,-0.00022545,8
SOLUSDT,2026-03-09T00:00:00Z,-0.00010144,8
BTCUSDT,2026-03-09T08:00:00Z,-4.579e-05,8
ETHUSDT,2026-03-09T08:00:00Z,2.557e-05,8
SOLUSDT,2026-03-09T08:00:00Z,-8.215e-05,8
BTCUSDT,2026-03-09T16:00:00Z,-3.431e-05,8
ETHUSDT,2026-03-09T16:00:00Z,5.482e-05,8
SOLUSDT,2026-03-09T16:00:00Z,-1.812e-05,8
BTCUSDT,2026-03-10T00:00:00Z,-2.394e-05,8
ETHUSDT,2026-03-10T00:00:00Z,4.253e-05,8
SOLUSDT,2026-03-10T00:00:00Z,3.046e-05,8
BTCUSDT,2026-03-10T08:00:00Z,1.23e-05,8
ETHUSDT,2026-03-10T08:00:00Z,5.082e-05,8
SOLUSDT,2026-03-10T08:00:00Z,6.257e-05,8
BTCUSDT,2026-03-10T16:00:00Z,1.738e-05,8
ETHUSDT,2026-03-10T16:00:00Z,2.672e-05,8
SOLUSDT,2026-03-10T16:00:00Z,-1.909e-05,8
BTCUSDT,2026-03-11T00:00:00Z,-0.00011052,8
ETHUSDT,2026-03-11T00:00:00Z,-3.94e-06,8
SOLUSDT,2026-03-11T00:00:00Z,6.61e-06,8
BTCUSDT,2026-03-11T08:00:00Z,-5.252e-05,8
ETHUSDT,2026-03-11T08:00:00Z,-7.4e-07,8
SOLUSDT,2026-03-11T08:00:00Z,-9.673e-05,8
BTCUSDT,2026-03-11T16:00:00Z,-5.824e-05,8
ETHUSDT,2026-03-11T16:00:00Z,2.992e-05,8
SOLUSDT,2026-03-11T16:00:00Z,-0.00010183,8
BTCUSDT,2026-03-12T00:00:00Z,-7.802e-05,8
ETHUSDT,2026-03-12T00:00:00Z,9.02e-06,8
SOLUSDT,2026-03-12T00:00:00Z,4.554e-05,8
BTCUSDT,2026-03-12T08:00:00Z,-5.392e-05,8
ETHUSDT,2026-03-12T08:00:00Z,-6.811e-05,8
SOLUSDT,2026-03-12T08:00:00Z,-0.00016439,8
BTCUSDT,2026-03-12T16:00:00Z,-7.381e-05,8
ETHUSDT,2026-03-12T16:00:00Z,-1.513e-05,8
SOLUSDT,2026-03-12T16:00:00Z,-3.63e-06,8
BTCUSDT,2026-03-13T00:00:00Z,-2.789e-05,8
ETHUSDT,2026-03-13T00:00:00Z,2.264e-05,8
SOLUSDT,2026-03-13T00:00:00Z,7.234e-05,8
BTCUSDT,2026-03-13T08:00:00Z,4.263e-05,8
ETHUSDT,2026-03-13T08:00:00Z,-6.3e-07,8
SOLUSDT,2026-03-13T08:00:00Z,7.241e-05,8
BTCUSDT,2026-03-13T16:00:00Z,-6.38e-06,8
ETHUSDT,2026-03-13T16:00:00Z,2.099e-05,8
SOLUSDT,2026-03-13T16:00:00Z,9.095e-05,8
BTCUSDT,2026-03-14T00:00:00Z,-3.79e-06,8
ETHUSDT,2026-03-14T00:00:00Z,2.679e-05,8
SOLUSDT,2026-03-14T00:00:00Z,-2.65e-05,8
BTCUSDT,2026-03-14T08:00:00Z,-3.988e-05,8
ETHUSDT,2026-03-14T08:00:00Z,-2.367e-05,8
SOLUSDT,2026-03-14T08:00:00Z,-6.738e-05,8
BTCUSDT,2026-03-14T16:00:00Z,-4.851e-05,8
ETHUSDT,2026-03-14T16:00:00Z,-4.1e-05,8
SOLUSDT,2026-03-14T16:00:00Z,-9.915e-05,8
BTCUSDT,2026-03-15T00:00:00Z,-1.883e-05,8
ETHUSDT,2026-03-15T00:00:00Z,-4.662e-05,8
SOLUSDT,2026-03-15T00:00:00Z,-0.00010764,8
BTCUSDT,2026-03-15T08:00:00Z,-6.461e-05,8
ETHUSDT,2026-03-15T08:00:00Z,1.371e-05,8
SOLUSDT,2026-03-15T08:00:00Z,-5.506e-05,8
BTCUSDT,2026-03-15T16:00:00Z,2.659e-05,8
ETHUSDT,2026-03-15T16:00:00Z,3.459e-05,8
SOLUSDT,2026-03-15T16:00:00Z,1.663e-05,8
BTCUSDT,2026-03-16T00:00:00Z,2.513e-05,8
ETHUSDT,2026-03-16T00:00:00Z,7.611e-05,8
SOLUSDT,2026-03-16T00:00:00Z,9.583e-05,8
BTCUSDT,2026-03-16T08:00:00Z,7.139e-05,8
ETHUSDT,2026-03-16T08:00:00Z,0.0001,8
SOLUSDT,2026-03-16T08:00:00Z,0.0001,8
BTCUSDT,2026-03-16T16:00:00Z,2.015e-05,8
ETHUSDT,2026-03-16T16:00:00Z,7.073e-05,8
SOLUSDT,2026-03-16T16:00:00Z,5.241e-05,8
BTCUSDT,2026-03-17T00:00:00Z,2.41e-06,8
ETHUSDT,2026-03-17T00:00:00Z,5.155e-05,8
SOLUSDT,2026-03-17T00:00:00Z,8.675e-05,8
BTCUSDT,2026-03-17T08:00:00Z,-2.505e-05,8
ETHUSDT,2026-03-17T08:00:00Z,1.964e-05,8
SOLUSDT,2026-03-17T08:00:00Z,4.97e-06,8
BTCUSDT,2026-03-17T16:00:00Z,-1.26e-05,8
ETHUSDT,2026-03-17T16:00:00Z,-1.057e-05,8
SOLUSDT,2026-03-17T16:00:00Z,-1.43e-05,8
BTCUSDT,2026-03-18T00:00:00Z,-6.569e-05,8
ETHUSDT,2026-03-18T00:00:00Z,1.504e-05,8
SOLUSDT,2026-03-18T00:00:00Z,-8.83e-06,8
BTCUSDT,2026-03-18T08:00:00Z,-4.813e-05,8
ETHUSDT,2026-03-18T08:00:00Z,1.301e-05,8
SOLUSDT,2026-03-18T08:00:00Z,-4.951e-05,8
BTCUSDT,2026-03-18T16:00:00Z,2.418e-05,8
ETHUSDT,2026-03-18T16:00:00Z,-1.399e-05,8
SOLUSDT,2026-03-18T16:00:00Z,-6.465e-05,8
BTCUSDT,2026-03-19T00:00:00Z,-9.74e-06,8
ETHUSDT,2026-03-19T00:00:00Z,-3.8e-06,8
SOLUSDT,2026-03-19T00:00:00Z,-0.00010064,8
BTCUSDT,2026-03-19T08:00:00Z,-3.012e-05,8
ETHUSDT,2026-03-19T08:00:00Z,-8.71e-06,8
SOLUSDT,2026-03-19T08:00:00Z,-1.65e-06,8
BTCUSDT,2026-03-19T16:00:00Z,1.205e-05,8
ETHUSDT,2026-03-19T16:00:00Z,6.6e-07,8
SOLUSDT,2026-03-19T16:00:00Z,-3.8e-06,8
BTCUSDT,2026-03-20T00:00:00Z,6.25e-06,8
ETHUSDT,2026-03-20T00:00:00Z,-6.348e-05,8
SOLUSDT,2026-03-20T00:00:00Z,3.87e-06,8
BTCUSDT,2026-03-20T08:00:00Z,7.53e-06,8
ETHUSDT,2026-03-20T08:00:00Z,-5.947e-05,8
SOLUSDT,2026-03-20T08:00:00Z,-4.929e-05,8
BTCUSDT,2026-03-20T16:00:00Z,-2.23e-06,8
ETHUSDT,2026-03-20T16:00:00Z,-7.2e-07,8
SOLUSDT,2026-03-20T16:00:00Z,-6.064e-05,8
BTCUSDT,2026-03-21T00:00:00Z,-1.493e-05,8
ETHUSDT,2026-03-21T00:00:00Z,2.359e-05,8
SOLUSDT,2026-03-21T00:00:00Z,2.431e-05,8
BTCUSDT,2026-03-21T08:00:00Z,-7.38e-06,8
ETHUSDT,2026-03-21T08:00:00Z,1.136e-05,8
SOLUSDT,2026-03-21T08:00:00Z,-1.16e-05,8
BTCUSDT,2026-03-21T16:00:00Z,1.093e-05,8
ETHUSDT,2026-03-21T16:00:00Z,2.063e-05,8
SOLUSDT,2026-03-21T16:00:00Z,-0.00012136,8
BTCUSDT,2026-03-22T00:00:00Z,8.06e-06,8
ETHUSDT,2026-03-22T00:00:00Z,-1.052e-05,8
SOLUSDT,2026-03-22T00:00:00Z,-0.00012994,8
BTCUSDT,2026-03-22T08:00:00Z,-4.425e-05,8
ETHUSDT,2026-03-22T08:00:00Z,1.14e-05,8
SOLUSDT,2026-03-22T08:00:00Z,-0.00013452,8
BTCUSDT,2026-03-22T16:00:00Z,-6.837e-05,8
ETHUSDT,2026-03-22T16:00:00Z,-7.418e-05,8
SOLUSDT,2026-03-22T16:00:00Z,-0.00012882,8
BTCUSDT,2026-03-23T00:00:00Z,-2.079e-05,8
ETHUSDT,2026-03-23T00:00:00Z,-5.929e-05,8
SOLUSDT,2026-03-23T00:00:00Z,-6.305e-05,8
BTCUSDT,2026-03-23T08:00:00Z,-2.863e-05,8
ETHUSDT,2026-03-23T08:00:00Z,-3.16e-06,8
SOLUSDT,2026-03-23T08:00:00Z,-1.921e-05,8
BTCUSDT,2026-03-23T16:00:00Z,1.6e-06,8
ETHUSDT,2026-03-23T16:00:00Z,6.11e-05,8
SOLUSDT,2026-03-23T16:00:00Z,4.974e-05,8
BTCUSDT,2026-03-24T00:00:00Z,4.229e-05,8
ETHUSDT,2026-03-24T00:00:00Z,2.88e-05,8
SOLUSDT,2026-03-24T00:00:00Z,0.0001,8
BTCUSDT,2026-03-24T08:00:00Z,3.675e-05,8
ETHUSDT,2026-03-24T08:00:00Z,2.122e-05,8
SOLUSDT,2026-03-24T08:00:00Z,2.758e-05,8
BTCUSDT,2026-03-24T16:00:00Z,3.056e-05,8
ETHUSDT,2026-03-24T16:00:00Z,-2.682e-05,8
SOLUSDT,2026-03-24T16:00:00Z,-0.00011027,8
BTCUSDT,2026-03-25T00:00:00Z,2.31e-05,8
ETHUSDT,2026-03-25T00:00:00Z,3.54e-05,8
SOLUSDT,2026-03-25T00:00:00Z,-4.578e-05,8
BTCUSDT,2026-03-25T08:00:00Z,1.074e-05,8
ETHUSDT,2026-03-25T08:00:00Z,-4.168e-05,8
SOLUSDT,2026-03-25T08:00:00Z,6.687e-05,8
BTCUSDT,2026-03-25T16:00:00Z,4.721e-05,8
ETHUSDT,2026-03-25T16:00:00Z,5.27e-06,8
SOLUSDT,2026-03-25T16:00:00Z,9.615e-05,8
BTCUSDT,2026-03-26T00:00:00Z,2.448e-05,8
ETHUSDT,2026-03-26T00:00:00Z,4.453e-05,8
SOLUSDT,2026-03-26T00:00:00Z,8.033e-05,8
BTCUSDT,2026-03-26T08:00:00Z,1.379e-05,8
ETHUSDT,2026-03-26T08:00:00Z,7.15e-06,8
SOLUSDT,2026-03-26T08:00:00Z,-0.00019611,8
BTCUSDT,2026-03-26T16:00:00Z,-2.103e-05,8
ETHUSDT,2026-03-26T16:00:00Z,-8.212e-05,8
SOLUSDT,2026-03-26T16:00:00Z,-0.00022349,8
BTCUSDT,2026-03-27T00:00:00Z,2.925e-05,8
ETHUSDT,2026-03-27T00:00:00Z,-2.08e-06,8
SOLUSDT,2026-03-27T00:00:00Z,-0.00022517,8
BTCUSDT,2026-03-27T08:00:00Z,-6.298e-05,8
ETHUSDT,2026-03-27T08:00:00Z,-5.164e-05,8
SOLUSDT,2026-03-27T08:00:00Z,-0.00019053,8
BTCUSDT,2026-03-27T16:00:00Z,-5.841e-05,8
ETHUSDT,2026-03-27T16:00:00Z,-0.00018104,8
SOLUSDT,2026-03-27T16:00:00Z,-0.0003981,8
BTCUSDT,2026-03-28T00:00:00Z,-8.088e-05,8
ETHUSDT,2026-03-28T00:00:00Z,-4.999e-05,8
SOLUSDT,2026-03-28T00:00:00Z,-0.00028259,8
BTCUSDT,2026-03-28T08:00:00Z,-7.604e-05,8
ETHUSDT,2026-03-28T08:00:00Z,-8.079e-05,8
SOLUSDT,2026-03-28T08:00:00Z,-0.00021298,8
BTCUSDT,2026-03-28T16:00:00Z,-1.73e-06,8
ETHUSDT,2026-03-28T16:00:00Z,4.5e-07,8
SOLUSDT,2026-03-28T16:00:00Z,-0.00016926,8
BTCUSDT,2026-03-29T00:00:00Z,-3.68e-05,8
ETHUSDT,2026-03-29T00:00:00Z,-1.122e-05,8
SOLUSDT,2026-03-29T00:00:00Z,-0.00030226,8
BTCUSDT,2026-03-29T08:00:00Z,-1.2e-07,8
ETHUSDT,2026-03-29T08:00:00Z,-3.677e-05,8
SOLUSDT,2026-03-29T08:00:00Z,-0.00023173,8
BTCUSDT,2026-03-29T16:00:00Z,2.677e-05,8
ETHUSDT,2026-03-29T16:00:00Z,-3.76e-05,8
SOLUSDT,2026-03-29T16:00:00Z,-0.00014871,8
BTCUSDT,2026-03-30T00:00:00Z,3e-06,8
ETHUSDT,2026-03-30T00:00:00Z,-2.586e-05,8
SOLUSDT,2026-03-30T00:00:00Z,-0.00027324,8
BTCUSDT,2026-03-30T08:00:00Z,4.92e-06,8
ETHUSDT,2026-03-30T08:00:00Z,1.177e-05,8
SOLUSDT,2026-03-30T08:00:00Z,-7.1e-06,8
BTCUSDT,2026-03-30T16:00:00Z,7.58e-06,8
ETHUSDT,2026-03-30T16:00:00Z,4.113e-05,8
SOLUSDT,2026-03-30T16:00:00Z,-1.962e-05,8
BTCUSDT,2026-03-31T00:00:00Z,1.16e-06,8
ETHUSDT,2026-03-31T00:00:00Z,2.57e-06,8
SOLUSDT,2026-03-31T00:00:00Z,-8.653e-05,8
BTCUSDT,2026-03-31T08:00:00Z,-1.921e-05,8
ETHUSDT,2026-03-31T08:00:00Z,1.748e-05,8
SOLUSDT,2026-03-31T08:00:00Z,3.994e-05,8
BTCUSDT,2026-03-31T16:00:00Z,-2.763e-05,8
ETHUSDT,2026-03-31T16:00:00Z,-9.62e-06,8
SOLUSDT,2026-03-31T16:00:00Z,-0.0001383,8
BTCUSDT,2026-04-01T00:00:00Z,-3.449e-05,8
ETHUSDT,2026-04-01T00:00:00Z,-2.57e-06,8
SOLUSDT,2026-04-01T00:00:00Z,1.608e-05,8
BTCUSDT,2026-04-01T08:00:00Z,-4.61e-06,8
ETHUSDT,2026-04-01T08:00:00Z,4.782e-05,8
SOLUSDT,2026-04-01T08:00:00Z,-6.42e-06,8
BTCUSDT,2026-04-01T16:00:00Z,5.77e-06,8
ETHUSDT,2026-04-01T16:00:00Z,4.428e-05,8
SOLUSDT,2026-04-01T16:00:00Z,-1.877e-05,8
BTCUSDT,2026-04-02T00:00:00Z,3.521e-05,8
ETHUSDT,2026-04-02T00:00:00Z,-8.956e-05,8
SOLUSDT,2026-04-02T00:00:00Z,1.042e-05,8
BTCUSDT,2026-04-02T08:00:00Z,8.45e-06,8
ETHUSDT,2026-04-02T08:00:00Z,-0.00013372,8
SOLUSDT,2026-04-02T08:00:00Z,-0.00023581,8
BTCUSDT,2026-04-02T16:00:00Z,-7.398e-05,8
ETHUSDT,2026-04-02T16:00:00Z,-7.283e-05,8
SOLUSDT,2026-04-02T16:00:00Z,-6.199e-05,8
BTCUSDT,2026-04-03T00:00:00Z,-8.31e-06,8
ETHUSDT,2026-04-03T00:00:00Z,-2.988e-05,8
SOLUSDT,2026-04-03T00:00:00Z,-6.8e-06,8
BTCUSDT,2026-04-03T08:00:00Z,-5.99e-06,8
ETHUSDT,2026-04-03T08:00:00Z,6.37e-06,8
SOLUSDT,2026-04-03T08:00:00Z,-2.576e-05,8
BTCUSDT,2026-04-03T16:00:00Z,3.51e-06,8
ETHUSDT,2026-04-03T16:00:00Z,-9.58e-06,8
SOLUSDT,2026-04-03T16:00:00Z,4.323e-05,8
BTCUSDT,2026-04-04T00:00:00Z,3.761e-05,8
ETHUSDT,2026-04-04T00:00:00Z,-3e-07,8
SOLUSDT,2026-04-04T00:00:00Z,-4.223e-05,8
BTCUSDT,2026-04-04T08:00:00Z,4.115e-05,8
ETHUSDT,2026-04-04T08:00:00Z,4.915e-05,8
SOLUSDT,2026-04-04T08:00:00Z,-7.014e-05,8
BTCUSDT,2026-04-04T16:00:00Z,1.651e-05,8
ETHUSDT,2026-04-04T16:00:00Z,7.35e-06,8
SOLUSDT,2026-04-04T16:00:00Z,-3.973e-05,8
BTCUSDT,2026-04-05T00:00:00Z,2.407e-05,8
ETHUSDT,2026-04-05T00:00:00Z,2.442e-05,8
SOLUSDT,2026-04-05T00:00:00Z,-4.086e-05,8
BTCUSDT,2026-04-05T08:00:00Z,3.812e-05,8
ETHUSDT,2026-04-05T08:00:00Z,6.23e-06,8
SOLUSDT,2026-04-05T08:00:00Z,-9.381e-05,8
BTCUSDT,2026-04-05T16:00:00Z,1.889e-05,8
ETHUSDT,2026-04-05T16:00:00Z,-4.34e-05,8
SOLUSDT,2026-04-05T16:00:00Z,-7.917e-05,8
BTCUSDT,2026-04-06T00:00:00Z,7.073e-05,8
ETHUSDT,2026-04-06T00:00:00Z,2.356e-05,8
SOLUSDT,2026-04-06T00:00:00Z,-1.272e-05,8
BTCUSDT,2026-04-06T08:00:00Z,5.544e-05,8
ETHUSDT,2026-04-06T08:00:00Z,6.201e-05,8
SOLUSDT,2026-04-06T08:00:00Z,7.896e-05,8
BTCUSDT,2026-04-06T16:00:00Z,4.23e-06,8
ETHUSDT,2026-04-06T16:00:00Z,2.033e-05,8
SOLUSDT,2026-04-06T16:00:00Z,-1.845e-05,8
BTCUSDT,2026-04-07T00:00:00Z,-3.15e-06,8
ETHUSDT,2026-04-07T00:00:00Z,-3.933e-05,8
SOLUSDT,2026-04-07T00:00:00Z,-0.00010287,8
BTCUSDT,2026-04-07T08:00:00Z,3.703e-05,8
ETHUSDT,2026-04-07T08:00:00Z,-2.975e-05,8
SOLUSDT,2026-04-07T08:00:00Z,-0.00021212,8
BTCUSDT,2026-04-07T16:00:00Z,7.393e-05,8
ETHUSDT,2026-04-07T16:00:00Z,1.031e-05,8
SOLUSDT,2026-04-07T16:00:00Z,-6.822e-05,8
BTCUSDT,2026-04-08T00:00:00Z,6.02e-05,8
ETHUSDT,2026-04-08T00:00:00Z,0.0001,8
SOLUSDT,2026-04-08T00:00:00Z,0.0001,8
BTCUSDT,2026-04-08T08:00:00Z,1.563e-05,8
ETHUSDT,2026-04-08T08:00:00Z,5.834e-05,8
SOLUSDT,2026-04-08T08:00:00Z,0.0001,8
BTCUSDT,2026-04-08T16:00:00Z,4.048e-05,8
ETHUSDT,2026-04-08T16:00:00Z,6.711e-05,8
SOLUSDT,2026-04-08T16:00:00Z,0.0001,8
BTCUSDT,2026-04-09T00:00:00Z,-1.47e-06,8
ETHUSDT,2026-04-09T00:00:00Z,3.32e-05,8
SOLUSDT,2026-04-09T00:00:00Z,4.258e-05,8
BTCUSDT,2026-04-09T08:00:00Z,5.239e-05,8
ETHUSDT,2026-04-09T08:00:00Z,-1.493e-05,8
SOLUSDT,2026-04-09T08:00:00Z,-1.292e-05,8
BTCUSDT,2026-04-09T16:00:00Z,-1.986e-05,8
ETHUSDT,2026-04-09T16:00:00Z,1.917e-05,8
SOLUSDT,2026-04-09T16:00:00Z,2.462e-05,8
BTCUSDT,2026-04-10T00:00:00Z,4.11e-06,8
ETHUSDT,2026-04-10T00:00:00Z,1.25e-05,8
SOLUSDT,2026-04-10T00:00:00Z,0.0001,8
BTCUSDT,2026-04-10T08:00:00Z,2.458e-05,8
ETHUSDT,2026-04-10T08:00:00Z,2.83e-06,8
SOLUSDT,2026-04-10T08:00:00Z,1e-06,8
BTCUSDT,2026-04-10T16:00:00Z,-2.187e-05,8
ETHUSDT,2026-04-10T16:00:00Z,-4.48e-06,8
SOLUSDT,2026-04-10T16:00:00Z,8.338e-05,8
BTCUSDT,2026-04-11T00:00:00Z,-7.225e-05,8
ETHUSDT,2026-04-11T00:00:00Z,-6.627e-05,8
SOLUSDT,2026-04-11T00:00:00Z,4.33e-05,8
BTCUSDT,2026-04-11T08:00:00Z,-6.083e-05,8
ETHUSDT,2026-04-11T08:00:00Z,-7.635e-05,8
SOLUSDT,2026-04-11T08:00:00Z,-1.872e-05,8
BTCUSDT,2026-04-11T16:00:00Z,-6.755e-05,8
ETHUSDT,2026-04-11T16:00:00Z,-3.26e-05,8
SOLUSDT,2026-04-11T16:00:00Z,-1.22e-05,8
BTCUSDT,2026-04-12T00:00:00Z,-8.108e-05,8
ETHUSDT,2026-04-12T00:00:00Z,8.271e-05,8
SOLUSDT,2026-04-12T00:00:00Z,0.0001,8
BTCUSDT,2026-04-12T08:00:00Z,-3.69e-05,8
ETHUSDT,2026-04-12T08:00:00Z,-3.576e-05,8
SOLUSDT,2026-04-12T08:00:00Z,-0.00011509,8
BTCUSDT,2026-04-12T16:00:00Z,-3.35e-06,8
ETHUSDT,2026-04-12T16:00:00Z,-5.477e-05,8
SOLUSDT,2026-04-12T16:00:00Z,-6.761e-05,8
BTCUSDT,2026-04-13T00:00:00Z,-2.34e-06,8
ETHUSDT,2026-04-13T00:00:00Z,-9.86e-06,8
SOLUSDT,2026-04-13T00:00:00Z,3.827e-05,8
BTCUSDT,2026-04-13T08:00:00Z,-1.83e-06,8
ETHUSDT,2026-04-13T08:00:00Z,3.028e-05,8
SOLUSDT,2026-04-13T08:00:00Z,-9.36e-06,8
BTCUSDT,2026-04-13T16:00:00Z,-5.409e-05,8
ETHUSDT,2026-04-13T16:00:00Z,3.014e-05,8
SOLUSDT,2026-04-13T16:00:00Z,0.0001,8
BTCUSDT,2026-04-14T00:00:00Z,-5.854e-05,8
ETHUSDT,2026-04-14T00:00:00Z,0.0001,8
SOLUSDT,2026-04-14T00:00:00Z,0.0001,8
BTCUSDT,2026-04-14T08:00:00Z,2.732e-05,8
ETHUSDT,2026-04-14T08:00:00Z,0.0001,8
SOLUSDT,2026-04-14T08:00:00Z,0.0001,8
BTCUSDT,2026-04-14T16:00:00Z,-5.234e-05,8
ETHUSDT,2026-04-14T16:00:00Z,3.49e-05,8
SOLUSDT,2026-04-14T16:00:00Z,0.0001,8
BTCUSDT,2026-04-15T00:00:00Z,-9.313e-05,8
ETHUSDT,2026-04-15T00:00:00Z,1.802e-05,8
SOLUSDT,2026-04-15T00:00:00Z,1.64e-06,8
BTCUSDT,2026-04-15T08:00:00Z,-5.085e-05,8
ETHUSDT,2026-04-15T08:00:00Z,1.648e-05,8
SOLUSDT,2026-04-15T08:00:00Z,-9.128e-05,8
BTCUSDT,2026-04-15T16:00:00Z,-7.151e-05,8
ETHUSDT,2026-04-15T16:00:00Z,2.61e-06,8
SOLUSDT,2026-04-15T16:00:00Z,-2.279e-05,8
BTCUSDT,2026-04-16T00:00:00Z,-3.418e-05,8
ETHUSDT,2026-04-16T00:00:00Z,-1.717e-05,8
SOLUSDT,2026-04-16T00:00:00Z,0.0001,8
BTCUSDT,2026-04-16T08:00:00Z,-2.841e-05,8
ETHUSDT,2026-04-16T08:00:00Z,-5.141e-05,8
SOLUSDT,2026-04-16T08:00:00Z,0.0001,8
BTCUSDT,2026-04-16T16:00:00Z,-2.225e-05,8
ETHUSDT,2026-04-16T16:00:00Z,-3.792e-05,8
SOLUSDT,2026-04-16T16:00:00Z,7.305e-05,8
BTCUSDT,2026-04-17T00:00:00Z,3.297e-05,8
ETHUSDT,2026-04-17T00:00:00Z,8.61e-06,8
SOLUSDT,2026-04-17T00:00:00Z,0.0001,8
BTCUSDT,2026-04-17T08:00:00Z,2.781e-05,8
ETHUSDT,2026-04-17T08:00:00Z,8.22e-06,8
SOLUSDT,2026-04-17T08:00:00Z,3.085e-05,8
BTCUSDT,2026-04-17T16:00:00Z,-0.00010789,8
ETHUSDT,2026-04-17T16:00:00Z,1.819e-05,8
SOLUSDT,2026-04-17T16:00:00Z,1.016e-05,8
BTCUSDT,2026-04-18T00:00:00Z,-8.098e-05,8
ETHUSDT,2026-04-18T00:00:00Z,-2.327e-05,8
SOLUSDT,2026-04-18T00:00:00Z,2.64e-06,8
BTCUSDT,2026-04-18T08:00:00Z,-7.082e-05,8
ETHUSDT,2026-04-18T08:00:00Z,-1.075e-05,8
SOLUSDT,2026-04-18T08:00:00Z,-8.193e-05,8
BTCUSDT,2026-04-18T16:00:00Z,-4.586e-05,8
ETHUSDT,2026-04-18T16:00:00Z,-0.00015064,8
SOLUSDT,2026-04-18T16:00:00Z,-7.993e-05,8
BTCUSDT,2026-04-19T00:00:00Z,-8.395e-05,8
ETHUSDT,2026-04-19T00:00:00Z,-0.00010377,8
SOLUSDT,2026-04-19T00:00:00Z,-6.547e-05,8
BTCUSDT,2026-04-19T08:00:00Z,-7.219e-05,8
ETHUSDT,2026-04-19T08:00:00Z,-0.00011438,8
SOLUSDT,2026-04-19T08:00:00Z,-9.117e-05,8
BTCUSDT,2026-04-19T16:00:00Z,-0.00012276,8
ETHUSDT,2026-04-19T16:00:00Z,-0.00022976,8
SOLUSDT,2026-04-19T16:00:00Z,-7.527e-05,8
BTCUSDT,2026-04-20T00:00:00Z,-4.615e-05,8
ETHUSDT,2026-04-20T00:00:00Z,-9.27e-06,8
SOLUSDT,2026-04-20T00:00:00Z,-8.585e-05,8
BTCUSDT,2026-04-20T08:00:00Z,-4.778e-05,8
ETHUSDT,2026-04-20T08:00:00Z,-1.408e-05,8
SOLUSDT,2026-04-20T08:00:00Z,-1.265e-05,8
BTCUSDT,2026-04-20T16:00:00Z,-2.745e-05,8
ETHUSDT,2026-04-20T16:00:00Z,8.1e-06,8
SOLUSDT,2026-04-20T16:00:00Z,4.88e-05,8
BTCUSDT,2026-04-21T00:00:00Z,-7.937e-05,8
ETHUSDT,2026-04-21T00:00:00Z,-4.382e-05,8
SOLUSDT,2026-04-21T00:00:00Z,8.917e-05,8
BTCUSDT,2026-04-21T08:00:00Z,-5.824e-05,8
ETHUSDT,2026-04-21T08:00:00Z,-3.72e-05,8
SOLUSDT,2026-04-21T08:00:00Z,2.729e-05,8
BTCUSDT,2026-04-21T16:00:00Z,-4.242e-05,8
ETHUSDT,2026-04-21T16:00:00Z,-3.676e-05,8
SOLUSDT,2026-04-21T16:00:00Z,-7.3e-07,8
BTCUSDT,2026-04-22T00:00:00Z,-2.237e-05,8
ETHUSDT,2026-04-22T00:00:00Z,-2.128e-05,8
SOLUSDT,2026-04-22T00:00:00Z,6.371e-05,8
BTCUSDT,2026-04-22T08:00:00Z,3.56e-05,8
ETHUSDT,2026-04-22T08:00:00Z,0.0001,8
SOLUSDT,2026-04-22T08:00:00Z,0.0001,8
BTCUSDT,2026-04-22T16:00:00Z,-7.49e-06,8
ETHUSDT,2026-04-22T16:00:00Z,7.797e-05,8
SOLUSDT,2026-04-22T16:00:00Z,0.0001,8
BTCUSDT,2026-04-23T00:00:00Z,-7.87e-05,8
ETHUSDT,2026-04-23T00:00:00Z,0.0001,8
SOLUSDT,2026-04-23T00:00:00Z,8.553e-05,8
BTCUSDT,2026-04-23T08:00:00Z,-3.553e-05,8
ETHUSDT,2026-04-23T08:00:00Z,-1.984e-05,8
SOLUSDT,2026-04-23T08:00:00Z,-4.21e-05,8
BTCUSDT,2026-04-23T16:00:00Z,-6.696e-05,8
ETHUSDT,2026-04-23T16:00:00Z,-6.025e-05,8
SOLUSDT,2026-04-23T16:00:00Z,1.908e-05,8
BTCUSDT,2026-04-24T00:00:00Z,-3.829e-05,8
ETHUSDT,2026-04-24T00:00:00Z,-3.645e-05,8
SOLUSDT,2026-04-24T00:00:00Z,-7.719e-05,8
BTCUSDT,2026-04-24T08:00:00Z,-7.865e-05,8
ETHUSDT,2026-04-24T08:00:00Z,-6.98e-05,8
SOLUSDT,2026-04-24T08:00:00Z,-2.981e-05,8
BTCUSDT,2026-04-24T16:00:00Z,-3.152e-05,8
ETHUSDT,2026-04-24T16:00:00Z,-0.00012145,8
SOLUSDT,2026-04-24T16:00:00Z,-5.314e-05,8
BTCUSDT,2026-04-25T00:00:00Z,-1.077e-05,8
ETHUSDT,2026-04-25T00:00:00Z,-4.387e-05,8
SOLUSDT,2026-04-25T00:00:00Z,5.235e-05,8
BTCUSDT,2026-04-25T08:00:00Z,-6.235e-05,8
ETHUSDT,2026-04-25T08:00:00Z,-2.141e-05,8
SOLUSDT,2026-04-25T08:00:00Z,1.927e-05,8
BTCUSDT,2026-04-25T16:00:00Z,-5.699e-05,8
ETHUSDT,2026-04-25T16:00:00Z,-4.431e-05,8
SOLUSDT,2026-04-25T16:00:00Z,-5.575e-05,8
BTCUSDT,2026-04-26T00:00:00Z,2.41e-06,8
ETHUSDT,2026-04-26T00:00:00Z,-1.131e-05,8
SOLUSDT,2026-04-26T00:00:00Z,-4.604e-05,8
BTCUSDT,2026-04-26T08:00:00Z,1.53e-06,8
ETHUSDT,2026-04-26T08:00:00Z,-1.931e-05,8
SOLUSDT,2026-04-26T08:00:00Z,9.411e-05,8
BTCUSDT,2026-04-26T16:00:00Z,1.95e-06,8
ETHUSDT,2026-04-26T16:00:00Z,-2.842e-05,8
SOLUSDT,2026-04-26T16:00:00Z,-3.44e-06,8
BTCUSDT,2026-04-27T00:00:00Z,2.49e-06,8
ETHUSDT,2026-04-27T00:00:00Z,-6.636e-05,8
SOLUSDT,2026-04-27T00:00:00Z,-1.262e-05,8
BTCUSDT,2026-04-27T08:00:00Z,-8.659e-05,8
ETHUSDT,2026-04-27T08:00:00Z,-7.865e-05,8
SOLUSDT,2026-04-27T08:00:00Z,-2.08e-05,8
BTCUSDT,2026-04-27T16:00:00Z,-5.678e-05,8
ETHUSDT,2026-04-27T16:00:00Z,-7.593e-05,8
SOLUSDT,2026-04-27T16:00:00Z,-0.00011407,8
BTCUSDT,2026-04-28T00:00:00Z,-3.951e-05,8
ETHUSDT,2026-04-28T00:00:00Z,-0.00016104,8
SOLUSDT,2026-04-28T00:00:00Z,-0.00011394,8
BTCUSDT,2026-04-28T08:00:00Z,-3.204e-05,8
ETHUSDT,2026-04-28T08:00:00Z,-0.00011678,8
SOLUSDT,2026-04-28T08:00:00Z,8.41e-06,8
BTCUSDT,2026-04-28T16:00:00Z,5.242e-05,8
ETHUSDT,2026-04-28T16:00:00Z,2.5e-07,8
SOLUSDT,2026-04-28T16:00:00Z,-4.511e-05,8
BTCUSDT,2026-04-29T00:00:00Z,1.305e-05,8
ETHUSDT,2026-04-29T00:00:00Z,2.842e-05,8
SOLUSDT,2026-04-29T00:00:00Z,-1.641e-05,8
BTCUSDT,2026-04-29T08:00:00Z,-2.84e-05,8
ETHUSDT,2026-04-29T08:00:00Z,4.666e-05,8
SOLUSDT,2026-04-29T08:00:00Z,7.892e-05,8
BTCUSDT,2026-04-29T16:00:00Z,3.571e-05,8
ETHUSDT,2026-04-29T16:00:00Z,4.782e-05,8
SOLUSDT,2026-04-29T16:00:00Z,-6.745e-05,8
BTCUSDT,2026-04-30T00:00:00Z,-4.22e-05,8
ETHUSDT,2026-04-30T00:00:00Z,-6.092e-05,8
SOLUSDT,2026-04-30T00:00:00Z,-3.778e-05,8
BTCUSDT,2026-04-30T08:00:00Z,-1.837e-05,8
ETHUSDT,2026-04-30T08:00:00Z,-4.636e-05,8
SOLUSDT,2026-04-30T08:00:00Z,7.422e-05,8
BTCUSDT,2026-04-30T16:00:00Z,-2.904e-05,8
ETHUSDT,2026-04-30T16:00:00Z,-7.717e-05,8
SOLUSDT,2026-04-30T16:00:00Z,7.585e-05,8
BTCUSDT,2026-05-01T00:00:00Z,-3.746e-05,8
ETHUSDT,2026-05-01T00:00:00Z,-4e-05,8
SOLUSDT,2026-05-01T00:00:00Z,6.01e-05,8
BTCUSDT,2026-05-01T08:00:00Z,-1.81e-05,8
ETHUSDT,2026-05-01T08:00:00Z,-1.877e-05,8
SOLUSDT,2026-05-01T08:00:00Z,1.697e-05,8
BTCUSDT,2026-05-01T16:00:00Z,-3.143e-05,8
ETHUSDT,2026-05-01T16:00:00Z,-2.131e-05,8
SOLUSDT,2026-05-01T16:00:00Z,4.955e-05,8
BTCUSDT,2026-05-02T00:00:00Z,-8.22e-06,8
ETHUSDT,2026-05-02T00:00:00Z,-4.36e-06,8
SOLUSDT,2026-05-02T00:00:00Z,7.261e-05,8
BTCUSDT,2026-05-02T08:00:00Z,-5.103e-05,8
ETHUSDT,2026-05-02T08:00:00Z,-3.82e-05,8
SOLUSDT,2026-05-02T08:00:00Z,-3.588e-05,8
BTCUSDT,2026-05-02T16:00:00Z,-2.54e-05,8
ETHUSDT,2026-05-02T16:00:00Z,-3.88e-06,8
SOLUSDT,2026-05-02T16:00:00Z,-1.782e-05,8
BTCUSDT,2026-05-03T00:00:00Z,2.29e-05,8
ETHUSDT,2026-05-03T00:00:00Z,3.52e-05,8
SOLUSDT,2026-05-03T00:00:00Z,4.38e-05,8
BTCUSDT,2026-05-03T08:00:00Z,-1.398e-05,8
ETHUSDT,2026-05-03T08:00:00Z,-1.628e-05,8
SOLUSDT,2026-05-03T08:00:00Z,-2.973e-05,8
BTCUSDT,2026-05-03T16:00:00Z,7.03e-06,8
ETHUSDT,2026-05-03T16:00:00Z,8.747e-05,8
SOLUSDT,2026-05-03T16:00:00Z,-1.872e-05,8
BTCUSDT,2026-05-04T00:00:00Z,4.304e-05,8
ETHUSDT,2026-05-04T00:00:00Z,4.305e-05,8
SOLUSDT,2026-05-04T00:00:00Z,7.211e-05,8
BTCUSDT,2026-05-04T08:00:00Z,-1.58e-06,8
ETHUSDT,2026-05-04T08:00:00Z,8.648e-05,8
SOLUSDT,2026-05-04T08:00:00Z,0.0001,8
BTCUSDT,2026-05-04T16:00:00Z,-3.16e-05,8
ETHUSDT,2026-05-04T16:00:00Z,-2.09e-06,8
SOLUSDT,2026-05-04T16:00:00Z,2.423e-05,8
BTCUSDT,2026-05-05T00:00:00Z,-3.83e-06,8
ETHUSDT,2026-05-05T00:00:00Z,-1.957e-05,8
SOLUSDT,2026-05-05T00:00:00Z,6.511e-05,8
BTCUSDT,2026-05-05T08:00:00Z,-4.626e-05,8
ETHUSDT,2026-05-05T08:00:00Z,-2.41e-05,8
SOLUSDT,2026-05-05T08:00:00Z,7.893e-05,8
BTCUSDT,2026-05-05T16:00:00Z,-8.24e-05,8
ETHUSDT,2026-05-05T16:00:00Z,-6.52e-05,8
SOLUSDT,2026-05-05T16:00:00Z,0.0001,8
BTCUSDT,2026-05-06T00:00:00Z,-9.153e-05,8
ETHUSDT,2026-05-06T00:00:00Z,-2.041e-05,8
SOLUSDT,2026-05-06T00:00:00Z,0.0001,8
BTCUSDT,2026-05-06T08:00:00Z,-6.15e-05,8
ETHUSDT,2026-05-06T08:00:00Z,-9.447e-05,8
SOLUSDT,2026-05-06T08:00:00Z,5.677e-05,8
BTCUSDT,2026-05-06T16:00:00Z,-3.756e-05,8
ETHUSDT,2026-05-06T16:00:00Z,-5.114e-05,8
SOLUSDT,2026-05-06T16:00:00Z,0.0001,8
BTCUSDT,2026-05-07T00:00:00Z,-5.856e-05,8
ETHUSDT,2026-05-07T00:00:00Z,-6.585e-05,8
SOLUSDT,2026-05-07T00:00:00Z,8.995e-05,8
BTCUSDT,2026-05-07T08:00:00Z,-4.568e-05,8
ETHUSDT,2026-05-07T08:00:00Z,-0.00011993,8
SOLUSDT,2026-05-07T08:00:00Z,8.232e-05,8
BTCUSDT,2026-05-07T16:00:00Z,-3.014e-05,8
ETHUSDT,2026-05-07T16:00:00Z,-4.319e-05,8
SOLUSDT,2026-05-07T16:00:00Z,-5.96e-05,8
BTCUSDT,2026-05-08T00:00:00Z,-7.406e-05,8
ETHUSDT,2026-05-08T00:00:00Z,-9.68e-06,8
SOLUSDT,2026-05-08T00:00:00Z,9.448e-05,8
BTCUSDT,2026-05-08T08:00:00Z,2.415e-05,8
ETHUSDT,2026-05-08T08:00:00Z,-2.849e-05,8
SOLUSDT,2026-05-08T08:00:00Z,0.0001,8
BTCUSDT,2026-05-08T16:00:00Z,-1.542e-05,8
ETHUSDT,2026-05-08T16:00:00Z,-3.358e-05,8
SOLUSDT,2026-05-08T16:00:00Z,-9.97e-06,8
BTCUSDT,2026-05-09T00:00:00Z,1.841e-05,8
ETHUSDT,2026-05-09T00:00:00Z,6.199e-05,8
SOLUSDT,2026-05-09T00:00:00Z,0.0001,8
BTCUSDT,2026-05-09T08:00:00Z,-3.792e-05,8
ETHUSDT,2026-05-09T08:00:00Z,4.314e-05,8
SOLUSDT,2026-05-09T08:00:00Z,4.331e-05,8
BTCUSDT,2026-05-09T16:00:00Z,3.645e-05,8
ETHUSDT,2026-05-09T16:00:00Z,8.76e-05,8
SOLUSDT,2026-05-09T16:00:00Z,1.497e-05,8
BTCUSDT,2026-05-10T00:00:00Z,9e-07,8
ETHUSDT,2026-05-10T00:00:00Z,0.0001,8
SOLUSDT,2026-05-10T00:00:00Z,-5.236e-05,8
BTCUSDT,2026-05-10T08:00:00Z,4.626e-05,8
ETHUSDT,2026-05-10T08:00:00Z,8.268e-05,8
SOLUSDT,2026-05-10T08:00:00Z,1.717e-05,8
BTCUSDT,2026-05-10T16:00:00Z,5.764e-05,8
ETHUSDT,2026-05-10T16:00:00Z,6.714e-05,8
SOLUSDT,2026-05-10T16:00:00Z,-8.59e-06,8
BTCUSDT,2026-05-11T00:00:00Z,5.798e-05,8
ETHUSDT,2026-05-11T00:00:00Z,7.463e-05,8
SOLUSDT,2026-05-11T00:00:00Z,8.884e-05,8
BTCUSDT,2026-05-11T08:00:00Z,2.592e-05,8
ETHUSDT,2026-05-11T08:00:00Z,1.995e-05,8
SOLUSDT,2026-05-11T08:00:00Z,3.592e-05,8
BTCUSDT,2026-05-11T16:00:00Z,4.555e-05,8
ETHUSDT,2026-05-11T16:00:00Z,3.355e-05,8
SOLUSDT,2026-05-11T16:00:00Z,6.498e-05,8
BTCUSDT,2026-05-12T00:00:00Z,-1.15e-06,8
ETHUSDT,2026-05-12T00:00:00Z,3.946e-05,8
SOLUSDT,2026-05-12T00:00:00Z,3.539e-05,8
BTCUSDT,2026-05-12T08:00:00Z,3.877e-05,8
ETHUSDT,2026-05-12T08:00:00Z,7.08e-06,8
SOLUSDT,2026-05-12T08:00:00Z,-6.049e-05,8
BTCUSDT,2026-05-12T16:00:00Z,5.822e-05,8
ETHUSDT,2026-05-12T16:00:00Z,3.956e-05,8
SOLUSDT,2026-05-12T16:00:00Z,8.095e-05,8
BTCUSDT,2026-05-13T00:00:00Z,5.367e-05,8
ETHUSDT,2026-05-13T00:00:00Z,1.323e-05,8
SOLUSDT,2026-05-13T00:00:00Z,0.0001,8
BTCUSDT,2026-05-13T08:00:00Z,5.437e-05,8
ETHUSDT,2026-05-13T08:00:00Z,5.046e-05,8
SOLUSDT,2026-05-13T08:00:00Z,-1.573e-05,8
BTCUSDT,2026-05-13T16:00:00Z,1.749e-05,8
ETHUSDT,2026-05-13T16:00:00Z,5.45e-06,8
SOLUSDT,2026-05-13T16:00:00Z,-0.00012043,8
BTCUSDT,2026-05-14T00:00:00Z,3.928e-05,8
ETHUSDT,2026-05-14T00:00:00Z,5.942e-05,8
SOLUSDT,2026-05-14T00:00:00Z,-0.0001508,8
BTCUSDT,2026-05-14T08:00:00Z,2.928e-05,8
ETHUSDT,2026-05-14T08:00:00Z,5.526e-05,8
SOLUSDT,2026-05-14T08:00:00Z,-3.038e-05,8
BTCUSDT,2026-05-14T16:00:00Z,4.094e-05,8
ETHUSDT,2026-05-14T16:00:00Z,3.946e-05,8
SOLUSDT,2026-05-14T16:00:00Z,-5.361e-05,8
BTCUSDT,2026-05-15T00:00:00Z,-4.239e-05,8
ETHUSDT,2026-05-15T00:00:00Z,-6.93e-06,8
SOLUSDT,2026-05-15T00:00:00Z,-1.584e-05,8
BTCUSDT,2026-05-15T08:00:00Z,-1.893e-05,8
ETHUSDT,2026-05-15T08:00:00Z,3.88e-06,8
SOLUSDT,2026-05-15T08:00:00Z,4.052e-05,8
BTCUSDT,2026-05-15T16:00:00Z,1.548e-05,8
ETHUSDT,2026-05-15T16:00:00Z,1.397e-05,8
SOLUSDT,2026-05-15T16:00:00Z,2.053e-05,8
BTCUSDT,2026-05-16T00:00:00Z,3.938e-05,8
ETHUSDT,2026-05-16T00:00:00Z,7.065e-05,8
SOLUSDT,2026-05-16T00:00:00Z,0.0001,8
BTCUSDT,2026-05-16T08:00:00Z,-2.1e-06,8
ETHUSDT,2026-05-16T08:00:00Z,4.496e-05,8
SOLUSDT,2026-05-16T08:00:00Z,5.209e-05,8
BTCUSDT,2026-05-16T16:00:00Z,4.955e-05,8
ETHUSDT,2026-05-16T16:00:00Z,6.508e-05,8
SOLUSDT,2026-05-16T16:00:00Z,-0.00015361,8
BTCUSDT,2026-05-17T00:00:00Z,4.037e-05,8
ETHUSDT,2026-05-17T00:00:00Z,7.161e-05,8
SOLUSDT,2026-05-17T00:00:00Z,-5.139e-05,8
BTCUSDT,2026-05-17T08:00:00Z,1.176e-05,8
ETHUSDT,2026-05-17T08:00:00Z,4.855e-05,8
SOLUSDT,2026-05-17T08:00:00Z,-5.436e-05,8
BTCUSDT,2026-05-17T16:00:00Z,4.8e-07,8
ETHUSDT,2026-05-17T16:00:00Z,5.341e-05,8
SOLUSDT,2026-05-17T16:00:00Z,-0.00012569,8
BTCUSDT,2026-05-18T00:00:00Z,-1.131e-05,8
ETHUSDT,2026-05-18T00:00:00Z,1.925e-05,8
SOLUSDT,2026-05-18T00:00:00Z,-0.00010788,8
BTCUSDT,2026-05-18T08:00:00Z,5.778e-05,8
ETHUSDT,2026-05-18T08:00:00Z,6.52e-06,8
SOLUSDT,2026-05-18T08:00:00Z,3.36e-06,8
BTCUSDT,2026-05-18T16:00:00Z,7.178e-05,8
ETHUSDT,2026-05-18T16:00:00Z,5.159e-05,8
SOLUSDT,2026-05-18T16:00:00Z,5.09e-06,8
BTCUSDT,2026-05-19T00:00:00Z,5.164e-05,8
ETHUSDT,2026-05-19T00:00:00Z,0.0001,8
SOLUSDT,2026-05-19T00:00:00Z,3.87e-06,8
BTCUSDT,2026-05-19T08:00:00Z,4.809e-05,8
ETHUSDT,2026-05-19T08:00:00Z,5.687e-05,8
SOLUSDT,2026-05-19T08:00:00Z,-2.902e-05,8
BTCUSDT,2026-05-19T16:00:00Z,5.563e-05,8
ETHUSDT,2026-05-19T16:00:00Z,3.588e-05,8
SOLUSDT,2026-05-19T16:00:00Z,-0.00010936,8
BTCUSDT,2026-05-20T00:00:00Z,3.254e-05,8
ETHUSDT,2026-05-20T00:00:00Z,5.523e-05,8
SOLUSDT,2026-05-20T00:00:00Z,2.839e-05,8
BTCUSDT,2026-05-20T08:00:00Z,7.983e-05,8
ETHUSDT,2026-05-20T08:00:00Z,3.051e-05,8
SOLUSDT,2026-05-20T08:00:00Z,-6.66e-06,8
BTCUSDT,2026-05-20T16:00:00Z,6.858e-05,8
ETHUSDT,2026-05-20T16:00:00Z,5.29e-05,8
SOLUSDT,2026-05-20T16:00:00Z,-1.433e-05,8
BTCUSDT,2026-05-21T00:00:00Z,1.925e-05,8
ETHUSDT,2026-05-21T00:00:00Z,5.867e-05,8
SOLUSDT,2026-05-21T00:00:00Z,-2.74e-06,8
BTCUSDT,2026-05-21T08:00:00Z,4.003e-05,8
ETHUSDT,2026-05-21T08:00:00Z,2.532e-05,8
SOLUSDT,2026-05-21T08:00:00Z,6.241e-05,8
BTCUSDT,2026-05-21T16:00:00Z,6.13e-05,8
ETHUSDT,2026-05-21T16:00:00Z,3.837e-05,8
SOLUSDT,2026-05-21T16:00:00Z,2.943e-05,8
BTCUSDT,2026-05-22T00:00:00Z,3.564e-05,8
ETHUSDT,2026-05-22T00:00:00Z,4.926e-05,8
SOLUSDT,2026-05-22T00:00:00Z,0.0001,8
BTCUSDT,2026-05-22T08:00:00Z,-8.2e-06,8
ETHUSDT,2026-05-22T08:00:00Z,3.093e-05,8
SOLUSDT,2026-05-22T08:00:00Z,-1.571e-05,8
BTCUSDT,2026-05-22T16:00:00Z,2.891e-05,8
ETHUSDT,2026-05-22T16:00:00Z,5.943e-05,8
SOLUSDT,2026-05-22T16:00:00Z,-1.78e-06,8
BTCUSDT,2026-05-23T00:00:00Z,1.783e-05,8
ETHUSDT,2026-05-23T00:00:00Z,5.72e-05,8
SOLUSDT,2026-05-23T00:00:00Z,2.621e-05,8
BTCUSDT,2026-05-23T08:00:00Z,1.025e-05,8
ETHUSDT,2026-05-23T08:00:00Z,4.466e-05,8
SOLUSDT,2026-05-23T08:00:00Z,-0.0001267,8
BTCUSDT,2026-05-23T16:00:00Z,7.441e-05,8
ETHUSDT,2026-05-23T16:00:00Z,6.36e-05,8
SOLUSDT,2026-05-23T16:00:00Z,-0.00028322,8
BTCUSDT,2026-05-24T00:00:00Z,9.044e-05,8
ETHUSDT,2026-05-24T00:00:00Z,8.02e-05,8
SOLUSDT,2026-05-24T00:00:00Z,-4.389e-05,8
BTCUSDT,2026-05-24T08:00:00Z,6.29e-05,8
ETHUSDT,2026-05-24T08:00:00Z,8.039e-05,8
SOLUSDT,2026-05-24T08:00:00Z,5.791e-05,8
BTCUSDT,2026-05-24T16:00:00Z,6.265e-05,8
ETHUSDT,2026-05-24T16:00:00Z,4.195e-05,8
SOLUSDT,2026-05-24T16:00:00Z,9.58e-06,8
BTCUSDT,2026-05-25T00:00:00Z,6.549e-05,8
ETHUSDT,2026-05-25T00:00:00Z,5.359e-05,8
SOLUSDT,2026-05-25T00:00:00Z,-4.636e-05,8
BTCUSDT,2026-05-25T08:00:00Z,3.527e-05,8
ETHUSDT,2026-05-25T08:00:00Z,5.508e-05,8
SOLUSDT,2026-05-25T08:00:00Z,-4.276e-05,8
BTCUSDT,2026-05-25T16:00:00Z,1.426e-05,8
ETHUSDT,2026-05-25T16:00:00Z,3.249e-05,8
SOLUSDT,2026-05-25T16:00:00Z,3.864e-05,8
BTCUSDT,2026-05-26T00:00:00Z,8.058e-05,8
ETHUSDT,2026-05-26T00:00:00Z,3.458e-05,8
SOLUSDT,2026-05-26T00:00:00Z,4.297e-05,8
BTCUSDT,2026-05-26T08:00:00Z,3.852e-05,8
ETHUSDT,2026-05-26T08:00:00Z,3.793e-05,8
SOLUSDT,2026-05-26T08:00:00Z,-0.00010038,8
BTCUSDT,2026-05-26T16:00:00Z,5.776e-05,8
ETHUSDT,2026-05-26T16:00:00Z,3.408e-05,8
SOLUSDT,2026-05-26T16:00:00Z,4.692e-05,8
BTCUSDT,2026-05-27T00:00:00Z,0.0001,8
ETHUSDT,2026-05-27T00:00:00Z,7.351e-05,8
SOLUSDT,2026-05-27T00:00:00Z,-0.00014384,8
BTCUSDT,2026-05-27T08:00:00Z,8.948e-05,8
ETHUSDT,2026-05-27T08:00:00Z,3.072e-05,8
SOLUSDT,2026-05-27T08:00:00Z,-8.548e-05,8
BTCUSDT,2026-05-27T16:00:00Z,9.914e-05,8
ETHUSDT,2026-05-27T16:00:00Z,6.097e-05,8
SOLUSDT,2026-05-27T16:00:00Z,1.025e-05,8
BTCUSDT,2026-05-28T00:00:00Z,0.0001,8
ETHUSDT,2026-05-28T00:00:00Z,2.421e-05,8
SOLUSDT,2026-05-28T00:00:00Z,-5.061e-05,8
BTCUSDT,2026-05-28T08:00:00Z,5.011e-05,8
ETHUSDT,2026-05-28T08:00:00Z,2.543e-05,8
SOLUSDT,2026-05-28T08:00:00Z,-0.00014123,8
BTCUSDT,2026-05-28T16:00:00Z,0.0001,8
ETHUSDT,2026-05-28T16:00:00Z,2.984e-05,8
SOLUSDT,2026-05-28T16:00:00Z,-3.559e-05,8
BTCUSDT,2026-05-29T00:00:00Z,0.0001,8
ETHUSDT,2026-05-29T00:00:00Z,8.553e-05,8
SOLUSDT,2026-05-29T00:00:00Z,4.219e-05,8
BTCUSDT,2026-05-29T08:00:00Z,5.391e-05,8
ETHUSDT,2026-05-29T08:00:00Z,7.04e-05,8
SOLUSDT,2026-05-29T08:00:00Z,2.5e-05,8
BTCUSDT,2026-05-29T16:00:00Z,6.702e-05,8
ETHUSDT,2026-05-29T16:00:00Z,6.595e-05,8
SOLUSDT,2026-05-29T16:00:00Z,6.335e-05,8
BTCUSDT,2026-05-30T00:00:00Z,3.464e-05,8
ETHUSDT,2026-05-30T00:00:00Z,4.54e-05,8
SOLUSDT,2026-05-30T00:00:00Z,7.48e-05,8
BTCUSDT,2026-05-30T08:00:00Z,4.732e-05,8
ETHUSDT,2026-05-30T08:00:00Z,6.842e-05,8
SOLUSDT,2026-05-30T08:00:00Z,3.702e-05,8
BTCUSDT,2026-05-30T16:00:00Z,6.214e-05,8
ETHUSDT,2026-05-30T16:00:00Z,5.705e-05,8
SOLUSDT,2026-05-30T16:00:00Z,4.292e-05,8
BTCUSDT,2026-05-31T00:00:00Z,4.432e-05,8
ETHUSDT,2026-05-31T00:00:00Z,9.397e-05,8
SOLUSDT,2026-05-31T00:00:00Z,2.3e-05,8
BTCUSDT,2026-05-31T08:00:00Z,5.663e-05,8
ETHUSDT,2026-05-31T08:00:00Z,7.226e-05,8
SOLUSDT,2026-05-31T08:00:00Z,3.645e-05,8
BTCUSDT,2026-05-31T16:00:00Z,5.988e-05,8
ETHUSDT,2026-05-31T16:00:00Z,1.691e-05,8
SOLUSDT,2026-05-31T16:00:00Z,2.671e-05,8
BTCUSDT,2026-06-01T00:00:00Z,5.703e-05,8
ETHUSDT,2026-06-01T00:00:00Z,6.445e-05,8
SOLUSDT,2026-06-01T00:00:00Z,5.009e-05,8
BTCUSDT,2026-06-01T08:00:00Z,4.438e-05,8
ETHUSDT,2026-06-01T08:00:00Z,5.339e-05,8
SOLUSDT,2026-06-01T08:00:00Z,-2.566e-05,8
BTCUSDT,2026-06-01T16:00:00Z,0.0001,8
ETHUSDT,2026-06-01T16:00:00Z,9.572e-05,8
SOLUSDT,2026-06-01T16:00:00Z,3.141e-05,8
BTCUSDT,2026-06-02T00:00:00Z,0.0001,8
ETHUSDT,2026-06-02T00:00:00Z,0.0001,8
SOLUSDT,2026-06-02T00:00:00Z,0.0001,8
BTCUSDT,2026-06-02T08:00:00Z,5.99e-05,8
ETHUSDT,2026-06-02T08:00:00Z,0.0001,8
SOLUSDT,2026-06-02T08:00:00Z,2.624e-05,8
BTCUSDT,2026-06-02T16:00:00Z,8.345e-05,8
ETHUSDT,2026-06-02T16:00:00Z,5.699e-05,8
SOLUSDT,2026-06-02T16:00:00Z,-4.38e-05,8
BTCUSDT,2026-06-03T00:00:00Z,7.165e-05,8
ETHUSDT,2026-06-03T00:00:00Z,2.021e-05,8
SOLUSDT,2026-06-03T00:00:00Z,-0.00019668,8
BTCUSDT,2026-06-03T08:00:00Z,5.229e-05,8
ETHUSDT,2026-06-03T08:00:00Z,9.862e-05,8
SOLUSDT,2026-06-03T08:00:00Z,-4.817e-05,8
BTCUSDT,2026-06-03T16:00:00Z,0.0001,8
ETHUSDT,2026-06-03T16:00:00Z,7.361e-05,8
SOLUSDT,2026-06-03T16:00:00Z,-4.446e-05,8
BTCUSDT,2026-06-04T00:00:00Z,2.705e-05,8
ETHUSDT,2026-06-04T00:00:00Z,7.651e-05,8
SOLUSDT,2026-06-04T00:00:00Z,-0.00012086,8
BTCUSDT,2026-06-04T08:00:00Z,1.519e-05,8
ETHUSDT,2026-06-04T08:00:00Z,4.482e-05,8
SOLUSDT,2026-06-04T08:00:00Z,-0.00018206,8
BTCUSDT,2026-06-04T16:00:00Z,-1.077e-05,8
ETHUSDT,2026-06-04T16:00:00Z,3.946e-05,8
SOLUSDT,2026-06-04T16:00:00Z,-6.287e-05,8
BTCUSDT,2026-06-05T00:00:00Z,1.315e-05,8
ETHUSDT,2026-06-05T00:00:00Z,4.67e-05,8
SOLUSDT,2026-06-05T00:00:00Z,-9.673e-05,8
BTCUSDT,2026-06-05T08:00:00Z,-1.431e-05,8
ETHUSDT,2026-06-05T08:00:00Z,-3.129e-05,8
SOLUSDT,2026-06-05T08:00:00Z,-0.00025721,8
BTCUSDT,2026-06-05T16:00:00Z,-8.63e-06,8
ETHUSDT,2026-06-05T16:00:00Z,-7.387e-05,8
SOLUSDT,2026-06-05T16:00:00Z,-8.011e-05,8
BTCUSDT,2026-06-06T00:00:00Z,-1.234e-05,8
ETHUSDT,2026-06-06T00:00:00Z,-7.917e-05,8
SOLUSDT,2026-06-06T00:00:00Z,-7.32e-05,8
BTCUSDT,2026-06-06T08:00:00Z,2.675e-05,8
ETHUSDT,2026-06-06T08:00:00Z,-3.161e-05,8
SOLUSDT,2026-06-06T08:00:00Z,-0.00018542,8
BTCUSDT,2026-06-06T16:00:00Z,-5.11e-06,8
ETHUSDT,2026-06-06T16:00:00Z,-3.461e-05,8
SOLUSDT,2026-06-06T16:00:00Z,-0.00016398,8
BTCUSDT,2026-06-07T00:00:00Z,-2.828e-05,8
ETHUSDT,2026-06-07T00:00:00Z,-6.624e-05,8
SOLUSDT,2026-06-07T00:00:00Z,-7.23e-05,8
BTCUSDT,2026-06-07T08:00:00Z,4.07e-06,8
ETHUSDT,2026-06-07T08:00:00Z,-0.00010189,8
SOLUSDT,2026-06-07T08:00:00Z,-0.00023704,8
BTCUSDT,2026-06-07T16:00:00Z,2.742e-05,8
ETHUSDT,2026-06-07T16:00:00Z,4.72e-06,8
SOLUSDT,2026-06-07T16:00:00Z,-0.00038757,8
BTCUSDT,2026-06-08T00:00:00Z,3.533e-05,8
ETHUSDT,2026-06-08T00:00:00Z,-8.235e-05,8
SOLUSDT,2026-06-08T00:00:00Z,-0.00025513,8
BTCUSDT,2026-06-08T08:00:00Z,3.454e-05,8
ETHUSDT,2026-06-08T08:00:00Z,-6.599e-05,8
SOLUSDT,2026-06-08T08:00:00Z,-0.00022946,8
BTCUSDT,2026-06-08T16:00:00Z,1.22e-06,8
ETHUSDT,2026-06-08T16:00:00Z,-4.515e-05,8
SOLUSDT,2026-06-08T16:00:00Z,-1.174e-05,8
BTCUSDT,2026-06-09T00:00:00Z,-1.565e-05,8
ETHUSDT,2026-06-09T00:00:00Z,-4.506e-05,8
SOLUSDT,2026-06-09T00:00:00Z,-6.393e-05,8
BTCUSDT,2026-06-09T08:00:00Z,3.041e-05,8
ETHUSDT,2026-06-09T08:00:00Z,3.6e-07,8
SOLUSDT,2026-06-09T08:00:00Z,-2.354e-05,8
BTCUSDT,2026-06-09T16:00:00Z,6.06e-06,8
ETHUSDT,2026-06-09T16:00:00Z,-5.182e-05,8
SOLUSDT,2026-06-09T16:00:00Z,-9.828e-05,8
BTCUSDT,2026-06-10T00:00:00Z,3.65e-06,8
ETHUSDT,2026-06-10T00:00:00Z,-4.089e-05,8
SOLUSDT,2026-06-10T00:00:00Z,1.79e-05,8
BTCUSDT,2026-06-10T08:00:00Z,-3.385e-05,8
ETHUSDT,2026-06-10T08:00:00Z,-4.578e-05,8
SOLUSDT,2026-06-10T08:00:00Z,-8.438e-05,8
BTCUSDT,2026-06-10T16:00:00Z,2.542e-05,8
ETHUSDT,2026-06-10T16:00:00Z,-3.121e-05,8
SOLUSDT,2026-06-10T16:00:00Z,-1.777e-05,8
BTCUSDT,2026-06-11T00:00:00Z,-8.11e-06,8
ETHUSDT,2026-06-11T00:00:00Z,-3.684e-05,8
SOLUSDT,2026-06-11T00:00:00Z,-8.243e-05,8
BTCUSDT,2026-06-11T08:00:00Z,2.525e-05,8
ETHUSDT,2026-06-11T08:00:00Z,7.54e-06,8
SOLUSDT,2026-06-11T08:00:00Z,-8.25e-06,8
BTCUSDT,2026-06-11T16:00:00Z,2.736e-05,8
ETHUSDT,2026-06-11T16:00:00Z,-2.432e-05,8
SOLUSDT,2026-06-11T16:00:00Z,-3.36e-06,8
BTCUSDT,2026-06-12T00:00:00Z,-1.303e-05,8
ETHUSDT,2026-06-12T00:00:00Z,-2.404e-05,8
SOLUSDT,2026-06-12T00:00:00Z,-9.068e-05,8
BTCUSDT,2026-06-12T08:00:00Z,2.446e-05,8
ETHUSDT,2026-06-12T08:00:00Z,-5.854e-05,8
SOLUSDT,2026-06-12T08:00:00Z,-9.448e-05,8
BTCUSDT,2026-06-12T16:00:00Z,8.4e-06,8
ETHUSDT,2026-06-12T16:00:00Z,-2.216e-05,8
SOLUSDT,2026-06-12T16:00:00Z,-2.866e-05,8
BTCUSDT,2026-06-13T00:00:00Z,5.357e-05,8
ETHUSDT,2026-06-13T00:00:00Z,-6.31e-06,8
SOLUSDT,2026-06-13T00:00:00Z,-5.235e-05,8
BTCUSDT,2026-06-13T08:00:00Z,6e-07,8
ETHUSDT,2026-06-13T08:00:00Z,3.562e-05,8
SOLUSDT,2026-06-13T08:00:00Z,-2.582e-05,8
BTCUSDT,2026-06-13T16:00:00Z,9.38e-06,8
ETHUSDT,2026-06-13T16:00:00Z,2.664e-05,8
SOLUSDT,2026-06-13T16:00:00Z,-4.55e-06,8
BTCUSDT,2026-06-14T00:00:00Z,-4.51e-05,8
ETHUSDT,2026-06-14T00:00:00Z,-6.44e-06,8
SOLUSDT,2026-06-14T00:00:00Z,-0.00012137,8
BTCUSDT,2026-06-14T08:00:00Z,-4.657e-05,8
ETHUSDT,2026-06-14T08:00:00Z,-1.08e-05,8
SOLUSDT,2026-06-14T08:00:00Z,-0.00010682,8
BTCUSDT,2026-06-14T16:00:00Z,-3.265e-05,8
ETHUSDT,2026-06-14T16:00:00Z,-1.919e-05,8
SOLUSDT,2026-06-14T16:00:00Z,-9.337e-05,8
BTCUSDT,2026-06-15T00:00:00Z,2.808e-05,8
ETHUSDT,2026-06-15T00:00:00Z,2.92e-05,8
SOLUSDT,2026-06-15T00:00:00Z,-3.596e-05,8
BTCUSDT,2026-06-15T08:00:00Z,6.21e-06,8
ETHUSDT,2026-06-15T08:00:00Z,-7.45e-06,8
SOLUSDT,2026-06-15T08:00:00Z,-3.856e-05,8
BTCUSDT,2026-06-15T16:00:00Z,-6.079e-05,8
ETHUSDT,2026-06-15T16:00:00Z,6.867e-05,8
SOLUSDT,2026-06-15T16:00:00Z,-4.542e-05,8
BTCUSDT,2026-06-16T00:00:00Z,-4.28e-06,8
ETHUSDT,2026-06-16T00:00:00Z,2.969e-05,8
SOLUSDT,2026-06-16T00:00:00Z,1.871e-05,8
BTCUSDT,2026-06-16T08:00:00Z,-1.11e-05,8
ETHUSDT,2026-06-16T08:00:00Z,-2.07e-05,8
SOLUSDT,2026-06-16T08:00:00Z,-1.544e-05,8
BTCUSDT,2026-06-16T16:00:00Z,2.46e-06,8
ETHUSDT,2026-06-16T16:00:00Z,3.16e-05,8
SOLUSDT,2026-06-16T16:00:00Z,-2.499e-05,8
BTCUSDT,2026-06-17T00:00:00Z,1.957e-05,8
ETHUSDT,2026-06-17T00:00:00Z,3.038e-05,8
SOLUSDT,2026-06-17T00:00:00Z,-1.7e-06,8
BTCUSDT,2026-06-17T08:00:00Z,-6.685e-05,8
ETHUSDT,2026-06-17T08:00:00Z,2.339e-05,8
SOLUSDT,2026-06-17T08:00:00Z,-5.638e-05,8
BTCUSDT,2026-06-17T16:00:00Z,-2.582e-05,8
ETHUSDT,2026-06-17T16:00:00Z,-7.37e-06,8
SOLUSDT,2026-06-17T16:00:00Z,-3.481e-05,8
BTCUSDT,2026-06-18T00:00:00Z,2.636e-05,8
ETHUSDT,2026-06-18T00:00:00Z,4.63e-05,8
SOLUSDT,2026-06-18T00:00:00Z,-5.509e-05,8
BTCUSDT,2026-06-18T08:00:00Z,1.896e-05,8
ETHUSDT,2026-06-18T08:00:00Z,6.87e-06,8
SOLUSDT,2026-06-18T08:00:00Z,-4.124e-05,8
BTCUSDT,2026-06-18T16:00:00Z,8.72e-06,8
ETHUSDT,2026-06-18T16:00:00Z,-6.91e-06,8
SOLUSDT,2026-06-18T16:00:00Z,-2.67e-05,8
BTCUSDT,2026-06-19T00:00:00Z,6.039e-05,8
ETHUSDT,2026-06-19T00:00:00Z,6.551e-05,8
SOLUSDT,2026-06-19T00:00:00Z,0.0001,8
BTCUSDT,2026-06-19T08:00:00Z,1.984e-05,8
ETHUSDT,2026-06-19T08:00:00Z,-2.067e-05,8
SOLUSDT,2026-06-19T08:00:00Z,6.065e-05,8
BTCUSDT,2026-06-19T16:00:00Z,2.823e-05,8
ETHUSDT,2026-06-19T16:00:00Z,-2.7e-07,8
SOLUSDT,2026-06-19T16:00:00Z,-3.617e-05,8
BTCUSDT,2026-06-20T00:00:00Z,5.814e-05,8
ETHUSDT,2026-06-20T00:00:00Z,2.505e-05,8
SOLUSDT,2026-06-20T00:00:00Z,-3.087e-05,8
BTCUSDT,2026-06-20T08:00:00Z,2.633e-05,8
ETHUSDT,2026-06-20T08:00:00Z,3.17e-05,8
SOLUSDT,2026-06-20T08:00:00Z,-3.337e-05,8
BTCUSDT,2026-06-20T16:00:00Z,3.985e-05,8
ETHUSDT,2026-06-20T16:00:00Z,3.209e-05,8
SOLUSDT,2026-06-20T16:00:00Z,-1.391e-05,8
BTCUSDT,2026-06-21T00:00:00Z,7.78e-06,8
ETHUSDT,2026-06-21T00:00:00Z,2.892e-05,8
SOLUSDT,2026-06-21T00:00:00Z,4.438e-05,8
BTCUSDT,2026-06-21T08:00:00Z,3.034e-05,8
ETHUSDT,2026-06-21T08:00:00Z,2.602e-05,8
SOLUSDT,2026-06-21T08:00:00Z,2.277e-05,8
BTCUSDT,2026-06-21T16:00:00Z,4.189e-05,8
ETHUSDT,2026-06-21T16:00:00Z,7.57e-06,8
SOLUSDT,2026-06-21T16:00:00Z,7.45e-06,8
BTCUSDT,2026-06-22T00:00:00Z,6.572e-05,8
ETHUSDT,2026-06-22T00:00:00Z,3.88e-05,8
SOLUSDT,2026-06-22T00:00:00Z,4.338e-05,8
BTCUSDT,2026-06-22T08:00:00Z,1.514e-05,8
ETHUSDT,2026-06-22T08:00:00Z,1.941e-05,8
SOLUSDT,2026-06-22T08:00:00Z,-4.305e-05,8
BTCUSDT,2026-06-22T16:00:00Z,4.813e-05,8
ETHUSDT,2026-06-22T16:00:00Z,7.89e-06,8
SOLUSDT,2026-06-22T16:00:00Z,-3.017e-05,8
BTCUSDT,2026-06-23T00:00:00Z,4.041e-05,8
ETHUSDT,2026-06-23T00:00:00Z,2.37e-05,8
SOLUSDT,2026-06-23T00:00:00Z,-2.964e-05,8
BTCUSDT,2026-06-23T08:00:00Z,1.655e-05,8
ETHUSDT,2026-06-23T08:00:00Z,3.35e-06,8
SOLUSDT,2026-06-23T08:00:00Z,-9.607e-05,8
BTCUSDT,2026-06-23T16:00:00Z,-1.889e-05,8
ETHUSDT,2026-06-23T16:00:00Z,-3.854e-05,8
SOLUSDT,2026-06-23T16:00:00Z,-0.00020855,8
BTCUSDT,2026-06-24T00:00:00Z,2.154e-05,8
ETHUSDT,2026-06-24T00:00:00Z,4.579e-05,8
SOLUSDT,2026-06-24T00:00:00Z,-8.775e-05,8
BTCUSDT,2026-06-24T08:00:00Z,2.134e-05,8
ETHUSDT,2026-06-24T08:00:00Z,2.212e-05,8
SOLUSDT,2026-06-24T08:00:00Z,-7.233e-05,8
BTCUSDT,2026-06-24T16:00:00Z,2.7e-07,8
ETHUSDT,2026-06-24T16:00:00Z,4.3e-07,8
SOLUSDT,2026-06-24T16:00:00Z,-1.309e-05,8
BTCUSDT,2026-06-25T00:00:00Z,-1.423e-05,8
ETHUSDT,2026-06-25T00:00:00Z,5.42e-06,8
SOLUSDT,2026-06-25T00:00:00Z,-0.00011854,8
BTCUSDT,2026-06-25T08:00:00Z,-1.803e-05,8
ETHUSDT,2026-06-25T08:00:00Z,4.282e-05,8
SOLUSDT,2026-06-25T08:00:00Z,-4.028e-05,8
BTCUSDT,2026-06-25T16:00:00Z,1.58e-05,8
ETHUSDT,2026-06-25T16:00:00Z,-8.135e-05,8
SOLUSDT,2026-06-25T16:00:00Z,-4.827e-05,8
BTCUSDT,2026-06-26T00:00:00Z,5.298e-05,8
ETHUSDT,2026-06-26T00:00:00Z,-1.665e-05,8
SOLUSDT,2026-06-26T00:00:00Z,3.113e-05,8
BTCUSDT,2026-06-26T08:00:00Z,5.904e-05,8
ETHUSDT,2026-06-26T08:00:00Z,-1.968e-05,8
SOLUSDT,2026-06-26T08:00:00Z,8.442e-05,8
BTCUSDT,2026-06-26T16:00:00Z,7.308e-05,8
ETHUSDT,2026-06-26T16:00:00Z,5.22e-06,8
SOLUSDT,2026-06-26T16:00:00Z,6.096e-05,8
BTCUSDT,2026-06-27T00:00:00Z,5.255e-05,8
ETHUSDT,2026-06-27T00:00:00Z,1.807e-05,8
SOLUSDT,2026-06-27T00:00:00Z,0.0001,8
BTCUSDT,2026-06-27T08:00:00Z,4.284e-05,8
ETHUSDT,2026-06-27T08:00:00Z,-5.97e-06,8
SOLUSDT,2026-06-27T08:00:00Z,4.81e-05,8
BTCUSDT,2026-06-27T16:00:00Z,3.742e-05,8
ETHUSDT,2026-06-27T16:00:00Z,1.769e-05,8
SOLUSDT,2026-06-27T16:00:00Z,-1.93e-05,8
BTCUSDT,2026-06-28T00:00:00Z,4.258e-05,8
ETHUSDT,2026-06-28T00:00:00Z,-5.389e-05,8
SOLUSDT,2026-06-28T00:00:00Z,1.63e-05,8
BTCUSDT,2026-06-28T08:00:00Z,1.355e-05,8
ETHUSDT,2026-06-28T08:00:00Z,-2.947e-05,8
SOLUSDT,2026-06-28T08:00:00Z,2.764e-05,8
BTCUSDT,2026-06-28T16:00:00Z,4.43e-05,8
ETHUSDT,2026-06-28T16:00:00Z,1.924e-05,8
SOLUSDT,2026-06-28T16:00:00Z,9.68e-06,8
BTCUSDT,2026-06-29T00:00:00Z,3.112e-05,8
ETHUSDT,2026-06-29T00:00:00Z,-1.85e-06,8
SOLUSDT,2026-06-29T00:00:00Z,5.21e-06,8
BTCUSDT,2026-06-29T08:00:00Z,7.444e-05,8
ETHUSDT,2026-06-29T08:00:00Z,2.16e-06,8
SOLUSDT,2026-06-29T08:00:00Z,3.745e-05,8
BTCUSDT,2026-06-29T16:00:00Z,8.658e-05,8
ETHUSDT,2026-06-29T16:00:00Z,2.144e-05,8
SOLUSDT,2026-06-29T16:00:00Z,4.184e-05,8
BTCUSDT,2026-06-30T00:00:00Z,6.175e-05,8
ETHUSDT,2026-06-30T00:00:00Z,4.49e-05,8
SOLUSDT,2026-06-30T00:00:00Z,0.0001,8
BTCUSDT,2026-06-30T08:00:00Z,8.349e-05,8
ETHUSDT,2026-06-30T08:00:00Z,4.566e-05,8
SOLUSDT,2026-06-30T08:00:00Z,7.704e-05,8
BTCUSDT,2026-06-30T16:00:00Z,3.327e-05,8
ETHUSDT,2026-06-30T16:00:00Z,3.059e-05,8
SOLUSDT,2026-06-30T16:00:00Z,7.228e-05,8
BTCUSDT,2026-07-01T00:00:00Z,5.532e-05,8
ETHUSDT,2026-07-01T00:00:00Z,6.151e-05,8
SOLUSDT,2026-07-01T00:00:00Z,0.0001,8
BTCUSDT,2026-07-01T08:00:00Z,1.853e-05,8
ETHUSDT,2026-07-01T08:00:00Z,5.33e-05,8
SOLUSDT,2026-07-01T08:00:00Z,0.0001,8
BTCUSDT,2026-07-01T16:00:00Z,7.073e-05,8
ETHUSDT,2026-07-01T16:00:00Z,2.077e-05,8
SOLUSDT,2026-07-01T16:00:00Z,6.848e-05,8
BTCUSDT,2026-07-02T00:00:00Z,8.001e-05,8
ETHUSDT,2026-07-02T00:00:00Z,1.96e-05,8
SOLUSDT,2026-07-02T00:00:00Z,2.682e-05,8
BTCUSDT,2026-07-02T08:00:00Z,5.238e-05,8
ETHUSDT,2026-07-02T08:00:00Z,5.02e-05,8
SOLUSDT,2026-07-02T08:00:00Z,-2.441e-05,8
BTCUSDT,2026-07-02T16:00:00Z,5.261e-05,8
ETHUSDT,2026-07-02T16:00:00Z,7.321e-05,8
SOLUSDT,2026-07-02T16:00:00Z,6.544e-05,8
BTCUSDT,2026-07-03T00:00:00Z,0.0001,8
ETHUSDT,2026-07-03T00:00:00Z,7.837e-05,8
SOLUSDT,2026-07-03T00:00:00Z,2.31e-05,8
BTCUSDT,2026-07-03T08:00:00Z,0.0001,8
ETHUSDT,2026-07-03T08:00:00Z,0.0001,8
SOLUSDT,2026-07-03T08:00:00Z,1.188e-05,8
BTCUSDT,2026-07-03T16:00:00Z,3.74e-05,8
ETHUSDT,2026-07-03T16:00:00Z,5.241e-05,8
SOLUSDT,2026-07-03T16:00:00Z,-3.2e-05,8
BTCUSDT,2026-07-04T00:00:00Z,0.0001,8
ETHUSDT,2026-07-04T00:00:00Z,9.748e-05,8
SOLUSDT,2026-07-04T00:00:00Z,7.283e-05,8
BTCUSDT,2026-07-04T08:00:00Z,0.0001,8
ETHUSDT,2026-07-04T08:00:00Z,7.642e-05,8
SOLUSDT,2026-07-04T08:00:00Z,8.74e-05,8
BTCUSDT,2026-07-04T16:00:00Z,9.48e-05,8
ETHUSDT,2026-07-04T16:00:00Z,5.167e-05,8
SOLUSDT,2026-07-04T16:00:00Z,4.847e-05,8
BTCUSDT,2026-07-05T00:00:00Z,9.533e-05,8
ETHUSDT,2026-07-05T00:00:00Z,7.818e-05,8
SOLUSDT,2026-07-05T00:00:00Z,1.37e-05,8
BTCUSDT,2026-07-05T08:00:00Z,8.873e-05,8
ETHUSDT,2026-07-05T08:00:00Z,6.162e-05,8
SOLUSDT,2026-07-05T08:00:00Z,5.506e-05,8
BTCUSDT,2026-07-05T16:00:00Z,8.608e-05,8
ETHUSDT,2026-07-05T16:00:00Z,4.748e-05,8
SOLUSDT,2026-07-05T16:00:00Z,3.855e-05,8
BTCUSDT,2026-07-06T00:00:00Z,7.7e-05,8
ETHUSDT,2026-07-06T00:00:00Z,8.332e-05,8
SOLUSDT,2026-07-06T00:00:00Z,6.82e-05,8
BTCUSDT,2026-07-06T08:00:00Z,6.12e-05,8
ETHUSDT,2026-07-06T08:00:00Z,4.679e-05,8
SOLUSDT,2026-07-06T08:00:00Z,3.336e-05,8
BTCUSDT,2026-07-06T16:00:00Z,0.0001,8
ETHUSDT,2026-07-06T16:00:00Z,6.963e-05,8
SOLUSDT,2026-07-06T16:00:00Z,6.227e-05,8
BTCUSDT,2026-07-07T00:00:00Z,0.0001,8
ETHUSDT,2026-07-07T00:00:00Z,7.62e-05,8
SOLUSDT,2026-07-07T00:00:00Z,6.816e-05,8
BTCUSDT,2026-07-07T08:00:00Z,5.792e-05,8
ETHUSDT,2026-07-07T08:00:00Z,3.271e-05,8
SOLUSDT,2026-07-07T08:00:00Z,5.46e-06,8
BTCUSDT,2026-07-07T16:00:00Z,6.825e-05,8
ETHUSDT,2026-07-07T16:00:00Z,4.088e-05,8
SOLUSDT,2026-07-07T16:00:00Z,-1.996e-05,8
BTCUSDT,2026-07-08T00:00:00Z,4.846e-05,8
ETHUSDT,2026-07-08T00:00:00Z,1.519e-05,8
SOLUSDT,2026-07-08T00:00:00Z,-2.939e-05,8
BTCUSDT,2026-07-08T08:00:00Z,7.24e-06,8
ETHUSDT,2026-07-08T08:00:00Z,2.984e-05,8
SOLUSDT,2026-07-08T08:00:00Z,-1.042e-05,8
BTCUSDT,2026-07-08T16:00:00Z,7.171e-05,8
ETHUSDT,2026-07-08T16:00:00Z,4.537e-05,8
SOLUSDT,2026-07-08T16:00:00Z,-1.721e-05,8
BTCUSDT,2026-07-09T00:00:00Z,6.16e-05,8
ETHUSDT,2026-07-09T00:00:00Z,7.189e-05,8
SOLUSDT,2026-07-09T00:00:00Z,4.117e-05,8
BTCUSDT,2026-07-09T08:00:00Z,6.615e-05,8
ETHUSDT,2026-07-09T08:00:00Z,5.342e-05,8
SOLUSDT,2026-07-09T08:00:00Z,4.411e-05,8
BTCUSDT,2026-07-09T16:00:00Z,4.912e-05,8
ETHUSDT,2026-07-09T16:00:00Z,2.748e-05,8
SOLUSDT,2026-07-09T16:00:00Z,2.46e-06,8
BTCUSDT,2026-07-10T00:00:00Z,9.058e-05,8
ETHUSDT,2026-07-10T00:00:00Z,2.613e-05,8
SOLUSDT,2026-07-10T00:00:00Z,4.254e-05,8
BTCUSDT,2026-07-10T08:00:00Z,7.247e-05,8
ETHUSDT,2026-07-10T08:00:00Z,3.355e-05,8
SOLUSDT,2026-07-10T08:00:00Z,1.338e-05,8
BTCUSDT,2026-07-10T16:00:00Z,9.508e-05,8
ETHUSDT,2026-07-10T16:00:00Z,4.632e-05,8
SOLUSDT,2026-07-10T16:00:00Z,0.0001,8
BTCUSDT,2026-07-11T00:00:00Z,0.0001,8
ETHUSDT,2026-07-11T00:00:00Z,5.051e-05,8
SOLUSDT,2026-07-11T00:00:00Z,5.263e-05,8
BTCUSDT,2026-07-11T08:00:00Z,9.42e-06,8
ETHUSDT,2026-07-11T08:00:00Z,2.19e-05,8
SOLUSDT,2026-07-11T08:00:00Z,-2.607e-05,8
BTCUSDT,2026-07-11T16:00:00Z,4.156e-05,8
ETHUSDT,2026-07-11T16:00:00Z,6.296e-05,8
SOLUSDT,2026-07-11T16:00:00Z,7.892e-05,8
BTCUSDT,2026-07-12T00:00:00Z,4.651e-05,8
ETHUSDT,2026-07-12T00:00:00Z,6.46e-06,8
SOLUSDT,2026-07-12T00:00:00Z,2.546e-05,8
BTCUSDT,2026-07-12T08:00:00Z,6.315e-05,8
ETHUSDT,2026-07-12T08:00:00Z,9.96e-06,8
SOLUSDT,2026-07-12T08:00:00Z,-4.011e-05,8
BTCUSDT,2026-07-12T16:00:00Z,7.578e-05,8
ETHUSDT,2026-07-12T16:00:00Z,3.016e-05,8
SOLUSDT,2026-07-12T16:00:00Z,6.891e-05,8
BTCUSDT,2026-07-13T00:00:00Z,1.521e-05,8
ETHUSDT,2026-07-13T00:00:00Z,2.248e-05,8
SOLUSDT,2026-07-13T00:00:00Z,5.504e-05,8
BTCUSDT,2026-07-13T08:00:00Z,4.856e-05,8
ETHUSDT,2026-07-13T08:00:00Z,5.42e-06,8
SOLUSDT,2026-07-13T08:00:00Z,-5.873e-05,8
BTCUSDT,2026-07-13T16:00:00Z,0.0001,8
ETHUSDT,2026-07-13T16:00:00Z,1.969e-05,8
SOLUSDT,2026-07-13T16:00:00Z,2.296e-05,8
BTCUSDT,2026-07-14T00:00:00Z,8.256e-05,8
ETHUSDT,2026-07-14T00:00:00Z,1.26e-06,8
SOLUSDT,2026-07-14T00:00:00Z,4.27e-06,8
BTCUSDT,2026-07-14T08:00:00Z,3.489e-05,8
ETHUSDT,2026-07-14T08:00:00Z,3.639e-05,8
SOLUSDT,2026-07-14T08:00:00Z,3.868e-05,8
BTCUSDT,2026-07-14T16:00:00Z,5.59e-05,8
ETHUSDT,2026-07-14T16:00:00Z,6.925e-05,8
SOLUSDT,2026-07-14T16:00:00Z,6.297e-05,8
BTCUSDT,2026-07-15T00:00:00Z,0.0001,8
ETHUSDT,2026-07-15T00:00:00Z,3.834e-05,8
SOLUSDT,2026-07-15T00:00:00Z,1.428e-05,8
BTCUSDT,2026-07-15T08:00:00Z,0.0001,8
ETHUSDT,2026-07-15T08:00:00Z,5.006e-05,8
SOLUSDT,2026-07-15T08:00:00Z,2.48e-05,8
BTCUSDT,2026-07-15T16:00:00Z,4.457e-05,8
ETHUSDT,2026-07-15T16:00:00Z,8.736e-05,8
SOLUSDT,2026-07-15T16:00:00Z,-6.87e-06,8
BTCUSDT,2026-07-16T00:00:00Z,2.426e-05,8
ETHUSDT,2026-07-16T00:00:00Z,4.35e-05,8
SOLUSDT,2026-07-16T00:00:00Z,2.874e-05,8
BTCUSDT,2026-07-16T08:00:00Z,7.584e-05,8
ETHUSDT,2026-07-16T08:00:00Z,6.079e-05,8
SOLUSDT,2026-07-16T08:00:00Z,-4.349e-05,8
BTCUSDT,2026-07-16T16:00:00Z,6.102e-05,8
ETHUSDT,2026-07-16T16:00:00Z,3.526e-05,8
SOLUSDT,2026-07-16T16:00:00Z,-3.49e-06,8
BTCUSDT,2026-07-17T00:00:00Z,7.639e-05,8
ETHUSDT,2026-07-17T00:00:00Z,6.892e-05,8
SOLUSDT,2026-07-17T00:00:00Z,1.683e-05,8
BTCUSDT,2026-07-17T08:00:00Z,1.52e-05,8
ETHUSDT,2026-07-17T08:00:00Z,4.774e-05,8
SOLUSDT,2026-07-17T08:00:00Z,-2.497e-05,8
BTCUSDT,2026-07-17T16:00:00Z,6.045e-05,8
ETHUSDT,2026-07-17T16:00:00Z,2.442e-05,8
SOLUSDT,2026-07-17T16:00:00Z,-4.44e-05,8
BTCUSDT,2026-07-18T00:00:00Z,3.074e-05,8
ETHUSDT,2026-07-18T00:00:00Z,2.552e-05,8
SOLUSDT,2026-07-18T00:00:00Z,2.897e-05,8
BTCUSDT,2026-07-18T08:00:00Z,6.955e-05,8
ETHUSDT,2026-07-18T08:00:00Z,3.939e-05,8
SOLUSDT,2026-07-18T08:00:00Z,2.87e-05,8
BTCUSDT,2026-07-18T16:00:00Z,3.326e-05,8
ETHUSDT,2026-07-18T16:00:00Z,3.042e-05,8
SOLUSDT,2026-07-18T16:00:00Z,3.433e-05,8
BTCUSDT,2026-07-19T00:00:00Z,4.06e-06,8
ETHUSDT,2026-07-19T00:00:00Z,-1.262e-05,8
SOLUSDT,2026-07-19T00:00:00Z,-3.81e-06,8
BTCUSDT,2026-07-19T08:00:00Z,6.905e-05,8
ETHUSDT,2026-07-19T08:00:00Z,4.255e-05,8
SOLUSDT,2026-07-19T08:00:00Z,4.518e-05,8
BTCUSDT,2026-07-19T16:00:00Z,5.235e-05,8
ETHUSDT,2026-07-19T16:00:00Z,7.448e-05,8
SOLUSDT,2026-07-19T16:00:00Z,6.396e-05,8
BTCUSDT,2026-07-20T00:00:00Z,4.89e-05,8
ETHUSDT,2026-07-20T00:00:00Z,2.897e-05,8
SOLUSDT,2026-07-20T00:00:00Z,5.638e-05,8
BTCUSDT,2026-07-20T08:00:00Z,5.278e-05,8
ETHUSDT,2026-07-20T08:00:00Z,2.124e-05,8
SOLUSDT,2026-07-20T08:00:00Z,-5.079e-05,8
BTCUSDT,2026-07-20T16:00:00Z,6.518e-05,8
ETHUSDT,2026-07-20T16:00:00Z,2.476e-05,8
SOLUSDT,2026-07-20T16:00:00Z,1.312e-05,8
BTCUSDT,2026-07-21T00:00:00Z,5.4e-05,8
ETHUSDT,2026-07-21T00:00:00Z,2.585e-05,8
SOLUSDT,2026-07-21T00:00:00Z,0.0001,8
BTCUSDT,2026-07-21T08:00:00Z,8.926e-05,8
ETHUSDT,2026-07-21T08:00:00Z,4.126e-05,8
SOLUSDT,2026-07-21T08:00:00Z,6.58e-05,8
BTCUSDT,2026-07-21T16:00:00Z,1.894e-05,8
ETHUSDT,2026-07-21T16:00:00Z,3.598e-05,8
SOLUSDT,2026-07-21T16:00:00Z,2.609e-05,8
BTCUSDT,2026-07-22T00:00:00Z,3.928e-05,8
ETHUSDT,2026-07-22T00:00:00Z,1.055e-05,8
SOLUSDT,2026-07-22T00:00:00Z,2.725e-05,8
BTCUSDT,2026-07-22T08:00:00Z,5.448e-05,8
ETHUSDT,2026-07-22T08:00:00Z,1.429e-05,8
SOLUSDT,2026-07-22T08:00:00Z,-3.237e-05,8
BTCUSDT,2026-07-22T16:00:00Z,1.443e-05,8
ETHUSDT,2026-07-22T16:00:00Z,6.454e-05,8
SOLUSDT,2026-07-22T16:00:00Z,3.89e-05,8
BTCUSDT,2026-07-23T00:00:00Z,-3.43e-06,8
ETHUSDT,2026-07-23T00:00:00Z,4.14e-06,8
SOLUSDT,2026-07-23T00:00:00Z,-3.674e-05,8
BTCUSDT,2026-07-23T08:00:00Z,2.71e-06,8
ETHUSDT,2026-07-23T08:00:00Z,-3.313e-05,8
SOLUSDT,2026-07-23T08:00:00Z,-0.00010642,8
BTCUSDT,2026-07-23T16:00:00Z,8.458e-05,8
ETHUSDT,2026-07-23T16:00:00Z,-3.252e-05,8
SOLUSDT,2026-07-23T16:00:00Z,-3.609e-05,8
BTCUSDT,2026-07-24T00:00:00Z,7.598e-05,8
ETHUSDT,2026-07-24T00:00:00Z,-1.139e-05,8
SOLUSDT,2026-07-24T00:00:00Z,3.044e-05,8
BTCUSDT,2026-07-24T08:00:00Z,5.149e-05,8
ETHUSDT,2026-07-24T08:00:00Z,1.776e-05,8
SOLUSDT,2026-07-24T08:00:00Z,5.692e-05,8
BTCUSDT,2026-07-24T16:00:00Z,5.879e-05,8
ETHUSDT,2026-07-24T16:00:00Z,1.716e-05,8
SOLUSDT,2026-07-24T16:00:00Z,-9.588e-05,8
BTCUSDT,2026-07-25T00:00:00Z,6.074e-05,8
ETHUSDT,2026-07-25T00:00:00Z,5.412e-05,8
SOLUSDT,2026-07-25T00:00:00Z,-4.287e-05,8
BTCUSDT,2026-07-25T08:00:00Z,5.425e-05,8
ETHUSDT,2026-07-25T08:00:00Z,2.278e-05,8
SOLUSDT,2026-07-25T08:00:00Z,4.81e-06,8
BTCUSDT,2026-07-25T16:00:00Z,7.29e-06,8
ETHUSDT,2026-07-25T16:00:00Z,3.434e-05,8
SOLUSDT,2026-07-25T16:00:00Z,-4.127e-05,8
BTCUSDT,2026-07-26T00:00:00Z,3.878e-05,8
ETHUSDT,2026-07-26T00:00:00Z,-1.884e-05,8
SOLUSDT,2026-07-26T00:00:00Z,1.81e-06,8
BTCUSDT,2026-07-26T08:00:00Z,5.884e-05,8
ETHUSDT,2026-07-26T08:00:00Z,2.358e-05,8
SOLUSDT,2026-07-26T08:00:00Z,6.371e-05,8
BTCUSDT,2026-07-26T16:00:00Z,5.819e-05,8
ETHUSDT,2026-07-26T16:00:00Z,1.943e-05,8
SOLUSDT,2026-07-26T16:00:00Z,1.514e-05,8
BTCUSDT,2026-07-27T00:00:00Z,6.147e-05,8
ETHUSDT,2026-07-27T00:00:00Z,0.0001,8
SOLUSDT,2026-07-27T00:00:00Z,8.751e-05,8
BTCUSDT,2026-07-27T08:00:00Z,6.452e-05,8
ETHUSDT,2026-07-27T08:00:00Z,8.16e-05,8
SOLUSDT,2026-07-27T08:00:00Z,7.729e-05,8
BTCUSDT,2026-07-27T16:00:00Z,5.04e-05,8
ETHUSDT,2026-07-27T16:00:00Z,1.607e-05,8
SOLUSDT,2026-07-27T16:00:00Z,3.835e-05,8
BTCUSDT,2026-07-28T00:00:00Z,4.208e-05,8
ETHUSDT,2026-07-28T00:00:00Z,1.456e-05,8
SOLUSDT,2026-07-28T00:00:00Z,-3.055e-05,8
BTCUSDT,2026-07-28T08:00:00Z,1.25e-06,8
ETHUSDT,2026-07-28T08:00:00Z,-3.657e-05,8
SOLUSDT,2026-07-28T08:00:00Z,-0.00013328,8
BTCUSDT,2026-07-28T16:00:00Z,6.689e-05,8
ETHUSDT,2026-07-28T16:00:00Z,2.816e-05,8
SOLUSDT,2026-07-28T16:00:00Z,-4.712e-05,8
BTCUSDT,2026-07-29T00:00:00Z,0.0001,8
ETHUSDT,2026-07-29T00:00:00Z,5.737e-05,8
SOLUSDT,2026-07-29T00:00:00Z,2.994e-05,8
BTCUSDT,2026-07-29T08:00:00Z,0.0001,8
ETHUSDT,2026-07-29T08:00:00Z,6.871e-05,8
SOLUSDT,2026-07-29T08:00:00Z,-8.2e-07,8
BTCUSDT,2026-07-29T16:00:00Z,3.665e-05,8
ETHUSDT,2026-07-29T16:00:00Z,2.143e-05,8
SOLUSDT,2026-07-29T16:00:00Z,-3.76e-06,8
BTCUSDT,2026-07-30T00:00:00Z,8.462e-05,8
ETHUSDT,2026-07-30T00:00:00Z,3.854e-05,8
SOLUSDT,2026-07-30T00:00:00Z,2.21e-05,8
BTCUSDT,2026-07-30T08:00:00Z,7.278e-05,8
ETHUSDT,2026-07-30T08:00:00Z,4.661e-05,8
SOLUSDT,2026-07-30T08:00:00Z,8.517e-05,8
BTCUSDT,2026-07-30T16:00:00Z,9.029e-05,8
ETHUSDT,2026-07-30T16:00:00Z,1.99e-05,8
SOLUSDT,2026-07-30T16:00:00Z,5.752e-05,8
BTCUSDT,2026-07-31T00:00:00Z,0.0001,8
ETHUSDT,2026-07-31T00:00:00Z,5.729e-05,8
SOLUSDT,2026-07-31T00:00:00Z,9.768e-05,8
BTCUSDT,2026-07-31T08:00:00Z,9.405e-05,8
ETHUSDT,2026-07-31T08:00:00Z,1.208e-05,8
SOLUSDT,2026-07-31T08:00:00Z,4.606e-05,8
BTCUSDT,2026-07-31T16:00:00Z,5.664e-05,8
ETHUSDT,2026-07-31T16:00:00Z,-2.045e-05,8
SOLUSDT,2026-07-31T16:00:00Z,3.736e-05,8
BTCUSDT,2026-08-01T00:00:00Z,4.123e-05,8
ETHUSDT,2026-08-01T00:00:00Z,6.744e-05,8
SOLUSDT,2026-08-01T00:00:00Z,0.0001,8
BTCUSDT,2026-08-01T08:00:00Z,3.163e-05,8
ETHUSDT,2026-08-01T08:00:00Z,2.308e-05,8
SOLUSDT,2026-08-01T08:00:00Z,0.0001,8
BTCUSDT,2026-08-01T16:00:00Z,3.545e-05,8
ETHUSDT,2026-08-01T16:00:00Z,5.777e-05,8
SOLUSDT,2026-08-01T16:00:00Z,3.159e-05,8
BTCUSDT,2026-08-02T00:00:00Z,4.53e-05,8
ETHUSDT,2026-08-02T00:00:00Z,2.775e-05,8
SOLUSDT,2026-08-02T00:00:00Z,-4.925e-05,8
BTCUSDT,2026-08-02T08:00:00Z,8.943e-05,8
ETHUSDT,2026-08-02T08:00:00Z,5.607e-05,8
SOLUSDT,2026-08-02T08:00:00Z,0.0001,8
BTCUSDT,2026-08-02T16:00:00Z,7.707e-05,8
ETHUSDT,2026-08-02T16:00:00Z,1.434e-05,8
SOLUSDT,2026-08-02T16:00:00Z,1.348e-05,8
BTCUSDT,2026-08-03T00:00:00Z,0.0001,8
ETHUSDT,2026-08-03T00:00:00Z,0.0001,8
SOLUSDT,2026-08-03T00:00:00Z,7.985e-05,8
BTCUSDT,2026-08-03T08:00:00Z,6.364e-05,8
ETHUSDT,2026-08-03T08:00:00Z,-8.69e-06,8
SOLUSDT,2026-08-03T08:00:00Z,2.558e-05,8
BTCUSDT,2026-08-03T16:00:00Z,2.474e-05,8
ETHUSDT,2026-08-03T16:00:00Z,3.664e-05,8
SOLUSDT,2026-08-03T16:00:00Z,5.86e-05,8
BTCUSDT,2026-08-04T00:00:00Z,3.081e-05,8
ETHUSDT,2026-08-04T00:00:00Z,5.396e-05,8
SOLUSDT,2026-08-04T00:00:00Z,0.0001,8
BTCUSDT,2026-08-04T08:00:00Z,6.248e-05,8
ETHUSDT,2026-08-04T08:00:00Z,5.342e-05,8
SOLUSDT,2026-08-04T08:00:00Z,0.0001,8
BTCUSDT,2026-08-04T16:00:00Z,7.684e-05,8
ETHUSDT,2026-08-04T16:00:00Z,7.309e-05,8
SOLUSDT,2026-08-04T16:00:00Z,0.0001,8
BTCUSDT,2026-08-05T00:00:00Z,1.674e-05,8
ETHUSDT,2026-08-05T00:00:00Z,3.467e-05,8
SOLUSDT,2026-08-05T00:00:00Z,6.418e-05,8
BTCUSDT,2026-08-05T08:00:00Z,1.015e-05,8
ETHUSDT,2026-08-05T08:00:00Z,6.13e-06,8
SOLUSDT,2026-08-05T08:00:00Z,3.7e-05,8
BTCUSDT,2026-08-05T16:00:00Z,2.676e-05,8
ETHUSDT,2026-08-05T16:00:00Z,3.054e-05,8
SOLUSDT,2026-08-05T16:00:00Z,5.055e-05,8
BTCUSDT,2026-08-06T00:00:00Z,6.595e-05,8
ETHUSDT,2026-08-06T00:00:00Z,3.94e-06,8
SOLUSDT,2026-08-06T00:00:00Z,9e-07,8
BTCUSDT,2026-08-06T08:00:00Z,2.632e-05,8
ETHUSDT,2026-08-06T08:00:00Z,9.87e-06,8
SOLUSDT,2026-08-06T08:00:00Z,-4.113e-05,8
BTCUSDT,2026-08-06T16:00:00Z,5.939e-05,8
ETHUSDT,2026-08-06T16:00:00Z,9.87e-06,8
SOLUSDT,2026-08-06T16:00:00Z,-6.988e-05,8
BTCUSDT,2026-08-07T00:00:00Z,7.99e-06,8
ETHUSDT,2026-08-07T00:00:00Z,-5.62e-06,8
SOLUSDT,2026-08-07T00:00:00Z,-1.898e-05,8
BTCUSDT,2026-08-07T08:00:00Z,4.574e-05,8
ETHUSDT,2026-08-07T08:00:00Z,5.102e-05,8
SOLUSDT,2026-08-07T08:00:00Z,3.45e-05,8
BTCUSDT,2026-08-07T16:00:00Z,6.308e-05,8
ETHUSDT,2026-08-07T16:00:00Z,3.625e-05,8
SOLUSDT,2026-08-07T16:00:00Z,0.0001,8
BTCUSDT,2026-08-08T00:00:00Z,5.557e-05,8
ETHUSDT,2026-08-08T00:00:00Z,3.4e-07,8
SOLUSDT,2026-08-08T00:00:00Z,8.378e-05,8
BTCUSDT,2026-08-08T08:00:00Z,5.417e-05,8
ETHUSDT,2026-08-08T08:00:00Z,2.738e-05,8
SOLUSDT,2026-08-08T08:00:00Z,0.0001,8
BTCUSDT,2026-08-08T16:00:00Z,5.801e-05,8
ETHUSDT,2026-08-08T16:00:00Z,7.172e-05,8
SOLUSDT,2026-08-08T16:00:00Z,0.0001,8
BTCUSDT,2026-08-09T00:00:00Z,4.423e-05,8
ETHUSDT,2026-08-09T00:00:00Z,3.196e-05,8
SOLUSDT,2026-08-09T00:00:00Z,0.0001,8
BTCUSDT,2026-08-09T08:00:00Z,6.667e-05,8
ETHUSDT,2026-08-09T08:00:00Z,4.185e-05,8
SOLUSDT,2026-08-09T08:00:00Z,0.0001,8
BTCUSDT,2026-08-09T16:00:00Z,7.054e-05,8
ETHUSDT,2026-08-09T16:00:00Z,7.977e-05,8
SOLUSDT,2026-08-09T16:00:00Z,0.0001,8
BTCUSDT,2026-08-10T00:00:00Z,7.497e-05,8
ETHUSDT,2026-08-10T00:00:00Z,4.828e-05,8
SOLUSDT,2026-08-10T00:00:00Z,0.0001,8
BTCUSDT,2026-08-10T08:00:00Z,7.908e-05,8
ETHUSDT,2026-08-10T08:00:00Z,3.426e-05,8
SOLUSDT,2026-08-10T08:00:00Z,9.534e-05,8
BTCUSDT,2026-08-10T16:00:00Z,5.057e-05,8
ETHUSDT,2026-08-10T16:00:00Z,1.434e-05,8
SOLUSDT,2026-08-10T16:00:00Z,0.0001,8
BTCUSDT,2026-08-11T00:00:00Z,2.301e-05,8
ETHUSDT,2026-08-11T00:00:00Z,1.104e-05,8
SOLUSDT,2026-08-11T00:00:00Z,0.0001,8
BTCUSDT,2026-08-11T08:00:00Z,1.962e-05,8
ETHUSDT,2026-08-11T08:00:00Z,6.272e-05,8
SOLUSDT,2026-08-11T08:00:00Z,-2.3e-07,8
BTCUSDT,2026-08-11T16:00:00Z,8.282e-05,8
ETHUSDT,2026-08-11T16:00:00Z,5.425e-05,8
SOLUSDT,2026-08-11T16:00:00Z,-5.533e-05,8
BTCUSDT,2026-08-12T00:00:00Z,0.0001,8
ETHUSDT,2026-08-12T00:00:00Z,0.0001,8
SOLUSDT,2026-08-12T00:00:00Z,5.998e-05,8
BTCUSDT,2026-08-12T08:00:00Z,8.568e-05,8
ETHUSDT,2026-08-12T08:00:00Z,7.29e-05,8
SOLUSDT,2026-08-12T08:00:00Z,8.133e-05,8
BTCUSDT,2026-08-12T16:00:00Z,6.601e-05,8
ETHUSDT,2026-08-12T16:00:00Z,5.726e-05,8
SOLUSDT,2026-08-12T16:00:00Z,-5.256e-05,8
BTCUSDT,2026-08-13T00:00:00Z,6.576e-05,8
ETHUSDT,2026-08-13T00:00:00Z,5.218e-05,8
SOLUSDT,2026-08-13T00:00:00Z,-6.47e-05,8
BTCUSDT,2026-08-13T08:00:00Z,7.218e-05,8
ETHUSDT,2026-08-13T08:00:00Z,8.523e-05,8
SOLUSDT,2026-08-13T08:00:00Z,5.877e-05,8
BTCUSDT,2026-08-13T16:00:00Z,7.841e-05,8
ETHUSDT,2026-08-13T16:00:00Z,5.923e-05,8
SOLUSDT,2026-08-13T16:00:00Z,-4.9e-06,8
BTCUSDT,2026-08-14T00:00:00Z,8.545e-05,8
ETHUSDT,2026-08-14T00:00:00Z,2.697e-05,8
SOLUSDT,2026-08-14T00:00:00Z,5.622e-05,8
BTCUSDT,2026-08-14T08:00:00Z,5.999e-05,8
ETHUSDT,2026-08-14T08:00:00Z,-6.75e-06,8
SOLUSDT,2026-08-14T08:00:00Z,2.264e-05,8
BTCUSDT,2026-08-14T16:00:00Z,6.29e-06,8
ETHUSDT,2026-08-14T16:00:00Z,6.86e-06,8
SOLUSDT,2026-08-14T16:00:00Z,-6.847e-05,8
BTCUSDT,2026-08-15T00:00:00Z,6.801e-05,8
ETHUSDT,2026-08-15T00:00:00Z,5.131e-05,8
SOLUSDT,2026-08-15T00:00:00Z,-0.00010912,8
BTCUSDT,2026-08-15T08:00:00Z,6.523e-05,8
ETHUSDT,2026-08-15T08:00:00Z,4.368e-05,8
SOLUSDT,2026-08-15T08:00:00Z,6.794e-05,8
BTCUSDT,2026-08-15T16:00:00Z,5.311e-05,8
ETHUSDT,2026-08-15T16:00:00Z,5.945e-05,8
SOLUSDT,2026-08-15T16:00:00Z,-9.423e-05,8
BTCUSDT,2026-08-16T00:00:00Z,9.66e-06,8
ETHUSDT,2026-08-16T00:00:00Z,-4.23e-06,8
SOLUSDT,2026-08-16T00:00:00Z,-4.786e-05,8
BTCUSDT,2026-08-16T08:00:00Z,1.839e-05,8
ETHUSDT,2026-08-16T08:00:00Z,1.949e-05,8
SOLUSDT,2026-08-16T08:00:00Z,-2.592e-05,8
BTCUSDT,2026-08-16T16:00:00Z,5e-05,8
ETHUSDT,2026-08-16T16:00:00Z,3.97e-05,8
SOLUSDT,2026-08-16T16:00:00Z,-1.428e-05,8
BTCUSDT,2026-08-17T00:00:00Z,3.818e-05,8
ETHUSDT,2026-08-17T00:00:00Z,2.723e-05,8
SOLUSDT,2026-08-17T00:00:00Z,-4.738e-05,8
BTCUSDT,2026-08-17T08:00:00Z,7.131e-05,8
ETHUSDT,2026-08-17T08:00:00Z,6.731e-05,8
SOLUSDT,2026-08-17T08:00:00Z,4.746e-05,8
BTCUSDT,2026-08-17T16:00:00Z,9.202e-05,8
ETHUSDT,2026-08-17T16:00:00Z,6.471e-05,8
SOLUSDT,2026-08-17T16:00:00Z,-1.69e-05,8
BTCUSDT,2026-08-18T00:00:00Z,5.164e-05,8
ETHUSDT,2026-08-18T00:00:00Z,4.633e-05,8
SOLUSDT,2026-08-18T00:00:00Z,3.077e-05,8
BTCUSDT,2026-08-18T08:00:00Z,5.02e-05,8
ETHUSDT,2026-08-18T08:00:00Z,2.206e-05,8
SOLUSDT,2026-08-18T08:00:00Z,-4.037e-05,8
BTCUSDT,2026-08-18T16:00:00Z,3.65e-05,8
ETHUSDT,2026-08-18T16:00:00Z,4.443e-05,8
SOLUSDT,2026-08-18T16:00:00Z,0.0001,8
BTCUSDT,2026-08-19T00:00:00Z,1.617e-05,8
ETHUSDT,2026-08-19T00:00:00Z,3.595e-05,8
SOLUSDT,2026-08-19T00:00:00Z,0.0001,8
BTCUSDT,2026-08-19T08:00:00Z,3.815e-05,8
ETHUSDT,2026-08-19T08:00:00Z,2.64e-05,8
SOLUSDT,2026-08-19T08:00:00Z,9.206e-05,8
BTCUSDT,2026-08-19T16:00:00Z,0.0001,8
ETHUSDT,2026-08-19T16:00:00Z,0.0001,8
SOLUSDT,2026-08-19T16:00:00Z,4.058e-05,8
BTCUSDT,2026-08-20T00:00:00Z,9.655e-05,8
ETHUSDT,2026-08-20T00:00:00Z,0.0001,8
SOLUSDT,2026-08-20T00:00:00Z,0.0001,8
BTCUSDT,2026-08-20T08:00:00Z,0.0001,8
ETHUSDT,2026-08-20T08:00:00Z,0.0001,8
SOLUSDT,2026-08-20T08:00:00Z,0.0001,8
BTCUSDT,2026-08-20T16:00:00Z,9.422e-05,8
ETHUSDT,2026-08-20T16:00:00Z,0.0001,8
SOLUSDT,2026-08-20T16:00:00Z,0.0001,8
BTCUSDT,2026-08-21T00:00:00Z,4.964e-05,8
ETHUSDT,2026-08-21T00:00:00Z,9.031e-05,8
SOLUSDT,2026-08-21T00:00:00Z,0.0001,8
BTCUSDT,2026-08-21T08:00:00Z,5.814e-05,8
ETHUSDT,2026-08-21T08:00:00Z,0.0001,8
SOLUSDT,2026-08-21T08:00:00Z,0.0001,8
BTCUSDT,2026-08-21T16:00:00Z,0.0001,8
ETHUSDT,2026-08-21T16:00:00Z,0.0001,8
SOLUSDT,2026-08-21T16:00:00Z,0.0001,8
BTCUSDT,2026-08-22T00:00:00Z,0.0001,8
ETHUSDT,2026-08-22T00:00:00Z,0.0001,8
SOLUSDT,2026-08-22T00:00:00Z,0.0001,8
BTCUSDT,2026-08-22T08:00:00Z,0.0001,8
ETHUSDT,2026-08-22T08:00:00Z,0.0001,8
SOLUSDT,2026-08-22T08:00:00Z,0.0001,8
BTCUSDT,2026-08-22T16:00:00Z,0.0001,8
ETHUSDT,2026-08-22T16:00:00Z,0.0001,8
SOLUSDT,2026-08-22T16:00:00Z,0.0001,8
BTCUSDT,2026-08-23T00:00:00Z,0.0001,8
ETHUSDT,2026-08-23T00:00:00Z,0.0001,8
SOLUSDT,2026-08-23T00:00:00Z,0.0001,8
BTCUSDT,2026-08-23T08:00:00Z,0.0001,8
ETHUSDT,2026-08-23T08:00:00Z,0.0001,8
SOLUSDT,2026-08-23T08:00:00Z,0.0001,8
BTCUSDT,2026-08-23T16:00:00Z,0.0001,8
ETHUSDT,2026-08-23T16:00:00Z,0.0001,8
SOLUSDT,2026-08-23T16:00:00Z,0.0001,8
BTCUSDT,2026-08-24T00:00:00Z,0.0001,8
ETHUSDT,2026-08-24T00:00:00Z,0.0001,8
SOLUSDT,2026-08-24T00:00:00Z,0.0001,8
BTCUSDT,2026-08-24T08:00:00Z,0.0001,8
ETHUSDT,2026-08-24T08:00:00Z,0.0001,8
SOLUSDT,2026-08-24T08:00:00Z,0.0001,8
BTCUSDT,2026-08-24T16:00:00Z,0.0001,8
ETHUSDT,2026-08-24T16:00:00Z,0.0001,8
SOLUSDT,2026-08-24T16:00:00Z,0.0001,8
BTCUSDT,2026-08-25T00:00:00Z,5.818e-05,8
ETHUSDT,2026-08-25T00:00:00Z,9.302e-05,8
SOLUSDT,2026-08-25T00:00:00Z,0.0001,8
BTCUSDT,2026-08-25T08:00:00Z,0.0001,8
ETHUSDT,2026-08-25T08:00:00Z,6.736e-05,8
SOLUSDT,2026-08-25T08:00:00Z,0.0001,8
BTCUSDT,2026-08-25T16:00:00Z,0.0001,8
ETHUSDT,2026-08-25T16:00:00Z,7.398e-05,8
SOLUSDT,2026-08-25T16:00:00Z,0.0001,8
BTCUSDT,2026-08-26T00:00:00Z,7.734e-05,8
ETHUSDT,2026-08-26T00:00:00Z,3.144e-05,8
SOLUSDT,2026-08-26T00:00:00Z,5.433e-05,8
BTCUSDT,2026-08-26T08:00:00Z,5.927e-05,8
ETHUSDT,2026-08-26T08:00:00Z,0.0001,8
SOLUSDT,2026-08-26T08:00:00Z,6.042e-05,8
BTCUSDT,2026-08-26T16:00:00Z,7.091e-05,8
ETHUSDT,2026-08-26T16:00:00Z,7.451e-05,8
SOLUSDT,2026-08-26T16:00:00Z,3.48e-05,8
BTCUSDT,2026-08-27T00:00:00Z,4.595e-05,8
ETHUSDT,2026-08-27T00:00:00Z,0.0001,8
SOLUSDT,2026-08-27T00:00:00Z,0.0001,8
BTCUSDT,2026-08-27T08:00:00Z,0.0001,8
ETHUSDT,2026-08-27T08:00:00Z,6.226e-05,8
SOLUSDT,2026-08-27T08:00:00Z,0.0001,8
BTCUSDT,2026-08-27T16:00:00Z,6.331e-05,8
ETHUSDT,2026-08-27T16:00:00Z,1.082e-05,8
SOLUSDT,2026-08-27T16:00:00Z,0.0001,8
BTCUSDT,2026-08-28T00:00:00Z,6.578e-05,8
ETHUSDT,2026-08-28T00:00:00Z,2.071e-05,8
SOLUSDT,2026-08-28T00:00:00Z,-9.83e-06,8
BTCUSDT,2026-08-28T08:00:00Z,0.0001,8
ETHUSDT,2026-08-28T08:00:00Z,-1.33e-06,8
SOLUSDT,2026-08-28T08:00:00Z,-1.519e-05,8
BTCUSDT,2026-08-28T16:00:00Z,5.913e-05,8
ETHUSDT,2026-08-28T16:00:00Z,5.622e-05,8
SOLUSDT,2026-08-28T16:00:00Z,-8.235e-05,8
BTCUSDT,2026-08-29T00:00:00Z,0.0001,8
ETHUSDT,2026-08-29T00:00:00Z,1.591e-05,8
SOLUSDT,2026-08-29T00:00:00Z,6.69e-05,8
BTCUSDT,2026-08-29T08:00:00Z,0.0001,8
ETHUSDT,2026-08-29T08:00:00Z,2.808e-05,8
SOLUSDT,2026-08-29T08:00:00Z,3.506e-05,8
BTCUSDT,2026-08-29T16:00:00Z,0.0001,8
ETHUSDT,2026-08-29T16:00:00Z,6.071e-05,8
SOLUSDT,2026-08-29T16:00:00Z,-3.437e-05,8
BTCUSDT,2026-08-30T00:00:00Z,8.283e-05,8
ETHUSDT,2026-08-30T00:00:00Z,3.166e-05,8
SOLUSDT,2026-08-30T00:00:00Z,-0.00010154,8
BTCUSDT,2026-08-30T08:00:00Z,0.0001,8
ETHUSDT,2026-08-30T08:00:00Z,2.817e-05,8
SOLUSDT,2026-08-30T08:00:00Z,-1.39e-06,8
BTCUSDT,2026-08-30T16:00:00Z,7.058e-05,8
ETHUSDT,2026-08-30T16:00:00Z,4.116e-05,8
SOLUSDT,2026-08-30T16:00:00Z,7.1e-06,8
BTCUSDT,2026-08-31T00:00:00Z,7.271e-05,8
ETHUSDT,2026-08-31T00:00:00Z,2.364e-05,8
SOLUSDT,2026-08-31T00:00:00Z,-0.00012421,8
BTCUSDT,2026-08-31T08:00:00Z,0.0001,8
ETHUSDT,2026-08-31T08:00:00Z,3.522e-05,8
SOLUSDT,2026-08-31T08:00:00Z,-4.036e-05,8
BTCUSDT,2026-08-31T16:00:00Z,0.0001,8
ETHUSDT,2026-08-31T16:00:00Z,7.702e-05,8
SOLUSDT,2026-08-31T16:00:00Z,-1.602e-05,8
